material_id,formula,youngs_modulus_GPa,pred_E_GPa,E_lo_GPa,E_hi_GPa,pool
mp-556788,SiO2,87.90592202578647,105.84826513226722,52.46669940151396,213.54221552551945,enamel_implant
mp-684591,Al2O3,209.0117435964536,211.56100039915347,104.86621957530997,426.81100807441135,enamel_implant
mp-752826,Al2O3,209.35293114156764,211.56100039915347,104.86621957530997,426.81100807441135,enamel_implant
mp-2637304,Al2O3,125.8025780494946,211.56100039915347,104.86621957530997,426.81100807441135,enamel_implant
mp-684679,Sb6O13,177.14555007750127,126.28610168654177,62.597293658967786,254.77426493978794,enamel_implant
mp-775907,Y2O3,163.3483655685488,165.91089478544697,82.23844796385472,334.71479204721874,enamel_implant
mp-776456,Ti2O3,277.61012009150403,198.4927662945023,98.38857811731756,400.44666794822956,enamel_implant
mp-23195,Bi2O3,53.25131218534403,72.62609520799887,35.9991871498536,146.51857785579938,enamel_implant
mp-27519,SeO3,8.119951119944137,14.564323452792895,7.2192206422017255,29.382606260511896,enamel_implant
mp-1147,Ti3O5,199.84614365071548,192.33841838635422,95.33800075258088,388.0306582405734,enamel_implant
mp-1203,TiO,272.5807048319812,205.327995586703,101.77665368158104,414.2363130109762,enamel_implant
mp-1595,Nb2O5,133.43663230753057,190.62162204766875,94.48702187897464,384.5671296384666,enamel_implant
mp-1745,Sm2O3,145.1222020617832,114.02527597651311,56.51986710749259,230.03882045215198,enamel_implant
mp-2460,Er2O3,180.25455088636363,181.60661545599305,90.01847777617736,366.3799210133841,enamel_implant
mp-554278,TiO2,163.4431891941702,152.7586231731737,75.71915092799006,308.18091153657775,enamel_implant
mp-556253,Tm2O3,185.32225558509847,142.50231406430498,70.63531997136927,287.4894531788466,enamel_implant
mp-558573,Y2O3,163.70335471769627,165.91089478544697,82.23844796385472,334.71479204721874,enamel_implant
mp-643084,Gd2O3,150.50797541398802,179.5846664199424,89.01624129977327,362.30076604283823,enamel_implant
mp-7048,Al2O3,260.5575399632282,211.56100039915347,104.86621957530997,426.81100807441135,enamel_implant
mp-754698,NbO2,132.0742599986765,168.94142742965556,83.74061755606749,340.82870099280274,enamel_implant
mp-754812,Al2O3,141.1479296829055,211.56100039915347,104.86621957530997,426.81100807441135,enamel_implant
mp-755769,ZrO2,124.00308764450271,181.14185959701558,89.78810833254414,365.4423053077275,enamel_implant
mp-758933,B8O,417.6095803539288,91.31134132493163,45.261060171913755,184.21488632588574,enamel_implant
mp-766454,TiO2,171.39158331184225,152.7586231731737,75.71915092799006,308.18091153657775,enamel_implant
mp-775935,ZrO2,134.06880892085337,181.14185959701558,89.78810833254414,365.4423053077275,enamel_implant
mp-886,Ga2O3,183.86020809288368,148.58833449512267,73.65202888101624,299.76761649977004,enamel_implant
mp-546794,SiO2,76.12448309443599,105.84826513226722,52.46669940151396,213.54221552551945,enamel_implant
mp-1065811,SnO,121.17420171066831,69.65086404703472,34.524429308737716,140.5162361734021,enamel_implant
mp-634965,NbO,176.13524482304567,171.82362973170117,85.16926300062737,346.64336280518563,enamel_implant
mp-2374583,SiO2,109.01058682773768,105.84826513226722,52.46669940151396,213.54221552551945,enamel_implant
mp-19921,PbO,25.78205161604905,50.79373540448496,25.177357830258348,102.47316552176736,enamel_implant
mp-2097,SnO,51.48226201248756,69.65086404703472,34.524429308737716,140.5162361734021,enamel_implant
mp-759943,Al2O3,280.590733659123,211.56100039915347,104.86621957530997,426.81100807441135,enamel_implant
mp-1336,PdO,96.45765742532814,129.21626048154334,64.0497101015419,260.6856759595561,enamel_implant
mp-1692,CuO,67.10089499211702,71.19826753911788,35.29144380605167,143.63802536473605,enamel_implant
mp-2803876,AgO,33.41310284167795,61.81385014640164,30.639790746015958,124.70555368980875,enamel_implant
mp-726,SeO2,25.306220440881763,19.43679307689829,9.63439862165653,39.21250717869972,enamel_implant
mp-1018664,CeO2,126.76522554919664,121.5370361135139,60.243284402918356,245.1933239307587,enamel_implant
mp-12875,ReO2,348.0838861910918,210.2359157208636,104.20940371337296,424.1377331028532,enamel_implant
mp-20725,PbO2,122.44706095730402,69.62508566754046,34.511651522665424,140.46422991460338,enamel_implant
mp-20994,TaO2,296.9327761519044,204.09118525212764,101.1635935056796,411.74112597413574,enamel_implant
mp-2237,TeO2,134.1151318586331,100.84646036489131,49.98741278432621,203.45138909282477,enamel_implant
mp-2533,NbO2,249.53256846100143,168.94142742965556,83.74061755606749,340.82870099280274,enamel_implant
mp-2657,TiO2,274.9415251128595,152.7586231731737,75.71915092799006,308.18091153657775,enamel_implant
mp-2723,IrO2,282.4472297746336,264.09066457561477,130.90403981322243,532.7863006787445,enamel_implant
mp-470,GeO2,321.6776264657002,88.91842417991464,44.074942814359986,179.38732653473184,enamel_implant
mp-644607,CO2,5.669020362828581,17.122173088168445,8.487091473772024,34.54290697433747,enamel_implant
mp-6947,SiO2,485.4191379286989,105.84826513226722,52.46669940151396,213.54221552551945,enamel_implant
mp-725,RhO2,264.88962227013263,97.34633835471917,48.25247788343908,196.39011314533693,enamel_implant
mp-7599,BeO,322.42242937349613,121.47446409287686,60.212268803431606,245.06708881580383,enamel_implant
mp-775909,ZrO2,239.41161442832424,181.14185959701558,89.78810833254414,365.4423053077275,enamel_implant
mp-776532,HfO2,272.7349253789372,185.95408592395748,92.17342501045296,375.1506691640581,enamel_implant
mp-825,RuO2,256.28889718931526,182.00514629980034,90.21602090981438,367.1839319174411,enamel_implant
mp-856,SnO2,224.17585155607577,79.04447906385037,39.18064143243148,159.46726347628706,enamel_implant
mp-862855,PaO2,135.13304529669523,179.92710718044867,89.1859817902939,362.99161873270873,enamel_implant
mp-996,OsO2,276.34926674325874,260.9934097309009,129.36879746697875,526.5377838914276,enamel_implant
mp-1018721,HfO2,136.92162932478297,185.95408592395748,92.17342501045296,375.1506691640581,enamel_implant
mp-2574,ZrO2,138.32916521649472,181.14185959701558,89.78810833254414,365.4423053077275,enamel_implant
mp-1022728,Cu3O2,99.56263262562965,87.2507161572361,43.24829595901446,176.02283052180763,enamel_implant
mp-1105,BaO2,91.14596103744604,51.52150688679248,25.538098438973176,103.94139870002532,enamel_implant
mp-12105,RbO2,20.80013661310963,22.415425323357546,11.110842307411312,45.221710337106174,enamel_implant
mp-1441,CsO2,12.849767161782417,17.508362006866303,8.678516981636484,35.3220188209709,enamel_implant
mp-1866,KO2,25.425743668848916,29.695783917400902,14.719558854740516,59.90937576128273,enamel_implant
mp-2697,SrO2,109.82895255599117,113.35922329427882,56.18971917525496,228.69510107004123,enamel_implant
mp-861975,PaO3,152.60049875856797,114.75188873487772,56.88003336176971,231.50471597775552,enamel_implant
mp-1581,As2O3,20.035722871191822,101.64909286443103,50.385260382778704,205.0706496635136,enamel_implant
mp-23261,I2O5,34.61316418243485,12.107862087207035,6.001605786648116,24.426850002206073,enamel_implant
mp-23262,Bi2O3,75.88685027901258,72.62609520799887,35.9991871498536,146.51857785579938,enamel_implant
mp-2858,ZrO2,222.99326402587792,181.14185959701558,89.78810833254414,365.4423053077275,enamel_implant
mp-33137,TcO2,292.6948969221588,202.78534008922657,100.51631425607415,409.10666551443217,enamel_implant
mp-352,HfO2,259.18264371100923,185.95408592395748,92.17342501045296,375.1506691640581,enamel_implant
mp-430,TiO2,223.185338894541,152.7586231731737,75.71915092799006,308.18091153657775,enamel_implant
mp-669426,SiO2,64.84301658034535,105.84826513226722,52.46669940151396,213.54221552551945,enamel_implant
mp-754531,Al2O3,146.77959825950495,211.56100039915347,104.86621957530997,426.81100807441135,enamel_implant
mp-755066,Al2O3,218.4671984150516,211.56100039915347,104.86621957530997,426.81100807441135,enamel_implant
mp-1014261,IrO2,199.7155009517908,264.09066457561477,130.90403981322243,532.7863006787445,enamel_implant
mp-33104,Sm2O,112.05463002381504,71.16548608769713,35.27519474844559,143.57189084891965,enamel_implant
mp-390,TiO2,130.84158744257124,152.7586231731737,75.71915092799006,308.18091153657775,enamel_implant
mp-754403,ZrO2,110.694534027973,181.14185959701558,89.78810833254414,365.4423053077275,enamel_implant
mp-755071,SnO2,131.83574134055675,79.04447906385037,39.18064143243148,159.46726347628706,enamel_implant
mp-755690,NbO2,241.24247829535213,168.94142742965556,83.74061755606749,340.82870099280274,enamel_implant
mp-754455,Sc2O3,178.7833085712875,183.26878874194088,90.84238118203929,369.73325104316865,enamel_implant
mp-754624,Al2O3,277.9890072722679,211.56100039915347,104.86621957530997,426.81100807441135,enamel_implant
mp-753629,Zr2O,196.5258452308655,153.8878531762026,76.2788858565697,310.4590620228739,enamel_implant
mp-10390,Ta2O5,180.7804832335568,255.52537592031297,126.65841118054375,515.5063696965676,enamel_implant
mp-11684,SiO2,152.02000722154315,105.84826513226722,52.46669940151396,213.54221552551945,enamel_implant
mp-1705,Sb2O5,188.62997147464327,199.24642491073078,98.76215041932562,401.96712679049983,enamel_implant
mp-1819,SbO2,137.2228858329026,63.88919682411334,31.668495280354488,128.89243504292583,enamel_implant
mp-21325,KO2,23.446167695155815,29.695783917400902,14.719558854740516,59.90937576128273,enamel_implant
mp-32570,Al2O3,280.80839525357413,211.56100039915347,104.86621957530997,426.81100807441135,enamel_implant
mp-540783,OsO4,5.708080111102989,132.45109226801225,65.65314636705882,267.2117455712947,enamel_implant
mp-557837,SiO2,55.78969934065356,105.84826513226722,52.46669940151396,213.54221552551945,enamel_implant
mp-557993,BiO2,73.04193908718038,121.78448942757308,60.36594166733764,245.69254542349924,enamel_implant
mp-558733,SiO2,467.3822255945668,105.84826513226722,52.46669940151396,213.54221552551945,enamel_implant
mp-1974948,Na2O,60.8539055268322,51.43429652116371,25.494870143899817,103.76545727415605,enamel_implant
mp-306,B2O3,79.33530889743268,187.6124591460237,92.9954448067051,378.49633280404026,enamel_implant
mp-553432,TiO2,42.68503764273622,152.7586231731737,75.71915092799006,308.18091153657775,enamel_implant
mp-7000,SiO2,91.94271915340958,105.84826513226722,52.46669940151396,213.54221552551945,enamel_implant
mp-733,GeO2,69.07830658271563,88.91842417991464,44.074942814359986,179.38732653473184,enamel_implant
mp-223,GeO2,64.65299949599193,88.91842417991464,44.074942814359986,179.38732653473184,enamel_implant
mp-6930,SiO2,95.04818152861904,105.84826513226722,52.46669940151396,213.54221552551945,enamel_implant
mp-546546,SiO2,81.1254365566676,105.84826513226722,52.46669940151396,213.54221552551945,enamel_implant
mp-775808,MgO,132.5305558968059,241.3367889659111,119.62543500716374,486.8817881823277,enamel_implant
mp-1105780,Bi2O3,65.0989830424916,72.62609520799887,35.9991871498536,146.51857785579938,enamel_implant
mp-1408285,TiO2,86.384403735308,152.7586231731737,75.71915092799006,308.18091153657775,enamel_implant
mp-755483,Al2O3,267.45683245279054,211.56100039915347,104.86621957530997,426.81100807441135,enamel_implant
mp-556464,SiO2,181.6154039624873,105.84826513226722,52.46669940151396,213.54221552551945,enamel_implant
mp-755175,Al2O3,309.21638622306205,211.56100039915347,104.86621957530997,426.81100807441135,enamel_implant
mp-1017552,Bi2O3,85.85341994126985,72.62609520799887,35.9991871498536,146.51857785579938,enamel_implant
mp-11107,Ac2O3,95.980171449097,120.89340341580291,59.924249572885095,243.89483545688407,enamel_implant
mp-1215,Ti2O,275.2473443624888,180.28227543970274,89.36203102711376,363.7081483505601,enamel_implant
mp-13061,Y2O3,118.6812355571977,165.91089478544697,82.23844796385472,334.71479204721874,enamel_implant
mp-13068,Lu2O3,129.00990893378258,193.81917893606987,96.07198178241137,391.0179994884809,enamel_implant
mp-1968,La2O3,105.38109568730368,139.343134163264,69.06938271187713,281.1160064863667,enamel_implant
mp-2063,Pr2O3,107.76921513214938,124.39161114060332,61.6582356038494,250.95224945407054,enamel_implant
mp-2721,Ce2O3,124.8463321128712,125.93453447600086,62.42302938423613,254.06500021115758,enamel_implant
mp-547622,Pm2O3,115.46109798225426,128.11945777708868,63.506048684649706,258.4729455079898,enamel_implant
mp-617,PtO2,72.48612813893452,136.22468816474526,67.52363636828154,274.82473787947686,enamel_implant
mp-7711,Ag2O,61.14721752129871,36.274768873733386,17.980619634902077,73.18206399787083,enamel_implant
mp-8134,UO3,119.46202296852871,147.07043719031338,72.89963996359486,296.70535418489743,enamel_implant
mp-1346,B6O,478.3207550322843,99.50299352673476,49.321485282676726,200.74102927023793,enamel_implant
mp-1390618,SnO2,69.90032199353958,79.04447906385037,39.18064143243148,159.46726347628706,enamel_implant
mp-1419175,SbO2,40.18108889987119,63.88919682411334,31.668495280354488,128.89243504292583,enamel_implant
mp-25433,TiO2,73.51096854351387,152.7586231731737,75.71915092799006,308.18091153657775,enamel_implant
mp-753746,Rb2O,9.077777990522236,18.108368007847403,8.975927000149705,36.53249317893987,enamel_implant
mp-7988,Cs2O,7.89646288518502,20.810679304436754,10.315404357764399,41.984236205547276,enamel_implant
mp-1143,Al2O3,325.3347828321802,211.56100039915347,104.86621957530997,426.81100807441135,enamel_implant
mp-14024,Zr3O,138.04997860182152,153.2159224753884,75.94582431744844,309.10348410809013,enamel_implant
mp-22323,In2O3,140.4699910881276,154.54245084135974,76.60335578419502,311.77967162871687,enamel_implant
mp-2552,TeO3,180.90791350300108,127.79891548117492,63.34716279016515,257.8262715927062,enamel_implant
mp-458,Ti2O3,201.08680885894188,198.4927662945023,98.38857811731756,400.44666794822956,enamel_implant
mp-754759,Y2O3,142.38911034699493,165.91089478544697,82.23844796385472,334.71479204721874,enamel_implant
mp-755313,Sc2O3,186.90212938285117,183.26878874194088,90.84238118203929,369.73325104316865,enamel_implant
mp-1025421,SmO3,63.97707940374382,148.36144006914557,73.53956221348281,299.3098712702852,enamel_implant
mp-1025565,HoO3,78.21480802133142,147.06122871301878,72.89507552024232,296.6867766613013,enamel_implant
mp-6922,SiO2,96.7164559319592,105.84826513226722,52.46669940151396,213.54221552551945,enamel_implant
mp-1017,Zr3O,154.66044745178084,153.2159224753884,75.94582431744844,309.10348410809013,enamel_implant
mp-9761,ReO3,270.36789368984944,128.81774685413475,63.85217550170198,259.88169978850027,enamel_implant
mp-13119,CdO,55.2987475412944,104.12513456307025,51.61258078662079,210.0659080118699,enamel_implant
mp-2133,ZnO,115.83283561211168,158.64183558477032,78.635332281825,320.0499224382651,enamel_implant
mp-2542,BeO,375.7887918478846,121.47446409287686,60.212268803431606,245.06708881580383,enamel_implant
mp-776911,MgO,131.60360306713068,241.3367889659111,119.62543500716374,486.8817881823277,enamel_implant
mp-755264,TiO,402.9230022244067,205.327995586703,101.77665368158104,414.2363130109762,enamel_implant
mp-2340,Na2O2,74.95809895653528,67.10849783816772,33.26423327734779,135.3871722984272,enamel_implant
mp-308,U3O8,131.48745940210972,167.13012589529004,82.84279449765171,337.17451410414793,enamel_implant
mp-776896,Nb2O5,66.89268966651011,190.62162204766875,94.48702187897464,384.5671296384666,enamel_implant
mp-8377,TeO2,51.03176931168005,100.84646036489131,49.98741278432621,203.45138909282477,enamel_implant
mp-7954,Nd2O3,99.64140528081228,117.27889780706607,58.13261719212092,236.60279779566608,enamel_implant
mp-1008500,BaO,74.15348481300785,111.52796315866789,55.282003069176,225.000648959057,enamel_implant
mp-545512,CaO,90.63139301141278,159.2718371212652,78.94761043958664,321.3209109019824,enamel_implant
mp-7087,SiO2,146.55664224693942,105.84826513226722,52.46669940151396,213.54221552551945,enamel_implant
mp-754333,TiO,384.0025410218063,205.327995586703,101.77665368158104,414.2363130109762,enamel_implant
mp-841,Li2O2,123.26315161421238,107.89998424544862,53.48369226231441,217.68142975371043,enamel_implant
mp-8059,SiO2,73.84637638311055,105.84826513226722,52.46669940151396,213.54221552551945,enamel_implant
mp-2789,NO2,9.539401592279855,13.791755544727462,6.836275412546101,27.823999111627067,enamel_implant
mp-20066,CO2,6.310704991141793,17.122173088168445,8.487091473772024,34.54290697433747,enamel_implant
mp-2310,CdO2,100.26959015270084,86.78214675925138,43.01603622644263,175.0775212411304,enamel_implant
mp-2589,MgO2,211.282063935912,169.72517818952238,84.12910588388522,342.4098688416346,enamel_implant
mp-2633,GeO2,349.0506483144307,88.91842417991464,44.074942814359986,179.38732653473184,enamel_implant
mp-697,SnO2,253.87433249541712,79.04447906385037,39.18064143243148,159.46726347628706,enamel_implant
mp-8484,ZnO2,162.37324229108063,132.53321411118992,65.6938523914317,267.37742122326017,enamel_implant
mp-8909,RuO2,374.91606053077686,182.00514629980034,90.21602090981438,367.1839319174411,enamel_implant
mp-9258,SiO2,521.6037673366154,105.84826513226722,52.46669940151396,213.54221552551945,enamel_implant
mp-1045,Nd2O3,133.7276670222075,117.27889780706607,58.13261719212092,236.60279779566608,enamel_implant
mp-1056,Tb2O3,162.03768527953224,160.69118340202547,79.65114974243917,324.1843527261135,enamel_implant
mp-1427,Lu2O3,189.72396063510325,193.81917893606987,96.07198178241137,391.0179994884809,enamel_implant
mp-1767,Tm2O3,181.7885942600666,142.50231406430498,70.63531997136927,287.4894531788466,enamel_implant
mp-218,Sm2O3,145.13643052577092,114.02527597651311,56.51986710749259,230.03882045215198,enamel_implant
mp-22598,In2O3,152.08361786646927,154.54245084135974,76.60335578419502,311.77967162871687,enamel_implant
mp-2292,La2O3,106.6426200533605,139.343134163264,69.06938271187713,281.1160064863667,enamel_implant
mp-2345,Dy2O3,166.05469824221117,171.17322894042775,84.8468733727614,345.3312201283593,enamel_implant
mp-2652,Y2O3,162.28777701607328,165.91089478544697,82.23844796385472,334.71479204721874,enamel_implant
mp-504886,Gd2O3,146.3584530672268,179.5846664199424,89.01624129977327,362.30076604283823,enamel_implant
mp-679,Er2O3,170.757705823786,181.60661545599305,90.01847777617736,366.3799210133841,enamel_implant
mp-771359,Cu2O3,145.03310957733737,79.73853307864843,39.52466902057683,160.86747378515852,enamel_implant
mp-776475,Al2O3,318.83796003244106,211.56100039915347,104.86621957530997,426.81100807441135,enamel_implant
mp-1778,BeO,370.4655535602688,121.47446409287686,60.212268803431606,245.06708881580383,enamel_implant
mp-1986,ZnO,110.02591802256762,158.64183558477032,78.635332281825,320.0499224382651,enamel_implant
mp-1021489,IrO3,262.4246694227128,55.776405407687264,27.64715975802997,112.52538877159377,enamel_implant
mp-2311,NbO,368.6373753507446,171.82362973170117,85.16926300062737,346.64336280518563,enamel_implant
mp-2630414,TaO3,193.8427028582502,239.51662054675938,118.72321682542568,483.2097129114714,enamel_implant
mp-33029,Nd2O3,121.0569191321908,117.27889780706607,58.13261719212092,236.60279779566608,enamel_implant
mp-33032,La2O3,91.11777473303157,139.343134163264,69.06938271187713,281.1160064863667,enamel_implant
mp-375,UO3,167.82265685676305,147.07043719031338,72.89963996359486,296.70535418489743,enamel_implant
mp-755300,TiO,129.7310747625606,205.327995586703,101.77665368158104,414.2363130109762,enamel_implant
mp-982048,Ge2O3,260.28068730083487,101.34642645111414,50.23523517729623,204.46003921671897,enamel_implant
mp-1604,Pt3O4,161.78327243934845,114.74738535055076,56.877801131402244,231.49563068320356,enamel_implant
mp-1021503,SiO2,344.5029266576995,105.84826513226722,52.46669940151396,213.54221552551945,enamel_implant
mp-11872,Ag2O3,60.91438622002379,61.29563771039468,30.382924031458767,123.66009270318301,enamel_implant
mp-22891,Bi2O3,60.23119458236659,72.62609520799887,35.9991871498536,146.51857785579938,enamel_implant
mp-32927,Tb2O3,134.48835118022626,160.69118340202547,79.65114974243917,324.1843527261135,enamel_implant
mp-361,Cu2O,23.119849343940675,103.76407571407461,51.43361171166392,209.33749449981772,enamel_implant
mp-551685,Pb2O,2.515256152319028,40.37106556975684,20.01106545412373,81.44608486609813,enamel_implant
mp-673247,Y2O3,151.15977084705062,165.91089478544697,82.23844796385472,334.71479204721874,enamel_implant
mp-684768,Sm2O3,137.38846959088622,114.02527597651311,56.51986710749259,230.03882045215198,enamel_implant
mp-685148,Ho2O3,144.76974741889805,180.6777862650973,89.55807720283606,364.5060665574721,enamel_implant
mp-1008677,TiO2,224.8109921260225,152.7586231731737,75.71915092799006,308.18091153657775,enamel_implant
mp-1008785,RuO2,459.40136891997867,182.00514629980034,90.21602090981438,367.1839319174411,enamel_implant
mp-10197,ZrO,83.20543443872874,253.19795538686017,125.50475907904745,510.8109451985652,enamel_implant
mp-10688,CeO,204.972479277731,127.8245890610584,63.35988862933336,257.8780664248835,enamel_implant
mp-10728,PdO,63.364047139137554,129.21626048154334,64.0497101015419,260.6856759595561,enamel_implant
mp-1132,CdO,119.44684491764232,104.12513456307025,51.61258078662079,210.0659080118699,enamel_implant
mp-1265,MgO,282.56468586981174,241.3367889659111,119.62543500716374,486.8817881823277,enamel_implant
mp-12979,SnO2,156.09902686292668,79.04447906385037,39.18064143243148,159.46726347628706,enamel_implant
mp-1342,BaO,94.1427099598596,111.52796315866789,55.282003069176,225.000648959057,enamel_implant
mp-1394,Rb2O,20.83897373011397,18.108368007847403,8.975927000149705,36.53249317893987,enamel_implant
mp-14549,CuO,99.4385709992382,71.19826753911788,35.29144380605167,143.63802536473605,enamel_implant
mp-1565,ZrO2,270.8451943736006,181.14185959701558,89.78810833254414,365.4423053077275,enamel_implant
mp-1597,UO2,240.43687522905316,172.90671915132154,85.70612703834374,348.82842756736164,enamel_implant
mp-1794,BeO,370.76398736970776,121.47446409287686,60.212268803431606,245.06708881580383,enamel_implant
mp-1959,PuO2,208.3281696765668,168.31285300709666,83.42904678786769,339.5605916416653,enamel_implant
mp-1960,Li2O,159.15407228218714,158.34173543352549,78.48657911703731,319.44448926374605,enamel_implant
mp-20158,PbO2,80.47845228138993,69.62508566754046,34.511651522665424,140.46422991460338,enamel_implant
mp-20194,CeO2,193.87270284794215,121.5370361135139,60.243284402918356,245.1933239307587,enamel_implant
mp-2229,ZnO,166.79283112540926,158.64183558477032,78.635332281825,320.0499224382651,enamel_implant
mp-2352,Na2O,75.05940493744944,51.43429652116371,25.494870143899817,103.76545727415605,enamel_implant
mp-2364,PaO2,267.5972914408786,179.92710718044867,89.1859817902939,362.99161873270873,enamel_implant
mp-2472,SrO,137.28611040670395,112.15734171355743,55.59397242840816,226.27038059658003,enamel_implant
mp-2605,CaO,180.45294466880415,159.2718371212652,78.94761043958664,321.3209109019824,enamel_implant
mp-2616,NpO2,215.1511947950844,170.05497093154122,84.29257702475542,343.075204949949,enamel_implant
mp-2664,TiO,177.59045866730244,205.327995586703,101.77665368158104,414.2363130109762,enamel_implant
mp-32548,BiO2,125.32840648829216,121.78448942757308,60.36594166733764,245.69254542349924,enamel_implant
mp-550893,HfO2,302.18517076786856,185.95408592395748,92.17342501045296,375.1506691640581,enamel_implant
mp-643,ThO2,235.5611829542649,207.08366457498798,102.64690088820085,417.77826473800104,enamel_implant
mp-644481,ScO,260.93728184937345,185.6116661644474,92.00369492967266,374.4598588423762,enamel_implant
mp-6927,NpO,225.876239542964,139.482109196996,69.13826963515375,281.39637987339177,enamel_implant
mp-971,K2O,32.49888872365737,23.87800168394754,11.835809827350785,48.17236612749975,enamel_implant
mp-979074,TmO3,42.78402724777902,127.10964649240358,63.00550703609623,256.43571477279664,enamel_implant
mp-1999,Sb2O3,24.39540368852459,81.79812321242952,40.545563376326406,165.0225673022089,enamel_implant
mp-25262,TiO2,178.80621960447985,152.7586231731737,75.71915092799006,308.18091153657775,enamel_implant
mp-8352,SiO2,142.80604058434622,105.84826513226722,52.46669940151396,213.54221552551945,enamel_implant
mp-556605,ZrO2,244.37715057939008,181.14185959701558,89.78810833254414,365.4423053077275,enamel_implant
mp-685097,HfO2,279.21937764107867,185.95408592395748,92.17342501045296,375.1506691640581,enamel_implant
mp-2254,Al2O3,266.9258573423102,211.56100039915347,104.86621957530997,426.81100807441135,enamel_implant
mp-230,SbO2,145.60885804320142,63.88919682411334,31.668495280354488,128.89243504292583,enamel_implant
mp-28460,Br2O,6.628885758109413,15.20382522611318,7.536207862215238,30.67276085432283,enamel_implant
mp-554089,SiO2,67.5720393811533,105.84826513226722,52.46669940151396,213.54221552551945,enamel_implant
mp-697111,H2O,22.644455022663347,35.12833847084044,17.412358839525048,70.86921278700159,enamel_implant
mp-717,B2O3,361.2455059123782,187.6124591460237,92.9954448067051,378.49633280404026,enamel_implant
mp-754401,Al2O3,116.99247399112444,211.56100039915347,104.86621957530997,426.81100807441135,enamel_implant
mp-12177,Te2O5,93.1291910705476,66.51417808623299,32.96964180970137,134.1881695901624,enamel_implant
mp-972808,SiO2,73.9893004252921,105.84826513226722,52.46669940151396,213.54221552551945,enamel_implant
mp-554573,SiO2,73.98691743470532,105.84826513226722,52.46669940151396,213.54221552551945,enamel_implant
mp-27726,SO2,6.613116489028213,12.427832477013967,6.160208199624914,25.07237013290028,enamel_implant
mp-27253,Au2O3,99.41197839040876,52.0021458270433,25.776340783023787,104.91105752287653,enamel_implant
mp-760432,Cu2O3,114.919113680271,79.73853307864843,39.52466902057683,160.86747378515852,enamel_implant
mp-1001790,LiO3,46.75658648004066,94.29981354578052,46.74238132049492,190.24394101354733,enamel_implant
mp-22464,NaO3,32.075378730943946,57.659674729750265,28.580655694777747,116.3247661441189,enamel_implant
mp-998913,KO3,15.195033286059898,23.53253535225476,11.664569626525394,47.47540953811242,enamel_implant
mp-990076,P2O5,396.5008312130281,42.19757748078532,20.916427967807504,85.13095773271891,enamel_implant
mp-1285,PtO2,230.8264246204928,136.22468816474526,67.52363636828154,274.82473787947686,enamel_implant
mp-1901,NaO2,24.710002895924223,60.13154908159387,29.805910434800452,121.31161713250111,enamel_implant
mp-1539317,Ta2O5,162.58751642911847,255.52537592031297,126.65841118054375,515.5063696965676,enamel_implant
mp-1228652,B8O,432.1649542860578,91.31134132493163,45.261060171913755,184.21488632588574,enamel_implant
mp-10913,GeO2,311.2258902485412,88.91842417991464,44.074942814359986,179.38732653473184,enamel_implant
mp-1105681,In2O3,172.13065116161786,154.54245084135974,76.60335578419502,311.77967162871687,enamel_implant
mp-1439,TiO2,214.33342449297967,152.7586231731737,75.71915092799006,308.18091153657775,enamel_implant
mp-1716,Rh2O3,274.59249984093054,99.84864603079417,49.492817765124165,201.43836145066203,enamel_implant
mp-1938,Al2O3,362.7585395524216,211.56100039915347,104.86621957530997,426.81100807441135,enamel_implant
mp-20633,PbO2,105.25609427346652,69.62508566754046,34.511651522665424,140.46422991460338,enamel_implant
mp-556034,CO2,5.925759747253536,17.122173088168445,8.487091473772024,34.54290697433747,enamel_implant
mp-560203,SiO2,105.92529305854116,105.84826513226722,52.46669940151396,213.54221552551945,enamel_implant
mp-776097,HfO2,249.9747780291625,185.95408592395748,92.17342501045296,375.1506691640581,enamel_implant
mp-1840,TiO2,208.0353221780315,152.7586231731737,75.71915092799006,308.18091153657775,enamel_implant
mp-2125,TeO2,42.337859810973065,100.84646036489131,49.98741278432621,203.45138909282477,enamel_implant
mp-557266,HgO2,41.7188241055482,76.12856524607406,37.73528591747034,153.58459080185688,enamel_implant
mp-775757,HfO2,268.17635607826566,185.95408592395748,92.17342501045296,375.1506691640581,enamel_implant
mp-775906,Y2O3,168.576037350375,165.91089478544697,82.23844796385472,334.71479204721874,enamel_implant
mp-776404,ZrO2,233.1913262279521,181.14185959701558,89.78810833254414,365.4423053077275,enamel_implant
mp-776490,Al2O3,359.5860186415108,211.56100039915347,104.86621957530997,426.81100807441135,enamel_implant
mp-1101843,PbO2,94.20378661616972,69.62508566754046,34.511651522665424,140.46422991460338,enamel_implant
mp-1102359,PbO2,74.31735982925704,69.62508566754046,34.511651522665424,140.46422991460338,enamel_implant
mp-1224,HgO,28.139274264197336,34.34410822286892,17.02363283980761,69.2870776010852,enamel_implant
mp-2173,P2O5,78.39559860453979,42.19757748078532,20.916427967807504,85.13095773271891,enamel_implant
mp-2420244,TiO2,48.786851987971936,152.7586231731737,75.71915092799006,308.18091153657775,enamel_implant
mp-741,HfO2,245.9496424481133,185.95408592395748,92.17342501045296,375.1506691640581,enamel_implant
mp-754741,ZrO2,128.01171631079606,181.14185959701558,89.78810833254414,365.4423053077275,enamel_implant
mp-755089,ZrO2,198.81881400579823,181.14185959701558,89.78810833254414,365.4423053077275,enamel_implant
mp-755759,ZrO2,218.13071135725804,181.14185959701558,89.78810833254414,365.4423053077275,enamel_implant
mp-755894,Li2O,110.0590071028909,158.34173543352549,78.48657911703731,319.44448926374605,enamel_implant
mp-9173,TiO2,136.35026577893896,152.7586231731737,75.71915092799006,308.18091153657775,enamel_implant
mp-963,ZrO2,223.48130597900536,181.14185959701558,89.78810833254414,365.4423053077275,enamel_implant
mp-1096799,AlO2,190.6898507097572,208.6274805647785,103.41213713809474,420.89281636916513,enamel_implant
mp-2672,K2O2,42.220374294158,50.27173629345026,24.91861414265712,101.4200651565095,enamel_implant
mp-755875,Ti3O4,238.92174248043503,198.17901150278996,98.23305664210032,399.8136873956406,enamel_implant
mp-555483,SiO2,116.40758913313628,105.84826513226722,52.46669940151396,213.54221552551945,enamel_implant
mp-1400172,SbO2,95.79471748650492,63.88919682411334,31.668495280354488,128.89243504292583,enamel_implant
mp-775910,ZrO2,251.45475929780116,181.14185959701558,89.78810833254414,365.4423053077275,enamel_implant
mp-10734,Ti4O5,236.99813660496804,206.17174968930493,102.19488437071603,415.93853382870253,enamel_implant
mp-557057,NbO2,217.2225092305989,168.94142742965556,83.74061755606749,340.82870099280274,enamel_implant
mp-555434,As2O5,130.7838610588527,130.94479431108527,64.90650699591329,264.17288421100875,enamel_implant
mp-557,TeO2,67.33358075481495,100.84646036489131,49.98741278432621,203.45138909282477,enamel_implant
mp-6945,SiO2,62.14349493551583,105.84826513226722,52.46669940151396,213.54221552551945,enamel_implant
mp-7812,GeO2,53.677293676525466,88.91842417991464,44.074942814359986,179.38732653473184,enamel_implant
mp-2739,TeO2,66.52861940691633,100.84646036489131,49.98741278432621,203.45138909282477,enamel_implant
mp-23487,KIO3,34.59356100151548,32.609425113571405,16.16378788024529,65.78746356460378,enamel_implant
mp-36779,PNO,119.62970736156352,20.3266029299853,10.075458151806444,41.007642575460345,enamel_implant
mp-753197,HfTiO4,196.2487809767993,188.00571674860802,93.19037410853512,379.2897052756927,enamel_implant
mp-774922,Ti3TeO8,23.76905762271504,135.37672255277528,67.10331812489366,273.114020606565,enamel_implant
mp-2468835,Li7B18O,222.38498568671497,93.39376147051672,46.29327087153686,188.41603795541448,enamel_implant
mp-675334,LiTi2O4,279.5350574659254,180.45711015963417,89.4486928225067,364.06086639840237,enamel_implant
mp-997006,AgPtO2,94.98672563715913,79.77529993228416,39.54289355600246,160.94164859920448,enamel_implant
mp-559264,Bi2PdO4,60.75532883767462,64.12434900829899,31.785055140318757,129.36683978006462,enamel_implant
mp-752463,NbNO,156.22417975436724,229.20016404637468,113.60957210561746,462.3969109754931,enamel_implant
mp-756638,NbRhO4,216.1028906233871,158.84133908850112,78.73422186066423,320.4524082054011,enamel_implant
mp-760396,TaAlO4,297.5205414406048,183.82149905134412,91.11634774751244,370.8483093189588,enamel_implant
mp-1025461,PrBrO2,63.78120693597747,70.41413675871576,34.90276711026054,142.05609084838298,enamel_implant
mp-23022,KClO3,20.431816513761465,21.711700232038368,10.762020975465921,43.80198923980323,enamel_implant
mp-2506699,BaCO3,57.48576387246349,69.06151945016386,34.23230391802591,139.3272705274698,enamel_implant
mp-2525045,Zr2N2O,205.03948593682392,209.86246808748234,104.0242937855122,423.38432599773586,enamel_implant
mp-3488,Na2Ti3O7,113.13579408837847,164.25716081588155,81.41872774488996,331.37848780728126,enamel_implant
mp-4264,K2S2O5,26.928650366338704,31.101525805905524,15.416354754117094,62.745371579950096,enamel_implant
mp-4691,Ag2CO3,38.632485109990576,65.49230767682286,32.46312271341928,132.12661032952897,enamel_implant
mp-5431,BaTeO3,52.28786871624428,165.9391409404551,82.25244897296156,334.7717768878581,enamel_implant
mp-545482,PdSeO3,28.88616086313833,77.96289689936889,38.64452450854068,157.2852395065257,enamel_implant
mp-558636,CaAl2O4,223.64822841651733,176.5722102931345,87.52303184690244,356.2233253338371,enamel_implant
mp-997042,TlCuO2,24.240775507455247,67.05259750479502,33.23652468917353,135.27439689278305,enamel_implant
mp-997054,CuBiO2,50.68166618371487,58.21407910678491,28.855461972995084,117.44324209477416,enamel_implant
mp-997082,BiAuO2,54.58744562743412,51.319226639170175,25.437832488146288,103.53331102678531,enamel_implant
mp-4779,Li2B4O7,92.31977225635576,138.67761801763388,68.73950072924852,279.77336953309896,enamel_implant
mp-606393,NbBr3O,10.359866157719482,27.596626110687954,13.679051657919437,55.67445695346824,enamel_implant
mp-34993,LiAlO2,292.33826199972566,215.72008276747385,106.92778689653271,435.20169508637554,enamel_implant
mp-753156,La2Th2O7,152.21476736359827,188.0560433779643,93.21531993198369,379.3912360841499,enamel_implant
mp-754839,SnBiO4,87.85905277817105,98.72976111302471,48.93821067192201,199.18108152302207,enamel_implant
mp-755302,TiNbO4,78.20816235138166,159.48406393626192,79.05280668908075,321.74906514911805,enamel_implant
mp-773864,TiSnO4,129.01971124756074,139.30177716434775,69.0488829405528,281.03257134300344,enamel_implant
mp-1101156,Zr5N5O2,298.7703298098304,228.5936202276717,113.30892143203326,461.173246981593,enamel_implant
mp-1386610,Ca2Sn3O8,121.18335557786986,115.32962204453068,57.16640328813484,232.67025658224273,enamel_implant
mp-15397,Ti7Al2O15,224.62108240648016,241.2029008633941,119.5590695658462,486.6116773589877,enamel_implant
mp-20067,Na5OsO6,92.20586473168592,82.20919333315227,40.74932195876471,165.85187540854196,enamel_implant
mp-2408760,NaCu2O3,54.51743808808057,69.44237505619664,34.42108581796668,140.09562275134354,enamel_implant
mp-27927,NbAlO4,195.38143100641963,246.12670505748682,121.99969298315553,496.5451425424419,enamel_implant
mp-2874,In2Si2O7,163.7546975729226,120.66590552698457,59.8114837818521,243.43587277908355,enamel_implant
mp-29364,Li5SbO5,157.94187062683469,105.18854701800056,52.13969137783299,212.21127573574793,enamel_implant
mp-29455,Ga4GeO8,187.80697154176843,156.9484404128295,77.79595286126322,316.63360421779555,enamel_implant
mp-31031,La4PdO7,131.71726550133278,151.10643579695372,74.90019732195042,304.8477274514117,enamel_implant
mp-31256,U(SbO3)2,59.13185774394984,143.23957699725176,71.00076528721324,288.9768347616204,enamel_implant
mp-3943,BaTi2O5,164.66454787429666,192.02677356825234,95.18352514572082,387.4019344269959,enamel_implant
mp-4300,Yb2Si2O7,81.68246971519852,135.3853028598045,67.10757119780999,273.13133083617174,enamel_implant
mp-4541,NaCuO2,79.53297803163018,65.74685989303696,32.58929875034728,132.640153410744,enamel_implant
mp-5274,ThTi2O6,165.18466877703875,162.13078648929402,80.36472990686443,327.0886613829305,enamel_implant
mp-5427,Mg2P2O7,156.90107764626063,140.07410267221792,69.43170801766587,282.5906894647448,enamel_implant
mp-553991,Ti(GaO2)4,182.75497189234488,153.3092782975098,75.99209878260386,309.2918236057956,enamel_implant
mp-5594,Sc2Si2O7,188.89885121248076,153.1849253444796,75.93045970899058,309.04094934664715,enamel_implant
mp-5618,Mg2As2O7,125.28910893105171,116.58673508203803,57.78952707547518,235.2064030449163,enamel_implant
mp-5652,Y2Si2O7,157.27787257295157,137.2608134610121,68.03722130416695,276.91505547750626,enamel_implant
mp-5813,TaNO,201.8164505944372,269.9497596259577,133.8082667118599,544.6066563214316,enamel_implant
mp-7064,Er2Si2O7,168.78444534274047,157.81245603540958,78.22422674833614,318.37670137733664,enamel_implant
mp-753693,Ho2Ge2O7,131.72028685587182,170.12896204266858,84.32925282082115,343.224477361543,enamel_implant
mp-753802,Sc2Ti2O7,131.3976436924662,226.7031071940782,112.37183494389622,457.3592558767888,enamel_implant
mp-754262,Zn2As2O7,52.1870042095245,84.88240294581712,42.074374240062504,171.2449076187463,enamel_implant
mp-754326,NaAgO2,69.08381441229817,72.31926118286923,35.847096149188474,145.89955951437526,enamel_implant
mp-754483,Na3(CuO2)2,52.332924952187085,77.43043867428092,38.38059646395114,156.21103853669413,enamel_implant
mp-754495,NbNO,134.02352321458577,229.20016404637468,113.60957210561746,462.3969109754931,enamel_implant
mp-754752,NbNO,166.43008399783227,229.20016404637468,113.60957210561746,462.3969109754931,enamel_implant
mp-755013,Li5TaO5,168.73674028991863,157.8780606311795,78.25674552983261,318.50905452182946,enamel_implant
mp-755378,NaPdO2,115.44200820328392,89.67322062585355,44.44907911398589,180.91008087685708,enamel_implant
mp-756063,RbNbO3,47.66128688349618,125.14843106944996,62.03337490025877,252.47908604565592,enamel_implant
mp-756597,Li2HfO3,133.57627737364194,166.10284197315764,82.33359204000936,335.1020334221852,enamel_implant
mp-7601,NbGaO4,159.21329775576922,187.14945936358365,92.76594581229179,377.56225987231545,enamel_implant
mp-760400,Na5BiO5,93.96227105121798,81.28937359799076,40.29338717808603,163.9961969627494,enamel_implant
mp-760483,Li2PdO3,143.7913270942258,112.50228935819129,55.764955527258664,226.96629076745884,enamel_implant
mp-760492,Na4PtO4,77.85892653859285,68.4672985046552,33.93776142659134,138.12846715495326,enamel_implant
mp-760539,Li2Ti3O6,155.5754381882659,180.06737318254952,89.25550861871457,363.2745965671975,enamel_implant
mp-770649,Li5NbO5,159.2447668125779,151.70351238403924,75.19615529325162,306.0522919011486,enamel_implant
mp-8090,Cu2P2O7,104.59194455493363,83.58297913404205,41.43027791555138,168.6234018309441,enamel_implant
mp-8253,Na5ReO6,92.02468098251668,88.95463722985977,44.0928928412547,179.46038408467427,enamel_implant
mp-9158,LiCuO2,105.30970452011776,104.38162891718945,51.73971949937098,210.58336923412006,enamel_implant
mp-9771,UTi2O6,154.22971122693724,130.7020192894885,64.78616866004734,263.6831008789792,enamel_implant
mp-996973,CuHgO2,39.96526553019924,40.91399645236102,20.28018456890371,82.54141376358783,enamel_implant
mp-996992,LiAgO2,72.9423857932564,98.75897786792676,48.95269278643771,199.2400244878827,enamel_implant
mp-997009,BaAuO2,67.6154979589289,37.81554374868369,18.744348469837693,76.29048037117464,enamel_implant
mp-997086,SrAgO2,89.3140150237419,113.52414725176386,56.27146841971034,229.02782477817743,enamel_implant
mp-997094,SrAuO2,86.84333156507343,65.62214120832049,32.527478391434514,132.38854131092825,enamel_implant
mp-22993,AgClO4,24.38821554512376,38.24947547008192,18.95943905407101,77.16591031854685,enamel_implant
mp-27888,Zr3GeO8,135.17415412469663,124.50884775970513,61.71634726440026,251.1887669572383,enamel_implant
mp-38103,NaClO4,29.138151099569917,37.6646040365549,18.669530913837917,75.98596899823444,enamel_implant
mp-5461,Rb3TaO8,36.3730430662967,54.82621503607621,27.176170908668734,110.60843947751427,enamel_implant
mp-9808,Rb3NbO8,34.463891379203694,47.70732496520822,23.6474908216222,96.24652664015068,enamel_implant
mp-550433,BeZnO2,211.65379373354955,190.56518950113943,94.45904948423095,384.4532805262628,enamel_implant
mp-1018030,Sr2SO,97.0462033917262,73.91998638454277,36.64054106654906,149.1289219001051,enamel_implant
mp-1018032,SrCdO2,136.193755317525,96.55000507488192,47.857752672171486,194.7835608540863,enamel_implant
mp-1018097,BaCaO2,119.09115228189198,106.94687614244235,53.01125715650432,215.75859412010834,enamel_implant
mp-19796,Ba2Nb5O9,259.5069843632648,161.66394344355876,80.13332588982483,326.1468349093042,enamel_implant
mp-37514,SrCuO2,159.20144851510278,117.19072051932265,58.08890961463447,236.42490566526385,enamel_implant
mp-4826,CaCuO2,161.1202776449141,120.45682328053687,59.707846227085774,243.0140625011569,enamel_implant
mp-505517,BaNb4O6,271.61061861124165,226.55075723341358,112.2963183581493,457.0518994161525,enamel_implant
mp-752398,BaCuO2,138.83386365782536,103.56818064427722,51.33651075560711,208.94228852111996,enamel_implant
mp-753581,LaUO4,93.1737646497755,124.81139809329974,61.86631493167096,251.79914322049632,enamel_implant
mp-753619,BaSrO2,111.46941377545345,100.34387159305652,49.738290382731044,202.4374478657131,enamel_implant
mp-753657,TiOF,243.418312608144,104.73121156166249,51.91300006755634,211.28863022556627,enamel_implant
mp-862664,Rb2Zr2O5,103.15498467815053,97.24859093088227,48.204026596142924,196.19291386746536,enamel_implant
mp-862682,Ba2Ga2O5,139.772179787472,123.21626025653251,61.07563955044419,248.58105299193932,enamel_implant
mp-863021,Ba2Sc2O5,129.62857410335107,149.38785242941387,74.04833265672912,301.38059363102093,enamel_implant
mp-863749,Rb2Hf2O5,114.03591008104326,177.9897220840178,88.22566183273585,359.08306619005725,enamel_implant
mp-866311,Bi3BrO4,72.80952676613828,69.60200126208629,34.50020908135273,140.41765857894086,enamel_implant
mp-867920,K2Rh2O5,120.55928151274468,156.85921226594985,77.75172439559456,316.4535920452001,enamel_implant
mp-973920,Lu2Ta2O5,209.00474033451485,218.95326234394668,108.53040419723139,441.72443146839487,enamel_implant
mp-975106,Rb2Bi2O5,87.92325901582635,48.22595747464169,23.904565757506088,97.29283509848572,enamel_implant
mp-984876,Ba2Pd2O5,100.13842187934112,128.49799009388985,63.69367898028609,259.23661064200707,enamel_implant
mp-996990,BaAgO2,113.12562808488876,82.21724393871003,40.753312470099694,165.86811699875582,enamel_implant
mp-997030,CaAgO2,129.58928055365467,123.46151033933754,61.19720472070606,249.07582960423957,enamel_implant
mp-1020622,SrZrO3,221.03868225999253,210.03258891986374,104.10861900863547,423.7275340740173,enamel_implant
mp-3382,CaSiO3,354.5566518727049,157.759402038572,78.19792902772024,318.26966827657657,enamel_implant
mp-4419,NaNbO3,238.8388774625121,137.7612647359802,68.28528419472113,277.9246844391687,enamel_implant
mp-550908,SrHfO3,245.9297569177556,225.00627332040088,111.53075103313692,453.93600029190964,enamel_implant
mp-8846,Ba3Nb5O15,227.82826750552604,130.69198597582027,64.78119536311542,263.66285929989334,enamel_implant
mp-10219,YOF,126.12650299787246,151.03332657111807,74.86395865738088,304.70023418791044,enamel_implant
mp-22939,BiClO,44.54556042822665,35.874074132316814,17.782003903946066,72.37368756652735,enamel_implant
mp-22987,BiIO,27.22278002620469,16.479327880865338,8.168446985729355,33.246007212816295,enamel_implant
mp-23025,LaClO,87.15420795179499,58.00517942612547,28.751914912147793,117.02180013183933,enamel_implant
mp-23050,GdClO,81.81900286324593,81.12016020970934,40.2095117554083,163.65481959784842,enamel_implant
mp-23058,NdClO,88.56480492668896,97.15986776954598,48.16004844090376,196.01392047143278,enamel_implant
mp-23068,NdBrO,37.68282461217875,43.541452823221775,21.58255795620753,87.84214168698963,enamel_implant
mp-23072,BiBrO,28.666959083469727,33.73999853534563,16.724188712487997,68.06832431369828,enamel_implant
mp-23856,LiHO,24.547072571493413,91.14259891547962,45.177418203271735,183.87445913114175,enamel_implant
mp-27823,SmClO,88.94957248721427,86.3612385162274,42.807401099218175,174.2283653420141,enamel_implant
mp-27984,PrClO,86.41561917303551,70.12716466752984,34.76052124136452,141.47714270908892,enamel_implant
mp-29327,SmBrO,36.88004777089668,38.18575539036348,18.927854386488125,77.03735906662473,enamel_implant
mp-29731,HoClO,79.24682392438942,76.36585874045363,37.85290717865956,154.06331549759267,enamel_implant
mp-30273,AcClO,78.55528696081886,63.065536634968446,31.260224710224136,127.23075243140279,enamel_implant
mp-3217,USeO,75.88005379831438,74.38769589364748,36.872374570771,150.07249640906628,enamel_implant
mp-3718,ThTeO,126.1170507689271,50.1205369692551,24.843667902561954,101.11503003255872,enamel_implant
mp-4888,NbPO5,129.95056836848758,102.56284429868609,50.838187237733344,206.91408569401082,enamel_implant
mp-542757,EuClO,67.48673675008308,85.91968193942951,42.58853103880984,173.33755272858616,enamel_implant
mp-556939,NpIO,27.728114409274934,54.77746375718048,27.15200595242627,110.510086839499,enamel_implant
mp-753594,BiOF,107.1577048233571,70.44783072937855,34.9194684839505,142.12406631435962,enamel_implant
mp-753712,YIO,29.922104559819413,60.69347592634097,30.084445437827156,122.44526918849482,enamel_implant
mp-753848,Li(CuO)3,108.49982160837943,106.3651929240696,52.72292934567878,214.58508482328506,enamel_implant
mp-754349,GdOF,134.1612119434289,145.39045416458066,72.0669086542945,293.31609412558566,enamel_implant
mp-755323,DyClO,83.94283449682457,78.16333553383706,38.74387761149376,157.6896118410912,enamel_implant
mp-756134,ZrSeO,191.49321183972287,62.25104677864225,30.856499676053296,125.5875703893956,enamel_implant
mp-7915,ZrSiO,272.51044870799024,189.59546877166187,93.97837985820222,382.49692996392815,enamel_implant
mp-8136,ThSO,165.25378151016253,117.43652260632683,58.210748401458204,236.92079591130687,enamel_implant
mp-8231,ZrSO,217.7449541723724,157.8761611718578,78.25580400886264,318.5052224821513,enamel_implant
mp-1041411,CaBi4O9,100.7100994909623,83.56517991888916,41.42145522894577,168.58749303419984,enamel_implant
mp-12931,SmTaO4,175.7583878245048,169.8041152490411,84.16823327976867,342.5691193929368,enamel_implant
mp-3203,NdTaO4,170.73562220818238,165.47121398126257,82.02050768342657,333.8277636870255,enamel_implant
mp-3444,ErTaO4,174.5494040881219,174.8440049251157,86.66639776381548,352.73677973284236,enamel_implant
mp-4875,GdTaO4,170.5033960119847,201.91769443336474,100.08624103988825,407.35624499112646,enamel_implant
mp-5377,YTaO4,172.41346236792424,204.25323242236578,101.24391678881632,412.06804594499266,enamel_implant
mp-5489,LuTaO4,153.10758884530745,211.01911069421038,104.59761654981402,425.71777968734784,enamel_implant
mp-553961,ScNbO4,162.1500875807712,103.43316663528869,51.26958722676379,208.66990625230935,enamel_implant
mp-558781,ScTaO4,193.3188161427889,199.33562062513852,98.80636280891828,402.14707353262366,enamel_implant
mp-573051,ReO3F,14.184676322274882,65.15620313341505,32.29652294889385,131.44854055901538,enamel_implant
mp-778364,Na6Ti2O7,64.29474996351165,111.9938876236143,55.51295176555385,225.9406222537338,enamel_implant
mp-9595,NbInO4,158.4691032067747,147.69356540163176,73.208511162485,297.9624761475021,enamel_implant
mp-29259,Bi2PdO4,44.62174972757205,64.12434900829899,31.785055140318757,129.36683978006462,enamel_implant
mp-505042,Cu(BiO2)2,69.90501475690054,76.65383007230898,37.9956483495784,154.6442795420707,enamel_implant
mp-618309,Bi2AuO5,139.94999966193453,146.74090036476252,72.73629567499172,296.04053437195626,enamel_implant
mp-33997,TaO2F,235.1360331436913,173.8022967737903,86.15004552723039,350.63519907597424,enamel_implant
mp-37473,TiOF2,180.90478016468316,69.3148083202759,34.35785374157108,139.83826488740658,enamel_implant
mp-18288,Ti(SnO2)2,53.28819608669822,113.6748639401453,56.34617542765439,229.33188621473877,enamel_implant
mp-22271,Cu(AsO2)2,29.288119783097017,135.87508039956688,67.35034334830499,274.1194262085881,enamel_implant
mp-22467,Sn(PbO2)2,47.10745441592771,71.14762384178576,35.26634081885405,143.53585489158573,enamel_implant
mp-27219,Mg(SbO2)2,53.53926347574839,97.94300695122301,48.54823362261885,197.5938544997438,enamel_implant
mp-5388,Zn(SbO2)2,34.300908832448826,131.7046895308852,65.2831706476422,265.7059250086123,enamel_implant
mp-19970,Li3CuO3,92.00713968488272,107.07471108674909,53.074622178005335,216.0164930775899,enamel_implant
mp-4287,Sr2SnO4,131.84429410956355,97.69482439280115,48.42521488751585,197.0931618023815,enamel_implant
mp-1025154,UTl2O4,31.089424330617,77.43777803017731,38.38423442418729,156.225845225464,enamel_implant
mp-1025158,K2PuO4,73.34040613343069,87.41131821873321,43.32790293295308,176.34683507669763,enamel_implant
mp-1025200,Eu2TiO4,182.7373603938076,156.42603456693647,77.5370075639755,315.57968329055046,enamel_implant
mp-1025208,Cs2PuO4,48.66558547889572,57.45953673480699,28.48145161234532,115.92100033088032,enamel_implant
mp-1025237,Ba2RuO4,132.94459639322773,149.29029483049067,73.99997546154371,301.18377731297005,enamel_implant
mp-1025274,Cs2NpO4,53.47475523153883,58.40259780159964,28.94890661925405,117.82356670102456,enamel_implant
mp-1025349,Sr2ZrO4,168.32431405452854,185.59635482654713,91.99610543009943,374.42896918146585,enamel_implant
mp-1025351,Sr4Bi2O,61.65495744788541,49.80546682842007,24.687494437187464,100.47939584586916,enamel_implant
mp-10498,Pr2CuO4,104.88501814996128,152.19729661363428,75.4409134733786,307.04847051822395,enamel_implant
mp-1077929,La2CuO4,151.425302724977,141.09973827000556,69.94009343652345,284.65984475604535,enamel_implant
mp-1101329,Tb2SeO2,73.81526472129627,110.69463636849038,54.86894097364862,223.31946458811896,enamel_implant
mp-13660,Ca4Sb2O,80.76370557618758,99.1873242631302,49.16501484508248,200.1041863910543,enamel_implant
mp-16032,Pr2TeO2,87.91008658467918,75.9239910272091,37.633882894633125,153.1718751859586,enamel_implant
mp-16033,Sm2TeO2,94.94751300376755,66.99695791970997,33.20894534829502,135.1621475304044,enamel_implant
mp-16035,Gd2TeO2,91.72625996174688,84.1365880288283,41.70468989039536,169.7402729462105,enamel_implant
mp-16036,Tb2TeO2,99.98473316799524,88.9006091355283,44.06611228154516,179.35138580350502,enamel_implant
mp-19735,La2CuO4,135.2178243746941,141.09973827000556,69.94009343652345,284.65984475604535,enamel_implant
mp-20098,Ba2PbO4,111.38584802756336,79.62573652249597,39.46875820335387,160.63991382964724,enamel_implant
mp-20352,Ba3In2O6,94.8006335213532,122.53749422980334,60.73918988786485,247.21168523716244,enamel_implant
mp-20356,Ce2SbO2,60.64306373295825,71.27491159315436,35.32943460863138,143.7926499217409,enamel_implant
mp-21020,Sr2UO4,106.82102663141684,136.734537586515,67.77635771726729,275.85332701103295,enamel_implant
mp-22306,Eu2CuO4,138.81633400487542,150.04871408887757,74.37590751107123,302.71384045128207,enamel_implant
mp-22937,Na4I2O,29.955648971466488,39.07016765383208,19.366238448016535,78.82160516591627,enamel_implant
mp-28592,Li7Br3O2,61.488261818892845,57.50728932984812,28.505121542566044,116.01733818705051,enamel_implant
mp-28599,Na4Br2O,36.721499386367405,32.79992646232594,16.25821528524997,66.17178805044028,enamel_implant
mp-28627,K4Br2O,22.08762863582698,20.290425995215607,10.057526026424345,40.934657885612204,enamel_implant
mp-2991,Cs2UO4,56.155335272338576,49.78550634276281,24.677600455462027,100.43912682185737,enamel_implant
mp-30004,Rb4Br2O,17.531723040504996,14.276860934566036,7.076731679211504,28.80266871551764,enamel_implant
mp-3349,Sr3Ti2O7,208.3867598262416,151.5933945590298,75.14157226521334,305.83013611718764,enamel_implant
mp-3359,Ba2SnO4,131.47021512427597,88.95425197477395,44.09270187862763,179.45960685677673,enamel_implant
mp-3376,Sr2SnO4,159.51649353827077,97.69482439280115,48.42521488751585,197.0931618023815,enamel_implant
mp-35417,Li3TaO4,212.14905671673012,167.61520790779824,83.08323917667924,338.15313654574527,enamel_implant
mp-36086,Li3NbO4,210.40141770404188,158.2666810143762,78.44937626214555,319.2930716951152,enamel_implant
mp-3808,K2UO4,75.79005351471979,78.41248217672872,38.86737422245057,158.19224951821656,enamel_implant
mp-4158,Nd2CuO4,154.5469887847399,137.8803246516508,68.34429962400996,278.16488032845234,enamel_implant
mp-4181,Pr2CuO4,152.02602593026467,152.19729661363428,75.4409134733786,307.04847051822395,enamel_implant
mp-4210,Sm2CuO4,158.32042077295876,144.6822024369873,71.71584356649349,291.8872408243901,enamel_implant
mp-4961,Na2HgO2,59.32486210037767,63.37626808549595,31.41424758050029,127.85763358336297,enamel_implant
mp-5072,Rb2HgO2,30.39113082548635,23.59600511067947,11.696030215248266,47.60345578257326,enamel_implant
mp-5127,LiCuO,84.63288607311893,106.46594080634786,52.772867895434196,214.78833733729007,enamel_implant
mp-5380,Ca4P2O,106.44317920214992,103.61273644488816,51.35859610385847,209.0321770456516,enamel_implant
mp-5459,Nd2TeO2,89.15867879846849,79.63015881078812,39.47095023616802,160.64883551805107,enamel_implant
mp-551675,Li3UO4,158.1208599116366,154.01896732944851,76.34387631113256,310.7235765780808,enamel_implant
mp-551873,Ca4Bi2O,72.07775406305792,52.73965039898537,26.14190587409991,106.3989265971208,enamel_implant
mp-552098,Bi2SeO2,71.56718648191567,57.42859262978969,28.466113287676865,115.85857254583735,enamel_implant
mp-552265,Bi2SeO2,59.66457557069317,57.42859262978969,28.466113287676865,115.85857254583735,enamel_implant
mp-5532,Sr2TiO4,189.601534368983,132.93242986375557,65.89173501955071,268.1828138876466,enamel_implant
mp-7232,Cs2HgO2,22.50771915938072,24.921523024651272,12.353060822757767,50.27760477986293,enamel_implant
mp-7469,NaCuO,58.51466388026527,63.91435025692223,31.680963293849572,128.94318051110494,enamel_implant
mp-7470,RbCuO,31.66636506037881,26.069683977139285,12.922179414200611,52.59394726566376,enamel_implant
mp-753192,Yb4Sb2O,88.62059509652607,67.90500670464974,33.65904552312369,136.99407882468674,enamel_implant
mp-754128,Ba3Hf2O7,180.95035392072583,163.9305460387788,81.25683185260559,330.7195630432453,enamel_implant
mp-754322,Sr2CuO4,143.9580918386297,133.36283942809695,66.10507974658631,269.0511381047509,enamel_implant
mp-754327,Ho2CuO4,155.98095709223946,159.29237203939746,78.95778915508598,321.3623388073724,enamel_implant
mp-754363,Ba2HfO4,151.3728162060389,140.2873892311778,69.53742955935904,283.020981678653,enamel_implant
mp-754364,Y2CuO4,152.45559218402985,169.99551271549058,84.2631048709645,342.95525173984413,enamel_implant
mp-754475,Tm2SeO2,78.58726799951556,109.96611213359917,54.50782724173255,221.84971277888238,enamel_implant
mp-754808,La2MgO4,195.8159382843696,165.52834343532848,82.04882552018756,333.9430187663388,enamel_implant
mp-754976,Cs2BeO2,23.01508710625576,31.267637576636766,15.498692771949683,63.08049162657997,enamel_implant
mp-755293,Sr4Sb2O,68.24115456938699,66.73798338041546,33.08057726130907,134.6396826906024,enamel_implant
mp-755609,Y2SeO2,69.00986735679828,95.2435085470781,47.21015055504893,192.14778630667163,enamel_implant
mp-755895,Ba3Zr2O7,170.35619961133946,117.48324470446369,58.23390753661542,237.01505480480577,enamel_implant
mp-755959,NaLiO,42.97154057564777,72.91159940068604,36.14070541316071,147.09456460222418,enamel_implant
mp-760417,Rb4I2O,13.373202405793544,19.333289878113217,9.58309432100535,39.00369598699125,enamel_implant
mp-768305,Sr2HfO4,181.7864227675473,184.1917445750105,91.29987045873199,371.59525636918517,enamel_implant
mp-768368,K4I2O,18.225217376782247,23.101644792062082,11.450986480232638,46.60611494213962,enamel_implant
mp-769253,Dy2SeO2,71.4744637212223,112.1440572745299,55.58738761883849,226.2435800766243,enamel_implant
mp-7725,Na2UO4,86.78816635025137,146.95641714750948,72.84312269045803,296.47532592204175,enamel_implant
mp-779517,Sr3Hf2O7,202.12895535330827,194.9136974524811,96.61451097661384,393.22612173437784,enamel_implant
mp-7911,KCuO,38.52096159228872,37.213040361835624,18.445700551077284,75.07496769434057,enamel_implant
mp-8298,Sr4P2O,82.33552372682671,87.2229859897688,43.23455071378968,175.96688665356888,enamel_implant
mp-8299,Sr4As2O,78.32566006790285,71.34288708887607,35.363128594038166,143.9297862077227,enamel_implant
mp-8300,Ba4As2O,54.97360698967436,59.92502456066308,29.703540689342866,120.89496690488711,enamel_implant
mp-8335,Ba2ZrO4,143.8474214741447,116.54625309540538,57.769461028845335,235.12473318378434,enamel_implant
mp-8666,CsAgO,22.39317290994791,23.382398414206133,11.590149988302528,47.172517711372905,enamel_implant
mp-8682,Ca2SiO4,243.8133659725092,133.5576427958088,66.20163956949288,269.44414164317493,enamel_implant
mp-8789,Ca4As2O,99.02817466729029,107.74011771797514,53.404449876708625,217.35890909243741,enamel_implant
mp-9799,Yb4As2O,104.6930768791281,77.72360775864777,38.52591404855276,156.80248871985071,enamel_implant
mp-9986,CsAuO,23.23647430745611,28.08530260597363,13.92127804444264,56.66033103792443,enamel_implant
mp-1196187,Cu2CO5,74.97260690408095,34.1193423105453,16.912221230530367,68.83362651398213,enamel_implant
mp-14600,CaAl2O4,112.4643882070552,176.5722102931345,87.52303184690244,356.2233253338371,enamel_implant
mp-16913,Ag2SeO3,23.73181734823445,69.82295301492272,34.609730094132864,140.863414839244,enamel_implant
mp-2379939,Ca2SiO4,111.22992657463077,133.5576427958088,66.20163956949288,269.44414164317493,enamel_implant
mp-27275,Li3BO3,106.21770366038834,95.3443621255033,47.26014149610205,192.35125205600332,enamel_implant
mp-28150,BaNb2O6,94.75285111635895,106.48963963290322,52.78461489201931,214.83614822886835,enamel_implant
mp-2963,CaAl2O4,109.6925115382601,176.5722102931345,87.52303184690244,356.2233253338371,enamel_implant
mp-30981,Te(HO)6,46.00010909017338,32.2456679705195,15.983481319190094,65.05360641405463,enamel_implant
mp-3397,Ba2TiO4,78.74534328677214,147.39401351629684,73.06002976126992,297.3581490649625,enamel_implant
mp-3470,MgSiO3,164.4456816631355,250.26748171427766,124.05218655845573,504.8988989330879,enamel_implant
mp-3584,NdPO4,143.77644134396922,125.08230070059646,62.00059550439799,252.3456721870457,enamel_implant
mp-3635,LiBO2,80.4602823532628,122.10435043921254,60.52448986391867,246.33784489062205,enamel_implant
mp-3768,KN3O4,16.698631401846693,24.582578543047077,12.185053362192331,49.59380561271112,enamel_implant
mp-3962,LaPO4,126.28529905405068,144.91386575080497,71.83067406875294,292.35460698506165,enamel_implant
mp-3963,K2CO3,32.15487150413328,37.907151058849045,18.78975623537283,76.47529235601539,enamel_implant
mp-4138,Rb2CO3,28.25596827665382,29.29502392449815,14.52091078003181,59.100867689171146,enamel_implant
mp-4165,TaNO,335.0459851625619,269.9497596259577,133.8082667118599,544.6066563214316,enamel_implant
mp-4180,Ca2SiO4,125.78048306665646,133.5576427958088,66.20163956949288,269.44414164317493,enamel_implant
mp-4199,Na2S2O3,34.769932430289,43.50928822563576,21.566614659727353,87.77725163497581,enamel_implant
mp-4249,Hg(CO2)2,53.28434576333401,39.11063126325272,19.386295385459206,78.90323795217918,enamel_implant
mp-4556,Li2SO4,55.13150064310534,75.8324528716869,37.58850940756131,152.98720271625962,enamel_implant
mp-4661,ScOF,164.70162638574837,142.8912405601484,70.82810243711117,288.2740879151382,enamel_implant
mp-4662,ScOF,120.54123630769745,142.8912405601484,70.82810243711117,288.2740879151382,enamel_implant
mp-505368,As2Pb3O8,55.591269115191984,162.5004603997144,80.54796928174102,327.83445523939577,enamel_implant
mp-510535,CsB5O8,42.13262484592268,119.01190578598558,58.99163182572663,240.09903236199966,enamel_implant
mp-5152,La2SiO5,117.15781788606049,183.4275480609211,90.92107474830338,370.05353798096587,enamel_implant
mp-5282,AgCO2,30.928028200440888,78.8447804548943,39.081655144145074,159.06438409663397,enamel_implant
mp-555064,Cd(CO2)2,58.60135045623522,61.75494700132554,30.610593728921252,124.58672030047305,enamel_implant
mp-556548,Bi(BO2)3,127.48492723439678,116.41035448806595,57.70209902370097,234.85056629345476,enamel_implant
mp-559051,BaBiO3,128.14523612138152,75.33054386188046,37.339723949325226,151.97463286627334,enamel_implant
mp-559939,Ba(PO3)2,63.66239442281958,89.42227486175253,44.324690717494754,180.40381358588246,enamel_implant
mp-5733,CaSiO3,121.14569040959874,157.759402038572,78.19792902772024,318.26966827657657,enamel_implant
mp-616458,Cs2CO3,22.62379479871749,24.991437862246254,12.387716098054135,50.418653566061586,enamel_implant
mp-752496,TiOF,174.28916772089363,104.73121156166249,51.91300006755634,211.28863022556627,enamel_implant
mp-752730,Ba2GeO4,80.36111905293026,113.59078686536344,56.30450023719543,229.16226600602408,enamel_implant
mp-753708,TiOF,151.12429554218193,104.73121156166249,51.91300006755634,211.28863022556627,enamel_implant
mp-754134,HfZrO4,254.72014401419605,185.77815001557852,92.08621737972499,374.7957295378036,enamel_implant
mp-7596,NbNO,285.81102279338853,229.20016404637468,113.60957210561746,462.3969109754931,enamel_implant
mp-766217,Sr4Cu2O7,134.41413913694012,141.80363003974992,70.28899738736506,286.0799021165846,enamel_implant
mp-768870,Ca(ClO3)2,34.05350234544216,57.28119370875594,28.393050825365165,115.56120449616469,enamel_implant
mp-996983,AgAuO2,49.039296602616325,66.2707863735947,32.84899779340261,133.69714212275534,enamel_implant
mp-1019544,BaZrO3,225.12648100313385,160.29005484397283,79.45231897794424,323.3751010970001,enamel_implant
mp-12867,SrSnO3,207.77613034979635,187.53327637828073,92.95619561856056,378.3365865518542,enamel_implant
mp-3387,CaSiO3,308.55379992516765,157.759402038572,78.19792902772024,318.26966827657657,enamel_implant
mp-3442,CaTiO3,263.948310058398,190.73527820261214,94.5433587807566,384.7964237804574,enamel_implant
mp-3721,SrHfO3,242.61426138949625,225.00627332040088,111.53075103313692,453.93600029190964,enamel_implant
mp-4651,SrTiO3,252.70905274904504,143.51220096751518,71.13589910239277,289.52683646965664,enamel_implant
mp-5076,SrZrO3,217.9839399958185,210.03258891986374,104.10861900863547,423.7275340740173,enamel_implant
mp-760414,Ti3PdO,124.63157405532851,83.4193365053249,41.34916379809799,168.2932631229831,enamel_implant
mp-997100,SrAgO2,105.52657736317684,113.52414725176386,56.27146841971034,229.02782477817743,enamel_implant
mp-1023125,MgCuO2,180.659032207768,111.0460688156661,55.04313844909016,224.02845744013862,enamel_implant
mp-1047016,Zn(AgO2)2,70.64420051874687,63.22845495872862,31.340979805350564,127.5594298996823,enamel_implant
mp-1047145,Mg(CuO2)2,69.47682541536864,153.92323122139237,76.29642198963778,310.5304350032562,enamel_implant
mp-1047156,Zn(CuO2)2,86.22513744497728,109.22095011812272,54.13846652124672,220.34639529407085,enamel_implant
mp-10523,CeSiO4,151.47445661933628,116.25454257175892,57.624866421297526,234.53622555511672,enamel_implant
mp-13900,Sr(CuO)2,69.965257959088,74.14657807119414,36.752857672735885,149.58605637204693,enamel_implant
mp-28323,Pd2Cl2O,33.65823361948383,37.466809943640655,18.571488653028457,75.58693185987427,enamel_implant
mp-38280,LiTiO2,296.89678385973417,162.3480826997693,80.47243894623175,327.52704281650625,enamel_implant
mp-4006,ErPO4,172.4313829514937,104.2310975189106,51.66510433572974,210.2796816086833,enamel_implant
mp-4104,HoPO4,166.24452556697156,162.82108333569008,80.70689514776296,328.48129184093085,enamel_implant
mp-4200,ScPO4,199.72685989001096,135.25040060633614,67.04070306376484,272.859174027092,enamel_implant
mp-4820,ZrSiO4,250.8685400307497,157.50871020701993,78.07366650011033,317.76391327854344,enamel_implant
mp-546125,ScAsO4,175.24371842860776,138.21942839733495,68.51238602834079,278.8490008008655,enamel_implant
mp-5632,DyAsO4,143.44912497255208,159.26730237572994,78.9453626641454,321.31176233816575,enamel_implant
mp-5767,DyPO4,161.71957064905226,165.46076659091295,82.01532913762502,333.8066867342863,enamel_implant
mp-5836,ThSiO4,155.83675251734536,148.29996510619384,73.50909040180147,299.1858494001898,enamel_implant
mp-5840,LiScO2,198.576114869728,166.30041729158424,82.43152585902939,335.50062919678055,enamel_implant
mp-7374,Ba(CuO)2,57.02476740275929,48.9537667766511,24.265325112630492,98.76114457561285,enamel_implant
mp-753306,YUO4,96.70259444659386,132.32189177185876,65.58910447099429,266.9510916988752,enamel_implant
mp-754027,NaSmO2,123.73912230335984,97.24508744869827,48.20228999567643,196.18584581257858,enamel_implant
mp-754605,LiLuO2,174.16509667766832,158.0251993505285,78.32967901578783,318.8058976309736,enamel_implant
mp-755253,LiZrO2,248.83817510066703,173.7597705063159,86.1289661747303,350.54940500685876,enamel_implant
mp-755586,NaLaO2,98.59622767288982,112.32646420483302,55.67780279540287,226.61157458249048,enamel_implant
mp-760408,LiZnO2,126.10837744183736,140.71404634286662,69.748914276643,283.8817355586141,enamel_implant
mp-7644,LuAsO4,163.84014886007003,117.53038935098222,58.25727611988117,237.11016616308032,enamel_implant
mp-8470,NaPrO2,108.38222444310372,103.96826172158497,51.53482230651547,209.74942692373216,enamel_implant
mp-8615,NbBO4,356.924665968172,149.77473606984083,74.24010252315328,302.16110703503483,enamel_implant
mp-755478,CdBiO3,77.79820573244915,110.6738435430991,54.85863441909008,223.27751637105993,enamel_implant
mp-10326,Zn(ReO4)2,31.662769881668535,72.16493349862685,35.77059924856985,145.58821312084808,enamel_implant
mp-555678,Na4Ti5O12,158.7188144588754,136.83131907578837,67.82433021165814,276.0485775766938,enamel_implant
mp-8724,K2TeO3,35.90653456428733,44.97345325933096,22.292369650620216,90.73111247340876,enamel_implant
mp-13641,TiCdO3,116.59695037462951,112.56556420001624,55.79631950003195,227.09394377994272,enamel_implant
mp-14142,TiZnO3,125.82015530875536,124.68706234619636,61.804684386664064,251.54830367322268,enamel_implant
mp-14628,ZnSnO3,91.0700631269606,151.13107920337688,74.9124125263793,304.89744397344555,enamel_implant
mp-23054,NaBiO3,62.20604464996225,135.839713463804,67.33281272193993,274.0480756407756,enamel_implant
mp-3759,MgGeO3,210.7708107339357,183.68871608056222,91.05053009613243,370.58042802936563,enamel_implant
mp-3771,MgTiO3,193.5818453899005,191.04040331207224,94.69460270882564,385.41199449203367,enamel_implant
mp-754246,TiSnO3,42.62490777342865,100.1378301481147,49.63616008760993,202.02177221351442,enamel_implant
mp-754701,CaTiO3,138.3097237638941,190.73527820261214,94.5433587807566,384.7964237804574,enamel_implant
mp-755225,Li8ZrO6,138.4139877738747,169.70357972375677,84.11839999078964,342.3662952958067,enamel_implant
mp-776083,HfSnO3,35.49098754567827,142.3101775111105,70.54008203083335,287.1018297709304,enamel_implant
mp-780260,TiGeO3,40.974168372309805,191.40929071251924,94.87745222769185,386.1562016141104,enamel_implant
mp-8275,CdGeO3,123.89787403028048,148.74172188644377,73.72805969873791,300.0770659114865,enamel_implant
mp-8285,ZnGeO3,116.2827852840846,146.0525254545736,72.39508309636992,294.6517812993364,enamel_implant
mp-10417,KSbO2,39.463869476523065,61.41290706749613,30.441051919529134,123.89667625320534,enamel_implant
mp-12647,TbNbO4,142.63820821261544,148.6671527779917,73.69109740187923,299.9266274266543,enamel_implant
mp-12862,LuTaO4,192.24097940900947,211.01911069421038,104.59761654981402,425.71777968734784,enamel_implant
mp-15113,Na2Si3O7,166.40426862845172,105.21326949631039,52.15194577648866,212.26115178033842,enamel_implant
mp-2356866,PdSeO4,28.075777816145823,32.00784786459287,15.865599028028337,64.5738193126541,enamel_implant
mp-2677258,PdSO4,35.36986373305526,43.83754979110509,21.729326829445284,88.43949869093467,enamel_implant
mp-2931,Li2TiO3,176.75004945824705,142.27381552290976,70.5220581784614,287.0284717474276,enamel_implant
mp-29396,Cu2PbO2,47.07313785059405,65.21071102479905,32.323541333641884,131.55850680055198,enamel_implant
mp-3144,HoNbO4,153.21789620165302,142.1880346603436,70.47953845718834,286.85541425405086,enamel_implant
mp-3638,Cu2P2O7,104.48698084068,83.58297913404205,41.43027791555138,168.6234018309441,enamel_implant
mp-36864,Li2TiO3,211.79700988486297,142.27381552290976,70.5220581784614,287.0284717474276,enamel_implant
mp-3901,NdNbO4,103.41392023349027,158.56140559753533,78.59546487390998,319.88765999922197,enamel_implant
mp-4156,Li2ZrO3,140.24864148312807,177.77043260743005,88.11696477439797,358.6406634675047,enamel_implant
mp-4321,MgSiO3,174.37614362684772,250.26748171427766,124.05218655845573,504.8988989330879,enamel_implant
mp-4819,MgGeO3,163.6823199653556,183.68871608056222,91.05053009613243,370.58042802936563,enamel_implant
mp-4867,CaAl4O7,124.59570405155118,173.19226343451408,85.84766517364868,349.40449519385874,enamel_implant
mp-5370,ErNbO4,153.2279351233136,135.8972582110266,67.36133641055109,274.1641685479047,enamel_implant
mp-5387,YNbO4,145.97759740821587,136.81636708807042,67.81691883421068,276.018412882168,enamel_implant
mp-542833,Zn3(BO3)2,82.95319619786206,136.2978726542737,67.5599123394384,274.97238298274317,enamel_implant
mp-5503,ErTaO4,189.53388112271747,174.8440049251157,86.66639776381548,352.73677973284236,enamel_implant
mp-555296,YbTaO4,107.5140552731601,172.4277984605536,85.46873639345893,347.8622352047395,enamel_implant
mp-685194,Li4Ti5O12,153.22061553143453,167.58760223375728,83.06955564015767,338.0974438351617,enamel_implant
mp-690733,H2SO4,15.958059904380413,15.951814766199023,7.906970125594055,32.181782692141816,enamel_implant
mp-755352,Li2HfO3,166.0327333662974,166.10284197315764,82.33359204000936,335.1020334221852,enamel_implant
mp-768572,YAl3O6,88.91804181818182,190.46353421252448,94.40866115274842,384.2481973770624,enamel_implant
mp-990440,Na2ZrO3,126.33237078433577,123.6685704622189,61.29983995248507,249.4935603750918,enamel_implant
mp-996961,LiAuO2,46.93893441706126,77.68608668705653,38.507315663572705,156.72679231853064,enamel_implant
mp-997108,RbAgO2,27.796139391529127,36.567358862543365,18.125650174340795,73.77234589217485,enamel_implant
mp-2717324,CaCO3,79.95555759980337,86.68738201561916,42.96906338931771,174.88633933291828,enamel_implant
mp-504908,In2TeO6,158.28046710178782,187.9807917159956,93.17801930808548,379.2394205905403,enamel_implant
mp-4236,BaZnO2,88.15073915317932,106.90905913637647,52.99251208319543,215.68230068960423,enamel_implant
mp-756018,BaMgO2,103.1271008809812,135.57775205974818,67.20296411058838,273.51958498923443,enamel_implant
mp-3955,AlPO4,78.46785766141308,108.70027948923727,53.88038133356042,219.2959750579685,enamel_implant
mp-754912,LiCuO2,69.79422403931703,104.38162891718945,51.73971949937098,210.58336923412006,enamel_implant
mp-22958,KBrO3,27.66249427125357,29.320224069127633,14.533401947567693,59.15170739550945,enamel_implant
mp-2802611,H3ClO,11.07189271185272,17.932793527172606,8.888898521330232,36.17828271033948,enamel_implant
mp-28240,CSO,2.6570687022900765,21.517310715525714,10.665666289662328,43.40982062013643,enamel_implant
mp-28872,RbBrO3,24.156091698454127,25.515534030670143,12.647499251720571,51.47598461266705,enamel_implant
mp-3107,Ga3PO7,159.87922517270735,167.9970593368365,83.27251468458061,338.9234977798809,enamel_implant
mp-4559,BaCO3,55.75936677383984,69.06151945016386,34.23230391802591,139.3272705274698,enamel_implant
mp-7375,KNbO3,83.86473984713466,123.52006038460685,61.22622671385117,249.19395063693017,enamel_implant
mp-13334,ZnSnO3,166.80956546851132,151.13107920337688,74.9124125263793,304.89744397344555,enamel_implant
mp-3666,LiTaO3,180.5787130462887,180.43589481518592,89.43817683437524,364.0180657757284,enamel_implant
mp-3731,LiNbO3,127.18856900851344,180.42376483746355,89.4321642663458,363.9935943088237,enamel_implant
mp-4514,NaNbO3,99.4531017570732,137.7612647359802,68.28528419472113,277.9246844391687,enamel_implant
mp-551918,AlBiO3,162.57387398463229,165.89903632261743,82.23256997989472,334.6908683445281,enamel_implant
mp-552185,AgNO3,21.55059394536104,65.12434992888106,32.280734003225525,131.38427872289293,enamel_implant
mp-5730,Ba(BO2)2,48.247170299416,80.98643624343198,40.1432276728805,163.38503990904533,enamel_implant
mp-754009,ScBiO3,104.480061021685,123.28067371666438,61.10756791172557,248.71100309522194,enamel_implant
mp-755568,GaBiO3,96.86797734673652,169.73965265743536,84.13628056507662,342.43907016999674,enamel_implant
mp-768310,LaBiO3,41.48614846847423,65.56026126799907,32.49680584121585,132.26370242446836,enamel_implant
mp-22286,Ag5(PbO3)2,53.62635785043816,43.83571975246706,21.728419718809178,88.4358067031182,enamel_implant
mp-6915,As2PdO6,189.00578953102016,79.61669617492281,39.46427709827375,160.62167549718632,enamel_implant
mp-754065,Hg(SbO3)2,84.29740497659405,153.63695812244382,76.1545225961002,309.9528970368243,enamel_implant
mp-8922,Cd(SbO3)2,123.8541339438175,130.65498173430547,64.76285315964414,263.5882055707364,enamel_implant
mp-9125,Ca(SbO3)2,128.99189548461533,139.8608883806767,69.32602229737162,282.16054304580706,enamel_implant
mp-9127,Ba(SbO3)2,107.28339468301988,94.4767924697963,46.8301059515518,190.60098485822843,enamel_implant
mp-12669,Dy2SO2,165.8962707221195,158.31412800138187,78.47289470906222,319.388793006301,enamel_implant
mp-1541458,Mg(ReO4)2,28.67253989791092,67.49744532706177,33.45702614889158,136.1718493868777,enamel_implant
mp-15800,Ti3PO2,177.41134134942214,201.41573969594612,99.83743291546222,406.3435828885595,enamel_implant
mp-23879,Ca(HO)2,52.659142783274966,75.441240368954,37.39459381756697,152.1979561048912,enamel_implant
mp-30242,Mg4H2O5,165.40398581674592,121.30512074010127,60.1283289601605,244.7254492557125,enamel_implant
mp-30244,Mg2H2O3,87.96027275318518,67.97379483357219,33.69314231326055,137.13285454702475,enamel_implant
mp-30245,Mg3H4O5,85.4774319704285,69.93403350509847,34.66479029450687,141.08751273961252,enamel_implant
mp-30247,Mg(HO)2,96.33210455792845,49.249592876471695,24.411959722418516,99.35795512028285,enamel_implant
mp-3211,Nd2SO2,142.53195241583003,114.6441027525961,56.82660617781918,231.28726453979147,enamel_implant
mp-3236,Pr2SO2,138.70188395540077,117.75414016036366,58.3681845645495,237.56156934386212,enamel_implant
mp-3556,Tm2SO2,179.36878953087765,112.97712596746439,56.0003217811357,227.92424375261263,enamel_implant
mp-4805,Gd2SO2,152.95964754543942,130.26174482299768,64.5679341140331,262.79487484243265,enamel_implant
mp-553303,CsCu3O2,15.710522360129843,48.7947802043431,24.186518901799,98.44039916852437,enamel_implant
mp-625487,Zn(HO)2,74.75126662767465,57.99006923998697,28.74442511915932,116.99131628195302,enamel_implant
mp-753920,Tm2SeO2,169.57450730120567,109.96611213359917,54.50782724173255,221.84971277888238,enamel_implant
mp-754375,NaTi2O3,204.4255516014235,163.4241393199239,81.00581697711503,329.6979193482244,enamel_implant
mp-17481,Mg4Ta2O9,195.79665180167865,179.43668134342047,88.94288829284316,362.00221546134577,enamel_implant
mp-1018025,LuAgO2,89.06903303392238,94.22731832630339,46.706447005618806,190.0976864692446,enamel_implant
mp-1018031,KInO2,112.11492913445456,50.371437033927215,24.96803364683299,101.62120512781068,enamel_implant
mp-1018033,AgRhO2,102.14175248604413,77.22129111171323,38.276926533394544,155.78909648760472,enamel_implant
mp-14115,LiRhO2,116.55419666724391,179.25812838979607,88.85438344929796,361.64199611095836,enamel_implant
mp-14116,CuRhO2,117.43182258348968,92.25786288040972,45.73023046834012,186.12443401423832,enamel_implant
mp-1444267,Al(SnO2)2,112.6119734947921,113.76732104282314,56.39200441698805,229.51841260250927,enamel_implant
mp-20930,InCuO2,92.28178280911062,129.070043558515,63.97723353011813,260.39069251649465,enamel_implant
mp-22660,InAgO2,78.98579387352957,92.11775821165938,45.66078360937755,185.84178165963402,enamel_implant
mp-25372,LiCuO2,153.3136126595261,104.38162891718945,51.73971949937098,210.58336923412006,enamel_implant
mp-25417,LiTiO2,195.2743258217782,162.3480826997693,80.47243894623175,327.52704281650625,enamel_implant
mp-2695851,CdHgO2,45.10297194991749,43.14986897401811,21.38845829778627,87.0521459074795,enamel_implant
mp-36329,SrUO4,122.77954865916809,128.1978630639196,63.544912492294614,258.63112324135056,enamel_implant
mp-3637,YOF,149.17732670262234,151.03332657111807,74.86395865738088,304.70023418791044,enamel_implant
mp-3748,AlCuO2,208.73904509660176,144.63541855567638,71.692653806751,291.7928572872246,enamel_implant
mp-3857,Ba3(PO4)2,77.25601798468553,113.11689773448326,56.069603627898466,228.206224498918,enamel_implant
mp-3960,CaUO4,145.11178622094698,134.04525596988705,66.4433388906543,270.4278705439933,enamel_implant
mp-4280,GaCuO2,146.8995302263371,109.61552673430899,54.33404962963723,221.1424287926803,enamel_implant
mp-4519,KPrO2,93.06505367185642,97.8387140503189,48.49653788367962,197.3834501336938,enamel_implant
mp-4636,ScCuO2,119.97526521606784,124.42535466238346,61.67496153895825,251.02032488630894,enamel_implant
mp-5175,NaInO2,128.0184853352258,156.7040039405219,77.67479098015629,316.140469013486,enamel_implant
mp-5773,BaRuO3,100.53698739024092,170.90838554801792,84.71559622201471,344.7969152466324,enamel_implant
mp-578601,NaNbO2,164.71768834636825,177.53731702738753,88.00141441513023,358.170367451093,enamel_implant
mp-578606,NaCuO2,146.2820514000611,65.74685989303696,32.58929875034728,132.640153410744,enamel_implant
mp-6972,YCuO2,89.07367548378956,125.05471893064693,61.98692381661836,252.2900277014627,enamel_implant
mp-7002,NaTiO2,158.7374710707107,176.42681424792804,87.45096216688941,355.9299979601363,enamel_implant
mp-7041,CaHgO2,50.9587651526597,71.51624736687393,35.44905954040286,144.2795296617276,enamel_implant
mp-7476,RbDyO2,113.07493505283564,99.5971460949528,49.368154677667796,200.93097615306664,enamel_implant
mp-7477,RbErO2,117.56202260510275,119.29689946698099,59.13289703941183,240.67398918320487,enamel_implant
mp-7478,RbTmO2,119.21599815550702,108.65223521633308,53.8565668249213,219.19904876006032,enamel_implant
mp-7480,RbLuO2,124.23925318958604,101.98006263329,50.54931495043755,205.7383603494261,enamel_implant
mp-7502,K2Sn2O3,40.67407376262511,49.97970861095432,24.77386232631616,100.83091767981688,enamel_implant
mp-753226,SmAgO2,68.29441985396437,95.36239715678214,47.26908107166922,192.3876365969454,enamel_implant
mp-753260,LaAgO2,63.91576743783945,93.28916131861178,46.24142283491112,188.2050137298008,enamel_implant
mp-753298,PrYO2,190.14173369176305,135.7642183241434,67.29539141140737,273.8957689462409,enamel_implant
mp-753380,La(BiO2)2,58.51532638590648,60.10995253097625,29.79520549100238,121.26804745036384,enamel_implant
mp-753721,GdOF,140.9601080363073,145.39045416458066,72.0669086542945,293.31609412558566,enamel_implant
mp-753774,KTmO2,126.80570391497832,110.38517629757666,54.71554829879361,222.69514836454152,enamel_implant
mp-753898,LaTmO2,203.733027017252,146.4536170959431,72.59389556206216,295.46095845136415,enamel_implant
mp-754040,CeSmO2,187.7348388059461,156.16248496015848,77.40637171482928,315.0479885399381,enamel_implant
mp-754126,CuAuO2,89.0714613953155,67.10881487102272,33.26439042368819,135.38781189226623,enamel_implant
mp-754158,KNdO2,97.25433618546826,84.56629529543306,41.917686503607925,170.60718032181586,enamel_implant
mp-754344,LiZnO2,118.19717183789254,140.71404634286662,69.748914276643,283.8817355586141,enamel_implant
mp-754502,SmYO2,114.79278368365723,162.37121727737832,80.48390625679822,327.5737153713347,enamel_implant
mp-754537,LiLuO2,119.42901075428315,158.0251993505285,78.32967901578783,318.8058976309736,enamel_implant
mp-754538,HgPtO2,39.48060825281346,74.79319183887986,37.073370154784165,150.89055896704335,enamel_implant
mp-754567,NaCdO2,74.238833514267,100.17916672031716,49.65664973385331,202.10516614726774,enamel_implant
mp-754777,NaLaO2,82.4228285855933,112.32646420483302,55.67780279540287,226.61157458249048,enamel_implant
mp-754823,ErTlO2,95.59928762513756,101.33418529066707,50.229167498390964,204.43534344566208,enamel_implant
mp-754825,NaTmO2,133.57628094290334,90.45676624668667,44.83746575881425,182.49083487059465,enamel_implant
mp-754883,KHoO2,120.54948750303733,111.65837012414589,55.34664298603291,225.26373680743444,enamel_implant
mp-754933,SmTlO2,84.55130537197148,62.73786812257493,31.097806504109855,126.56970182271282,enamel_implant
mp-754960,SmIO,24.327522659133844,40.02917219702577,19.841596291903308,80.75633649662555,enamel_implant
mp-755010,KYbO2,51.08997315018243,109.48791355892713,54.27079453420353,220.88497724005225,enamel_implant
mp-755219,ScTlO2,111.68184277597474,97.3121468640965,48.23552989984816,196.3211339641424,enamel_implant
mp-755544,YTlO2,91.22414360094054,105.816303644959,52.45085678241264,213.47773523571254,enamel_implant
mp-755581,NaCeO2,91.97372653153074,105.37264968467605,52.23094709430042,212.58269128305912,enamel_implant
mp-755714,SrEuO2,132.94806958069515,121.49631195026426,60.22309831456889,245.11116549353835,enamel_implant
mp-756034,NaSmO2,103.62452728325756,97.24508744869827,48.20228999567643,196.18584581257858,enamel_implant
mp-7748,NaAlO2,214.7828369169264,95.7970580149105,47.48453307323513,193.2645375317975,enamel_implant
mp-777047,LiTmO2,105.3803820331442,117.4917094922561,58.23810334914052,237.03213198162004,enamel_implant
mp-7914,NaScO2,162.86731416814374,137.63331717670937,68.22186335241416,277.6665582880822,enamel_implant
mp-7959,KErO2,123.9836071733106,114.15117374984415,56.58227191517106,230.29281128906598,enamel_implant
mp-7973,RbNdO2,93.99965109173527,114.67438907096522,56.84161845184998,231.348365281656,enamel_implant
mp-7974,RbSmO2,100.62168141565483,104.4228292001013,51.76014158995596,210.66648821280413,enamel_implant
mp-7976,RbGdO2,102.04378569460066,105.09979314570322,52.09569799983358,212.0322203822836,enamel_implant
mp-8001,LiAlO2,236.87181799945137,215.72008276747385,106.92778689653271,435.20169508637554,enamel_implant
mp-8002,LiGaO2,178.9753068567693,183.17130096980267,90.79405859848342,369.53657559626333,enamel_implant
mp-8175,KTlO2,72.94977358210616,82.32518736259316,40.8068176944524,166.08588606524557,enamel_implant
mp-8176,RbTlO2,62.18633266366471,70.48857397949111,34.93966403324576,142.20626325812506,enamel_implant
mp-8188,KScO2,143.6754941208189,77.92258670374093,38.62454361500232,157.2039162229376,enamel_implant
mp-8409,KYO2,116.38599262196612,81.71444489606651,40.50408584180511,164.8537515635166,enamel_implant
mp-867735,PrSmO2,162.1616370800775,156.3706001476653,77.5095299193607,315.46784783729345,enamel_implant
mp-8830,NaRhO2,151.3464022923872,99.47352344101147,49.30687759754321,200.68157522638361,enamel_implant
mp-973185,ScAgO2,102.22308290930856,124.95432376706887,61.93716010190623,252.08748677524423,enamel_implant
mp-996981,TlAuO2,51.8549536990279,64.30405545900501,31.874131747459405,129.72938623824263,enamel_implant
mp-997025,PbAuO2,47.74959819239783,24.289660749418477,12.039860336983441,49.00286239280916,enamel_implant
mp-3336,LaGaO3,183.18091993772552,165.04207513931357,81.80779282604165,332.962003072401,enamel_implant
mp-3408,CeAlO3,160.85401480936412,238.30007213415539,118.12020004672154,480.7554030274418,enamel_implant
mp-3466,PrAlO3,262.10794535466727,245.6254862526612,121.75124964462455,495.5339651375806,enamel_implant
mp-38035,SrCO3,59.392623185438765,59.68411685911155,29.58412794370155,120.40895077356753,enamel_implant
mp-3889,NaBO2,54.55015889846671,85.94373403970621,42.60045314555024,173.38607632767125,enamel_implant
mp-3953,CaCO3,86.7864234785128,86.68738201561916,42.96906338931771,174.88633933291828,enamel_implant
mp-4385,CdCO3,79.27928908672367,84.23959265200801,41.75574705788491,169.94807829300274,enamel_implant
mp-4531,NaNO3,32.22625501163994,24.258567322131068,12.02444799649007,48.94013335948077,enamel_implant
mp-5348,MgCO3,142.9976584458547,100.80832435595838,49.96850958818447,203.37445209410623,enamel_implant
mp-5364,YbBO3,77.68513666965389,127.26574266364648,63.082880537533356,256.7506289775841,enamel_implant
mp-552588,LiNbO3,195.58068425580612,180.42376483746355,89.4321642663458,363.9935943088237,enamel_implant
mp-674478,BaCO3,41.21070727473568,69.06151945016386,34.23230391802591,139.3272705274698,enamel_implant
mp-7027,InBO3,162.41178490678226,144.75343352757983,71.75115127997836,292.0309450682001,enamel_implant
mp-756214,YAlO3,224.74042582207844,220.80194467124727,109.44675610752647,445.45403175500644,enamel_implant
mp-779545,Na3CuO2,43.60905093606306,78.01486814471593,38.67028553262301,157.39008822427428,enamel_implant
mp-8110,AlBO3,303.4328826980479,290.87812936190295,144.1820076751858,586.8283255681258,enamel_implant
mp-8180,LiNO3,57.83985411718408,39.25523613253002,19.457972896648332,79.19496917821928,enamel_implant
mp-8697,ScBO3,185.8640912741677,178.55147118881962,88.50410873390969,360.2163596668937,enamel_implant
mp-9716,TiBO3,171.71100998780437,233.49999852863692,115.74090721040366,471.0715565220019,enamel_implant
mp-9812,ZnCO3,116.90242407897944,75.33335962493388,37.34111966226889,151.9803134910816,enamel_implant
mp-4202,BaAl2O4,106.28510626688129,125.88924464615836,62.40058019354488,253.97363082883228,enamel_implant
mp-5492,SrAl2O4,109.54980793641256,164.38922247660258,81.48418785844835,331.6449138992074,enamel_implant
mp-559390,CaAl2O4,107.52559014887518,176.5722102931345,87.52303184690244,356.2233253338371,enamel_implant
mp-4584,Tl3BO3,29.63568781135835,82.66595816147344,40.97573042105518,166.77336971260024,enamel_implant
mp-28549,Li8SiO6,136.29602692343647,125.3397804277533,62.128222645285376,252.86512133740513,enamel_implant
mp-37657,Ca3SiO5,133.37443685324033,123.17988173105938,61.05760750090342,248.50766160552996,enamel_implant
mp-545974,AlPO4,105.90368812323928,108.70027948923727,53.88038133356042,219.2959750579685,enamel_implant
mp-755000,LiTiO2,150.98021604834764,162.3480826997693,80.47243894623175,327.52704281650625,enamel_implant
mp-23866,H2SeO4,17.15270160133493,34.35327866881159,17.028178431840235,69.30557839882154,enamel_implant
mp-23963,HIO3,26.777349332285937,31.53982964657778,15.6336125034656,63.629622002888446,enamel_implant
mp-27579,Na4P2O7,61.98651644111468,72.05698828366937,35.71709313642027,145.3704404409785,enamel_implant
mp-27897,Ba(NO2)2,32.979056180538045,57.93899949900167,28.719110951322552,116.88828629253668,enamel_implant
mp-697136,Be(HO)2,108.01426272856676,28.634020815458275,14.193265812189166,57.76733550328932,enamel_implant
mp-7339,BaSiO3,78.86618066845573,140.56446661815085,69.6747708370371,283.5799678747169,enamel_implant
mp-1019262,Ta2N3O,208.92130511302457,329.7253385822556,163.4377304421585,665.2001261217907,enamel_implant
mp-27296,ZrTi2O,108.96078058744806,148.40369526028167,73.56050719929549,299.3951184599428,enamel_implant
mp-556777,Li2CO3,102.58724084197677,53.97880142039857,26.756126277923478,108.89883582239369,enamel_implant
mp-11019,GaCuO2,155.94466457898537,109.61552673430899,54.33404962963723,221.1424287926803,enamel_implant
mp-11021,GaAuO2,145.53204055860445,97.88371293731517,48.51884286028444,197.47423255713133,enamel_implant
mp-11022,ScAgO2,106.19859447748324,124.95432376706887,61.93716010190623,252.08748677524423,enamel_implant
mp-11023,ScAuO2,117.12182391304349,118.00159160064673,58.49084090017843,238.06078705637728,enamel_implant
mp-1406000,YBiO3,98.37633557643954,111.16513273600503,55.10215586340661,224.2686614085887,enamel_implant
mp-1412082,AlCuO3,94.77400333736745,138.34743930118069,68.57583826918571,279.10725474564657,enamel_implant
mp-1443298,YTiO3,119.42127317340896,192.58841271444047,95.46191754278424,388.53500606924723,enamel_implant
mp-16613,AlAuO2,188.9752141605924,116.16375084533404,57.579862923011305,234.35305895916042,enamel_implant
mp-20329,InAgO2,85.02740435420812,92.11775821165938,45.66078360937755,185.84178165963402,enamel_implant
mp-2918,YCuO2,97.26060061981195,125.05471893064693,61.98692381661836,252.2900277014627,enamel_implant
mp-30251,YAuO2,80.57109299734014,100.72950311854356,49.92943960281692,203.21543520661177,enamel_implant
mp-3098,AlCuO2,209.41919508568367,144.63541855567638,71.692653806751,291.7928572872246,enamel_implant
mp-3405,NaAl11O17,181.01921127719328,111.80943300368719,55.42152159345946,225.5684966628804,enamel_implant
mp-3642,ScCuO2,125.56561719456028,124.42535466238346,61.67496153895825,251.02032488630894,enamel_implant
mp-3744,NaNbO2,242.81756849369663,177.53731702738753,88.00141441513023,358.170367451093,enamel_implant
mp-3924,LiNbO2,248.52184177844143,186.89573527091432,92.64018025832291,377.05038747825114,enamel_implant
mp-549158,InCuO2,96.8848478839409,129.070043558515,63.97723353011813,260.39069251649465,enamel_implant
mp-553308,CsNdO2,86.6442302191269,84.08785066431565,41.680531831212136,169.6419483795877,enamel_implant
mp-561949,GdBO3,76.68315496392965,135.31932504908946,67.07486742172419,272.9982247540077,enamel_implant
mp-5933,BaTiO3,188.36926936202823,167.8768906077879,83.21294964044337,338.6810649293675,enamel_implant
mp-7288,Sc2SO2,175.02699158215574,180.41515712217262,89.42789760774598,363.97622878477335,enamel_implant
mp-753799,CsTmO2,111.31517191977076,80.65790103218119,39.98037986285764,162.72224078993864,enamel_implant
mp-754055,CsErO2,109.23494435554802,112.3865859311118,55.70760383688642,226.7328663827363,enamel_implant
mp-754110,SmAgO2,74.57450906278373,95.36239715678214,47.26908107166922,192.3876365969454,enamel_implant
mp-754138,CsDyO2,104.6318587633064,100.64842950919194,49.889253165316674,203.0518743004414,enamel_implant
mp-754154,CsHoO2,105.30898000811015,111.18159864805263,55.110317660453475,224.30188035020197,enamel_implant
mp-754157,AlInO3,229.41088005509133,198.74989583391175,98.51603167770031,400.9654106168405,enamel_implant
mp-754165,ScGaO3,216.5827084698657,164.44554415517726,81.51210529834094,331.75853934228786,enamel_implant
mp-754480,GdYO2,125.3866029067146,167.3679944905471,82.96070082392751,337.65439902972196,enamel_implant
mp-755144,NaLiO,95.04825542070884,72.91159940068604,36.14070541316071,147.09456460222418,enamel_implant
mp-755252,DyHO2,104.81475840679803,98.41628441424353,48.78282704136577,198.54866200542574,enamel_implant
mp-755318,ScHO2,140.78025436274956,154.884230737877,76.7727686987066,312.4691910670674,enamel_implant
mp-755342,LuGaO3,208.2391182728379,192.21656540627862,95.27760086157826,387.7848275195766,enamel_implant
mp-755651,CsGdO2,95.84472321679844,98.64785958856054,48.89761385477797,199.01585035019988,enamel_implant
mp-764648,LiTiO2,229.9124511771465,162.3480826997693,80.47243894623175,327.52704281650625,enamel_implant
mp-768358,ScInO3,157.7059207424713,164.02084460747346,81.30159090325388,330.9017347245076,enamel_implant
mp-768479,YScO3,182.32871647455005,164.8003090433447,81.68795459282332,332.4742551843498,enamel_implant
mp-768864,KNdO2,95.94809277783884,84.56629529543306,41.917686503607925,170.60718032181586,enamel_implant
mp-7964,YAlO3,213.2647995904448,220.80194467124727,109.44675610752647,445.45403175500644,enamel_implant
mp-7977,CsSmO2,92.87664513668756,90.0288459178234,44.62535489205408,181.62753252945865,enamel_implant
mp-8098,InGaO3,194.4344641037773,179.62952630690424,89.0384773770625,362.3912680424514,enamel_implant
mp-9631,AlAgO2,158.75879537514209,151.74920894299936,75.21880609078381,306.1444818338796,enamel_implant
mp-996965,AgBiO2,54.04741185367237,55.64132858795866,27.580205095259096,112.25287978606677,enamel_implant
mp-997010,TlAgO2,53.463351192926176,44.955502713342966,22.28347195258739,90.6948983762256,enamel_implant
mp-23352,Ge(Bi3O5)4,74.8960348101266,98.92790025818041,49.036423967676704,199.58081478257063,enamel_implant
mp-23339,NaBrO3,40.5740818942935,73.5727752292062,36.468435994320124,148.42844523879094,enamel_implant
mp-2720358,NaClO3,36.540374359587965,37.4568984357522,18.566575732591364,75.56693601628577,enamel_implant
mp-3519,ZrSO,134.01494144389022,157.8761611718578,78.25580400886264,318.5052224821513,enamel_implant
mp-756361,ZrSeO,127.65055860083956,62.25104677864225,30.856499676053296,125.5875703893956,enamel_implant
mp-775761,AgClO3,21.564378055959235,22.006140179362177,10.907968499393043,44.3960033090199,enamel_implant
mp-7787,HfSO,154.64649512126778,148.77084491240578,73.74249535384195,300.1358197841075,enamel_implant
mp-761872,Na2Sn2O3,56.70847275973178,77.5123217977215,38.42118416010511,156.3762325866089,enamel_implant
mp-8624,K2Sn2O3,38.9421521067432,49.97970861095432,24.77386232631616,100.83091767981688,enamel_implant
mp-11737,Li4SiO4,130.31449531457324,100.09941585529366,49.61711895215396,201.94427379455968,enamel_implant
mp-16828,Li3B7O12,98.04451200742488,133.25395585044754,66.0511085083128,268.83147233718694,enamel_implant
mp-22747,Pb(CO2)2,34.708302380894004,21.662808976503257,10.737786635825891,43.703354207724566,enamel_implant
mp-23791,B(HO)3,17.51067312870221,58.20910821685803,28.85299801019677,117.43321363708718,enamel_implant
mp-2725306,NaCu3O4,54.37386398646431,61.92491581980137,30.694843602034037,124.92962169826383,enamel_implant
mp-28017,Na8Ti5O14,109.32261589516104,108.94341134082823,54.00089654234931,219.78647827206157,enamel_implant
mp-3283,RbNbO3,48.3540976979709,125.14843106944996,62.03337490025877,252.47908604565592,enamel_implant
mp-4428,CaSiO3,101.83513447061569,157.759402038572,78.19792902772024,318.26966827657657,enamel_implant
mp-4429,CaSiO3,121.95145338641744,157.759402038572,78.19792902772024,318.26966827657657,enamel_implant
mp-5065,Al2SiO5,291.5455979897443,162.27720475206954,80.43730627805327,327.38405101626466,enamel_implant
mp-554678,CaGe2O5,153.84084441867589,128.97367167660943,63.92946406925469,260.1962683079281,enamel_implant
mp-635713,TiZnO3,66.76149692089056,124.68706234619636,61.804684386664064,251.54830367322268,enamel_implant
mp-752685,ZrBiO4,121.03468292561531,142.11682993703974,70.44424381339911,286.71176320458693,enamel_implant
mp-755115,CuReO4,75.13842875723294,149.3284507704962,74.01888853708776,301.2607545213736,enamel_implant
mp-756683,HfBiO4,158.36440538683098,133.85232986988026,66.34770958881252,270.0386542750572,enamel_implant
mp-7622,KSO4,28.94206357423897,27.639661956463105,13.700383597379695,55.76127906474571,enamel_implant
mp-4051,AlPO4,57.3646375635762,108.70027948923727,53.88038133356042,219.2959750579685,enamel_implant
mp-553932,GaPO4,56.188307494866535,74.0108296090237,36.68557009130964,149.3121923901495,enamel_implant
mp-558125,BaTiO3,137.0065725532533,167.8768906077879,83.21294964044337,338.6810649293675,enamel_implant
mp-997027,AuO2F,20.30700472887768,24.625742566947572,12.206448836781519,49.68088631529222,enamel_implant
mp-20820,Pb(NO3)2,27.14189231462789,22.295191016540123,11.051244757790103,44.97914518756986,enamel_implant
mp-3142,Ca(NO3)2,14.052520520936024,30.096204033763676,14.918038459987446,60.717198153858035,enamel_implant
mp-4157,Sr(NO3)2,36.13926436993198,33.53921429293488,16.62466429914063,67.66325473685234,enamel_implant
mp-4396,Ba(NO3)2,26.203148501628664,37.33466876530656,18.505989124306343,75.3203453461666,enamel_implant
mp-5024,ZrP2O7,136.2946209750681,129.001396652214,63.94320674098523,260.25220170191045,enamel_implant
mp-21861,Cu3TeO6,165.16455166047274,64.0150915594974,31.73089858218825,129.14641975097294,enamel_implant
mp-530399,LiAl5O8,299.91840442620725,166.69607263469734,82.62764366906414,336.29883895909745,enamel_implant
mp-551886,Na4CO4,31.647860208098468,77.3050953576038,38.31846648846341,155.95816628119613,enamel_implant
mp-1008866,NaAgO,56.023032628940186,58.0173120674456,28.757928800465134,117.04627697238499,enamel_implant
mp-1009014,LiCuO,121.27017847464532,106.46594080634786,52.772867895434196,214.78833733729007,enamel_implant
mp-27608,Be4TeO7,279.9303745236502,205.48329616582035,101.85363282518108,414.5496221587045,enamel_implant
mp-30530,TlClO4,14.754770507615351,77.1975879444789,38.2651773852286,155.74127683897973,enamel_implant
mp-3307,BaSO4,50.51627658151665,56.11989284976754,27.817419066005414,113.2183530756885,enamel_implant
mp-35208,NdOF,152.0436847860707,138.4964784330882,68.6497137486098,279.40793181756425,enamel_implant
mp-36033,PrOF,144.77363561117266,134.86096029464494,66.84766591060223,272.07350269965394,enamel_implant
mp-36526,AcOF,122.27513006731856,78.0124760546518,38.66909982523159,157.38526233306675,enamel_implant
mp-37381,SmOF,159.88078239086943,135.87403115571138,67.34982326078257,274.1173094251222,enamel_implant
mp-38194,YOF,169.5492469706984,151.03332657111807,74.86395865738088,304.70023418791044,enamel_implant
mp-545756,ZnSO4,24.556359793650437,53.78905492700121,26.662073038419454,108.51603420974904,enamel_implant
mp-546633,KClO4,18.656330622211616,23.754559403676893,11.774622154559886,47.923329093349246,enamel_implant
mp-546711,CsClO4,13.297676406665058,20.03363026418371,9.930237927646282,40.41658865440163,enamel_implant
mp-4812,Zn4B6O13,231.8154816866341,209.1412468414963,103.66679998750001,421.92930750915235,enamel_implant
mp-4198,Ag3PO4,40.8432,74.19354675322707,36.77613903420579,149.68081273304247,enamel_implant
mp-23560,Ge3(BiO3)4,96.98499547092072,156.10543534095416,77.37809345048528,314.9328945224353,enamel_implant
mp-1016819,HfZnO3,149.83918221052534,140.50992116693598,69.64773383469196,283.4699258585846,enamel_implant
mp-1016820,MgSnO3,181.65990905827005,139.9923220952126,69.39117115156552,282.4257022958115,enamel_implant
mp-1016821,BaSiO3,296.20307232960715,140.56446661815085,69.6747708370371,283.5799678747169,enamel_implant
mp-1016823,BaGeO3,247.8318262602871,203.68915945341394,100.96431799836346,410.93006421843796,enamel_implant
mp-1016825,HfMgO3,202.24104322360364,208.52221377466944,103.3599586633062,420.68044724291576,enamel_implant
mp-1016826,MgIrO3,46.77478523605666,100.85199589342986,49.99015662629185,203.4625566733869,enamel_implant
mp-1016827,MgGeO3,256.245819828741,183.68871608056222,91.05053009613243,370.58042802936563,enamel_implant
mp-1016829,MgRuO3,119.55693397414564,105.4050918467064,52.24702797348209,212.64814130387657,enamel_implant
mp-1016831,HgIrO3,112.48457381928138,145.56009728379595,72.15099708531679,293.6583384456095,enamel_implant
mp-1016836,ZnOsO3,140.69325527473842,97.5125721584142,48.33487639037671,196.72547938579362,enamel_implant
mp-1016837,SnHgO3,139.50829709495912,61.97999401148854,30.72214467232762,125.04073848478197,enamel_implant
mp-1016840,HgOsO3,131.47648929669205,121.62543791269829,60.28710326587812,245.37166899886807,enamel_implant
mp-1016841,HfHgO3,141.51158498036347,172.77875940124798,85.6427001533191,348.5702768220976,enamel_implant
mp-1016842,TiHgO3,146.86521829619022,97.44751523546047,48.30262907846909,196.59423113675098,enamel_implant
mp-1016843,MgOsO3,35.74342824176501,87.6640283251889,43.45316587585126,176.85666181737028,enamel_implant
mp-1016845,ZrCdO3,155.1190573026749,148.97975166203864,73.84604591862673,300.55727600825145,enamel_implant
mp-1016846,TiCdO3,199.05888226957217,112.56556420001624,55.79631950003195,227.09394377994272,enamel_implant
mp-1016848,SrIrO3,107.91127877157628,134.38064977411952,66.60958635711779,271.1045064429364,enamel_implant
mp-1016850,BaRhO3,142.82644765551876,139.90178288157767,69.34629281841669,282.2430451285223,enamel_implant
mp-1016851,HgRuO3,109.07028934868676,121.11326573620116,60.03323057753018,244.3383938557842,enamel_implant
mp-1016871,ZrHgO3,115.18238951475472,114.30809503147064,56.66005440600839,230.60939010214102,enamel_implant
mp-1016872,CaIrO3,76.76728879518538,113.19219475099293,56.10692673306327,228.35813149246053,enamel_implant
mp-1016873,CaHfO3,236.15817058859204,254.87651091843787,126.33678281031962,514.1973253782292,enamel_implant
mp-1016874,SiHgO3,185.82365455327047,165.85819876672315,82.21232768525985,334.6084811447812,enamel_implant
mp-1016876,ZnSiO3,279.7777762133455,159.1949967678822,78.90952233565962,321.165890323396,enamel_implant
mp-1016877,HgRhO3,109.0731880108992,128.50832032508612,63.6987994528252,259.2574512335254,enamel_implant
mp-1016879,CdSiO3,269.9741206656171,197.11004599548568,97.70319352273566,397.657116737965,enamel_implant
mp-1016881,CdSnO3,168.85989210078034,126.97161202407952,62.93708633078229,256.157238917307,enamel_implant
mp-1016882,CdOsO3,63.88091480216025,112.67359164862063,55.8498663736246,227.31188236102128,enamel_implant
mp-1016883,ZrZnO3,122.86617845747584,126.67991159122731,62.7924967250233,255.56875164618185,enamel_implant
mp-1016884,CaGeO3,282.8717287911525,159.34422318184363,78.98349064675378,321.46694522507465,enamel_implant
mp-1016900,CaOsO3,107.90882507278592,155.55976149085683,77.10761470594896,313.83203186060024,enamel_implant
mp-1016902,ZnSnO3,144.32472366277625,151.13107920337688,74.9124125263793,304.89744397344555,enamel_implant
mp-1016903,CdGeO3,223.52104241575952,148.74172188644377,73.72805969873791,300.0770659114865,enamel_implant
mp-1016926,ZnIrO3,128.13099864120397,165.05750169682167,81.8154394374865,332.99312518162117,enamel_implant
mp-1016928,MgSiO3,338.9021766223015,250.26748171427766,124.05218655845573,504.8988989330879,enamel_implant
mp-1016930,ZnGeO3,203.4380694379602,146.0525254545736,72.39508309636992,294.6517812993364,enamel_implant
mp-1016999,SrGeO3,278.0126198521272,211.3788020223137,104.77590777419398,426.44343431203646,enamel_implant
mp-1017000,MgZrO3,175.2157158959779,187.68060305733752,93.02922227208423,378.6338088578834,enamel_implant
mp-1017446,HfCdO3,183.0011459161545,181.4327147455382,89.93227894911352,366.0290872708982,enamel_implant
mp-1017447,HgGeO3,172.27542480686606,167.1329080037565,82.84417352874334,337.1801268329444,enamel_implant
mp-1017566,GePbO3,241.02708901421923,175.44936300776592,86.96646069364242,353.9580515788559,enamel_implant
mp-1018639,TiSnO3,220.93830137613557,100.1378301481147,49.63616008760993,202.02177221351442,enamel_implant
mp-1019541,BaCa3O4,140.25149392376423,91.66621981699853,45.436965777396004,184.93083135666754,enamel_implant
mp-1040467,RbOsO3,267.5790915083338,153.78199171197383,76.22641261466106,310.2454931790016,enamel_implant
mp-11652,Yb3PbO,117.06612229258688,60.20548443913205,29.842558595015944,121.46077706473663,enamel_implant
mp-11775,RbUO3,177.56091946663005,150.679046592432,74.68834972205757,303.9854966202194,enamel_implant
mp-12631,SrTcO3,149.29012099638786,238.62895137621538,118.28321838538771,481.41889620706155,enamel_implant
mp-12725,NbAgO3,205.02104521136727,115.02486888032763,57.01534372529816,232.0554362468219,enamel_implant
mp-1412687,YSnO3,111.29486709818693,131.42029266326583,65.14220126146027,265.1321722208452,enamel_implant
mp-1413511,AlBiO3,126.21523662915564,165.89903632261743,82.23256997989472,334.6908683445281,enamel_implant
mp-1418444,AlAgO3,104.24476833257702,158.10332083456683,78.36840214851671,318.96350281005556,enamel_implant
mp-1418929,YAgO3,95.0377893837428,135.6073730816654,67.21764661153401,273.57934353736397,enamel_implant
mp-1421511,AlSbO3,184.99773868921497,204.6994977601557,101.46512088037022,412.96835818747314,enamel_implant
mp-1424898,YBiO3,55.12350233000449,111.16513273600503,55.10215586340661,224.2686614085887,enamel_implant
mp-14254,NdAlO3,337.0161490288711,282.55485568973654,140.05634064371958,570.0366445881999,enamel_implant
mp-1426094,AlSnO3,143.0957747379912,179.13013842174215,88.79094158587296,361.3837844028201,enamel_implant
mp-1432347,YCuO3,212.33461162941896,134.27802893793947,66.55871942455671,270.89747536227026,enamel_implant
mp-1436662,YTiO3,160.06379297017298,192.58841271444047,95.46191754278424,388.53500606924723,enamel_implant
mp-1475723,TiAlO3,169.66471548798404,263.49190726987035,130.60724874597446,531.5783454848547,enamel_implant
mp-1504314,AlCuO3,130.85435189177218,138.34743930118069,68.57583826918571,279.10725474564657,enamel_implant
mp-19845,TiPbO3,230.88018777590997,165.99134454664616,82.27832517329682,334.87709437899065,enamel_implant
mp-21135,Pr3InO,104.66583002412612,69.0815732152458,34.24224413634794,139.36772773685226,enamel_implant
mp-22345,TiCdO3,58.95331418072993,112.56556420001624,55.79631950003195,227.09394377994272,enamel_implant
mp-22535,HfPbO3,222.63696443839908,150.33274282620727,74.51669442301775,303.2868505593505,enamel_implant
mp-22979,GaBiO3,228.5550089171724,169.73965265743536,84.13628056507662,342.43907016999674,enamel_implant
mp-23080,AlBiO3,292.1128141718299,165.89903632261743,82.23256997989472,334.6908683445281,enamel_implant
mp-28166,K3BrO,31.46076254067532,21.673999950000795,10.743333759737387,43.725931292682596,enamel_implant
mp-28171,K3IO,31.15546088174773,23.700129215405262,11.747642285566785,47.813519612953215,enamel_implant
mp-28593,Li3BrO,85.92695800399332,82.63449498776758,40.96013480524627,166.709894739135,enamel_implant
mp-28602,Na3ClO,54.87000138371824,49.94624972965133,24.75727748134547,100.76341649183314,enamel_implant
mp-29241,Ca3SnO,107.24674662480378,112.89362315204801,55.95893123864399,227.7557820760386,enamel_implant
mp-29243,Ba3SnO,62.929794648166514,64.63787737046391,32.03960006061755,130.40285094240966,enamel_implant
mp-2998,BaTiO3,263.2040257340708,167.8768906077879,83.21294964044337,338.6810649293675,enamel_implant
mp-3020,BaNbO3,227.6683904682712,157.3160348752565,77.97816149867184,317.3752029187613,enamel_implant
mp-3136,NaNbO3,252.5437600524635,137.7612647359802,68.28528419472113,277.9246844391687,enamel_implant
mp-3163,BaSnO3,218.76003452722935,85.76489315552915,42.51180558104747,173.02527609550881,enamel_implant
mp-3323,SrZrO3,221.3730975051197,210.03258891986374,104.10861900863547,423.7275340740173,enamel_implant
mp-33365,CeGaO3,78.11692870383871,150.99629740529164,74.84560409946653,304.62553017552295,enamel_implant
mp-3614,KTaO3,302.11720409559086,196.8703517927029,97.58438228223045,397.17354876406483,enamel_implant
mp-3834,BaZrO3,227.6502256605584,160.29005484397283,79.45231897794424,323.3751010970001,enamel_implant
mp-4126,KUO3,173.88674567276465,134.37321109272742,66.6058991633782,271.08949937122793,enamel_implant
mp-4170,NaTaO3,282.8385492812366,182.34252238135562,90.38325094834266,367.8645669361692,enamel_implant
mp-4405,Rb3AuO,23.47993458991884,28.51793517963493,14.135724669195785,57.53314003647246,enamel_implant
mp-4551,SrHfO3,248.30012042559264,225.00627332040088,111.53075103313692,453.93600029190964,enamel_implant
mp-504715,BaTiO3,9.266069401386115,167.8768906077879,83.21294964044337,338.6810649293675,enamel_implant
mp-5229,SrTiO3,268.6493671444944,143.51220096751518,71.13589910239277,289.52683646965664,enamel_implant
mp-5304,LaAlO3,318.4416911409627,268.104650443253,132.89368593218464,540.88426462924,enamel_implant
mp-5323,CeAlO3,134.7543577080098,238.30007213415539,118.12020004672154,480.7554030274418,enamel_implant
mp-542112,CaZrO3,208.55181840595668,204.96805710641115,101.59823994919807,413.5101597722966,enamel_implant
mp-546200,TlIO3,149.05245590509787,44.10206605464602,21.860441829475484,88.97314361074966,enamel_implant
mp-546973,SrSnO3,219.15994973086023,187.53327637828073,92.95619561856056,378.3365865518542,enamel_implant
mp-550008,ScBiO3,185.65957761068367,123.28067371666438,61.10756791172557,248.71100309522194,enamel_implant
mp-561598,BaPbO3,48.46543136162915,138.79252921296703,68.79645972745108,280.0051956401161,enamel_implant
mp-5663,BaCeO3,135.86212450238622,110.71063784739576,54.87687256121559,223.35174656508732,enamel_implant
mp-5827,CaTiO3,259.4717119559807,190.73527820261214,94.5433587807566,384.7964237804574,enamel_implant
mp-5893,CaSiO3,365.7637677470431,157.759402038572,78.19792902772024,318.26966827657657,enamel_implant
mp-640266,Ca3Al2O6,105.11847900261913,129.7245284976966,64.30164758191151,261.7110747047741,enamel_implant
mp-7006,SrNbO3,207.45539488060584,184.10758360284242,91.25815368215031,371.42546690277214,enamel_implant
mp-7143,BaPuO3,145.68043325862646,95.86393040107902,47.51768027105628,193.3994483636572,enamel_implant
mp-753781,EuHfO3,239.2688451687655,211.83311031418285,105.00109858441019,427.3599727083543,enamel_implant
mp-754678,BaTaO3,239.70624098239747,201.0812366987986,99.67162700283518,405.66874413686577,enamel_implant
mp-754696,PrTiO3,183.98137149320337,198.96138330740234,98.62086145157475,401.3920732890028,enamel_implant
mp-754892,Rb3ClO,25.021671557136536,15.085258515029075,7.477436903789964,30.433559974262725,enamel_implant
mp-754940,Ba3SiO,65.41461727643681,74.31820687525297,36.83793036485742,149.93230668631443,enamel_implant
mp-758371,YbAlO3,199.10030279464792,181.00907465544407,89.72228970428627,365.1744200421903,enamel_implant
mp-771055,EuZrO3,212.42954655509965,196.4589488243754,97.38045871442178,396.3435691586301,enamel_implant
mp-7961,Sr3SnO,84.4886454866604,68.27498419173047,33.842435374395556,137.74048512796492,enamel_implant
mp-7986,CaSnO3,210.454750611436,153.44065958600433,76.0572216503411,309.55687708956,enamel_implant
mp-8020,LaTiO3,176.94446765675605,178.05723821395864,88.25912812044433,359.21927573447687,enamel_implant
mp-8037,BaThO3,131.81097406646853,156.53788547812778,77.59244964541091,315.8053354668473,enamel_implant
mp-8074,TaSnO3,64.71765971536244,184.95252353314717,91.67697216047151,373.1300800532833,enamel_implant
mp-8218,PrAlO3,332.66930152162814,245.6254862526612,121.75124964462455,495.5339651375806,enamel_implant
mp-8557,BaPaO3,110.70296311714873,135.82813625379382,67.32707414892927,274.0247193479532,enamel_implant
mp-861873,TaTlO3,264.8967975074431,214.53816610006967,106.34193632610678,432.8172525694515,enamel_implant
mp-862832,PaTlO3,150.4870084516277,108.70619424954364,53.88331315252447,219.30790771476305,enamel_implant
mp-862870,LiTcO3,210.6676842222843,197.51258561103114,97.90272371796024,398.46921508679435,enamel_implant
mp-864606,AcCuO3,210.16780128608264,104.87243702210473,51.98300247875887,211.57354370689507,enamel_implant
mp-865120,NaPaO3,151.6925513999394,144.07026252271692,71.4125181648566,290.65269054717487,enamel_implant
mp-865181,EuGeO3,253.96351169029776,182.07386900758357,90.2500852721052,367.32257565674666,enamel_implant
mp-865218,YbTiO3,279.2195092144325,179.76954122662298,89.1078797493681,362.6737393340309,enamel_implant
mp-865322,UTlO3,154.94428986038957,123.54607551364683,61.239121851561045,249.24643452304238,enamel_implant
mp-865424,CsUO3,179.22039023048356,98.71876134726463,48.932758325557145,199.15889018764466,enamel_implant
mp-865927,AcTiO3,202.13506273811225,162.57244591125647,80.58365094540005,327.97968148000746,enamel_implant
mp-867195,SrOsO3,164.75749321566354,156.71776020753882,77.68160966467192,316.16822141672554,enamel_implant
mp-9200,K3AuO,28.93770529615282,23.073048471410342,11.43681190157753,46.548423664344746,enamel_implant
mp-935811,KNbO3,271.2688899284807,123.52006038460685,61.22622671385117,249.19395063693017,enamel_implant
mp-971706,ZnBiO3,158.46911574868915,115.43300986831974,57.21765039989184,232.8788350121555,enamel_implant
mp-971975,SrHgO3,112.79759640727757,118.09119323429613,58.535254495174,238.24155271503298,enamel_implant
mp-971996,SrHoO3,117.04977078059636,150.6972566226081,74.69737604079928,304.02223421042675,enamel_implant
mp-972021,SrInO3,108.98683306873887,163.74421905292073,81.16447358914998,330.34366007192494,enamel_implant
mp-972058,YbTmO3,118.45317112881824,138.9362308128641,68.86768950751308,280.2951045770102,enamel_implant
mp-972066,ZrAlO3,255.99284246904097,223.05635634529304,110.56421929392465,450.0021654724629,enamel_implant
mp-9721,Ca3GeO,113.87648100022766,107.54578496582533,53.308123327773956,216.96685499130137,enamel_implant
mp-972222,TaBeO3,276.36763945206644,199.6564690613878,98.96540045055654,402.7943650667736,enamel_implant
mp-972442,SnBO3,197.7958230103161,90.65724504680063,44.936838771010635,182.89528823682352,enamel_implant
mp-972827,SiBiO3,192.7516873103272,129.67570775520977,64.27744819406689,261.612581928334,enamel_implant
mp-972839,SiBO3,147.90430557684996,211.78860545991844,104.9790384891627,427.2701869648716,enamel_implant
mp-973068,ScCuO3,182.5626341781662,188.85717132352565,93.61242175551756,381.0074613118455,enamel_implant
mp-973123,ScPdO3,66.51882703745929,139.30444322941693,69.05020445143816,281.03794996154664,enamel_implant
mp-973156,ScAsO3,123.0054083582815,142.94772507534154,70.85610059159934,288.3880418708516,enamel_implant
mp-973267,KTcO3,277.3624158239689,165.76157609978918,82.16443391567314,334.41355099319793,enamel_implant
mp-973269,SbTeO3,110.4627984891071,58.1246543307504,28.811136042500262,117.2628332352296,enamel_implant
mp-973396,KBeO3,76.13988825714651,56.11814007224258,27.816550252034727,113.21481695730682,enamel_implant
mp-973471,KReO3,299.3474732171664,244.37967797456866,121.13372938241788,493.0206253157944,enamel_implant
mp-973536,LuUO3,216.76378246959197,166.24002696988848,82.40159168059753,335.37879552217953,enamel_implant
mp-973869,LaCdO3,119.42924634101156,135.0130751027399,66.9230659362981,272.38038475477543,enamel_implant
mp-973977,HoSnO3,92.0299069794825,117.86040107858504,58.42085580717671,237.7759440610331,enamel_implant
mp-974061,KSiO3,289.7733567560865,85.81385925473477,42.53607701907884,173.12406211998396,enamel_implant
mp-974740,NdBiO3,63.66102021965095,76.19819599857574,37.769800377920326,153.72506646425285,enamel_implant
mp-974842,KPtO3,134.1577450420497,124.48665226279275,61.70534543585717,251.14398893863367,enamel_implant
mp-975190,RbTeO3,213.2608535421849,48.00964012979014,23.797341920691405,96.85642846472112,enamel_implant
mp-975206,RbSbO3,244.2002461056536,94.79198089832556,46.98633804958209,191.2368576828991,enamel_implant
mp-975208,RbRuO3,216.87413003818145,120.17594396437627,59.56862041520605,242.4474061521532,enamel_implant
mp-975216,RbReO3,312.92458102091297,222.33105279617888,110.20470198640268,448.538911194154,enamel_implant
mp-975255,RbPdO3,122.36139246065962,105.57702927544119,52.33225364419124,212.9950142490109,enamel_implant
mp-975284,RbIrO3,199.4128258617781,181.53436743070884,89.98266599012491,366.2341651678135,enamel_implant
mp-975288,RbNpO3,178.36354524486356,119.40262013304154,59.18530049070879,240.88727397563102,enamel_implant
mp-975299,RbInO3,31.58789446301856,87.74117639419079,43.49140650776594,177.01230319285804,enamel_implant
mp-975347,NdGeO3,183.06760765229708,183.48386722882128,90.94899094370885,370.16715835891847,enamel_implant
mp-975364,RbCuO3,85.2448014259502,102.51248148918974,50.81322348057059,206.81248189439728,enamel_implant
mp-975382,RbCaO3,25.672156655224285,59.30884381289311,29.398113198114274,119.65186101289588,enamel_implant
mp-975394,RbBeO3,39.45784963222941,74.91538067921888,37.133936524466996,151.1370672649912,enamel_implant
mp-975425,RbAsO3,228.94230147358752,145.995355827059,72.3667453464979,294.5364451726178,enamel_implant
mp-975427,RbAlO3,109.67919013237382,66.4897501615085,32.95753341489753,134.13888778889867,enamel_implant
mp-975443,InCuO3,150.5065152978528,150.11737859803063,74.40994302555778,302.85236677851276,enamel_implant
mp-975463,RbAcO3,84.62281042074366,105.5423607860462,52.31506922260891,212.9250727528033,enamel_implant
mp-975913,PrNbO3,97.33617268000155,188.65960401420057,93.51449190643622,380.6088816951085,enamel_implant
mp-975990,NaLiO3,36.040612900650856,99.55201065516874,49.34578201479471,200.83991824297087,enamel_implant
mp-976133,NaAsO3,276.69866447463124,117.20759438366835,58.09727362482643,236.45894762497244,enamel_implant
mp-976185,NaBeO3,83.38108369179683,64.87887091311244,32.15905535583705,130.8890402527418,enamel_implant
mp-976727,PrBiO3,65.66205507552648,77.96509746145202,38.64561527964766,157.2896790020814,enamel_implant
mp-976923,NaReO3,251.15385967739945,197.511280854512,97.90207697832784,398.46658282260495,enamel_implant
mp-976968,NaPdO3,102.7065008862881,90.57537551432604,44.896257811605025,182.73012160582758,enamel_implant
mp-977117,NaTeO3,198.39742823581625,85.65697778094355,42.458314260125874,172.80756361671212,enamel_implant
mp-977123,NaTiO3,176.73481348945612,150.8761021601745,74.78602591188667,304.3830438305094,enamel_implant
mp-977176,NaTcO3,238.91180699780384,184.26313218670055,91.33525575634508,371.7392763844619,enamel_implant
mp-977408,NbTlO3,238.55241463139976,157.0287094443692,77.83574048691567,316.7955419388499,enamel_implant
mp-977455,PaAgO3,120.0181777459432,157.03245079767328,77.83759499495993,316.8030898837559,enamel_implant
mp-978489,SiPbO3,292.42276744039924,186.75986372589352,92.57283166738553,376.7762751844468,enamel_implant
mp-978490,SiPdO3,232.1619585064307,113.33104685528708,56.17575272287203,228.63825687707882,enamel_implant
mp-978493,SiSnO3,294.2339837358121,183.2504853866357,90.8333086040463,369.69632517538486,enamel_implant
mp-978504,SmGaO3,260.452501037833,174.4233533553845,86.45788986399981,351.8881416559458,enamel_implant
mp-978851,SrAsO3,216.4359227574767,146.88313841081018,72.80680000301369,296.3274906810378,enamel_implant
mp-978926,SmGeO3,178.80628486288026,174.7199229212253,86.60489299384008,352.4864520965368,enamel_implant
mp-978952,SnPbO3,203.1198408314893,103.50419907490168,51.30479647324765,208.81320973026607,enamel_implant
mp-979294,SrAgO3,120.10775409041295,117.16168944303303,58.074519536997514,236.36633729532193,enamel_implant
mp-980058,RbTbO3,35.227754139539655,109.02406542866616,54.040875032094114,219.949192819972,enamel_implant
mp-981103,Sr3CdO4,136.32172016755618,109.71371752131147,54.38272068248084,221.3405225278445,enamel_implant
mp-981250,SmPuO3,57.99306980213792,169.81696799376516,84.17460410779385,342.595048996795,enamel_implant
mp-981367,SrTlO3,113.51461244985256,148.01724322011964,73.36895126780293,298.61547578230955,enamel_implant
mp-981376,ScSnO3,117.0261345977219,123.48767041096855,61.210171703328506,249.12860590291027,enamel_implant
mp-982040,KBiO3,156.85990299539168,71.94601247937301,35.66208482657615,145.14655373778544,enamel_implant
mp-982245,PbAuO3,130.83280584797413,31.17228028869249,15.451426223404328,62.888114297497815,enamel_implant
mp-982558,HoGeO3,167.30483115724647,182.1873192142477,90.30632008977226,367.55145431104125,enamel_implant
mp-982975,LiBeO3,46.51230528664637,137.53639167231066,68.17381947283548,277.47101718096656,enamel_implant
mp-983564,EuAsO3,202.84265581641216,145.1672797135221,71.95628589800127,292.86585371145907,enamel_implant
mp-984240,CsCaO3,29.844989918881453,32.80193669180421,16.259211712594645,66.17584356194033,enamel_implant
mp-984357,CsKO3,76.8347449547267,28.385825874946757,14.070240939551695,57.266617825840136,enamel_implant
mp-984553,BOsO3,168.19121163992943,112.66084885552002,55.84355004624493,227.2861745776458,enamel_implant
mp-984628,CaBO3,161.2442705974935,95.2146052100931,47.19582379502695,192.08947564274015,enamel_implant
mp-984729,BaSr3O4,122.06825708368405,106.64994887449181,52.86407672145226,215.1595620380155,enamel_implant
mp-985585,Li3ClO,91.99686139188069,90.53844117743888,44.87795025834819,182.65560890485895,enamel_implant
mp-985586,Na3BrO,53.36487156473527,34.611204592141675,17.156026742535808,69.82592772188835,enamel_implant
mp-998552,BaHfO3,252.8177434977764,228.55595589547846,113.29025203586629,461.0972615610216,enamel_implant
mp-3315,CaPd3O4,147.54503318600894,101.8358655684233,50.47783957908887,205.44745184312762,enamel_implant
mp-1019564,Ca6Ge2O,85.68760756738656,105.05493282511434,52.073461707604785,211.94171750785515,enamel_implant
mp-23438,BaBiO3,144.96377381516862,75.33054386188046,37.339723949325226,151.97463286627334,enamel_implant
mp-38843,CaTa2O6,274.0690615062994,208.16423404639517,103.18251584200222,419.958245663198,enamel_implant
mp-5478,TlPd3O4,105.34372172264332,84.82396825880447,42.045409427514244,171.12701931408085,enamel_implant
mp-12533,La2Hf2O7,227.45481958689848,227.13661762813433,112.58671670509109,458.2338359034534,enamel_implant
mp-13801,Tl2Pt2O7,216.1988747633025,132.67926970530957,65.76624899559908,267.6720791953982,enamel_implant
mp-14069,CsAlO2,121.80562992366409,52.415497436889154,25.981230250355296,105.74496838997695,enamel_implant
mp-14070,RbAlO2,112.00452667965835,60.02961613237969,29.755384472954525,121.10597382051063,enamel_implant
mp-14105,AlTlO2,91.65534921925476,65.98641307257815,32.70804008867682,133.12343687912664,enamel_implant
mp-14476,LiRhO2,106.74748500511068,179.25812838979607,88.85438344929796,361.64199611095836,enamel_implant
mp-16293,KSbO3,180.1309074768199,184.69299517034435,91.54832955513143,372.6064979093967,enamel_implant
mp-19784,In2Si2O7,243.4128962480975,120.66590552698457,59.8114837818521,243.43587277908355,enamel_implant
mp-23341,Bi2Pt2O7,199.9645303988996,178.45938961294178,88.45846588510189,360.0305908808162,enamel_implant
mp-23445,Bi2Ru2O7,241.2169166029366,164.78260407243732,81.67917862105516,332.4385365194416,enamel_implant
mp-27719,Al2CuO4,96.00001601989136,155.1417290456209,76.90040504958978,312.98867770259227,enamel_implant
mp-3370,Y2Sn2O7,231.40392679299148,122.46324035215422,60.702383844108304,247.0618827106426,enamel_implant
mp-3536,MgAl2O4,249.9468985325084,182.70075133954444,90.56081730753357,368.5872713215594,enamel_implant
mp-4408,Sm2Zr2O7,222.41875509339857,203.3239786054414,100.78330573752174,410.19333483278297,enamel_implant
mp-4590,Mg(GaO2)2,196.95223861468733,166.76810077187224,82.66334646132894,336.44415119424167,enamel_implant
mp-4788,K(OsO3)2,200.0437575674659,98.37981000702634,48.76474746531488,198.47507718363005,enamel_implant
mp-504543,SnPbO3,122.55719504071564,103.50419907490168,51.30479647324765,208.81320973026607,enamel_implant
mp-5146,Zn(RhO2)2,152.14201136600792,104.75956094571067,51.92705224506926,211.34582332429932,enamel_implant
mp-5302,Gd2Ti2O7,244.816724609188,187.19909293865686,92.79054810369765,377.6623924873597,enamel_implant
mp-5373,Y2Ti2O7,251.0227832421644,185.15007492785466,91.77489412102057,373.5286275632805,enamel_implant
mp-5548,Ta2Cd2O7,213.72091089275995,110.23948761231725,54.64333356342543,222.40123060794514,enamel_implant
mp-558411,Y2Zr2O7,220.8367711554524,211.24910341767358,104.7116189765085,426.1817755370834,enamel_implant
mp-559998,Cs(OsO3)2,208.04655205772883,103.53341055734772,51.31927597432076,208.87214205827843,enamel_implant
mp-561442,Y2Hf2O7,241.756861992898,198.3188762036708,98.30238455417171,400.09585563016566,enamel_implant
mp-5639,Mg2SiO4,284.85654960902656,226.72995869947894,112.38514465530791,457.4134270995888,enamel_implant
mp-5794,Zn(GaO2)2,200.18772084843923,158.1803599940414,78.40658879633041,319.1189244674239,enamel_implant
mp-5889,Er2Ti2O7,260.9721073596297,188.860634756515,93.61413850446306,381.0144485700017,enamel_implant
mp-5977,Nd2Zr2O7,218.76514219941487,190.66033201629884,94.50620957454451,384.6452245647638,enamel_implant
mp-752849,Y2Pb2O7,181.34577857533316,129.54429651233045,64.21231047858792,261.3474680134829,enamel_implant
mp-754596,RbGaO2,67.52033912128083,71.58269829062675,35.48199782840537,144.41359021967972,enamel_implant
mp-754711,Nb2Pb2O7,196.54603986319557,189.48094758844164,93.92161418058235,382.26589068181147,enamel_implant
mp-754826,CsScO2,41.2561338527226,63.15408321872451,31.304115339769695,127.40938959327652,enamel_implant
mp-755450,La2Ce2O7,158.12662272748994,141.48841527904318,70.132752237043,285.44397616840257,enamel_implant
mp-756297,ZnIn2O4,153.81855385190644,125.28344726846932,62.10029951465308,252.75147273271594,enamel_implant
mp-776165,AgAuO3,148.05791262188023,95.62044206180241,47.3969883590194,192.90822595808652,enamel_implant
mp-3050,Y3Al5O12,257.21128024259195,205.32056109429726,101.77296856423153,414.22131439028414,enamel_implant
mp-3384,Er3Al5O12,263.7559629912557,223.29124092397356,110.68064650761853,450.4760303323313,enamel_implant
mp-20940,TiCdO3,164.91714145295327,112.56556420001624,55.79631950003195,227.09394377994272,enamel_implant
mp-4681,NaNbO3,137.70323785313616,137.7612647359802,68.28528419472113,277.9246844391687,enamel_implant
mp-27198,Cd(NO3)2,31.64169114677682,31.57463395306292,15.650864246646767,63.699837501530574,enamel_implant
mp-27367,SeOF2,12.844990283715507,11.79238797100857,5.845232079409173,23.79040082063664,enamel_implant
mp-761842,Hf3SnO8,204.0481444194383,178.38202151083823,88.42011618752998,359.8745056023891,enamel_implant
mp-13725,Li3PO4,108.89484877854952,113.39468827883273,56.20729840228852,228.76664944512095,enamel_implant
mp-23803,GaHO2,214.11749021903827,124.63976064610536,61.781237955333765,251.4528754692466,enamel_implant
mp-23807,AlHO2,313.8055218560364,193.49020121625745,95.90891463044977,390.35430763619127,enamel_implant
mp-5540,SrB4O7,281.0174190895364,86.03604843906095,42.64621139992809,173.57231482046546,enamel_implant
mp-755543,HoHO2,149.9865156373605,82.77602664176884,41.03028898998424,166.99542594670513,enamel_implant
mp-777422,DyHO2,144.58607291869342,98.41628441424353,48.78282704136577,198.54866200542574,enamel_implant
mp-3660,LiB3O5,119.80797979014903,126.30356228202115,62.60594849911319,254.80949059264492,enamel_implant
mp-1374018,Ca3Sn2O7,163.31921874127565,129.25340691498374,64.0681227864803,260.76061655197697,enamel_implant
mp-21521,Cs2PbO3,35.97636723681446,41.38397396572558,20.51314227386332,83.48956382845317,enamel_implant
mp-22756,K2PbO3,45.213099526700205,46.332736831538654,22.966137165801687,93.47338156184361,enamel_implant
mp-28264,RbH3O2,28.26399139046421,18.737468165945995,9.287758364104121,37.80166316845229,enamel_implant
mp-3258,Ca3Ru2O7,159.5280671032913,146.74482004873505,72.73823857769757,296.0484420877663,enamel_implant
mp-3281,Al5BO9,201.63296039128508,337.7285473118293,167.40474819287374,681.3460962167258,enamel_implant
mp-3998,LaTaO4,170.35845512336064,165.08441391891893,81.82877924485358,333.0474188965364,enamel_implant
mp-4163,Ca3Ti2O7,168.17774839063233,189.94504889098417,94.15165917472488,383.2021858610416,enamel_implant
mp-4187,Ge2N2O,146.5642134489825,78.20214263986797,38.76311345597569,157.76790273598326,enamel_implant
mp-4533,Na2SiO3,89.99004178758244,76.82316419740657,38.07958361888878,154.98590048590225,enamel_implant
mp-5012,Li2SiO3,126.1618138743623,122.02587923054901,60.485593380244815,246.17953416411143,enamel_implant
mp-5784,Na2GeO3,71.74765138407393,80.23157134304466,39.769057441862685,161.86214746437722,enamel_implant
mp-625054,AlHO2,190.2019648633309,193.49020121625745,95.90891463044977,390.35430763619127,enamel_implant
mp-625136,CsHO,24.883942890785985,23.12570151242465,11.462910877049836,46.65464786195726,enamel_implant
mp-625150,ScHO2,123.1474382534236,154.884230737877,76.7727686987066,312.4691910670674,enamel_implant
mp-626620,RbHO,33.56024137480397,30.89411719916952,15.313546786416286,62.32693776484579,enamel_implant
mp-626785,KHO,43.114234850417226,27.298284961843077,13.53117039263855,55.07257245562452,enamel_implant
mp-753798,Rb2SnO3,48.88718985617672,33.331105768736215,16.521509397467184,67.24340888230199,enamel_implant
mp-754150,La3GaO6,117.15116878868145,160.00454000261172,79.3107954363194,322.79909286754554,enamel_implant
mp-754718,NaCuO2,56.39709148817581,65.74685989303696,32.58929875034728,132.640153410744,enamel_implant
mp-4117,Li2Si2O5,121.66433579245876,144.06221615693102,71.40852975508497,290.636457510434,enamel_implant
mp-20337,ZrPbO3,93.56369598474772,154.20152381553447,76.43436561926907,311.09187280332964,enamel_implant
mp-5246,KNbO3,130.0643170379253,123.52006038460685,61.22622671385117,249.19395063693017,enamel_implant
mp-5777,BaTiO3,130.96134074269526,167.8768906077879,83.21294964044337,338.6810649293675,enamel_implant
mp-644497,BaTiO3,52.79319454829346,167.8768906077879,83.21294964044337,338.6810649293675,enamel_implant
mp-752415,NbO2F,139.08036917091036,134.01801947371368,66.42983834762988,270.372922626531,enamel_implant
mp-3094,SrAl2O4,116.37052280222946,164.38922247660258,81.48418785844835,331.6449138992074,enamel_implant
mp-5724,AlPO4,64.8932553732336,108.70027948923727,53.88038133356042,219.2959750579685,enamel_implant
mp-770118,Ba3Ti2O7,120.64810292643588,165.6706539809013,82.11936578465864,334.2301213386511,enamel_implant
mp-25886,CuPO4,106.58225543675772,62.62387684948309,31.041303491498056,126.33973160094122,enamel_implant
mp-1105595,Zn2SiO5,84.5182107273691,109.63120705272827,54.341822024886184,221.17406284857358,enamel_implant
mp-1189355,Zn2SiO5,84.40390682267945,109.63120705272827,54.341822024886184,221.17406284857358,enamel_implant
mp-2220557,Ta2CuO6,192.13883113928983,193.5566855006601,95.94186945460604,390.48843549715554,enamel_implant
mp-2626703,BaCO3,50.71762763843102,69.06151945016386,34.23230391802591,139.3272705274698,enamel_implant
mp-2964,NaNO2,34.75867567346366,26.02271789132301,12.898899339619236,52.49919614237197,enamel_implant
mp-29761,UCO5,59.86368948758509,62.36341539529893,30.912198372908865,125.81426700389768,enamel_implant
mp-753081,Li3(CuO)4,62.66268529271454,109.72079316199265,54.38622792477932,221.3547971877592,enamel_implant
mp-2349989,NbAgO3,109.98798481149296,115.02486888032763,57.01534372529816,232.0554362468219,enamel_implant
mp-27418,KAuO2,48.646496564936335,40.6065050821433,20.127767736472748,81.92106926980497,enamel_implant
mp-996954,CuPtO2,94.28923460517773,99.0322832574493,49.08816436642982,199.79140091640306,enamel_implant
mp-996971,CuPdO2,80.57396263357073,82.2318612455847,40.76055795348003,165.89760649573654,enamel_implant
mp-996975,CuAgO2,42.3184356009819,60.82917776511869,30.15170990904439,122.71903911063073,enamel_implant
mp-997084,RbAgO2,47.81993342606462,36.567358862543365,18.125650174340795,73.77234589217485,enamel_implant
mp-1019509,B2S2O9,69.25609922198966,47.536783137727554,23.562956920318932,95.90246923274314,enamel_implant
mp-23349,Bi(BO2)3,65.35131384770236,116.41035448806595,57.70209902370097,234.85056629345476,enamel_implant
mp-25317,Li3(CuO2)2,86.85973622244386,103.26622552451458,51.18683812298023,208.3331130643204,enamel_implant
mp-549720,NbI2O,21.39642798754379,24.64092658129456,12.213975224818737,49.7115191089443,enamel_implant
mp-550070,NbBr2O,24.946234973758,26.857294286793806,13.312580837507264,54.182901513371085,enamel_implant
mp-768241,Dy2Ge2O7,128.90456362853777,157.03215864540053,77.8374501813869,316.8025004849262,enamel_implant
mp-996960,AgNO2,22.34490566037736,56.236157497252535,27.875048941214,113.45290968727032,enamel_implant
mp-16053,CuSiO3,49.47840623360269,168.7629172219509,83.65213390075166,340.46856787961906,enamel_implant
mp-759636,Nb5O12F,143.720744598834,123.83219587921921,61.38094553846209,249.82366435949697,enamel_implant
mp-996964,CdAgO2,89.48307138932562,55.399510041454114,27.460340863442816,111.76502608235973,enamel_implant
mp-997085,SrAgO2,82.50272544867771,113.52414725176386,56.27146841971034,229.02782477817743,enamel_implant
mp-997012,CuPdO2,97.89889779129152,82.2318612455847,40.76055795348003,165.89760649573654,enamel_implant
mp-20944,Sr2PbO4,114.34622031460084,114.85815293946935,56.93270623337968,231.71909732497173,enamel_implant
mp-23426,Al4Bi2O9,172.79654928955424,157.28860263767191,77.96456393085661,317.3198601053169,enamel_implant
mp-542903,ZrPbO3,155.5784488426524,154.20152381553447,76.43436561926907,311.09187280332964,enamel_implant
mp-24834,H4N2O3,28.17899750563341,22.641541742137672,11.222923333577013,45.67788598601896,enamel_implant
mp-3671,NaNbO3,148.7161766798581,137.7612647359802,68.28528419472113,277.9246844391687,enamel_implant
mp-5611,BaUO4,105.83605126250411,136.48831232369074,67.65430917132736,275.35658303439675,enamel_implant
mp-768342,SrNb2O4,186.35602578762516,230.33459181194772,114.17188345285284,464.685547620708,enamel_implant
mp-27891,Bi2SO2,64.66146550272238,60.547031752281136,30.011856222974185,122.1498272807747,enamel_implant
mp-28254,LiRuO2,264.78265175934087,166.6746175024174,82.61700882328235,336.2555545795592,enamel_implant
mp-4753,Al2SiO5,220.63933666464752,162.27720475206954,80.43730627805327,327.38405101626466,enamel_implant
mp-996987,LiCuO2,109.36960098173697,104.38162891718945,51.73971949937098,210.58336923412006,enamel_implant
mp-22992,TiClO,32.408180328876966,87.35897143983328,43.30195576499763,176.2412287436326,enamel_implant
mp-23002,TiBrO,36.6811870383138,34.24997280377161,16.97697194526539,69.09716531552867,enamel_implant
mp-27226,MgCu2O3,138.24070063530442,103.02805027124748,51.06877979295064,207.85260947550435,enamel_implant
mp-27863,AlClO,50.56580803765572,110.70800177322432,54.87556591617063,223.34642845129343,enamel_implant
mp-3255,SrCu2O3,110.85910055709212,92.36451343499479,45.783094845299225,186.33959479825933,enamel_implant
mp-546279,ScBrO,33.63104583318044,36.02394303077813,17.856290680733387,72.67603864026302,enamel_implant
mp-7466,CaCu2O3,77.80041081012986,108.53444398457746,53.79818025485392,218.9614123607566,enamel_implant
mp-753059,TiOF,66.98272109336865,104.73121156166249,51.91300006755634,211.28863022556627,enamel_implant
mp-754010,ZnCu2O3,95.15325827943396,89.87000790330138,44.54662231810923,181.30708682835694,enamel_implant
mp-754113,TmClO,33.02063460185864,44.15996774676528,21.88914244796426,89.08995663175072,enamel_implant
mp-754978,CdCu2O3,73.7103090256811,62.841238633046416,31.14904503402918,126.77824532409663,enamel_implant
mp-755689,ErClO,31.272777423612663,52.795164580832946,26.169423055301493,106.51092296635751,enamel_implant
mp-17177,Nb2ZnO6,154.54736769145802,115.3421927959944,57.172634338190065,232.69561728243963,enamel_implant
mp-28364,Rb2CdO2,37.74198514533679,26.72579890712266,13.24740141723738,53.91761785783589,enamel_implant
mp-4643,Nb2CuO6,139.068721702245,157.61140390017354,78.12456954629998,317.97109134357,enamel_implant
mp-15960,Li5AlO4,132.97579724892668,142.010507880209,70.39154226568344,286.49726514411805,enamel_implant
mp-657338,MgSiO3,129.36946573731686,250.26748171427766,124.05218655845573,504.8988989330879,enamel_implant
mp-1105765,NaNbO3,202.2166330852644,137.7612647359802,68.28528419472113,277.9246844391687,enamel_implant
mp-11649,Ca3SiO,109.4362599743761,95.17778974759743,47.17757516523908,192.01520276337746,enamel_implant
mp-1340758,YCuO3,145.80804246234135,134.27802893793947,66.55871942455671,270.89747536227026,enamel_implant
mp-1345518,CaTi2O4,219.83861352946067,214.1254834250967,106.13737843534716,431.9846912363715,enamel_implant
mp-17275,SrY2O4,158.4571033511722,166.87794836858933,82.71779554303787,336.66576180962403,enamel_implant
mp-17612,Ba2SiO4,80.18125380473532,130.52054916841988,64.6962178395916,263.3169963268049,enamel_implant
mp-19893,PbCO3,57.2537442692603,29.584532540994882,14.664413949752177,59.68493310869585,enamel_implant
mp-20489,SrPbO3,130.0607188758966,100.04887024371614,49.592064583946886,201.84230120324827,enamel_implant
mp-20525,CuSO4,74.48551224758201,45.55044760941908,22.578373290685704,91.89516227346508,enamel_implant
mp-21455,EuAlO3,264.8891004861754,282.5685654030904,140.0631362525897,570.0643030723531,enamel_implant
mp-22212,NaSbO3,227.15936058335816,182.63612789179473,90.52878485992437,368.45689758146904,enamel_implant
mp-22220,LaLuO3,185.41729140193252,146.3635117526227,72.5492322890595,295.2791765901378,enamel_implant
mp-22390,SrRuO3,187.06292511460887,125.88736195431082,62.399646983849784,253.96983261647827,enamel_implant
mp-22414,CuSeO3,63.12843271613938,67.05867031491,33.23953485001488,135.2866484051229,enamel_implant
mp-23013,U(ClO)2,37.68223043855937,119.57183767225601,59.2691779709144,241.22865971477827,enamel_implant
mp-23526,KClO4,22.16302587017874,23.754559403676893,11.774622154559886,47.923329093349246,enamel_implant
mp-2719342,Ca2SiO4,119.4373736623189,133.5576427958088,66.20163956949288,269.44414164317493,enamel_implant
mp-27425,Sr(HO)2,63.26998028399019,56.60357825549896,28.05717147721119,114.19415795098031,enamel_implant
mp-2878,Li3PO4,105.5153364481945,113.39468827883273,56.20729840228852,228.76664944512095,enamel_implant
mp-2879,SrSnO3,190.2868445716701,187.53327637828073,92.95619561856056,378.3365865518542,enamel_implant
mp-2892,BaNd2O4,125.04540828016154,135.75601596673386,67.29132567995629,273.8792212062134,enamel_implant
mp-2895,Mg2SiO4,185.1690297582533,226.72995869947894,112.38514465530791,457.4134270995888,enamel_implant
mp-29356,NaTi2O4,198.16579135526396,181.62172113071216,90.02596533295267,366.4103957617656,enamel_implant
mp-30206,CsClO4,14.94126628757108,20.03363026418371,9.930237927646282,40.41658865440163,enamel_implant
mp-30301,LiClO4,45.082822960797735,38.68936567519612,19.177483130018377,78.05336113194168,enamel_implant
mp-3031,BaSi2O5,85.84297994269343,83.47686514821937,41.37767950414145,168.40932354064333,enamel_implant
mp-3081,BeAl2O4,359.73706141576207,210.3713863572735,104.27655358256892,424.411036588758,enamel_implant
mp-31116,LaScO3,202.40571226642749,178.3617105423882,88.41004847905229,359.8335295013933,enamel_implant
mp-31118,SmScO3,210.1483624180919,189.06565012716555,93.71576019671443,381.42805418187265,enamel_implant
mp-31119,TbScO3,211.2663214992997,201.39114441871504,99.82524156763458,406.2939634641426,enamel_implant
mp-31120,DyScO3,211.55912018129567,192.52124320717635,95.42862306845184,388.3994958142704,enamel_implant
mp-3164,BaSO4,53.87481908091396,56.11989284976754,27.817419066005414,113.2183530756885,enamel_implant
mp-3196,NdGaO3,198.4363826290286,161.00505220261894,79.80672772939695,324.8175632844473,enamel_implant
mp-3372,Rb2SO4,34.09102087811906,30.946695631281532,15.339608779866785,62.43301144369189,enamel_implant
mp-3378,SrHfO3,231.50819849068088,225.00627332040088,111.53075103313692,453.93600029190964,enamel_implant
mp-3472,PbSO4,52.36278034259375,24.91392688898474,12.349295582334308,50.26228005406193,enamel_implant
mp-3792,YAlO3,280.4226844657418,220.80194467124727,109.44675610752647,445.45403175500644,enamel_implant
mp-3822,SrCO3,75.77508175695212,59.68411685911155,29.58412794370155,120.40895077356753,enamel_implant
mp-3917,Cd2GeO4,91.15596622354082,108.63424817245209,53.847651035671035,219.16276103067426,enamel_implant
mp-3952,BaY2O4,151.6824729978636,157.60607177749208,78.12192652822547,317.96033412152735,enamel_implant
mp-4019,CaTiO3,256.3255560759512,190.73527820261214,94.5433587807566,384.7964237804574,enamel_implant
mp-4056,CaSc2O4,208.2703538774805,207.04545527128298,102.62796136142329,417.7011798716912,enamel_implant
mp-4112,Tl2SO4,23.58664560511459,81.4525664416429,40.37427834679509,164.3254282576397,enamel_implant
mp-4355,YTiO3,205.03771176098508,192.58841271444047,95.46191754278424,388.53500606924723,enamel_implant
mp-4387,SrZrO3,209.24060571494456,210.03258891986374,104.10861900863547,423.7275340740173,enamel_implant
mp-4438,CaSnO3,197.24242634274125,153.44065958600433,76.0572216503411,309.55687708956,enamel_implant
mp-4471,ScAlO3,294.0316520993173,215.41943679918114,106.77876318202043,434.5951607603021,enamel_implant
mp-4481,Ca2SiO4,125.79471482701707,133.5576427958088,66.20163956949288,269.44414164317493,enamel_implant
mp-4529,K2SO4,40.87135170660147,36.16127881239671,17.92436506213444,72.95310493928184,enamel_implant
mp-4571,CaZrO3,214.66969717406292,204.96805710641115,101.59823994919807,413.5101597722966,enamel_implant
mp-4626,CaCO3,86.1730100947522,86.68738201561916,42.96906338931771,174.88633933291828,enamel_implant
mp-4789,PrRhO3,165.55044353966088,141.8738199270004,70.32378899883639,286.22150579815866,enamel_implant
mp-504935,K2PbO3,49.111157000949255,46.332736831538654,22.966137165801687,93.47338156184361,enamel_implant
mp-505782,Cs2SO4,27.1922391564886,20.739759874720757,10.28025112784621,41.84116071794777,enamel_implant
mp-5126,ZnSO4,85.56849911676919,53.78905492700121,26.662073038419454,108.51603420974904,enamel_implant
mp-5158,KNO3,21.731645690426483,26.79792763075685,13.283154068038044,54.06313301983336,enamel_implant
mp-5163,LaRhO3,158.4312362077812,171.33920847005015,84.92914584153188,345.6660733868719,enamel_implant
mp-5223,GdAlO3,273.1597009573061,220.16195416785678,109.1295266345705,444.16289117902704,enamel_implant
mp-5285,SrSO4,66.04387133581197,61.624475042858904,30.545921596443296,124.32350133283003,enamel_implant
mp-5504,BaCO3,57.62691979947052,69.06151945016386,34.23230391802591,139.3272705274698,enamel_implant
mp-553939,CaCO3,77.96441737611875,86.68738201561916,42.96906338931771,174.88633933291828,enamel_implant
mp-556075,SrDy2O4,161.42295495993503,141.65304944714464,70.21435783915847,285.7761152446893,enamel_implant
mp-556084,KClO3,21.060443205801175,21.711700232038368,10.762020975465921,43.80198923980323,enamel_implant
mp-557753,K3PO4,50.091790771452494,44.79810875113194,22.205455164191097,90.37736595980967,enamel_implant
mp-560445,SrEr2O4,172.1669874099671,133.79745843689838,66.32051100434452,269.92795461121887,enamel_implant
mp-5637,SrZnO2,127.20833027205678,124.23157784994594,61.57891055733433,250.62939235856584,enamel_implant
mp-5690,GdScO3,208.2241543122076,189.49869993651578,93.93041363618904,382.3017049271729,enamel_implant
mp-5692,TbRhO3,182.2997146654426,148.86538734711806,73.78935799723565,300.3265531980601,enamel_implant
mp-5788,NaUO3,133.24323384662776,163.14434528892883,80.86712911765686,329.1334524937621,enamel_implant
mp-5915,TlNO3,22.05578370483613,101.64737490136429,50.3844088255832,205.06718378111103,enamel_implant
mp-625152,AlHO2,269.2859129010833,193.49020121625745,95.90891463044977,390.35430763619127,enamel_implant
mp-7405,SmAlO3,275.9115128777346,259.44920903246856,128.60337052531827,523.4224561347824,enamel_implant
mp-753360,BiOF,68.1671492256658,70.44783072937855,34.9194684839505,142.12406631435962,enamel_implant
mp-753656,SbOF,32.06295007538952,87.03869627768043,43.14320228295003,175.59509375390505,enamel_implant
mp-756630,DyAlO3,284.0544032390309,233.62101630257357,115.80089310775814,471.3157022671599,enamel_implant
mp-770771,SrSc2O4,204.94388049720013,190.44433768708282,94.39914584960536,384.20946959472155,enamel_implant
mp-777413,CeScO3,221.71275406553772,169.50950417034113,84.0222009297137,341.97476007693535,enamel_implant
mp-7899,BaCdO2,93.7469861317283,88.57167837067304,43.903068404141926,178.68778867988735,enamel_implant
mp-12630,MgSeO4,97.5135706270612,79.80492958055727,39.55758033284643,161.00142455046432,enamel_implant
mp-1524357,BiPO4,101.48394082810006,69.5116370119641,34.455417473839084,140.2353543895308,enamel_implant
mp-20343,NaAuO2,35.879708072906915,62.29960097238102,30.88056694143919,125.68552542050618,enamel_implant
mp-23891,NaHO,58.28971878492412,38.040374350935885,18.855792144515657,76.74406196613869,enamel_implant
mp-2654140,CaSn2O5,119.62959725771026,112.53762836205202,55.78247230838297,227.03758498441607,enamel_implant
mp-28232,MgTi2O5,188.31213263482576,180.73839380638825,89.58811905233074,364.62833845894016,enamel_implant
mp-3047,MgGeO3,124.12212438158804,183.68871608056222,91.05053009613243,370.58042802936563,enamel_implant
mp-31368,KClO2,20.80435346332945,18.385001640878798,9.113048318581049,37.09058412934497,enamel_implant
mp-3143,Na2SO4,59.12367599219258,55.91056782033326,27.713661168955163,112.79605299836098,enamel_implant
mp-3982,KCuO2,44.147963212937285,46.453365176352,23.025930031548853,93.71674165824604,enamel_implant
mp-4243,CaIrO3,183.8591593733824,113.19219475099293,56.10692673306327,228.35813149246053,enamel_implant
mp-4391,MgSiO3,276.31400111497544,250.26748171427766,124.05218655845573,504.8988989330879,enamel_implant
mp-4406,CaSO4,80.77640965597895,85.99733536328505,42.62702216421313,173.49421362569706,enamel_implant
mp-4673,SrHfO3,228.77486763095283,225.00627332040088,111.53075103313692,453.93600029190964,enamel_implant
mp-4699,NaTaO3,126.64785004248483,182.34252238135562,90.38325094834266,367.8645669361692,enamel_implant
mp-4784,CaPtO3,177.86476694009573,109.30097660778006,54.17813392412539,220.5078437021369,enamel_implant
mp-4930,TiAl2O5,241.60427871948735,228.5611953870261,113.29284913868797,461.10783190557953,enamel_implant
mp-541037,CsCuO,17.806943511195506,24.20500709465406,11.997899348277448,48.83207897025484,enamel_implant
mp-548658,RbPO3,36.10858273838977,42.300506951836745,20.96744788400985,85.33861146482047,enamel_implant
mp-553310,CsCuO2,31.97522061317933,31.91555459116836,15.81985124531792,64.38762344009497,enamel_implant
mp-5787,SrCuO2,108.3339170962228,117.19072051932265,58.08890961463447,236.42490566526385,enamel_implant
mp-5839,TiPO4,157.80319312085322,128.37295804972894,63.6317032958632,258.98436635922695,enamel_implant
mp-754358,ZnSeO4,78.96642903417374,47.19760233007455,23.394832318034187,95.21819329265618,enamel_implant
mp-755920,Ti3NO4,199.91071747222003,172.14773202119707,85.3299135070582,347.2972187835464,enamel_implant
mp-7572,MgSO4,118.66392734511072,75.90856211393297,37.62623511548493,153.14074832412467,enamel_implant
mp-761036,CdSeO4,54.95970972593865,70.77588961305352,35.08208018867956,142.78590447254996,enamel_implant
mp-8459,CdSO4,68.56111628343676,56.34912392045598,27.931043957866123,113.68081233886988,enamel_implant
mp-9172,Li4TiO4,110.71421722977264,117.6915172364173,58.33714373339151,237.43523153468328,enamel_implant
mp-996979,BaAgO2,73.17499305186489,82.21724393871003,40.753312470099694,165.86811699875582,enamel_implant
mp-997024,CsAuO2,28.44019554589897,29.98337077252002,14.862109448843373,60.48956414813454,enamel_implant
mp-997034,BaCuO2,90.05969194432889,103.56818064427722,51.33651075560711,208.94228852111996,enamel_implant
mp-997041,NaCuO2,57.47813185297074,65.74685989303696,32.58929875034728,132.640153410744,enamel_implant
mp-16115,Pr2CuO4,132.47710361350843,152.19729661363428,75.4409134733786,307.04847051822395,enamel_implant
mp-36480,La2CuO4,134.38814894475587,141.09973827000556,69.94009343652345,284.65984475604535,enamel_implant
mp-2224869,CuTeO4,94.23210803285885,71.97538832403086,35.676645798448504,145.20581765621935,enamel_implant
mp-2724101,Li2HfO3,122.34586070772728,166.10284197315764,82.33359204000936,335.1020334221852,enamel_implant
mp-3988,BaCu3O4,86.64217141329759,87.68610975670063,43.46411116463832,176.90120971620544,enamel_implant
mp-545598,UCdO4,109.5382179834956,119.43168638180498,59.199708002581524,240.945913303826,enamel_implant
mp-546142,Na2UO4,62.29494965945128,146.95641714750948,72.84312269045803,296.47532592204175,enamel_implant
mp-5938,SrCu2O3,116.28131167894357,92.36451343499479,45.783094845299225,186.33959479825933,enamel_implant
mp-603719,AlPO4,414.487940602124,108.70027948923727,53.88038133356042,219.2959750579685,enamel_implant
mp-675025,SbRhO4,242.27587135124776,175.1848944573712,86.8353693439885,353.42450291731154,enamel_implant
mp-675172,TaAlO4,302.1445879280286,183.82149905134412,91.11634774751244,370.8483093189588,enamel_implant
mp-676861,AlSbO4,300.1835343413828,84.54897591637739,41.9091016613944,170.57223956420918,enamel_implant
mp-752953,ZrTi2O,185.1328611109356,148.40369526028167,73.56050719929549,299.3951184599428,enamel_implant
mp-753315,Mg3ZnO4,245.01578657309312,181.63220005625624,90.03115951006917,366.4315363347756,enamel_implant
mp-753459,Nb3O7F,238.35294732144823,133.56439429133093,66.20498614003543,269.4577623606246,enamel_implant
mp-753495,Sb3O7F,261.9824953595457,110.80481680913668,54.92355503890602,223.54174669518787,enamel_implant
mp-753747,Ta3O7F,303.51509950828785,170.0002564421479,84.26545623383532,342.9648219099266,enamel_implant
mp-753823,CeTh3O8,215.2041669370487,177.1166383941109,87.79289310049948,357.3216747751962,enamel_implant
mp-754478,HfZrO4,253.55955187618105,185.77815001557852,92.08621737972499,374.7957295378036,enamel_implant
mp-754534,Li2CeO3,102.50442698117963,142.45075528786418,70.60976339921716,287.3854365911661,enamel_implant
mp-754631,NaCu2O3,93.31227054337228,69.44237505619664,34.42108581796668,140.09562275134354,enamel_implant
mp-755287,Ca3CdO4,159.6654621388523,131.7350279970532,65.29820877021086,265.7671309553803,enamel_implant
mp-755594,ZnReO4,172.31593419094855,85.15197208605133,42.20799384196074,171.78874639939133,enamel_implant
mp-760401,Nb3O7F,163.1420902238684,133.56439429133093,66.20498614003543,269.4577623606246,enamel_implant
mp-760403,CaCd3O4,130.61343722657642,105.8410497124886,52.46312287373519,213.5276588700698,enamel_implant
mp-8207,Zn(PtO2)3,172.00914551292988,190.2714551090734,94.31345168880976,383.86068987038914,enamel_implant
mp-8208,Mg(PtO2)3,186.76677199853447,134.13426792547443,66.48746019496768,270.60744656425817,enamel_implant
mp-8212,Cd(PtO2)3,189.7483823117897,126.36848760677161,62.6381305806331,254.9404733505919,enamel_implant
mp-867744,LiTi3O4,213.6458720252781,177.8686167873347,88.16563255224587,358.8387438732647,enamel_implant
mp-997005,CaAgO2,103.77962543022822,123.46151033933754,61.19720472070606,249.07582960423957,enamel_implant
mp-997037,CdAuO2,79.94796271848121,51.38329663084083,25.469590599528097,103.66256820405654,enamel_implant
mp-997031,MgCuO2,165.16272263209862,111.0460688156661,55.04313844909016,224.02845744013862,enamel_implant
mp-615141,Pb(ClO2)2,23.9367293743874,15.344610087623925,7.605991878041458,30.956785455027347,enamel_implant
mp-27175,InOF,150.02763665380286,107.12037961752709,53.09725908257287,216.10862646522685,enamel_implant
mp-4770,Na2SO4,56.26397021010138,55.91056782033326,27.713661168955163,112.79605299836098,enamel_implant
mp-5141,Na2SeO4,54.76469565249669,58.70329534026052,29.097955896084247,118.43020506707124,enamel_implant
mp-5625,Ag2SO4,31.28835544971842,49.225764862532856,24.40014869043701,99.30988360128616,enamel_implant
mp-754084,Cu2OF2,27.455024061597683,54.072763001858995,26.802701004902847,109.0883974014547,enamel_implant
mp-22313,Na2PtO2,74.11578159726537,64.36079476419391,31.902256195846693,129.84385421674256,enamel_implant
mp-27562,Na2Pd3O4,93.23497096355186,89.71837603430386,44.47146167489564,181.0011790724807,enamel_implant
mp-29133,OsCl2O,55.9826834344923,28.464696841091552,14.109335574376885,57.42573503791869,enamel_implant
mp-29352,Ba2PdO3,113.40327982065448,88.6605495770299,43.94711994210098,178.86708074743473,enamel_implant
mp-4359,Sr2PdO3,141.0553494008652,120.58379217966036,59.77078196869032,243.27021426696797,enamel_implant
mp-4711,Li2CuO2,112.48385661045124,103.64498273059614,51.374579891376776,209.09723189831212,enamel_implant
mp-510076,Rb7Au5O2,19.765027643601236,31.212438645024037,15.471331853482187,62.9691312548583,enamel_implant
mp-540584,K2PdO2,47.26103391603168,41.115093761843845,20.37986416283852,82.94711493355526,enamel_implant
mp-5456,Sr2CuO3,136.3035260976546,158.31088972778525,78.47128956676572,319.3822599930538,enamel_implant
mp-5495,Ag2PdO2,45.85255628961501,45.55137947386387,22.578835195768857,91.89704225135475,enamel_implant
mp-5869,Ca2CuO3,155.3768308307479,143.2642643723472,71.01300228596354,289.0266399876844,enamel_implant
mp-755974,Na2CuO2,65.27511104070965,82.25774226746765,40.773386617168,165.94981982909675,enamel_implant
mp-7608,Li2PdO2,112.96581891083596,109.88714498086405,54.46868492929153,221.69040151640937,enamel_implant
mp-8790,Ba2CuO3,100.7839024168548,93.34678800362403,46.269987138315294,188.3212719412654,enamel_implant
mp-997055,CuBiO2,59.45913404320654,58.21407910678491,28.855461972995084,117.44324209477416,enamel_implant
mp-27227,LiAg3O2,53.1853746655465,74.14194762457834,36.750562460335544,149.57671473732125,enamel_implant
mp-3527,Na3AgO2,70.42767780514136,51.01241283991483,25.28575151301031,102.91433348979008,enamel_implant
mp-754352,Na3CuO2,67.58371620467298,78.01486814471593,38.67028553262301,157.39008822427428,enamel_implant
mp-8187,K2ZnO2,25.420043315598782,52.8215265993183,26.182490138618917,106.56410668010145,enamel_implant
mp-5391,Mg2SiO4,252.47363137939607,226.72995869947894,112.38514465530791,457.4134270995888,enamel_implant
mp-5392,Mg2SiO4,164.66256913204998,226.72995869947894,112.38514465530791,457.4134270995888,enamel_implant
mp-675464,CdIn2O4,112.85459058961168,132.0419586816251,65.4503476828743,266.38634430114786,enamel_implant
mp-2051619,Cd(HO)2,57.93780261850034,57.28203340190346,28.393467043126556,115.56289852426103,enamel_implant
mp-34857,KNO2,21.995615821830413,29.089766827957565,14.419169269476438,58.686774410525146,enamel_implant
mp-675755,TiCu3O4,70.96057912877731,136.6815889544853,67.75011222371148,275.74650647714384,enamel_implant
mp-761034,Hf5N5O2,318.5090315646307,229.0947250421332,113.55730826800217,462.18419441806634,enamel_implant
mp-773044,LiCuO2,59.56559051677384,104.38162891718945,51.73971949937098,210.58336923412006,enamel_implant
mp-3277,BAsO4,99.93976167583452,127.35590579161838,63.12757245314001,256.9325274157094,enamel_implant
mp-3589,BPO4,136.48878706564187,187.3754062646564,92.8779428121904,378.0180935299187,enamel_implant
mp-5046,BeSO4,78.99474097921586,37.50430988025101,18.590076561854858,75.66258562270009,enamel_implant
mp-540284,CuPO4,72.79508139193635,62.62387684948309,31.041303491498056,126.33973160094122,enamel_implant
mp-677335,GaPO4,48.11675123609676,74.0108296090237,36.68557009130964,149.3121923901495,enamel_implant
mp-7848,AlPO4,55.019263854304505,108.70027948923727,53.88038133356042,219.2959750579685,enamel_implant
mp-7849,AlAsO4,44.632611180904526,101.512590694506,50.31759920469363,204.79526512364035,enamel_implant
mp-560340,La2Pd2O5,131.1611789448209,93.43546133360776,46.31394059322902,188.5001648056793,enamel_implant
mp-15922,Gd2ReO5,156.138797985953,144.79641189034263,71.77245472635065,292.1176512111166,enamel_implant
mp-28698,Na4IrO4,56.02246361809657,78.81052627597289,39.06467608731811,158.99527844574072,enamel_implant
mp-5327,Na4UO5,76.16086863146803,123.01760555283614,60.977170703453545,248.18027962547103,enamel_implant
mp-755298,Li4NbO4,96.15741814510984,157.15947801769894,77.90055964497634,317.0593593083178,enamel_implant
mp-7714,Li4UO5,131.35471327603665,167.12080169495397,82.83817269288636,337.15570311659627,enamel_implant
mp-867568,CsTi6O12,137.85469481393923,154.39542764352586,76.53047955976035,311.4830615769616,enamel_implant
mp-11736,ZrSiO4,265.2679926528225,157.50871020701993,78.07366650011033,317.76391327854344,enamel_implant
mp-12523,YbPO4,125.13751637968866,84.63970448971187,41.9540738560574,170.75527875277882,enamel_implant
mp-15051,Nd(PdO2)2,128.35962509591917,121.18699459041142,60.06977637850513,244.48713718054765,enamel_implant
mp-15053,Y(PdO2)2,162.66167177510505,144.92852028141712,71.83793800313616,292.38417157859084,enamel_implant
mp-23562,KIO4,26.83482795290543,23.033474806532674,11.417196090427877,46.46858628520696,enamel_implant
mp-4757,KReO4,28.00468624036584,110.13920008021218,54.59362319931033,222.19890682145189,enamel_implant
mp-5558,NaReO4,26.85469777119763,98.19143147148584,48.67137229298164,198.09503533989738,enamel_implant
mp-753911,GdAsO4,156.237778792274,112.8172279931728,55.92106380802123,227.60165964936255,enamel_implant
mp-759541,Ba(PdO2)2,65.41621752480455,120.87684913818424,59.916043974932755,243.86143824329068,enamel_implant
mp-7621,KTcO4,26.38221909568807,92.39373677600688,45.797580224407454,186.3985510501826,enamel_implant
mp-772099,Cd(CuO2)2,128.07267633298886,87.95561597276723,43.59769957638542,177.44492155130115,enamel_implant
mp-8042,ZrGeO4,228.11910301788456,235.7377011666527,116.85008808844677,475.58598081050656,enamel_implant
mp-9755,HfGeO4,244.66884907641867,163.05174205468757,80.82122769406269,328.9466312947561,enamel_implant
mp-9756,ThGeO4,175.17077245241262,149.27692076720774,73.99334622716594,301.1567959817177,enamel_implant
mp-36066,PNO,122.19679440288428,20.3266029299853,10.075458151806444,41.007642575460345,enamel_implant
mp-752401,Rb2ZrO3,35.09841127548514,55.311235666686756,27.416585162015043,111.58693808499486,enamel_implant
mp-752467,NbO2F,144.099221580114,134.01801947371368,66.42983834762988,270.372922626531,enamel_implant
mp-757031,Mg2TiO4,185.33849067443097,155.08882787510086,76.87418308167943,312.8819529193129,enamel_implant
mp-3427,LiAlO2,133.40124553685052,215.72008276747385,106.92778689653271,435.20169508637554,enamel_implant
mp-8537,S(OF)2,4.3662340191613005,16.765256887293738,8.310175820034823,33.82285099423712,enamel_implant
mp-29816,Ag2HgO2,33.81705988747814,41.97234230953505,20.80478375701322,84.67655994525445,enamel_implant
mp-13108,SrHfO3,230.160458431641,225.00627332040088,111.53075103313692,453.93600029190964,enamel_implant
mp-20459,TiPbO3,100.21743572718984,165.99134454664616,82.27832517329682,334.87709437899065,enamel_implant
mp-4342,KNbO3,153.6614385978851,123.52006038460685,61.22622671385117,249.19395063693017,enamel_implant
mp-5986,BaTiO3,129.30387946580058,167.8768906077879,83.21294964044337,338.6810649293675,enamel_implant
mp-760376,KTiO3,63.13197540739926,148.88633272375404,73.7997401681521,300.3688091776576,enamel_implant
mp-1019573,CaAl2SiO6,181.17833601098616,146.13973780569705,72.43831237561011,294.8277267308162,enamel_implant
mp-24390,CaPHO4,99.6206854634594,61.37964507948572,30.42456467031198,123.82957228505197,enamel_implant
mp-6081,Ba2Ti(SiO4)2,93.99129729874662,102.67377740976387,50.89317438547091,207.13788626632146,enamel_implant
mp-1025276,Sm2AlNO3,274.05324153111474,211.10945891322976,104.64240021105616,425.90005153501653,enamel_implant
mp-1025277,Pr2AlNO3,257.18442533965214,227.2591551615522,112.64745591440364,458.48104766775,enamel_implant
mp-546679,Nd2AlNO3,263.8480317705091,233.80660103865947,115.89288345402939,471.6901077962631,enamel_implant
mp-19949,Sc2Cu2Ge4O13,91.63453055322172,150.47303823315005,74.58623582678362,303.5698877162579,enamel_implant
mp-6384,RbSO2F,19.925708600337263,24.254930235895422,12.02264517138014,48.93279576682541,enamel_implant
mp-6560,KSO2F,21.73470036319613,27.96793109857153,13.863099522674018,56.42354140609725,enamel_implant
mp-559691,Ca2Al2SiO7,136.5441355476587,100.13793301196952,49.63621107500158,202.02197973486992,enamel_implant
mp-6094,Ca2MgSi2O7,94.26468312160694,143.29584776843666,71.02865749341198,289.09035750224484,enamel_implant
mp-6564,Sr2MgSi2O7,112.15214525021692,152.55603524071063,75.61873246443156,307.77220312852927,enamel_implant
mp-754213,Li2ZrCuO4,149.9334656855294,150.37546107331593,74.53786893567707,303.3730319352999,enamel_implant
mp-754238,Li2CuBiO4,138.3919089336226,71.45344002988347,35.417927299681004,144.1528198108345,enamel_implant
mp-1129406,Ca2Mg5(SiO3)8,131.75355539244873,153.02759639130838,75.85247514417155,308.723548081879,enamel_implant
mp-551092,KLiZnO2,75.80937379901134,58.48519375498868,28.98984764982105,117.99019884051307,enamel_implant
mp-6167,Ba2NdNbO6,129.46809726819228,155.96978743953014,77.31085571484958,314.659233415517,enamel_implant
mp-12015,KAg2AsO4,52.381890643177655,69.84889282364408,34.62258789718722,140.91574677135216,enamel_implant
mp-5990,CsLi(B3O5)2,43.37216968440921,53.62930771082272,26.582889792846256,108.1937542515073,enamel_implant
mp-696752,KP(HO2)2,28.077916669471268,26.53806620230682,13.154346369248662,53.53887893695818,enamel_implant
mp-1025437,CeBi2SeO4,82.57273025564922,75.21034024236086,37.2801416107349,151.73212962642972,enamel_implant
mp-1046056,Ba2TlBi2O7,23.31611217306016,65.76145408386029,32.596532775600124,132.66959627254548,enamel_implant
mp-11147,Na5CuSO2,47.43987548638133,59.64398617895789,29.564236032107445,120.3279896511547,enamel_implant
mp-545529,NdBi2ClO4,70.86086721361575,72.45129087750472,35.9125404178485,146.16592111673492,enamel_implant
mp-545788,Ba3ZnN2O,74.92277257834654,85.08461284673014,42.17460532154462,171.65285337192614,enamel_implant
mp-546152,SmBi2ClO4,73.2317906844281,77.22079443634694,38.27668034214039,155.78809447630127,enamel_implant
mp-546266,DyBi2IO4,92.73157874050464,91.42933098219623,45.31954509722126,184.45292303617,enamel_implant
mp-546350,TmBi2BrO4,95.46933766850546,90.3413887600194,44.78027563006618,182.2580680501474,enamel_implant
mp-546621,ErBi2BrO4,93.40111611950137,101.78513767975662,50.45269486006468,205.34511151925665,enamel_implant
mp-547125,TbBi2ClO4,80.94019743678558,76.4124886738182,37.8760206297293,154.15738845446197,enamel_implant
mp-549475,TbBi2BrO4,86.27392974838135,88.50374921529232,43.869397388641524,178.55074588262798,enamel_implant
mp-549490,KNb4O5F,213.3705393584789,205.60527589992387,101.91409554541828,414.79570859797803,enamel_implant
mp-549709,ErBi2ClO4,88.30918475979311,83.99695779862101,41.63547820037384,169.4585777415178,enamel_implant
mp-550111,SmBi2BrO4,81.00734398073836,88.79095151599238,44.01175736742269,179.13015845513334,enamel_implant
mp-550566,EuBi2ClO4,77.32528367627417,82.4122306995041,40.849963196997045,166.2614905211851,enamel_implant
mp-551101,HoBi2IO4,93.88432254280224,87.61962707524684,43.431157135029196,176.76708508908965,enamel_implant
mp-551250,ErBi2IO4,95.3365381541004,94.27944285763748,46.73228401025495,190.2028444318281,enamel_implant
mp-551900,PrBi2BrO4,74.36176698734513,65.81873602302626,32.62492619593254,132.7851589809547,enamel_implant
mp-552008,DyBi2ClO4,85.62072357215608,84.00812137554362,41.64101174439473,169.48109955560955,enamel_implant
mp-552016,YbBi2BrO4,66.11579943855271,92.06872619223876,45.63647949611905,185.7428626452724,enamel_implant
mp-552292,SmBi2IO4,86.73063085398216,61.800863858146755,30.633353723346204,124.6793546702789,enamel_implant
mp-552738,TmBi2IO4,94.22673546803526,84.99561844734298,42.13049271946059,171.47331277019074,enamel_implant
mp-552857,TbBi2IO4,88.63453754801284,83.97281957724702,41.623513405265165,169.40988039853718,enamel_implant
mp-552992,DyBi2BrO4,88.85931049505452,88.7065047303174,43.969898919257325,178.95979237795194,enamel_implant
mp-553243,YBi2BrO4,88.33543209813048,65.69286997335205,32.56253711298572,132.53123214452245,enamel_implant
mp-553248,CsLaNb2O7,93.08993316045408,211.1737381663934,104.67426204884137,426.0297308841843,enamel_implant
mp-562809,GdBi2BrO4,89.49502218881452,83.48270709828311,41.380575232640446,168.4211093073542,enamel_implant
mp-620290,Sr2TlCuO5,131.43483860344128,128.1989915334085,63.54547185025276,258.63339985754743,enamel_implant
mp-6562,Ba2CuHgO4,66.40136495989084,70.4140111449971,34.90270484625263,142.0558374306085,enamel_implant
mp-557862,BaAg2(HgO2)2,46.26032938018609,35.84296649345842,17.766584519083832,72.31092986224861,enamel_implant
mp-10316,CeCdAsO,72.64476234074931,65.12007644742599,32.27861573074727,131.3756572429208,enamel_implant
mp-12516,NdZnSbO,61.75992179698126,49.189033104013596,24.381941550902784,99.23577958942965,enamel_implant
mp-21372,CePRuO,168.51147407753717,132.63797303611318,65.74577912841417,267.5887657634492,enamel_implant
mp-23116,CuBiSeO,80.2890305797026,43.73796285530029,21.679963735787968,88.23858831339962,enamel_implant
mp-546011,YZnAsO,87.37842649141251,81.41479172759188,40.35555423672472,164.24922014861477,enamel_implant
mp-6088,LaCuSO,104.08563271690194,96.45024133434791,47.808301940227715,194.5822937841336,enamel_implant
mp-6228,Na2TiGeO5,110.1661464724584,120.67705917411263,59.81701240388824,243.45837456043952,enamel_implant
mp-6521,LiLaTiO4,140.87978859105684,194.0343065158985,96.17861587839526,391.4520058461651,enamel_implant
mp-6625,LaAgSO,88.73662210740528,85.60269442768575,42.43140717407846,172.69805036671846,enamel_implant
mp-9194,SmCuSeO,92.61667455594072,70.52148978514414,34.95597968734362,142.2726688251523,enamel_implant
mp-9304,DyCuSeO,99.54707118285074,77.43950383372278,38.385089867738806,156.22932692553914,enamel_implant
mp-974307,NdCuTeO,46.48600492642005,59.878465079463574,29.680462159890045,120.80103608082838,enamel_implant
mp-975646,PrZnSbO,47.27433944766586,70.03390510180631,34.71429448842703,141.2889974026102,enamel_implant
mp-983603,ErZnAsO,90.65034789172702,109.13518505010182,54.095954628988686,220.17336966519548,enamel_implant
mp-1019584,CaAl2SiO6,180.30705756985637,146.13973780569705,72.43831237561011,294.8277267308162,enamel_implant
mp-6442,LiAl(Si2O5)2,108.58988793497588,110.50370755804617,54.77430168511473,222.93427772521704,enamel_implant
mp-1022723,Ce2Cu(NO)2,159.61875978644466,155.14043257449435,76.89976241684757,312.9860621536611,enamel_implant
mp-1025280,Sr2Cu(OF)2,115.9000014742046,48.50822795161211,24.04448113775935,97.86229802689923,enamel_implant
mp-1025360,Na2Ti2As2O,70.14463730477165,64.6645238827989,32.05280816139305,130.4566086045965,enamel_implant
mp-10960,Tb2Ti2S2O5,160.24943361063828,148.61170218820433,73.66361174188873,299.8147593503982,enamel_implant
mp-15901,Li2LaTa2O7,171.90815860634157,142.1787518882753,70.47493718752075,286.836686845423,enamel_implant
mp-21445,Ba3In2O5F2,93.53009451330249,108.91658856081968,53.98760106949424,219.7323650009331,enamel_implant
mp-23085,Ba2Cu3(ClO2)2,57.71016289911604,54.89378520134106,27.209663980520514,110.7447580348005,enamel_implant
mp-23095,Ca3Cu2(ClO2)2,90.07900069191476,74.56831130361046,36.96190172938779,150.4368766353586,enamel_implant
mp-23102,Sr2Cu(ClO)2,72.86839157083052,40.31151123244533,19.981545655099396,81.32593773739687,enamel_implant
mp-23143,Ca2Cu(ClO)2,65.01957917294182,62.12054704624397,30.79181377663716,125.32429538959288,enamel_implant
mp-545481,Ca2Cu(BrO)2,41.810681031629,49.71774028271504,24.644010282796387,100.3024130591712,enamel_implant
mp-546898,Sr2Cu(BrO)2,36.16455257514863,42.13879650935946,20.88729150955308,85.01237082103607,enamel_implant
mp-549487,Sr2Cu(IO)2,24.767880088107304,42.11060794322856,20.873319046009144,84.95550216233337,enamel_implant
mp-552028,Nd2Ti2S2O5,143.6684882592264,168.01099440752694,83.27942199821624,338.9516109082825,enamel_implant
mp-552802,ErU2S3O2,94.43478506078952,137.74401844452422,68.27673558045257,277.88989113119607,enamel_implant
mp-5999,Sm2Ti2S2O5,152.21732891834685,146.38531853026905,72.56004143785619,295.3231703920792,enamel_implant
mp-7112,Sr2Cu3(SO)2,102.83716902931285,53.64238234541448,26.5893706068875,108.22013150421354,enamel_implant
mp-990430,SrTa2H2O7,111.23731517078218,147.95714584288638,73.33916229561545,298.49423310473117,enamel_implant
mp-1105147,Sr2YOsO6,173.0727830391441,151.55794704806158,75.12400169945889,305.7586229939677,enamel_implant
mp-16796,Sr2GdRuO6,167.030623857112,180.99244219313536,89.71404535187136,365.1408650959037,enamel_implant
mp-23733,Cu3H2(CO4)2,53.71978998635066,69.41648513846931,34.40825274480074,140.043391471177,enamel_implant
mp-24141,CsHSeO4,17.93242040607405,24.31884875376699,12.054328200470575,49.061747355236854,enamel_implant
mp-504600,NaH4ClO2,27.21464123376624,23.91718616812459,11.855232730030878,48.2514183590591,enamel_implant
mp-557713,Ba2LaTaO6,128.43167882022718,177.9562469455032,88.20906892941642,359.0155322041719,enamel_implant
mp-6099,LiSc(SiO3)2,147.70179692422818,158.074366781623,78.35405024968908,318.9050898298679,enamel_implant
mp-6109,CaTiSiO5,171.768032753568,114.92475598902388,56.96571992685718,231.8534647871579,enamel_implant
mp-6152,La2ZnIrO6,113.07437230857929,154.95978265174185,76.81021815098626,312.6216122999873,enamel_implant
mp-6241,LiGa(SiO3)2,149.98909074553725,137.84087714292937,68.32474634574282,278.0852974614227,enamel_implant
mp-634431,KHCO3,29.90896389324961,36.37737221196237,18.031477894106654,73.38905977752157,enamel_implant
mp-6362,Sr2TbIrO6,160.00858458256238,149.5965443496306,74.1517767352112,301.8016164503337,enamel_implant
mp-6676,Sr2HoRuO6,176.37341441600498,170.13974071265122,84.33459557478335,343.2462226500995,enamel_implant
mp-6772,CaBe2(PO4)2,129.14179714277307,82.47165580256475,40.87941893739385,166.381376927916,enamel_implant
mp-727932,BeAlSiO5,197.95904308607828,182.5075112847816,90.46503238509857,368.1974216686552,enamel_implant
mp-552454,SrTaNO2,296.3528362379538,225.38017913759353,111.71608807281925,454.69033175404013,enamel_implant
mp-6468,BaNd2ZnO5,157.61052158943704,121.01257383754191,59.98331977764583,244.13525428520836,enamel_implant
mp-39681,NaTi2BiO6,89.0189453434946,154.8589341307756,76.76022971680634,312.41815675376085,enamel_implant
mp-6628,CsCd(NO2)3,33.22658783755712,25.18144816317527,12.481900101255098,50.80198739380406,enamel_implant
mp-1020011,Li14P2(N2O)3,161.1198919726649,71.52968523521253,35.45572040156895,144.30663971566545,enamel_implant
mp-554822,CsSb(PO4)2,62.91756403659736,67.62753774484928,33.52151015125047,136.43430265507914,enamel_implant
mp-1412249,La2MgTiO6,189.84952647878904,192.08234644591377,95.21107142116989,387.51404921134423,enamel_implant
mp-14398,CaSn(BO3)2,139.22179004184295,119.77014993104933,59.36747707536115,241.6287422201994,enamel_implant
mp-550081,Ba2LaIrO6,104.32504741832732,142.83559456451584,70.80051991866269,288.16182561988325,enamel_implant
mp-555477,Ag2H3IO6,61.02355521020137,40.02912699559166,19.84157388652847,80.75624530557604,enamel_implant
mp-6122,Ba2NdSbO6,122.41778926682969,87.03075381507207,43.13926537573989,175.57907033528787,enamel_implant
mp-6459,CaMg(CO3)2,107.34966935214356,72.30235606369655,35.83871664665367,145.8654545000196,enamel_implant
mp-23684,NaHCO2,31.10019814641282,41.18099245306919,20.412528721101737,83.08006139712656,enamel_implant
mp-560767,KNaTiO3,72.14641713547135,70.58836044638238,34.98912603015409,142.4075761770737,enamel_implant
mp-561536,NaMgBO3,89.42111904988414,66.53652630009304,32.98071933673775,134.23325570560087,enamel_implant
mp-562517,CaMg(SiO3)2,121.35465993322684,220.98752229352084,109.53874292763454,445.82842293244084,enamel_implant
mp-6340,LiAl(SiO3)2,194.0869149947702,109.72913282120673,54.3903617137701,221.37162192553907,enamel_implant
mp-6553,LiSc(SiO3)2,161.0751402104713,158.074366781623,78.35405024968908,318.9050898298679,enamel_implant
mp-6693,CaZn(SiO3)2,133.52299574662754,143.6627971280192,71.2105463672706,289.83065474880823,enamel_implant
mp-6766,CaMg(SiO3)2,160.85345703497683,220.98752229352084,109.53874292763454,445.82842293244084,enamel_implant
mp-9844,BaAl2B2O7,82.52069649203722,106.9338726619229,53.00481161200027,215.73236041626637,enamel_implant
mp-23764,Mg3Si2H4O9,88.99929544669047,75.73852854820103,37.54195314855541,152.79771630281823,enamel_implant
mp-546500,NaCNO,32.77856657271289,59.79605321395589,29.639612377710744,120.6347753270587,enamel_implant
mp-542136,Na3PSO3,55.58479573429157,52.84697890099566,26.195106294958503,106.61545509741954,enamel_implant
mp-554041,Na2Al2B2O7,85.57725077733096,82.33203207593225,40.810210471053914,166.09969484377623,enamel_implant
mp-560620,BaZr(PO4)2,102.04535152573474,111.4906933727642,55.26352924108515,224.92545951080209,enamel_implant
mp-6474,Ba3MgNb2O9,194.45355168270535,160.6444541722402,79.62798707227783,324.0900794449626,enamel_implant
mp-550820,SmZnPO,138.4605951398389,105.76826144432246,52.42704330095185,213.38081311847398,enamel_implant
mp-552934,Ba2CuBrO2,38.75619406382504,60.705253178086934,30.090283167206653,122.46902905293372,enamel_implant
mp-6494,K2Ca(CO3)2,56.494709580185706,63.16202245712396,31.308050648809104,127.42540650725508,enamel_implant
mp-6504,BaMg(CO3)2,80.8531363555231,73.00077839546272,36.184909515193276,147.27447761354424,enamel_implant
mp-8891,K2Zr(BO3)2,86.90247826162962,106.10566664910462,52.59428777523483,214.06150689147998,enamel_implant
mp-6150,Na4Zr2(SiO4)3,121.63384103208467,118.74551080607951,58.85958558656212,239.5615972501163,enamel_implant
mp-6723,Sr3ZnIrO6,63.9872497754571,147.03954178923388,72.88432578041669,296.6430246569848,enamel_implant
mp-6179,KLiSO4,52.531147255347776,35.05288897441468,17.374960153358398,70.7169981748215,enamel_implant
mp-23121,Sr5P3ClO12,95.81273553624706,85.47618849187303,42.368700913390114,172.44283260025983,enamel_implant
mp-23141,Sr5P3BrO12,90.34854205774757,82.06692844418428,40.67880432528677,165.56486494555747,enamel_implant
mp-6473,Ca5P3O12F,117.02039216430045,121.97526216258387,60.460503592649395,246.07741741403365,enamel_implant
mp-6669,Sr5P3O12F,102.65469127055644,81.12786010534187,40.213328427406374,163.6703536528528,enamel_implant
mp-6326,LiAlSiO4,121.07064360379968,118.97940851282438,58.97552362914743,240.03347115794298,enamel_implant
mp-23797,LiH6ClO7,33.6180925327938,34.12718667008508,16.916109510167797,68.84945201583056,enamel_implant
mp-24066,SrHClO,48.91565306670815,63.14230455762692,31.29827691180503,127.38562688555939,enamel_implant
mp-7204,CaZnSO,85.88905001842978,116.56093996968521,57.77674099528621,235.15436302862818,enamel_implant
mp-6661,BaTi(SiO3)3,146.9357881283172,122.93071900874914,60.93410291972603,248.00499148918925,enamel_implant
mp-23934,PH6NO4,28.82806431962478,27.061916356134933,13.414007578792265,54.59571366459453,enamel_implant
mp-1196039,CuH10SO9,35.196357575020805,38.46918456595157,19.068344108625915,77.60915959660056,enamel_implant
mp-1198750,MgH22SO15,29.36847697756789,28.596273375444394,14.17455522127008,57.691182417918405,enamel_implant
mp-555576,KNaS2O7,31.30343719859711,30.07654878431791,14.90829577726096,60.67754492469919,enamel_implant
mp-6097,Li3Al(BO3)2,98.38088095028375,102.6927485336034,50.90257796190699,207.17615931511108,enamel_implant
mp-696497,Mg3Si4(HO6)2,76.75006515294957,85.67620287248766,42.467843722869084,172.8463490293675,enamel_implant
mp-697670,KAlSi3O8,80.97132026557951,80.52980684502909,39.916886340276115,162.46381882632667,enamel_implant
mp-758658,CaAl2(SiO4)2,108.60349205641567,110.44542750483265,54.74541352120163,222.81670138451264,enamel_implant
mp-765294,SrP2(H2O3)2,40.47045803716572,36.973418728039235,18.32692528145161,74.59154612380482,enamel_implant
mp-973966,LiIn(IO3)4,51.08024791972589,44.944632496776016,22.278083820960152,90.6729683981948,enamel_implant
mp-22592,CaTi4(CuO4)3,273.7688646016266,150.99575211455598,74.84533381062354,304.62443008577037,enamel_implant
mp-542090,Na4Al3(SiO4)3,60.67439836807078,97.87014148869665,48.512115786258036,197.44685301338285,enamel_implant
mp-997590,La8MgAl7O24,252.3461998006424,192.24839053302662,95.29337588969436,387.8490327105323,enamel_implant
mp-1023127,Ba4Cu3PbO9,115.00840142367755,101.3268615646347,50.22553728554091,204.42056828915955,enamel_implant
mp-643409,Ba4Y(CuO3)3,131.2967219908735,97.9792484278152,48.56619773998868,197.6669693986582,enamel_implant
mp-10584,Ba2LiOsO6,111.51242565343723,121.3501111940227,60.150629756672224,244.81621466595212,enamel_implant
mp-1079630,Ba2TaInO6,198.50701739467027,120.82197977208922,59.888846414975944,243.75074274926655,enamel_implant
mp-11734,Sr2MgReO6,188.12004982561888,138.32755041001366,68.5659797753031,279.0671301590145,enamel_implant
mp-13811,Ba2MgUO6,145.10038843306197,132.7560789204405,65.80432166496693,267.8270369545201,enamel_implant
mp-13937,Sr2TbReO6,118.50265233058828,187.29547731309623,92.83832375684032,377.85684189882716,enamel_implant
mp-14223,Ba2YbSbO6,14.533735965056024,125.50436868073642,62.20980548826816,253.19716778282935,enamel_implant
mp-14226,Ba2YSbO6,3.196533582672044,109.25492345246576,54.15530636948057,220.4149343586964,enamel_implant
mp-20841,Ba2CaIrO6,146.60891779900862,136.49325645422653,67.65675987007333,275.36655750669576,enamel_implant
mp-21309,MgTe(PbO3)2,157.93287929014284,86.33828013173554,42.796021123775276,174.18204824571447,enamel_implant
mp-21879,Ba2CePtO6,162.35035285443038,98.69234410624493,48.919663869621886,199.10559506591196,enamel_implant
mp-22441,Ba2MgReO6,174.06986372014993,135.232016956487,67.03159068550023,272.8220861701175,enamel_implant
mp-23137,Ba2YBiO6,171.1705319597375,79.76080879158854,39.535710610472734,160.91241363455234,enamel_implant
mp-549970,Ba2ZnReO6,139.44391502327312,132.0425242499814,65.45062802289597,266.38748529972435,enamel_implant
mp-6065,Sr2GaSbO6,221.06307375426044,148.2931256103476,73.5057002113985,299.1720511476227,enamel_implant
mp-6270,Ba2LiReO6,111.44476118666428,122.2085787635534,60.57615359364993,246.5481189775185,enamel_implant
mp-6492,Ba2YSbO6,195.2345644010394,109.25492345246576,54.15530636948057,220.4149343586964,enamel_implant
mp-6613,Ba2YTaO6,200.7427509486897,148.03565986095393,73.37807999898648,298.65263019652105,enamel_implant
mp-7251,Ba2YNbO6,191.06415066972733,152.21460222337285,75.44949149043896,307.08338349709965,enamel_implant
mp-7889,Sr2YReO6,137.2160794243516,181.10236738626492,89.76853289644636,365.3626322571663,enamel_implant
mp-989540,Sr6Sn2NO,69.81093972206612,78.95850886892303,39.138027863195305,159.29382401678336,enamel_implant
mp-6008,Ca3Al2(SiO4)3,241.49548698011336,135.19091365389104,67.01121666596372,272.7391628431193,enamel_implant
mp-6073,Mg3Al2(SiO4)3,215.33261458698595,208.91492923199527,103.55461923543835,421.47272597061794,enamel_implant
mp-1020019,Li2PNO2,147.04161770611293,94.66055553411302,46.92119333446316,190.97171527914668,enamel_implant
mp-11738,Na3PS3O,33.325198485536205,45.97764643192129,22.790126522322485,92.75700902091079,enamel_implant
mp-23089,SrTa2Bi2O9,156.7259802376539,155.1062750918621,76.88283129028315,312.9171515814477,enamel_implant
mp-1188121,CsP(HO2)2,26.83209891345073,33.94954997032637,16.828058833878764,68.49108114997163,enamel_implant
mp-1196695,Na2Al2(SiO4)3,67.07715853739546,120.12954414969705,59.54562102899959,242.35379744525383,enamel_implant
mp-23959,KP(HO2)2,40.30028745544314,26.53806620230682,13.154346369248662,53.53887893695818,enamel_implant
mp-20674,Ba2YCu3O7,142.40453578482308,110.15995862419578,54.603912761315335,222.24078587792772,enamel_implant
mp-20897,Ba4Y2Cu6O13,124.58542081552498,106.44992833172361,52.76493085752682,214.7560331771507,enamel_implant
mp-22719,Ba2NdCu3O7,141.06889319284517,127.02966697200665,62.965862914865724,256.2743611222584,enamel_implant
mp-552663,LiScAs2O7,117.73725119527109,159.1937570554361,78.9089078369697,321.1633892815317,enamel_implant
mp-7079,CaZrSi2O7,161.94100200559234,124.1942697212338,61.56041772354129,250.55412555610718,enamel_implant
mp-557687,TlHCO2,9.630962109594163,56.833556354099045,28.171166654676828,114.65812429597464,enamel_implant
mp-23875,CuH4(ClO)2,12.256483906685505,31.84195433630516,15.78336918826241,64.23913955642347,enamel_implant
mp-8871,CsNa2BO3,56.10189903263697,65.56020549614885,32.496778196314004,132.2635899082694,enamel_implant
mp-23662,LiB(HO)4,68.33138825202636,41.385315112033645,20.51380705112831,83.4922695067523,enamel_implant
mp-23685,CaH2(CO2)2,31.415937857474105,32.38153989540251,16.05083009841698,65.3277194742071,enamel_implant
mp-541431,Ca2SiH2O5,94.15811335922932,132.91142321342207,65.88132247658552,268.1404342922193,enamel_implant
mp-556125,Na2BHO3,47.95718833689782,53.50097670417694,26.519278883955455,107.93485451946619,enamel_implant
mp-559276,AlBPbO4,112.62126767424712,141.02019672807614,69.90066641176185,284.49937469951016,enamel_implant
mp-6224,LiScSiO4,161.6144065156892,146.28141604258792,72.50853921832123,295.11355366014396,enamel_implant
mp-643727,HPbBrO,23.33706064807351,54.41487130326235,26.97227670262508,109.77857937600153,enamel_implant
mp-6493,CaMgSiO4,139.50749486563677,159.1584953231862,78.89142935771433,321.09225095518786,enamel_implant
mp-6668,LiTiPO5,146.9219204412893,114.76867263936028,56.888352780800055,231.5385764491,enamel_implant
mp-6812,KBaPO4,69.11899509631317,75.15011509159368,37.25028930396574,151.61062917378544,enamel_implant
mp-1192758,CaAl2(SiO5)2,161.50223447061808,122.36718890107753,60.65477321388755,246.86810495111365,enamel_implant
mp-23084,BiPbClO2,47.32297650222513,57.97711464669578,28.73800380699867,116.96518120501835,enamel_implant
mp-23138,SbPbClO2,56.84597485580613,50.8728875986794,25.216591863755074,102.63285009374277,enamel_implant
mp-548469,BaZnSO,87.90468896669894,65.17562513072103,32.306150013571354,131.48772321665714,enamel_implant
mp-643989,KHCO2,27.082359700476516,41.47359386112047,20.557564920811792,83.67036632903148,enamel_implant
mp-6205,Ba2Ho(CuO2)4,105.78422279309795,109.91618436085216,54.48307912289251,221.74898663854054,enamel_implant
mp-6779,Ba2Pr(CuO2)4,107.05071493314226,121.95859305294721,60.45224107494535,246.0437885340685,enamel_implant
mp-6174,Mg2Al4Si5O18,132.9887733503734,145.69725211937907,72.2189817756753,293.9350396973859,enamel_implant
mp-555229,H5CNO2,16.532822075782537,30.379205917556504,15.05831638280901,61.28813664951972,enamel_implant
mp-6391,Na2ZnSiO4,90.0798036427276,100.67464980607576,49.90225000029647,203.10477209977057,enamel_implant
mp-756088,SrTaNO2,230.11305069955375,225.38017913759353,111.71608807281925,454.69033175404013,enamel_implant
mp-24148,LiLa2HO3,182.1912744618089,179.6809533178783,89.06396863591803,362.49501880159266,enamel_implant
mp-24149,LiCe2HO3,171.00805903523116,160.6494652037221,79.63047093237817,324.10018888571136,enamel_implant
mp-24150,LiNd2HO3,214.4030471251446,180.4792760969991,89.45967999902041,364.1055847824797,enamel_implant
mp-1020703,SiGeN2O,188.19367087050145,116.96841083191892,57.97871550301175,235.97640985740475,enamel_implant
mp-2665147,MgNb2(PbO3)3,112.42217316861964,146.7539301212398,72.74275424392069,296.06682108589,enamel_implant
mp-8873,LiGeBO4,147.62052189940283,138.61076779587577,68.70636451784699,279.6385034165428,enamel_implant
mp-8874,LiSiBO4,174.28359440571185,90.11605451858745,44.668582312322094,181.80347039482436,enamel_implant
mp-12385,Ba2YTaO6,202.41809877321455,148.03565986095393,73.37807999898648,298.65263019652105,enamel_implant
mp-12427,Sr2TaGaO6,223.75956961524253,164.6060557495041,81.59166742965675,332.08236138535347,enamel_implant
mp-6304,Sr2GaSbO6,127.19087404491732,148.2931256103476,73.5057002113985,299.1720511476227,enamel_implant
mp-1219652,Rb3H(SeO4)2,23.359668565788883,19.186194486773527,9.510182311808753,38.70694028937996,enamel_implant
mp-1226195,Cs3H(SeO4)2,18.85288972887989,28.45496059264236,14.104509526259386,57.40609276922256,enamel_implant
mp-6598,K2Cu(PO3)4,50.58691222271968,78.21991012706027,38.77192041571635,157.80374752356312,enamel_implant
mp-40143,Cs2KZrOF5,40.90235863178312,34.48655469485317,17.094240480065718,69.5744543963808,enamel_implant
mp-42022,Cs2RbZrOF5,36.0685528812983,37.236128619971964,18.45714490208134,75.121546802547,enamel_implant
mp-866298,BaNaScSi2O7,123.18734348523525,84.61778121534533,41.943206962352065,170.71104992603372,enamel_implant
mp-1021672,Sr2CuC(NO)2,91.2125595521677,68.60888655542699,34.00794356599066,138.41411213945977,enamel_implant
mp-6847,KY2Ti2S2O5,83.40574341979479,149.88437526364766,74.29444830403972,302.3822972106573,enamel_implant
mp-6879,Ba2CaCu2HgO6,89.15515800780943,106.21030505207109,52.64615477208581,214.27260828620376,enamel_implant
mp-550306,YCu2Bi2(SeO2)2,83.99716439187698,115.73943003372608,57.36953625922875,233.49701841762558,enamel_implant
mp-9453,Sr2ZnCu2(SO)2,108.69694543717748,90.22001947438021,44.720115495951084,182.01321315224467,enamel_implant
mp-24214,KPH3O4F,27.315462613184152,25.762610517129666,12.769969730835701,51.97444587943318,enamel_implant
mp-24366,K2ZnH12(SO7)2,33.112236885426384,27.6287551723494,13.694977340009148,55.73927531398996,enamel_implant
mp-16136,Sr3TaGa3(SiO7)2,119.18972566060148,118.23051512105867,58.60431334600814,238.52262585622518,enamel_implant
mp-6870,KBe2BO3F2,83.87569523601756,71.75561844948064,35.56771061721406,144.76244576100146,enamel_implant
mp-1019551,BaNa2Mg(PO4)2,117.48105355961192,82.35635076220673,40.82226471871691,166.14875626333972,enamel_implant
mp-556562,LiAsH6(OF2)3,24.069007372496213,32.09200337596209,15.907313097809947,64.74359776224901,enamel_implant
mp-6867,KCaCO3F,74.04596950349608,44.61937290961598,22.116859667067207,90.01677764460732,enamel_implant
mp-40251,BaLaMgTaO6,103.15281403514852,199.9967903477432,99.13409036350724,403.4809418508901,enamel_implant
mp-23145,Na4Al3Si3ClO12,78.58238204140586,100.57362268026127,49.85217303554996,202.90095622949963,enamel_implant
mp-23915,Ca2Al3Si3HO13,164.59795037910297,88.13149367571417,43.68487835593759,177.79974375175854,enamel_implant
mp-1042151,BaYCuSbO5,93.49041382220346,138.1914806898158,68.49853295320972,278.7926180592585,enamel_implant
mp-1200331,MgB2H4C8(N4O)2,29.300612697418845,83.66519647535758,41.47103127628907,168.78927014439444,enamel_implant
