pool,composition,pred_modulus_GPa,pred_density_gcc,fitness
dentin,Ca2P2O7,104.17,3.006,2.6523
dentin,Ca(PO3)2,82.62,2.748,1.968
dentin,Ca2P6O17,73.57,2.707,1.6939
dentin,CaP4O11,70.07,2.706,1.5909
dentin,Ca2P10O27,70.07,2.708,1.5912
dentin,Ca(P3O8)2,67.39,2.703,1.5114
dentin,Ca4P2O9,108.76,3.041,2.7941
dentin,Ca6P2O11,121.37,3.108,3.178
dentin,Ca8P2O13,121.59,3.144,3.1915
dentin,Ca10P2O15,121.91,3.17,3.2061
dentin,Ca12P2O17,121.98,3.177,3.2093
dentin,CaSiO3,180.12,3.431,4.9687
dentin,CaSi2O5,150.41,3.019,4.0144
dentin,CaSi3O7,130.51,2.867,3.3996
dentin,CaSi4O9,119.3,2.767,3.0503
dentin,CaSi5O11,123.67,2.73,3.1716
dentin,CaSi6O13,125.02,2.687,3.2026
dentin,Ca2SiO4,119.26,3.142,3.1227
dentin,Ca3SiO5,129.19,3.049,3.3965
dentin,Ca4SiO6,126.46,3.133,3.3326
dentin,Ca5SiO7,137.76,3.162,3.6704
dentin,Ca6SiO8,137.79,3.176,3.6741
dentin,Ca2Si2P2O11,92.37,2.758,2.2568
dentin,Ca2Si4P2O15,108.02,2.764,2.718
dentin,Ca2Si6P2O19,116.5,2.715,2.9578
dentin,Ca2Si8P2O23,121.4,2.68,3.0949
dentin,Ca2Si10P2O27,119.93,2.664,3.0484
dentin,Ca2Si12P2O31,119.93,2.653,3.0463
dentin,CaSi(PO4)2,94.92,2.692,2.3188
dentin,CaSi2(PO5)2,97.77,2.675,2.3993
dentin,CaSi3(PO6)2,96.25,2.655,2.3508
dentin,CaSi4(PO7)2,113.1,2.643,2.8436
dentin,CaSi5(PO8)2,114.57,2.643,2.8868
dentin,CaSi6(PO9)2,114.57,2.64,2.8863
dentin,Ca2Si2(P2O7)3,87.98,2.659,2.1082
dentin,Ca2Si4P6O25,95.16,2.653,2.3181
dentin,Ca2Si6P6O29,97.25,2.622,2.3736
dentin,Ca2Si8(P2O11)3,92.29,2.604,2.2241
dentin,Ca2Si10P6O37,104.95,2.604,2.5963
dentin,Ca2Si12P6O41,109.3,2.614,2.7265
dentin,CaSiP4O13,87.98,2.645,2.1054
dentin,CaSi2P4O15,93.9,2.638,2.2781
dentin,CaSi3P4O17,95.22,2.61,2.3117
dentin,CaSi4P4O19,95.22,2.605,2.3107
dentin,CaSi5P4O21,97.13,2.6,2.3657
dentin,CaSi6P4O23,87.99,2.597,2.0964
dentin,Ca2Si2P10O31,85.55,2.63,2.0312
dentin,Ca2Si4(P2O7)5,90.49,2.629,2.1764
dentin,Ca2Si6P10O39,89.17,2.597,2.1312
dentin,Ca2Si8P10O43,91.05,2.601,2.1871
dentin,Ca2Si10P10O47,91.05,2.598,2.1864
dentin,Ca2Si12P10O51,94.5,2.602,2.2888
dentin,CaSi(PO3)6,84.12,2.63,1.9892
dentin,CaSi2(P3O10)2,88.09,2.62,2.1039
dentin,CaSi3(P3O11)2,89.16,2.603,2.1319
dentin,CaSi4(PO4)6,89.46,2.596,2.1395
dentin,CaSi5(P3O13)2,89.46,2.587,2.1376
dentin,CaSi6(P3O14)2,89.46,2.583,2.1369
dentin,Ca4Si2P2O13,117.61,3.118,3.0695
dentin,Ca4Si4P2O17,123.22,3.024,3.2158
dentin,Ca4Si6P2O21,122.99,2.859,3.1769
dentin,Ca4Si8P2O25,113.37,2.777,2.8777
dentin,Ca4Si10P2O29,115.98,2.766,2.9525
dentin,Ca4Si12P2O33,113.46,2.758,2.8768
dentin,Ca2SiP2O9,93.39,2.852,2.3053
dentin,Ca4Si2P6O23,91.71,2.723,2.2305
dentin,Ca2Si(P2O7)2,91.49,2.695,2.2185
dentin,Ca4Si2P10O33,91.66,2.677,2.22
dentin,Ca2SiP6O19,90.63,2.676,2.1895
dentin,Ca6Si2P2O15,123.41,3.131,3.2423
dentin,Ca6Si4P2O19,159.91,3.165,4.3225
dentin,Ca6Si6P2O23,157.15,3.083,4.2249
dentin,Ca6Si8P2O27,149.29,3.025,3.9827
dentin,Ca6Si10P2O31,133.04,2.927,3.4856
dentin,Ca6Si12P2O35,123.53,2.842,3.1894
dentin,Ca3Si(PO5)2,112.92,3.095,2.9272
dentin,Ca6Si2P6O25,89.47,2.878,2.1948
dentin,Ca3SiP4O15,93.02,2.773,2.279
dentin,Ca6Si2(P2O7)5,93.71,2.72,2.2887
dentin,Ca3Si(P3O10)2,86.32,2.701,2.0675
dentin,Ca8Si2P2O17,116.58,3.119,3.0395
dentin,Ca8Si4P2O21,123.64,3.117,3.2466
dentin,Ca8Si6P2O25,161.29,3.178,4.3655
dentin,Ca8Si8P2O29,127.31,3.067,3.3444
dentin,Ca8Si10P2O33,160.89,3.049,4.3284
dentin,Ca8Si12P2O37,130.01,2.991,3.4093
dentin,Ca4SiP2O11,116.7,3.074,3.0341
dentin,Ca8Si2(P2O9)3,111.15,3.084,2.873
dentin,Ca4Si(PO4)4,88.41,2.889,2.166
dentin,Ca8Si2P10O37,93.0,2.834,2.2903
dentin,Ca4Si(P2O7)3,90.05,2.758,2.1887
dentin,Ca10Si2P2O19,120.19,3.115,3.1449
dentin,Ca10Si4P2O23,110.34,3.081,2.8485
dentin,Ca10Si6P2O27,130.48,3.133,3.4509
dentin,Ca10Si8P2O31,161.42,3.204,4.3742
dentin,Ca10Si10P2O35,125.32,3.08,3.2887
dentin,Ca10Si12P2O39,161.11,3.06,4.3368
dentin,Ca5Si(PO6)2,119.62,3.107,3.1265
dentin,Ca10Si2P6O29,116.77,3.056,3.0325
dentin,Ca5SiP4O17,106.06,3.053,2.717
dentin,Ca10Si2P10O39,92.25,2.903,2.2815
dentin,Ca5Si(P3O11)2,92.24,2.852,2.2715
dentin,Ca12Si2P2O21,121.95,3.096,3.1929
dentin,Ca12Si4P2O25,118.71,3.13,3.1041
dentin,Ca12Si6P2O29,121.75,3.109,3.1896
dentin,Ca12Si8P2O33,129.95,3.145,3.4375
dentin,Ca12Si10P2O37,161.0,3.241,4.3694
dentin,Ca12Si12P2O41,156.74,3.127,4.2218
dentin,Ca6SiP2O13,112.21,3.095,2.9062
dentin,Ca12Si2P6O31,115.94,3.104,3.0177
dentin,Ca6Si(P2O9)2,121.82,3.073,3.1845
dentin,Ca12Si2P10O41,106.06,3.029,2.7123
dentin,Ca6SiP6O23,96.19,2.91,2.3991
dentin,Ca2Mg2P2O9,146.71,3.038,3.9091
dentin,Ca2Mg4P2O11,125.37,2.889,3.2527
dentin,Ca2Mg6P2O13,140.99,2.911,3.7164
dentin,Ca2Mg8P2O15,145.02,2.91,3.8345
dentin,Ca2Mg10P2O17,145.16,2.888,3.8343
dentin,Ca2Mg12P2O19,156.02,2.899,4.1558
dentin,CaMgP2O7,104.38,2.822,2.6223
dentin,CaMg2(PO4)2,128.35,2.901,3.3427
dentin,CaMg3P2O9,137.32,2.931,3.6122
dentin,CaMg4(PO5)2,142.82,2.889,3.7656
dentin,CaMg5P2O11,146.24,2.869,3.8622
dentin,CaMg6(PO6)2,146.38,2.871,3.8669
dentin,Ca2Mg2P6O19,90.5,2.734,2.1972
dentin,Ca2Mg4(P2O7)3,111.63,2.828,2.8367
dentin,Ca2Mg6P6O23,141.03,2.866,3.7087
dentin,Ca2Mg8P6O25,129.64,2.879,3.3764
dentin,Ca2Mg10(P2O9)3,135.79,2.931,3.5673
dentin,Ca2Mg12P6O29,141.12,2.911,3.7201
dentin,CaMg(PO3)4,89.22,2.682,2.1493
dentin,CaMg2P4O13,90.57,2.742,2.2006
dentin,CaMg3(P2O7)2,112.28,2.832,2.8567
dentin,CaMg4P4O15,124.08,2.85,3.2071
dentin,CaMg5(PO4)4,123.17,2.845,3.1794
dentin,CaMg6P4O17,126.95,2.883,3.298
dentin,Ca2Mg2P10O29,88.8,2.671,2.1348
dentin,Ca2Mg4P10O31,94.42,2.699,2.3056
dentin,Ca2Mg6P10O33,93.03,2.731,2.2708
dentin,Ca2Mg8(P2O7)5,111.96,2.821,2.8451
dentin,Ca2Mg10P10O37,119.75,2.833,3.0765
dentin,Ca2Mg12P10O39,126.36,2.834,3.2712
dentin,CaMgP6O17,69.84,2.671,1.5773
dentin,CaMg2(PO3)6,85.23,2.662,2.0281
dentin,CaMg3P6O19,88.23,2.709,2.1256
dentin,CaMg4(P3O10)2,93.99,2.722,2.2974
dentin,CaMg5(P2O7)3,112.96,2.813,2.8729
dentin,CaMg6(P3O11)2,118.37,2.827,3.0346
dentin,Ca4Mg2P2O11,127.48,3.069,3.3499
dentin,Ca4Mg4P2O13,128.53,3.007,3.3688
dentin,Ca4Mg6P2O15,129.88,2.964,3.4001
dentin,Ca4Mg8P2O17,133.77,2.939,3.5093
dentin,Ca4Mg10P2O19,143.63,2.963,3.8042
dentin,Ca4Mg12P2O21,159.63,2.94,4.2699
dentin,Ca2Mg(PO4)2,118.73,3.034,3.0857
dentin,Ca4Mg2(P2O7)3,106.32,2.892,2.6932
dentin,Ca2MgP4O13,90.52,2.752,2.2014
dentin,Ca4Mg2P10O31,95.13,2.742,2.3346
dentin,Ca2Mg(PO3)6,87.74,2.7,2.1095
dentin,Ca6Mg2P2O13,122.22,3.092,3.1997
dentin,Ca6Mg4P2O15,119.33,3.019,3.1008
dentin,Ca6Mg6P2O17,125.79,2.999,3.2867
dentin,Ca6Mg8P2O19,138.47,3.014,3.6623
dentin,Ca6Mg10P2O21,138.47,2.981,3.6558
dentin,Ca6Mg12P2O23,142.28,2.961,3.7639
dentin,Ca3MgP2O9,123.82,3.109,3.2504
dentin,Ca6Mg2P6O23,120.89,3.056,3.1537
dentin,Ca3Mg(P2O7)2,111.27,2.934,2.8469
dentin,Ca6Mg2P10O33,91.77,2.804,2.2482
dentin,Ca3MgP6O19,89.66,2.744,2.1745
dentin,Ca8Mg2P2O15,121.9,3.108,3.1937
dentin,Ca8Mg4P2O17,122.47,3.067,3.2023
dentin,Ca8Mg6P2O19,131.27,3.017,3.4513
dentin,Ca8Mg8P2O21,127.26,2.977,3.3256
dentin,Ca8Mg10P2O23,134.31,2.977,3.5327
dentin,Ca8Mg12P2O25,138.27,3.016,3.6567
dentin,Ca4Mg(PO5)2,120.01,3.072,3.1309
dentin,Ca8Mg2P6O25,120.9,3.075,3.1578
dentin,Ca4MgP4O15,118.5,3.058,3.0839
dentin,Ca8Mg2(P2O7)5,109.5,2.954,2.7987
dentin,Ca4Mg(P3O10)2,91.71,2.836,2.2526
dentin,Ca10Mg2P2O17,120.71,3.065,3.1503
dentin,Ca10Mg4P2O19,133.55,3.081,3.531
dentin,Ca10Mg6P2O21,133.51,3.049,3.5232
dentin,Ca10Mg8P2O23,133.65,3.024,3.5225
dentin,Ca10Mg10P2O25,127.89,2.985,3.3455
dentin,Ca10Mg12P2O27,128.19,2.955,3.3486
dentin,Ca5MgP2O11,121.75,3.097,3.187
dentin,Ca10Mg2(P2O9)3,119.04,3.125,3.1129
dentin,Ca5Mg(PO4)4,118.06,3.069,3.0731
dentin,Ca10Mg2P10O37,113.95,3.056,2.9495
dentin,Ca5Mg(P2O7)3,110.05,2.96,2.8163
dentin,Ca12Mg2P2O19,134.48,3.099,3.5616
dentin,Ca12Mg4P2O21,133.23,3.065,3.5183
dentin,Ca12Mg6P2O23,132.26,3.069,3.4906
dentin,Ca12Mg8P2O25,133.03,3.047,3.5087
dentin,Ca12Mg10P2O27,132.4,3.022,3.4855
dentin,Ca12Mg12P2O29,133.68,2.999,3.5186
dentin,Ca6Mg(PO6)2,123.99,3.138,3.2607
dentin,Ca12Mg2P6O29,119.85,3.095,3.1306
dentin,Ca6MgP4O17,119.86,3.076,3.1274
dentin,Ca12Mg2P10O39,147.01,3.132,3.9364
dentin,Ca6Mg(P3O11)2,116.82,3.029,3.0287
dentin,NaCaPO4,98.71,2.958,2.4823
dentin,Na4Ca2P2O9,83.16,2.878,2.0096
dentin,Na3CaPO5,75.97,2.84,1.7907
dentin,Na8Ca2P2O11,73.29,2.779,1.7
dentin,Na5CaPO6,69.91,2.736,1.5923
dentin,Na12Ca2P2O13,67.44,2.662,1.5051
dentin,Na2Ca2P4O13,73.92,2.779,1.7184
dentin,Na2CaP2O7,73.49,2.832,1.7161
dentin,Na6Ca2P4O15,77.53,2.816,1.832
dentin,Na4Ca(PO4)2,76.7,2.791,1.8024
dentin,Na10Ca2P4O17,65.24,2.776,1.4625
dentin,Na6CaP2O9,64.73,2.769,1.4464
dentin,NaCa(PO3)3,72.94,2.686,1.6712
dentin,Na4Ca2P6O19,65.45,2.725,1.4587
dentin,Na3CaP3O10,64.79,2.74,1.4424
dentin,Na8Ca2(P2O7)3,70.58,2.771,1.6188
dentin,Na5CaP3O11,74.22,2.776,1.7268
dentin,Na12Ca2P6O23,73.16,2.776,1.6956
dentin,Na2Ca2P8O23,57.84,2.654,1.2212
dentin,Na2Ca(PO3)4,59.63,2.668,1.2765
dentin,Na6Ca2P8O25,62.44,2.693,1.3639
dentin,Na4CaP4O13,64.7,2.718,1.4352
dentin,Na10Ca2P8O27,69.03,2.708,1.5607
dentin,Na6Ca(P2O7)2,72.5,2.747,1.6704
dentin,NaCaP5O14,59.92,2.644,1.2803
dentin,Na4Ca2P10O29,59.03,2.656,1.2565
dentin,Na3Ca(PO3)5,57.11,2.649,1.1986
dentin,Na8Ca2P10O31,47.69,2.674,0.9266
dentin,Na5CaP5O16,53.41,2.697,1.0995
dentin,Na12Ca2P10O33,68.19,2.687,1.532
dentin,Na2Ca2(P4O11)3,59.71,2.643,1.274
dentin,Na2CaP6O17,58.99,2.625,1.2493
dentin,Na6Ca2P12O35,56.42,2.645,1.1775
dentin,Na4Ca(PO3)6,56.32,2.629,1.1717
dentin,Na10Ca2P12O37,46.14,2.658,0.8778
dentin,Na6CaP6O19,51.54,2.678,1.0406
dentin,NaCa2PO5,103.18,3.046,2.6311
dentin,Na4Ca4P2O11,92.43,2.973,2.3006
dentin,Na3Ca2PO6,89.05,2.898,2.1865
dentin,Na8Ca4P2O13,81.86,2.841,1.9639
dentin,Na5Ca2PO7,76.94,2.78,1.8073
dentin,Na12Ca4P2O15,78.05,2.724,1.8291
dentin,Na2Ca4P4O15,96.43,3.025,2.4284
dentin,NaCa2P3O10,79.33,2.826,1.8869
dentin,Na2Ca4P8O25,81.55,2.752,1.9375
dentin,NaCa2(PO3)5,77.03,2.676,1.7898
dentin,Na2Ca4P12O35,74.86,2.684,1.7275
dentin,NaCa3PO6,100.86,3.05,2.5636
dentin,Na4Ca6P2O13,96.91,3.0,2.4377
dentin,Na3Ca3PO7,97.02,2.957,2.4326
dentin,Na8Ca6P2O15,93.27,2.917,2.3144
dentin,Na5Ca3PO8,88.55,2.84,2.1605
dentin,Na12Ca6P2O17,88.43,2.784,2.1462
dentin,Na2Ca6P4O17,104.4,3.056,2.6689
dentin,NaCa3P3O11,91.99,2.99,2.2912
dentin,Na2Ca6P8O27,78.07,2.856,1.8555
dentin,NaCa3P5O16,80.83,2.784,1.9226
dentin,Na2Ca6P12O37,78.39,2.74,1.8421
dentin,NaCa4PO7,99.41,3.051,2.5213
dentin,Na4Ca8P2O15,99.55,3.027,2.5207
dentin,Na3Ca4PO8,99.43,2.981,2.5079
dentin,Na8Ca8P2O17,95.14,2.946,2.3749
dentin,Na5Ca4PO9,93.36,2.857,2.3053
dentin,Na12Ca8P2O19,92.77,2.82,2.2806
dentin,Na2Ca8P4O19,97.95,3.07,2.4821
dentin,NaCa4(PO4)3,103.59,3.092,2.6522
dentin,Na2Ca8P8O29,92.84,3.029,2.3237
dentin,NaCa4P5O17,78.07,2.866,1.8575
dentin,Na2Ca8(P4O13)3,79.54,2.819,1.8915
dentin,NaCa5PO8,102.07,3.064,2.6019
dentin,Na4Ca10P2O17,100.01,3.048,2.5382
dentin,Na3Ca5PO9,100.94,3.009,2.558
dentin,Na8Ca10P2O19,102.17,2.945,2.5816
dentin,Na5Ca5PO10,102.37,2.884,2.5754
dentin,Na12Ca10P2O21,100.24,2.85,2.5062
dentin,Na2Ca10P4O21,103.51,3.106,2.6525
dentin,NaCa5P3O13,100.05,3.055,2.5407
dentin,Na2Ca10P8O31,102.9,3.058,2.6252
dentin,NaCa5P5O18,94.04,3.005,2.3542
dentin,Na2Ca10P12O41,78.73,2.879,1.8794
dentin,NaCa6PO9,105.75,3.099,2.717
dentin,Na4Ca12P2O19,108.97,3.028,2.7977
dentin,Na3Ca6PO10,115.84,3.031,3.0003
dentin,Na8Ca12P2O21,106.71,2.973,2.7207
dentin,Na5Ca6PO11,103.54,2.911,2.6153
dentin,Na12Ca12P2O23,101.6,2.881,2.5522
dentin,Na2Ca12P4O23,105.64,3.053,2.7047
dentin,NaCa6P3O14,102.71,3.093,2.6264
dentin,Na2Ca12P8O33,103.61,3.121,2.6586
dentin,NaCa6P5O19,99.45,3.018,2.516
dentin,Na2Ca12P12O43,92.77,3.011,2.3181
dentin,Sr2Ca2P2O9,122.12,3.762,3.3284
dentin,Sr4Ca2P2O11,139.79,4.279,3.9493
dentin,Sr6Ca2P2O13,122.32,4.566,3.4921
dentin,Sr8Ca2P2O15,105.41,4.182,2.9195
dentin,Sr10Ca2P2O17,103.18,4.313,2.8797
dentin,Sr12Ca2P2O19,114.73,4.361,3.2286
dentin,SrCaP2O7,106.18,3.376,2.784
dentin,Sr2Ca(PO4)2,124.28,3.744,3.3885
dentin,Sr3CaP2O9,127.87,4.141,3.5719
dentin,Sr4Ca(PO5)2,131.25,4.391,3.7202
dentin,Sr5CaP2O11,117.06,4.551,3.3344
dentin,Sr6Ca(PO6)2,117.69,4.698,3.3818
dentin,Sr2Ca2P6O19,90.07,3.159,2.2679
dentin,Sr4Ca2(P2O7)3,110.94,3.545,2.957
dentin,Sr6Ca2P6O23,124.84,3.762,3.4083
dentin,Sr8Ca2P6O25,123.38,4.034,3.4188
dentin,Sr10Ca2(P2O9)3,129.33,4.274,3.641
dentin,Sr12Ca2P6O29,124.58,4.398,3.5256
dentin,SrCa(PO3)4,83.16,3.027,2.0389
dentin,Sr2CaP4O13,87.11,3.337,2.2156
dentin,Sr3Ca(P2O7)2,111.93,3.642,3.0053
dentin,Sr4CaP4O15,118.65,3.767,3.2274
dentin,Sr5Ca(PO4)4,117.21,3.964,3.2235
dentin,Sr6CaP4O17,129.81,4.154,3.6315
dentin,Sr2Ca2P10O29,83.95,2.964,2.0498
dentin,Sr4Ca2P10O31,95.3,3.224,2.4344
dentin,Sr6Ca2P10O33,89.78,3.482,2.3227
dentin,Sr8Ca2(P2O7)5,112.12,3.7,3.0221
dentin,Sr10Ca2P10O37,114.95,3.765,3.1181
dentin,Sr12Ca2P10O39,121.35,3.945,3.3415
dentin,SrCaP6O17,74.38,2.911,1.7579
dentin,Sr2Ca(PO3)6,83.42,3.105,2.0616
dentin,Sr3CaP6O19,86.99,3.312,2.2073
dentin,Sr4Ca(P3O10)2,93.97,3.549,2.4591
dentin,Sr5Ca(P2O7)3,109.56,3.733,2.9533
dentin,Sr6Ca(P3O11)2,114.95,3.77,3.1192
dentin,Sr2Ca4P2O11,129.81,3.669,3.5363
dentin,Sr4Ca4P2O13,147.38,4.118,4.141
dentin,Sr6Ca4P2O15,143.5,4.379,4.0781
dentin,Sr8Ca4P2O17,107.06,4.061,2.9442
dentin,Sr10Ca4P2O19,118.14,4.118,3.2813
dentin,Sr12Ca4P2O21,117.42,4.251,3.286
dentin,SrCa2(PO4)2,116.58,3.334,3.0815
dentin,Sr2Ca4(P2O7)3,103.62,3.203,2.6748
dentin,SrCa2P4O13,85.56,3.103,2.1244
dentin,Sr2Ca4P10O31,95.09,3.008,2.3857
dentin,SrCa2(PO3)6,83.16,2.926,2.0191
dentin,Sr2Ca6P2O13,133.97,3.628,3.6504
dentin,Sr4Ca6P2O15,149.88,4.0,4.1912
dentin,Sr6Ca6P2O17,137.92,4.173,3.8736
dentin,Sr8Ca6P2O19,114.92,3.927,3.1491
dentin,Sr10Ca6P2O21,105.66,3.988,2.8889
dentin,Sr12Ca6P2O23,117.44,4.122,3.2615
dentin,SrCa3P2O9,118.67,3.408,3.1576
dentin,Sr2Ca6P6O23,111.64,3.182,2.9063
dentin,SrCa3(P2O7)2,103.31,3.116,2.6484
dentin,Sr2Ca6P10O33,86.13,3.054,2.1313
dentin,SrCa3P6O19,89.8,2.982,2.2251
dentin,Sr2Ca8P2O15,133.23,3.583,3.62
dentin,Sr4Ca8P2O17,134.23,3.898,3.7113
dentin,Sr6Ca8P2O19,157.61,4.052,4.4287
dentin,Sr8Ca8P2O21,135.02,4.039,3.7621
dentin,Sr10Ca8P2O23,102.58,3.885,2.778
dentin,Sr12Ca8P2O25,116.61,4.002,3.2135
dentin,SrCa4(PO5)2,119.43,3.381,3.1746
dentin,Sr2Ca8P6O25,111.56,3.221,2.9117
dentin,SrCa4P4O15,110.33,3.199,2.8712
dentin,Sr2Ca8(P2O7)5,103.31,3.069,2.6393
dentin,SrCa4(P3O10)2,86.64,3.02,2.1399
dentin,Sr2Ca10P2O17,130.93,3.539,3.5436
dentin,Sr4Ca10P2O19,147.37,3.794,4.0769
dentin,Sr6Ca10P2O21,153.52,3.955,4.2892
dentin,Sr8Ca10P2O23,125.95,3.94,3.476
dentin,Sr10Ca10P2O25,104.9,3.8,2.8295
dentin,Sr12Ca10P2O27,115.19,3.903,3.1523
dentin,SrCa5P2O11,121.99,3.385,3.2505
dentin,Sr2Ca10(P2O9)3,115.53,3.289,3.042
dentin,SrCa5(PO4)4,110.31,3.122,2.8555
dentin,Sr2Ca10P10O37,105.32,3.138,2.712
dentin,SrCa5(P2O7)3,103.31,3.035,2.6325
dentin,Sr2Ca12P2O19,141.07,3.505,3.8351
dentin,Sr4Ca12P2O21,142.09,3.71,3.9053
dentin,Sr6Ca12P2O23,132.06,3.855,3.6388
dentin,Sr8Ca12P2O25,125.61,3.978,3.4732
dentin,Sr10Ca12P2O27,107.81,3.777,2.9106
dentin,Sr12Ca12P2O29,105.93,3.829,2.8655
dentin,SrCa6(PO6)2,123.67,3.399,3.3027
dentin,Sr2Ca12P6O29,118.85,3.294,3.1405
dentin,SrCa6P4O17,110.92,3.188,2.8865
dentin,Sr2Ca12P10O39,111.69,3.175,2.9065
dentin,SrCa6(P3O11)2,105.4,3.084,2.7038
dentin,KCaPO4,78.5,3.025,1.9015
dentin,K4Ca2P2O9,58.09,2.655,1.2287
dentin,K3CaPO5,57.97,2.635,1.2213
dentin,K8Ca2P2O11,61.36,2.684,1.3305
dentin,K5CaPO6,56.83,2.655,1.1915
dentin,K12Ca2P2O13,44.86,2.575,0.8242
dentin,K2Ca2P4O13,76.63,3.034,1.8483
dentin,K2CaP2O7,66.98,3.13,1.5834
dentin,K6Ca2P4O15,48.4,2.612,0.9355
dentin,K4Ca(PO4)2,45.57,2.611,0.852
dentin,K10Ca2P4O17,42.37,2.625,0.7607
dentin,K6CaP2O9,49.97,2.625,0.984
dentin,KCa(PO3)3,62.2,2.918,1.4012
dentin,K4Ca2P6O19,67.42,3.047,1.58
dentin,K3CaP3O10,63.78,3.14,1.4913
dentin,K8Ca2(P2O7)3,46.44,2.567,0.8689
dentin,K5CaP3O11,44.6,2.587,0.8186
dentin,K12Ca2P6O23,43.35,2.602,0.7849
dentin,K2Ca2P8O23,58.74,2.687,1.2539
dentin,K2Ca(PO3)4,54.88,2.961,1.1945
dentin,K6Ca2P8O25,55.66,3.064,1.2374
dentin,K4CaP4O13,53.51,3.129,1.1871
dentin,K10Ca2P8O27,45.6,2.499,0.8311
dentin,K6Ca(P2O7)2,46.44,2.589,0.8731
dentin,KCaP5O14,54.85,2.662,1.1348
dentin,K4Ca2P10O29,55.73,2.913,1.21
dentin,K3Ca(PO3)5,55.23,2.986,1.2096
dentin,K8Ca2P10O31,49.94,3.076,1.0717
dentin,K5CaP5O16,54.37,3.132,1.2128
dentin,K12Ca2P10O33,39.57,2.473,0.6487
dentin,K2Ca2(P4O11)3,58.02,2.66,1.2276
dentin,K2CaP6O17,59.41,2.752,1.2865
dentin,K6Ca2P12O35,54.01,2.949,1.1665
dentin,K4Ca(PO3)6,55.99,3.006,1.2359
dentin,K10Ca2P12O37,51.22,3.091,1.1123
dentin,K6CaP6O19,53.68,3.134,1.1932
dentin,KCa2PO5,97.49,3.054,2.4655
dentin,K4Ca4P2O11,59.98,2.675,1.2884
dentin,K3Ca2PO6,63.28,2.66,1.3823
dentin,K8Ca4P2O13,63.82,2.705,1.4069
dentin,K5Ca2PO7,68.0,2.681,1.5251
dentin,K12Ca4P2O15,69.38,2.692,1.568
dentin,K2Ca4P4O15,82.24,3.034,2.0132
dentin,KCa2P3O10,82.92,3.008,2.0279
dentin,K2Ca4P8O25,72.8,2.804,1.6904
dentin,KCa2(PO3)5,74.51,2.724,1.7251
dentin,K2Ca4P12O35,72.83,2.703,1.6717
dentin,KCa3PO6,105.69,3.077,2.711
dentin,K4Ca6P2O13,64.83,2.746,1.4447
dentin,K3Ca3PO7,63.68,2.702,1.4024
dentin,K8Ca6P2O15,63.4,2.726,1.3986
dentin,K5Ca3PO8,73.1,2.692,1.6772
dentin,K12Ca6P2O17,67.38,2.713,1.5133
dentin,K2Ca6P4O17,97.34,3.007,2.452
dentin,KCa3P3O11,83.14,2.986,2.0301
dentin,K2Ca6P8O27,79.45,2.997,1.9239
dentin,KCa3P5O16,75.67,2.805,1.7751
dentin,K2Ca6P12O37,75.26,2.767,1.7554
dentin,KCa4PO7,100.74,3.077,2.5652
dentin,K4Ca8P2O15,66.98,2.766,1.5119
dentin,K3Ca4PO8,65.51,2.713,1.4581
dentin,K8Ca8P2O17,62.8,2.736,1.3831
dentin,K5Ca4PO9,67.34,2.705,1.5105
dentin,K12Ca8P2O19,74.1,2.723,1.7128
dentin,K2Ca8P4O19,104.08,3.025,2.6534
dentin,KCa4(PO4)3,94.49,3.031,2.3727
dentin,K2Ca8P8O29,82.95,2.995,2.0264
dentin,KCa4P5O17,77.5,2.898,1.847
dentin,K2Ca8(P4O13)3,77.56,2.813,1.8322
dentin,KCa5PO8,93.54,3.083,2.3549
dentin,K4Ca10P2O17,66.9,2.77,1.5101
dentin,K3Ca5PO9,66.76,2.743,1.5009
dentin,K8Ca10P2O19,71.09,2.743,1.6282
dentin,K5Ca5PO10,73.5,2.714,1.6934
dentin,K12Ca10P2O21,72.65,2.729,1.6713
dentin,K2Ca10P4O21,106.61,3.05,2.7328
dentin,KCa5P3O13,93.31,3.013,2.3345
dentin,K2Ca10P8O31,96.67,3.033,2.4371
dentin,KCa5P5O18,84.25,2.986,2.0629
dentin,K2Ca10P12O41,77.36,2.867,1.8369
dentin,KCa6PO9,95.14,3.102,2.4056
dentin,K4Ca12P2O19,78.25,2.762,1.8426
dentin,K3Ca6PO10,72.38,2.773,1.6721
dentin,K8Ca12P2O21,71.58,2.751,1.6441
dentin,K5Ca6PO11,71.72,2.715,1.6411
dentin,K12Ca12P2O23,73.5,2.74,1.6984
dentin,K2Ca12P4O23,107.64,3.059,2.7649
dentin,KCa6P3O14,98.69,3.023,2.4945
dentin,K2Ca12P8O33,95.24,3.062,2.4009
dentin,KCa6P5O19,93.23,2.98,2.3256
dentin,K2Ca12P12O43,83.68,2.963,2.0415
dentin,CaAlPO5,138.48,3.008,3.6615
dentin,Ca2Al4P2O13,126.72,2.936,3.3015
dentin,CaAl3PO8,113.86,2.848,2.9063
dentin,Ca2Al8P2O19,135.69,2.886,3.5554
dentin,CaAl5PO11,140.86,2.921,3.7141
dentin,Ca2Al12P2O25,138.34,2.889,3.6341
dentin,Ca2Al2P4O15,110.44,2.737,2.7838
dentin,CaAl2P2O9,111.56,2.693,2.8083
dentin,Ca2Al6P4O21,112.83,2.783,2.8631
dentin,CaAl4(PO6)2,117.94,2.817,3.02
dentin,Ca2Al10P4O27,119.58,2.826,3.07
dentin,CaAl6P2O15,123.24,2.816,3.1759
dentin,CaAlP3O10,96.68,2.667,2.3656
dentin,Ca2Al4P6O23,123.41,2.632,3.1447
dentin,CaAl3P3O13,119.36,2.622,3.0235
dentin,Ca2Al8P6O29,120.54,2.678,3.0692
dentin,CaAl5P3O16,125.87,2.673,3.2251
dentin,Ca2Al12P6O35,121.64,2.731,3.1119
dentin,Ca2Al2P8O25,89.48,2.646,2.1498
dentin,CaAl2(P2O7)2,107.66,2.6,2.6752
dentin,Ca2Al6P8O31,120.09,2.617,3.044
dentin,CaAl4P4O17,124.28,2.623,3.1685
dentin,Ca2Al10P8O37,115.97,2.617,2.9229
dentin,CaAl6(PO5)4,121.02,2.628,3.0736
dentin,CaAl(PO3)5,77.06,2.642,1.784
dentin,Ca2Al4P10O33,91.25,2.591,2.1913
dentin,CaAl3P5O18,107.66,2.586,2.6725
dentin,Ca2Al8P10O39,115.59,2.589,2.9063
dentin,CaAl5P5O21,109.13,2.592,2.7169
dentin,Ca2Al12(P2O9)5,110.99,2.575,2.7684
dentin,Ca2Al2P12O35,72.76,2.633,1.6557
dentin,CaAl2P6O19,89.54,2.602,2.1431
dentin,Ca2Al6P12O41,107.72,2.58,2.6731
dentin,CaAl4(P3O11)2,109.95,2.563,2.7353
dentin,Ca2Al10P12O47,110.79,2.549,2.7573
dentin,CaAl6P6O25,115.97,2.565,2.9126
dentin,Ca2AlPO6,159.93,3.257,4.341
dentin,Ca4Al4P2O15,168.64,3.272,4.6
dentin,Ca2Al3PO9,166.64,3.174,4.5221
dentin,Ca4Al8P2O21,167.24,3.152,4.535
dentin,Ca2Al5PO12,162.01,3.148,4.3807
dentin,Ca4Al12P2O27,156.29,3.055,4.1942
dentin,Ca4Al2P4O17,119.05,3.009,3.0902
dentin,Ca2AlP3O11,93.68,2.779,2.2995
dentin,Ca4Al2P8O27,91.14,2.728,2.2148
dentin,Ca2AlP5O16,88.61,2.703,2.1354
dentin,Ca4Al2P12O37,90.76,2.673,2.1927
dentin,Ca3AlPO7,117.51,3.11,3.0649
dentin,Ca6Al4P2O17,157.84,3.185,4.2653
dentin,Ca3Al3PO10,165.73,3.213,4.5027
dentin,Ca6Al8P2O23,160.3,3.153,4.3316
dentin,Ca3Al5PO13,163.22,3.161,4.4188
dentin,Ca6Al12P2O29,166.46,3.214,4.5244
dentin,Ca6Al2P4O19,148.03,3.17,3.974
dentin,Ca3Al(PO4)3,97.4,3.008,2.4535
dentin,Ca6Al2P8O29,93.14,2.812,2.29
dentin,Ca3AlP5O17,89.69,2.755,2.1776
dentin,Ca6Al2(P4O13)3,92.61,2.717,2.2559
dentin,Ca4AlPO8,118.21,3.139,3.0913
dentin,Ca8Al4P2O19,115.45,3.091,3.0007
dentin,Ca4Al3PO11,153.73,3.215,4.1505
dentin,Ca8Al8P2O25,160.89,3.183,4.3546
dentin,Ca4Al5PO14,153.94,3.117,4.1375
dentin,Ca8Al12P2O31,157.93,3.124,4.2562
dentin,Ca8Al2P4O21,119.39,3.137,3.1255
dentin,Ca4AlP3O13,118.56,3.133,3.1003
dentin,Ca8Al2P8O31,90.09,3.014,2.2401
dentin,Ca4AlP5O18,94.34,2.858,2.3344
dentin,Ca8Al2P12O41,91.15,2.782,2.2256
dentin,Ca5AlPO9,118.33,3.094,3.0859
dentin,Ca10Al4P2O21,110.78,3.081,2.8614
dentin,Ca5Al3PO12,115.57,3.112,3.0081
dentin,Ca10Al8P2O27,150.12,3.21,4.0433
dentin,Ca5Al5PO15,159.88,3.193,4.3268
dentin,Ca10Al12P2O33,161.42,3.179,4.3695
dentin,Ca10Al2P4O23,109.7,3.101,2.8335
dentin,Ca5AlP3O14,119.04,3.094,3.1068
dentin,Ca10Al2P8O33,117.91,3.119,3.0785
dentin,Ca5AlP5O19,89.15,3.013,2.212
dentin,Ca10Al2P12O43,91.08,2.86,2.2388
dentin,Ca6AlPO10,122.66,3.07,3.2084
dentin,Ca12Al4P2O23,114.77,3.105,2.9834
dentin,Ca6Al3PO13,116.17,3.135,3.0305
dentin,Ca12Al8P2O29,115.62,3.122,3.0117
dentin,Ca6Al5PO16,150.26,3.21,4.0472
dentin,Ca12Al12P2O35,161.14,3.208,4.3668
dentin,Ca12Al2P4O25,117.74,3.086,3.0671
dentin,Ca6Al(PO5)3,120.31,3.151,3.1554
dentin,Ca12Al2P8O35,120.33,3.083,3.1425
dentin,Ca6Al(PO4)5,110.16,3.11,2.8489
dentin,Ca12Al2(P4O15)3,93.76,3.003,2.3458
dentin,CaMgSiO4,135.9,2.957,3.5757
dentin,CaMg2SiO5,140.73,2.924,3.7112
dentin,CaMg3SiO6,133.63,2.892,3.4961
dentin,CaMg4SiO7,152.15,2.878,4.038
dentin,CaMg5SiO8,165.54,2.908,4.4373
dentin,CaMg6SiO9,163.41,2.919,4.3769
dentin,CaMg(SiO3)2,152.94,2.998,4.0846
dentin,CaMg2Si2O7,144.1,2.907,3.8068
dentin,CaMg3(SiO4)2,141.1,2.892,3.7157
dentin,CaMg4Si2O9,149.43,2.895,3.9612
dentin,CaMg5(SiO5)2,149.51,2.887,3.9619
dentin,CaMg6Si2O11,146.86,2.886,3.884
dentin,CaMgSi3O8,136.86,2.886,3.5898
dentin,CaMg2(SiO3)3,152.37,2.983,4.065
dentin,CaMg3Si3O10,153.46,2.964,4.0931
dentin,CaMg4Si3O11,146.95,2.901,3.8893
dentin,CaMg5(SiO4)3,144.12,2.882,3.8026
dentin,CaMg6Si3O13,145.91,2.882,3.8554
dentin,CaMg(Si2O5)2,140.66,2.865,3.6973
dentin,CaMg2Si4O11,136.74,2.894,3.588
dentin,CaMg3(SiO3)4,149.87,2.974,3.9897
dentin,CaMg4Si4O13,150.5,2.957,4.0047
dentin,CaMg5(Si2O7)2,154.24,2.927,4.109
dentin,CaMg6Si4O15,152.85,2.937,4.0701
dentin,CaMgSi5O12,126.95,2.845,3.2904
dentin,CaMg2Si5O13,127.78,2.845,3.3148
dentin,CaMg3Si5O14,136.73,2.88,3.585
dentin,CaMg4(SiO3)5,149.04,2.963,3.9631
dentin,CaMg5Si5O16,143.64,2.949,3.8016
dentin,CaMg6Si5O17,147.54,2.917,3.91
dentin,CaMg(Si3O7)2,125.55,2.793,3.239
dentin,CaMg2(Si2O5)3,128.45,2.849,3.3353
dentin,CaMg3(Si3O8)2,122.43,2.845,3.1577
dentin,CaMg4Si6O17,136.18,2.919,3.5763
dentin,CaMg5(SiO3)6,146.95,2.993,3.9074
dentin,CaMg6Si6O19,140.04,2.963,3.6986
dentin,Ca2MgSiO5,121.44,3.009,3.1609
dentin,Ca2Mg2SiO6,128.74,3.017,3.3768
dentin,Ca2Mg3SiO7,140.07,2.963,3.6996
dentin,Ca2Mg4SiO8,135.2,2.924,3.5484
dentin,Ca2Mg5SiO9,145.94,2.915,3.8625
dentin,Ca2Mg6SiO10,163.79,2.949,4.3939
dentin,Ca2MgSi2O7,116.91,2.952,3.0163
dentin,Ca2Mg(SiO3)3,165.83,3.096,4.4828
dentin,Ca2MgSi4O11,148.88,2.99,3.9637
dentin,Ca2MgSi5O13,148.83,2.924,3.9492
dentin,Ca2Mg(Si2O5)3,140.03,2.894,3.6847
dentin,Ca3MgSiO6,125.04,3.043,3.2733
dentin,Ca3Mg2SiO7,134.77,2.988,3.5486
dentin,Ca3Mg3SiO8,130.41,2.965,3.4159
dentin,Ca3Mg4SiO9,141.5,3.004,3.7495
dentin,Ca3Mg5SiO10,139.06,2.967,3.6703
dentin,Ca3Mg6SiO11,133.9,2.941,3.5136
dentin,Ca3Mg(SiO4)2,121.05,3.049,3.1571
dentin,Ca3MgSi3O10,153.89,3.097,4.132
dentin,Ca3Mg(SiO3)4,164.18,3.153,4.4456
dentin,Ca3MgSi5O14,159.55,3.045,4.2881
dentin,Ca3Mg(Si3O8)2,147.28,2.982,3.9151
dentin,Ca4MgSiO7,137.9,3.051,3.6528
dentin,Ca4Mg2SiO8,135.5,3.021,3.5763
dentin,Ca4Mg3SiO9,136.27,2.993,3.5937
dentin,Ca4Mg4SiO10,135.22,2.959,3.556
dentin,Ca4Mg5SiO11,123.91,2.925,3.2168
dentin,Ca4Mg6SiO12,140.38,2.956,3.7072
dentin,Ca4MgSi2O9,122.66,3.018,3.1984
dentin,Ca4MgSi3O11,119.68,3.032,3.1133
dentin,Ca4MgSi4O13,158.67,3.155,4.2838
dentin,Ca4Mg(SiO3)5,163.75,3.175,4.4371
dentin,Ca4MgSi6O17,158.89,3.083,4.2761
dentin,Ca5MgSiO8,138.78,3.05,3.6783
dentin,Ca5Mg2SiO9,137.5,3.026,3.636
dentin,Ca5Mg3SiO10,136.88,3.02,3.6166
dentin,Ca5Mg4SiO11,135.2,3.006,3.5647
dentin,Ca5Mg5SiO12,135.96,2.984,3.5826
dentin,Ca5Mg6SiO13,127.04,2.949,3.3135
dentin,Ca5Mg(SiO5)2,125.04,3.051,3.2748
dentin,Ca5Mg(SiO4)3,115.12,3.044,2.9816
dentin,Ca5Mg(Si2O7)2,120.14,3.042,3.1291
dentin,Ca5MgSi5O16,168.32,3.255,4.587
dentin,Ca5Mg(SiO3)6,159.37,3.193,4.3118
dentin,Ca6MgSiO9,138.78,3.081,3.6846
dentin,Ca6Mg2SiO10,136.16,3.043,3.6
dentin,Ca6Mg3SiO11,135.88,3.019,3.5871
dentin,Ca6Mg4SiO12,138.02,3.025,3.6513
dentin,Ca6Mg5SiO13,137.1,3.014,3.6219
dentin,Ca6Mg6SiO14,135.96,2.99,3.5838
dentin,Ca6MgSi2O11,125.41,3.066,3.2885
dentin,Ca6MgSi3O13,118.07,3.048,3.0692
dentin,Ca6MgSi4O15,120.12,3.057,3.1313
dentin,Ca6MgSi5O17,121.46,3.06,3.1715
dentin,Ca6MgSi6O19,168.1,3.272,4.5841
dentin,Na2Ca2Si2O7,101.55,2.926,2.5597
dentin,Na2CaSiO4,97.04,2.866,2.4153
dentin,Na6Ca2Si2O9,87.33,2.766,2.1102
dentin,Na4CaSiO5,90.12,2.701,2.1794
dentin,Na10Ca2Si2O11,87.71,2.632,2.095
dentin,Na6CaSiO6,83.31,2.597,1.9588
dentin,Na2Ca2Si4O11,110.96,2.889,2.829
dentin,Na2Ca(SiO3)2,101.16,2.813,2.5259
dentin,Na6Ca2Si4O13,93.74,2.797,2.3047
dentin,Na4CaSi2O7,94.62,2.776,2.3263
dentin,Na10Ca2Si4O15,90.8,2.744,2.2079
dentin,Na6Ca(SiO4)2,87.61,2.727,2.1108
dentin,Na2Ca2(Si2O5)3,146.72,2.967,3.8955
dentin,Na2CaSi3O8,112.95,2.822,2.8743
dentin,Na6Ca2Si6O17,104.92,2.777,2.6294
dentin,Na4Ca(SiO3)3,89.68,2.749,2.1759
dentin,Na10Ca2Si6O19,90.61,2.755,2.2043
dentin,Na6CaSi3O10,89.84,2.723,2.1754
dentin,Na2Ca2Si8O19,114.94,2.822,2.9328
dentin,Na2Ca(Si2O5)2,144.9,2.92,3.8328
dentin,Na6Ca2Si8O21,105.24,2.801,2.6436
dentin,Na4CaSi4O11,105.96,2.752,2.6551
dentin,Na10Ca2Si8O23,99.32,2.735,2.4567
dentin,Na6Ca(SiO3)4,88.9,2.737,2.1507
dentin,Na2Ca2Si10O23,112.82,2.692,2.845
dentin,Na2CaSi5O12,124.59,2.847,3.2215
dentin,Na6Ca2(Si2O5)5,132.44,2.85,3.4528
dentin,Na4CaSi5O13,103.7,2.763,2.5908
dentin,Na10Ca2Si10O27,104.83,2.727,2.6172
dentin,Na6CaSi5O14,103.35,2.734,2.5749
dentin,Na2Ca2(Si4O9)3,109.65,2.666,2.7468
dentin,Na2Ca(Si3O7)2,113.67,2.8,2.8913
dentin,Na6Ca2Si12O29,139.52,2.868,3.6645
dentin,Na4Ca(Si2O5)3,115.2,2.809,2.9379
dentin,Na10Ca2Si12O31,102.86,2.758,2.565
dentin,Na6Ca(Si3O8)2,100.7,2.718,2.494
dentin,Na2Ca4Si2O9,104.3,3.029,2.6606
dentin,Na2Ca2SiO5,99.15,2.923,2.4886
dentin,Na6Ca4Si2O11,97.3,2.858,2.4211
dentin,Na4Ca2SiO6,94.15,2.787,2.3149
dentin,Na10Ca4Si2O13,97.62,2.724,2.4045
dentin,Na6Ca2SiO7,106.99,2.691,2.6733
dentin,Na2Ca4Si4O13,109.79,2.985,2.8135
dentin,Na2Ca4Si6O17,114.02,2.993,2.9392
dentin,Na2Ca4Si8O21,165.0,3.07,4.4535
dentin,Na2Ca4(Si2O5)5,144.25,2.938,3.8172
dentin,Na2Ca4Si12O29,114.2,2.853,2.9173
dentin,Na2Ca6Si2O11,101.91,3.034,2.5915
dentin,Na2Ca3SiO6,103.72,2.974,2.6329
dentin,Na6Ca6Si2O13,105.3,2.919,2.6684
dentin,Na4Ca3SiO7,103.77,2.829,2.6059
dentin,Na10Ca6Si2O15,98.06,2.786,2.4297
dentin,Na6Ca3SiO8,97.31,2.751,2.4005
dentin,Na2Ca6Si4O15,100.67,3.009,2.5501
dentin,Na2Ca6Si6O19,105.6,2.994,2.6919
dentin,Na2Ca6Si8O23,157.91,3.075,4.2458
dentin,Na2Ca6Si10O27,162.16,3.096,4.3749
dentin,Na2Ca6Si12O31,149.45,3.014,3.985
dentin,Na2Ca8Si2O13,113.78,3.075,2.9483
dentin,Na2Ca4SiO7,118.75,3.006,3.081
dentin,Na6Ca8Si2O15,105.09,2.935,2.6653
dentin,Na4Ca4SiO8,102.96,2.868,2.5897
dentin,Na10Ca8Si2O17,104.87,2.824,2.6372
dentin,Na6Ca4SiO9,95.67,2.79,2.3603
dentin,Na2Ca8Si4O17,103.63,3.048,2.6448
dentin,Na2Ca8(Si2O7)3,102.22,3.015,2.5967
dentin,Na2Ca8Si8O25,109.38,3.012,2.8066
dentin,Na2Ca8Si10O29,157.4,3.117,4.2392
dentin,Na2Ca8(Si4O11)3,162.59,3.107,4.3896
dentin,Na2Ca10Si2O15,117.05,3.083,3.046
dentin,Na2Ca5SiO8,118.45,3.037,3.0781
dentin,Na6Ca10Si2O17,111.49,2.964,2.8594
dentin,Na4Ca5SiO9,104.32,2.892,2.6346
dentin,Na10Ca10Si2O19,106.68,2.869,2.6993
dentin,Na6Ca5SiO10,105.31,2.836,2.6524
dentin,Na2Ca10Si4O19,106.45,3.055,2.729
dentin,Na2Ca10Si6O23,98.04,3.037,2.4783
dentin,Na2Ca10Si8O27,106.06,3.03,2.7127
dentin,Na2Ca10Si10O31,114.89,3.061,2.9782
dentin,Na2Ca10Si12O35,158.93,3.142,4.2889
dentin,Na2Ca12Si2O17,119.04,3.096,3.1071
dentin,Na2Ca6SiO9,119.11,3.036,3.0973
dentin,Na6Ca12Si2O19,111.56,2.978,2.8642
dentin,Na4Ca6SiO10,109.18,2.936,2.786
dentin,Na10Ca12Si2O21,108.41,2.895,2.7552
dentin,Na6Ca6SiO11,107.23,2.873,2.7161
dentin,Na2Ca12Si4O21,103.37,3.074,2.6422
dentin,Na2Ca12Si6O25,102.94,3.065,2.6279
dentin,Na2Ca12Si8O29,96.54,3.032,2.4332
dentin,Na2Ca12Si10O33,105.24,3.019,2.6865
dentin,Na2Ca12Si12O37,114.2,3.074,2.9605
dentin,SrCaSiO4,127.09,3.834,3.4886
dentin,Sr2CaSiO5,140.09,4.298,3.9617
dentin,Sr3CaSiO6,112.51,4.238,3.1393
dentin,Sr4CaSiO7,114.59,4.179,3.1888
dentin,Sr5CaSiO8,112.88,4.325,3.1673
dentin,Sr6CaSiO9,103.25,4.388,2.8965
dentin,SrCa(SiO3)2,121.18,3.492,3.2478
dentin,Sr2CaSi2O7,122.74,3.85,3.3639
dentin,Sr3Ca(SiO4)2,142.3,4.245,4.0165
dentin,Sr4CaSi2O9,123.1,4.41,3.4845
dentin,Sr5Ca(SiO5)2,132.5,4.63,3.8039
dentin,Sr6CaSi2O11,102.23,4.212,2.8319
dentin,SrCaSi3O8,110.19,3.28,2.8832
dentin,Sr2Ca(SiO3)3,129.23,3.672,3.5196
dentin,Sr3CaSi3O10,125.96,3.894,3.4672
dentin,Sr4CaSi3O11,143.31,4.137,4.0249
dentin,Sr5Ca(SiO4)3,140.37,4.356,3.9815
dentin,Sr6CaSi3O13,123.77,4.48,3.5178
dentin,SrCa(Si2O5)2,123.84,3.262,3.2809
dentin,Sr2CaSi4O11,115.4,3.457,3.0711
dentin,Sr3Ca(SiO3)4,131.19,3.766,3.5957
dentin,Sr4CaSi4O13,124.37,3.919,3.4253
dentin,Sr5Ca(Si2O7)2,139.08,4.116,3.8965
dentin,Sr6CaSi4O15,140.38,4.288,3.9685
dentin,SrCaSi5O12,134.78,3.136,3.5777
dentin,Sr2CaSi5O13,118.35,3.352,3.1373
dentin,Sr3CaSi5O14,128.51,3.524,3.4697
dentin,Sr4Ca(SiO3)5,128.69,3.804,3.5299
dentin,Sr5CaSi5O16,124.91,3.952,3.4477
dentin,Sr6CaSi5O17,140.69,4.098,3.9403
dentin,SrCa(Si3O7)2,126.25,3.036,3.3074
dentin,Sr2Ca(Si2O5)3,126.02,3.373,3.3668
dentin,Sr3Ca(Si3O8)2,114.48,3.487,3.0499
dentin,Sr4CaSi6O17,129.52,3.611,3.5164
dentin,Sr5Ca(SiO3)6,125.28,3.837,3.4361
dentin,Sr6CaSi6O19,125.36,3.958,3.462
dentin,SrCa2SiO5,139.41,3.689,3.8224
dentin,Sr2Ca2SiO6,154.21,4.131,4.3444
dentin,Sr3Ca2SiO7,135.98,4.171,3.8162
dentin,Sr4Ca2SiO8,110.77,3.995,3.0404
dentin,Sr5Ca2SiO9,115.38,4.164,3.2093
dentin,Sr6Ca2SiO10,114.04,4.268,3.19
dentin,SrCa2Si2O7,119.51,3.404,3.1814
dentin,SrCa2(SiO3)3,116.39,3.366,3.0823
dentin,SrCa2Si4O11,109.42,3.222,2.849
dentin,SrCa2Si5O13,122.47,3.249,3.2381
dentin,SrCa2(Si2O5)3,128.94,3.203,3.4191
dentin,SrCa3SiO6,138.47,3.647,3.7867
dentin,Sr2Ca3SiO7,149.47,3.956,4.1704
dentin,Sr3Ca3SiO8,156.83,4.158,4.4265
dentin,Sr4Ca3SiO9,103.21,3.862,2.7921
dentin,Sr5Ca3SiO10,113.69,4.004,3.1281
dentin,Sr6Ca3SiO11,114.04,4.142,3.1653
dentin,SrCa3(SiO4)2,122.04,3.418,3.2584
dentin,SrCa3Si3O10,116.05,3.274,3.0543
dentin,SrCa3(SiO3)4,122.06,3.32,3.2398
dentin,SrCa3Si5O14,116.71,3.188,3.0566
dentin,SrCa3(Si3O8)2,125.28,3.226,3.3162
dentin,SrCa4SiO7,147.7,3.587,4.0463
dentin,Sr2Ca4SiO8,145.99,3.865,4.0504
dentin,Sr3Ca4SiO9,141.92,4.036,3.9643
dentin,Sr4Ca4SiO10,108.48,3.817,2.9381
dentin,Sr5Ca4SiO11,105.62,3.894,2.8691
dentin,Sr6Ca4SiO12,122.24,4.02,3.3826
dentin,SrCa4Si2O9,125.6,3.38,3.3558
dentin,SrCa4Si3O11,117.59,3.271,3.0987
dentin,SrCa4Si4O13,109.47,3.195,2.8452
dentin,SrCa4(SiO3)5,120.96,3.259,3.1956
dentin,SrCa4Si6O17,118.68,3.185,3.1141
dentin,SrCa5SiO8,144.85,3.534,3.9519
dentin,Sr2Ca5SiO9,150.42,3.779,4.1638
dentin,Sr3Ca5SiO10,125.27,3.944,3.4568
dentin,Sr4Ca5SiO11,112.88,3.841,3.0725
dentin,Sr5Ca5SiO12,117.06,3.806,3.1885
dentin,Sr6Ca5SiO13,118.86,3.908,3.2614
dentin,SrCa5(SiO5)2,127.67,3.371,3.4148
dentin,SrCa5(SiO4)3,119.34,3.282,3.1524
dentin,SrCa5(Si2O7)2,116.63,3.211,3.0589
dentin,SrCa5Si5O16,110.22,3.221,2.8725
dentin,SrCa5(SiO3)6,120.04,3.223,3.1614
dentin,SrCa6SiO9,142.5,3.5,3.8761
dentin,Sr2Ca6SiO10,136.15,3.689,3.7265
dentin,Sr3Ca6SiO11,121.16,3.866,3.3205
dentin,Sr4Ca6SiO12,113.72,3.861,3.1007
dentin,Sr5Ca6SiO13,117.06,3.731,3.1737
dentin,Sr6Ca6SiO14,105.54,3.821,2.8526
dentin,SrCa6Si2O11,128.18,3.381,3.4319
dentin,SrCa6Si3O13,120.48,3.278,3.1853
dentin,SrCa6Si4O15,116.62,3.238,3.0639
dentin,SrCa6Si5O17,115.15,3.157,3.0048
dentin,SrCa6Si6O19,119.34,3.213,3.1389
dentin,K2Ca2Si2O7,72.82,2.674,1.6657
dentin,K2CaSiO4,67.49,2.603,1.4951
dentin,K6Ca2Si2O9,72.73,2.599,1.6482
dentin,K4CaSiO5,75.63,2.617,1.737
dentin,K10Ca2Si2O11,57.54,2.53,1.188
dentin,K6CaSiO6,54.3,2.453,1.0777
dentin,K2Ca2Si4O11,106.71,3.024,2.7304
dentin,K2Ca(SiO3)2,67.77,2.575,1.4978
dentin,K6Ca2Si4O13,62.01,2.569,1.3272
dentin,K4CaSi2O7,68.23,2.552,1.5065
dentin,K10Ca2Si4O15,71.75,2.557,1.611
dentin,K6Ca(SiO4)2,74.48,2.578,1.6956
dentin,K2Ca2(Si2O5)3,111.74,2.915,2.8572
dentin,K2CaSi3O8,105.73,3.041,2.7052
dentin,K6Ca2Si6O17,67.28,2.509,1.4703
dentin,K4Ca(SiO3)3,60.7,2.556,1.286
dentin,K10Ca2Si6O19,64.32,2.564,1.394
dentin,K6CaSi3O10,69.73,2.555,1.5511
dentin,K2Ca2Si8O19,104.88,2.753,2.6234
dentin,K2Ca(Si2O5)2,111.64,2.985,2.8678
dentin,K6Ca2Si8O21,98.47,3.018,2.4872
dentin,K4CaSi4O11,67.6,2.486,1.4753
dentin,K10Ca2Si8O23,64.61,2.529,1.3956
dentin,K6Ca(SiO3)4,55.35,2.536,1.1249
dentin,K2Ca2Si10O23,108.88,2.651,2.721
dentin,K2CaSi5O12,115.1,2.927,2.9583
dentin,K6Ca2(Si2O5)5,115.93,3.047,3.006
dentin,K4CaSi5O13,100.68,3.025,2.5534
dentin,K10Ca2Si10O27,67.6,2.474,1.4728
dentin,K6CaSi5O14,66.44,2.528,1.4492
dentin,K2Ca2(Si4O9)3,108.33,2.669,2.7087
dentin,K2Ca(Si3O7)2,111.63,2.871,2.845
dentin,K6Ca2Si12O29,111.44,2.993,2.8635
dentin,K4Ca(Si2O5)3,111.23,3.079,2.8742
dentin,K10Ca2Si12O31,105.08,3.048,2.6873
dentin,K6Ca(Si3O8)2,67.98,2.461,1.4816
dentin,K2Ca4Si2O9,101.7,3.023,2.583
dentin,K2Ca2SiO5,71.12,2.665,1.6139
dentin,K6Ca4Si2O11,71.44,2.65,1.6201
dentin,K4Ca2SiO6,75.66,2.665,1.747
dentin,K10Ca4Si2O13,81.43,2.691,1.9221
dentin,K6Ca2SiO7,65.78,2.547,1.4335
dentin,K2Ca4Si4O13,105.88,3.017,2.7047
dentin,K2Ca4Si6O17,108.84,3.044,2.7972
dentin,K2Ca4Si8O21,110.23,2.935,2.8167
dentin,K2Ca4(Si2O5)5,99.42,2.827,2.4774
dentin,K2Ca4Si12O29,107.9,2.826,2.7267
dentin,K2Ca6Si2O11,101.35,3.073,2.5825
dentin,K2Ca3SiO6,68.76,2.704,1.552
dentin,K6Ca6Si2O13,73.03,2.687,1.6741
dentin,K4Ca3SiO7,81.03,2.679,1.908
dentin,K10Ca6Si2O15,76.73,2.696,1.7848
dentin,K6Ca3SiO8,81.43,2.69,1.922
dentin,K2Ca6Si4O15,109.35,3.03,2.8094
dentin,K2Ca6Si6O19,100.17,3.004,2.5342
dentin,K2Ca6Si8O23,110.92,3.057,2.8607
dentin,K2Ca6Si10O27,102.65,2.926,2.5919
dentin,K2Ca6Si12O31,100.44,2.879,2.5177
dentin,K2Ca8Si2O13,117.87,3.102,3.0741
dentin,K2Ca4SiO7,79.03,2.753,1.8637
dentin,K6Ca8Si2O15,73.17,2.697,1.6803
dentin,K4Ca4SiO8,79.07,2.684,1.851
dentin,K10Ca8Si2O17,76.35,2.701,1.7747
dentin,K6Ca4SiO9,76.73,2.716,1.7886
dentin,K2Ca8Si4O17,110.79,3.023,2.8504
dentin,K2Ca8(Si2O7)3,98.91,3.029,2.5023
dentin,K2Ca8Si8O25,100.33,3.005,2.5393
dentin,K2Ca8Si10O29,108.92,3.03,2.7966
dentin,K2Ca8(Si4O11)3,110.11,3.01,2.8279
dentin,K2Ca10Si2O15,119.82,3.11,3.1327
dentin,K2Ca5SiO8,77.73,2.761,1.8269
dentin,K6Ca10Si2O17,73.81,2.71,1.7016
dentin,K4Ca5SiO9,73.94,2.697,1.703
dentin,K10Ca10Si2O19,76.35,2.709,1.7764
dentin,K6Ca5SiO10,76.35,2.725,1.7794
dentin,K2Ca10Si4O19,111.83,3.063,2.8886
dentin,K2Ca10Si6O23,101.17,3.037,2.5701
dentin,K2Ca10Si8O27,99.16,2.994,2.5027
dentin,K2Ca10Si10O31,105.95,3.031,2.7097
dentin,K2Ca10Si12O35,112.19,3.052,2.8972
dentin,K2Ca12Si2O17,103.9,3.098,2.6623
dentin,K2Ca6SiO9,78.08,2.765,1.838
dentin,K6Ca12Si2O19,75.05,2.732,1.7425
dentin,K4Ca6SiO10,79.61,2.691,1.8683
dentin,K10Ca12Si2O21,74.5,2.71,1.7219
dentin,K6Ca6SiO11,76.35,2.729,1.7801
dentin,K2Ca12Si4O21,108.34,3.078,2.7892
dentin,K2Ca12Si6O25,104.53,3.003,2.6624
dentin,K2Ca12Si8O29,100.48,3.039,2.5503
dentin,K2Ca12Si10O33,100.02,3.016,2.5324
dentin,K2Ca12Si12O37,105.4,3.03,2.6932
dentin,Ca2Al2Si2O9,171.92,3.239,4.69
dentin,CaAl2SiO6,168.89,3.266,4.606
dentin,Ca2Al6Si2O15,150.44,3.073,4.0257
dentin,CaAl4SiO9,141.69,3.027,3.7595
dentin,Ca2Al10Si2O21,138.36,2.995,3.6554
dentin,CaAl6SiO12,137.67,2.985,3.633
dentin,Ca2Al2Si4O13,149.89,2.929,3.9814
dentin,CaAl2(SiO4)2,115.28,2.841,2.9466
dentin,Ca2Al6Si4O19,140.65,2.93,3.7101
dentin,CaAl4Si2O11,140.65,2.934,3.7108
dentin,Ca2Al10Si4O25,138.11,2.932,3.6355
dentin,CaAl6(SiO7)2,135.22,2.937,3.5517
dentin,Ca2Al2Si6O17,126.29,2.862,3.2744
dentin,CaAl2Si3O10,124.49,2.834,3.2159
dentin,Ca2Al6Si6O23,128.13,2.824,3.3212
dentin,CaAl4Si3O13,139.16,2.874,3.6551
dentin,Ca2Al10Si6O29,134.36,2.897,3.5186
dentin,CaAl6Si3O16,135.55,2.892,3.5527
dentin,Ca2Al2Si8O21,124.56,2.807,3.2128
dentin,CaAl2(SiO3)4,122.67,2.821,3.1599
dentin,Ca2Al6Si8O27,123.35,2.817,3.179
dentin,CaAl4Si4O15,125.67,2.819,3.2478
dentin,Ca2Al10Si8O33,128.8,2.845,3.345
dentin,CaAl6(Si2O9)2,126.96,2.84,3.2899
dentin,Ca2Al2(Si2O5)5,127.18,2.721,3.273
dentin,CaAl2Si5O14,129.19,2.769,3.3415
dentin,Ca2Al6Si10O31,131.36,2.807,3.4129
dentin,CaAl4Si5O17,132.23,2.799,3.4367
dentin,Ca2Al10Si10O37,128.3,2.802,3.3218
dentin,CaAl6(SiO4)5,129.22,2.806,3.3494
dentin,Ca2Al2Si12O29,123.16,2.694,3.1495
dentin,CaAl2(Si3O8)2,132.86,2.686,3.4329
dentin,Ca2Al6Si12O35,133.13,2.761,3.4558
dentin,CaAl4Si6O19,132.0,2.795,3.4292
dentin,Ca2Al10Si12O41,132.25,2.79,3.4354
dentin,CaAl6(Si3O11)2,132.99,2.788,3.4569
dentin,Ca4Al2Si2O11,155.18,3.191,4.1883
dentin,Ca2Al2SiO7,137.19,3.058,3.6333
dentin,Ca4Al6Si2O17,160.65,3.105,4.3324
dentin,Ca2Al4SiO10,161.53,3.191,4.3748
dentin,Ca4Al10Si2O23,157.33,3.104,4.2345
dentin,Ca2Al6SiO13,152.04,3.062,4.0708
dentin,Ca4Al2Si4O15,186.51,3.316,5.134
dentin,Ca4Al2Si6O19,165.8,3.044,4.4717
dentin,Ca4Al2Si8O23,152.03,2.955,4.0493
dentin,Ca4Al2Si10O27,131.14,2.892,3.423
dentin,Ca4Al2Si12O31,130.35,2.876,3.3965
dentin,Ca6Al2Si2O13,113.13,3.067,2.9275
dentin,Ca3Al2SiO8,154.63,3.185,4.1709
dentin,Ca6Al6Si2O19,155.55,3.167,4.1943
dentin,Ca3Al4SiO11,154.29,3.081,4.1406
dentin,Ca6Al10Si2O25,159.81,3.082,4.3032
dentin,Ca3Al6SiO14,159.57,3.143,4.3079
dentin,Ca6Al2Si4O17,166.28,3.199,4.5162
dentin,Ca6Al2(Si2O7)3,171.44,3.29,4.6858
dentin,Ca6Al2Si8O25,162.77,3.135,4.4005
dentin,Ca6Al2Si10O29,157.57,3.021,4.2253
dentin,Ca6Al2(Si4O11)3,138.85,2.948,3.6604
dentin,Ca8Al2Si2O15,119.74,3.076,3.1238
dentin,Ca4Al2SiO9,118.5,3.096,3.0912
dentin,Ca8Al6Si2O21,153.17,3.19,4.129
dentin,Ca4Al4SiO12,148.87,3.144,3.9935
dentin,Ca8Al10Si2O27,151.71,3.107,4.07
dentin,Ca4Al6SiO15,158.02,3.1,4.2542
dentin,Ca8Al2Si4O19,116.19,3.07,3.0183
dentin,Ca8Al2Si6O23,161.69,3.244,4.3901
dentin,Ca8Al2Si8O27,168.06,3.247,4.578
dentin,Ca8Al2Si10O31,161.19,3.162,4.3593
dentin,Ca8Al2Si12O35,161.51,3.073,4.3514
dentin,Ca10Al2Si2O17,124.56,3.069,3.2642
dentin,Ca5Al2SiO10,115.76,3.046,3.001
dentin,Ca10Al6Si2O23,116.56,3.11,3.037
dentin,Ca5Al4SiO13,156.17,3.192,4.2175
dentin,Ca10Al10Si2O29,150.0,3.162,4.0304
dentin,Ca5Al6SiO16,150.06,3.132,4.0263
dentin,Ca10Al2Si4O21,115.01,3.063,2.9823
dentin,Ca10Al2Si6O25,119.19,3.074,3.1074
dentin,Ca10Al2Si8O29,164.95,3.274,4.4917
dentin,Ca10Al2Si10O33,164.18,3.266,4.4677
dentin,Ca10Al2Si12O37,160.71,3.174,4.3474
dentin,Ca12Al2Si2O19,137.2,3.087,3.6393
dentin,Ca6Al2SiO11,121.96,3.078,3.1896
dentin,Ca12Al6Si2O25,114.76,3.057,2.9736
dentin,Ca6Al4SiO14,117.22,3.112,3.0569
dentin,Ca12Al10Si2O31,156.17,3.201,4.2192
dentin,Ca6Al6SiO17,152.31,3.169,4.0998
dentin,Ca12Al2Si4O23,118.34,3.091,3.0856
dentin,Ca12Al2(Si2O9)3,110.09,3.064,2.8378
dentin,Ca12Al2Si8O31,120.62,3.076,3.1496
dentin,Ca12Al2(Si2O7)5,167.01,3.277,4.553
dentin,Ca12Al2(Si4O13)3,163.38,3.266,4.4442
dentin,Ca2Mg2Si2P2O13,116.84,2.887,3.0016
dentin,Ca2Mg4Si2P2O15,140.91,2.919,3.7154
dentin,Ca2Mg6Si2P2O17,137.51,2.869,3.6058
dentin,Ca2Mg8Si2P2O19,138.17,2.863,3.624
dentin,Ca2Mg10Si2P2O21,128.45,2.851,3.3359
dentin,Ca2Mg12Si2P2O23,142.2,2.861,3.7418
dentin,Ca2Mg2Si4P2O17,129.71,2.877,3.3781
dentin,Ca2Mg4Si4P2O19,136.18,2.886,3.5699
dentin,Ca2Mg6Si4P2O21,149.63,2.939,3.9757
dentin,Ca2Mg8Si4P2O23,144.0,2.899,3.8022
dentin,Ca2Mg10Si4P2O25,126.69,2.844,3.2825
dentin,Ca2Mg12Si4P2O27,127.96,2.843,3.3198
dentin,Ca2Mg2Si6P2O21,122.33,2.831,3.1521
dentin,Ca2Mg4Si6P2O23,123.91,2.846,3.2012
dentin,Ca2Mg6Si6P2O25,136.81,2.88,3.5872
dentin,Ca2Mg8Si6P2O27,146.06,2.931,3.869
dentin,Ca2Mg10Si6P2O29,139.54,2.899,3.6712
dentin,Ca2Mg12Si6P2O31,141.58,2.895,3.7306
dentin,Ca2Mg2Si8P2O25,112.68,2.726,2.8477
dentin,Ca2Mg4Si8P2O27,123.07,2.835,3.1744
dentin,Ca2Mg6Si8P2O29,117.84,2.816,3.0171
dentin,Ca2Mg8Si8P2O31,133.96,2.866,3.5008
dentin,Ca2Mg10Si8P2O33,144.71,2.924,3.828
dentin,Ca2Mg12Si8P2O35,138.23,2.919,3.6365
dentin,Ca2Mg2Si10P2O29,125.42,2.69,3.2152
dentin,Ca2Mg4Si10P2O31,117.47,2.817,3.0063
dentin,Ca2Mg6Si10P2O33,122.94,2.836,3.171
dentin,Ca2Mg8Si10P2O35,119.67,2.832,3.0739
dentin,Ca2Mg10Si10P2O37,130.54,2.872,3.4012
dentin,Ca2Mg12Si10P2O39,144.62,2.933,3.8271
dentin,Ca2Mg2Si12P2O33,123.11,2.663,3.1419
dentin,Ca2Mg4Si12P2O35,119.92,2.761,3.0674
dentin,Ca2Mg6Si12P2O37,120.68,2.818,3.1007
dentin,Ca2Mg8Si12P2O39,120.02,2.809,3.0797
dentin,Ca2Mg10Si12P2O41,119.18,2.83,3.0591
dentin,Ca2Mg12Si12P2O43,128.95,2.869,3.3542
dentin,CaMgSiP2O9,94.02,2.747,2.3033
dentin,CaMg2Si(PO5)2,116.7,2.858,2.9918
dentin,CaMg3SiP2O11,136.03,2.87,3.5623
dentin,CaMg4Si(PO6)2,143.28,2.912,3.7838
dentin,CaMg5SiP2O13,143.91,2.89,3.7978
dentin,CaMg6Si(PO7)2,130.1,2.84,3.382
dentin,CaMgSi2P2O11,91.51,2.729,2.2258
dentin,CaMg2Si2(PO6)2,111.81,2.826,2.8416
dentin,CaMg3Si2P2O13,113.2,2.825,2.8825
dentin,CaMg4Si2(PO7)2,134.63,2.86,3.5193
dentin,CaMg5Si2P2O15,143.22,2.921,3.784
dentin,CaMg6Si2(PO8)2,136.76,2.894,3.5884
dentin,CaMgSi3P2O13,98.1,2.698,2.4135
dentin,CaMg2Si3(PO7)2,108.56,2.782,2.7374
dentin,CaMg3Si3P2O15,111.07,2.806,2.8159
dentin,CaMg4Si3(PO8)2,117.25,2.812,2.9988
dentin,CaMg5Si3P2O17,133.64,2.866,3.4914
dentin,CaMg6Si3(PO9)2,144.78,2.924,3.8301
dentin,CaMgSi4P2O15,119.57,2.673,3.0398
dentin,CaMg2Si4(PO8)2,108.22,2.721,2.7155
dentin,CaMg3Si4P2O17,114.69,2.832,2.9274
dentin,CaMg4Si4(PO9)2,109.6,2.817,2.7748
dentin,CaMg5Si4P2O19,118.57,2.834,3.0419
dentin,CaMg6Si4(PO10)2,133.64,2.87,3.4921
dentin,CaMgSi5P2O17,119.71,2.678,3.045
dentin,CaMg2Si5(PO9)2,115.65,2.712,2.9322
dentin,CaMg3Si5P2O19,118.78,2.831,3.0476
dentin,CaMg4Si5(PO10)2,118.59,2.832,3.0422
dentin,CaMg5Si5P2O21,111.98,2.825,2.8465
dentin,CaMg6Si5(PO11)2,130.89,2.864,3.4101
dentin,CaMgSi6P2O19,111.55,2.648,2.799
dentin,CaMg2Si6(PO10)2,122.2,2.677,3.1179
dentin,CaMg3Si6P2O21,117.95,2.778,3.0128
dentin,CaMg4Si6(PO11)2,123.85,2.836,3.1974
dentin,CaMg5Si6P2O23,124.04,2.823,3.2005
dentin,CaMg6Si6(PO12)2,114.02,2.817,2.9049
dentin,Ca2Mg2Si2P6O23,97.88,2.688,2.4049
dentin,Ca2Mg4Si2P6O25,99.35,2.729,2.4562
dentin,Ca2Mg6Si2(P2O9)3,113.07,2.825,2.8786
dentin,Ca2Mg8Si2P6O29,121.6,2.822,3.1288
dentin,Ca2Mg10Si2P6O31,130.13,2.87,3.3889
dentin,Ca2Mg12Si2(P2O11)3,134.74,2.92,3.5341
dentin,Ca2Mg2Si4(P2O9)3,104.42,2.664,2.5926
dentin,Ca2Mg4Si4P6O29,91.58,2.707,2.2234
dentin,Ca2Mg6Si4P6O31,108.34,2.804,2.7353
dentin,Ca2Mg8Si4(P2O11)3,117.99,2.826,3.0233
dentin,Ca2Mg10Si4P6O35,119.75,2.822,3.0744
dentin,Ca2Mg12Si4P6O37,118.77,2.856,3.0522
dentin,Ca2Mg2Si6P6O31,98.7,2.656,2.4228
dentin,Ca2Mg4Si6(P2O11)3,97.09,2.692,2.3825
dentin,Ca2Mg6Si6P6O35,107.9,2.77,2.7158
dentin,Ca2Mg8Si6P6O37,111.88,2.814,2.8415
dentin,Ca2Mg10Si6(P2O13)3,113.99,2.802,2.9011
dentin,Ca2Mg12Si6P6O41,117.11,2.826,2.9974
dentin,Ca2Mg2Si8P6O35,98.7,2.648,2.4214
dentin,Ca2Mg4Si8P6O37,103.67,2.665,2.5707
dentin,Ca2Mg6Si8(P2O13)3,99.75,2.7,2.4626
dentin,Ca2Mg8Si8P6O41,112.31,2.799,2.851
dentin,Ca2Mg10Si8P6O43,111.07,2.802,2.8152
dentin,Ca2Mg12Si8(P2O15)3,116.96,2.802,2.9884
dentin,Ca2Mg2Si10(P2O13)3,115.12,2.645,2.9036
dentin,Ca2Mg4Si10P6O41,115.35,2.652,2.9116
dentin,Ca2Mg6Si10P6O43,105.78,2.686,2.6367
dentin,Ca2Mg8Si10(P2O15)3,109.96,2.802,2.7825
dentin,Ca2Mg10Si10P6O47,109.66,2.813,2.776
dentin,Ca2Mg12Si10P6O49,108.04,2.802,2.726
dentin,Ca2Mg2Si12P6O43,109.31,2.614,2.7265
dentin,Ca2Mg4Si12(P2O15)3,119.42,2.646,3.0303
dentin,Ca2Mg6Si12P6O47,116.1,2.682,2.9396
dentin,Ca2Mg8Si12P6O49,116.07,2.757,2.9533
dentin,Ca2Mg10Si12(P2O17)3,114.5,2.81,2.9177
dentin,Ca2Mg12Si12P6O53,109.29,2.807,2.7639
dentin,CaMgSi(P2O7)2,88.35,2.638,2.1151
dentin,CaMg2SiP4O15,94.39,2.679,2.3006
dentin,CaMg3Si(PO4)4,96.91,2.712,2.3812
dentin,CaMg4SiP4O17,117.84,2.809,3.0155
dentin,CaMg5Si(P2O9)2,120.4,2.804,3.0899
dentin,CaMg6SiP4O19,120.52,2.825,3.0976
dentin,CaMgSi2(PO4)4,89.58,2.629,2.1495
dentin,CaMg2Si2P4O17,101.99,2.662,2.5208
dentin,CaMg3Si2(P2O9)2,100.64,2.699,2.4883
dentin,CaMg4Si2P4O19,107.41,2.788,2.7048
dentin,CaMg5Si2(PO5)4,111.94,2.801,2.8405
dentin,CaMg6Si2P4O21,120.66,2.807,3.0981
dentin,CaMgSi3(P2O9)2,93.24,2.631,2.2574
dentin,CaMg2Si3P4O19,93.55,2.656,2.2714
dentin,CaMg3Si3(PO5)4,98.03,2.69,2.4097
dentin,CaMg4Si3P4O21,108.04,2.766,2.719
dentin,CaMg5Si3(P2O11)2,112.45,2.804,2.8562
dentin,CaMg6Si3P4O23,114.45,2.806,2.9153
dentin,CaMgSi4(PO5)4,101.35,2.619,2.4936
dentin,CaMg2Si4P4O21,85.87,2.643,2.0433
dentin,CaMg3Si4(P2O11)2,98.03,2.671,2.4062
dentin,CaMg4Si4P4O23,94.87,2.706,2.3201
dentin,CaMg5Si4(PO6)4,110.66,2.798,2.8023
dentin,CaMg6Si4P4O25,111.23,2.806,2.8205
dentin,CaMgSi5(P2O11)2,96.2,2.62,2.3422
dentin,CaMg2Si5P4O23,91.29,2.638,2.2016
dentin,CaMg3Si5(PO6)4,100.27,2.655,2.4687
dentin,CaMg4Si5P4O25,105.68,2.68,2.6328
dentin,CaMg5Si5(P2O13)2,111.45,2.77,2.82
dentin,CaMg6Si5P4O27,110.79,2.806,2.8078
dentin,CaMgSi6(PO6)4,92.29,2.597,2.2227
dentin,CaMg2Si6P4O25,97.85,2.633,2.3934
dentin,CaMg3Si6(P2O13)2,100.57,2.636,2.4738
dentin,CaMg4Si6P4O27,106.34,2.673,2.651
dentin,CaMg5Si6(PO7)4,110.74,2.752,2.7956
dentin,CaMg6Si6P4O29,110.92,2.79,2.8086
dentin,Ca2Mg2Si2P10O33,88.04,2.621,2.1025
dentin,Ca2Mg4Si2(P2O7)5,93.41,2.647,2.2657
dentin,Ca2Mg6Si2P10O37,94.93,2.671,2.315
dentin,Ca2Mg8Si2P10O39,93.67,2.699,2.2833
dentin,Ca2Mg10Si2P10O41,115.66,2.787,2.9471
dentin,Ca2Mg12Si2P10O43,124.84,2.806,3.2207
dentin,Ca2Mg2Si4P10O37,88.04,2.616,2.1016
dentin,Ca2Mg4Si4P10O39,95.04,2.625,2.3091
dentin,Ca2Mg6Si4P10O41,100.18,2.669,2.4691
dentin,Ca2Mg8Si4P10O43,99.97,2.688,2.4666
dentin,Ca2Mg10Si4(P2O9)5,111.79,2.78,2.832
dentin,Ca2Mg12Si4P10O47,111.34,2.801,2.823
dentin,Ca2Mg2Si6P10O41,90.99,2.616,2.1885
dentin,Ca2Mg4Si6P10O43,94.65,2.62,2.2968
dentin,Ca2Mg6Si6(P2O9)5,101.04,2.647,2.4897
dentin,Ca2Mg8Si6P10O47,102.11,2.679,2.5278
dentin,Ca2Mg10Si6P10O49,108.04,2.76,2.7178
dentin,Ca2Mg12Si6P10O51,110.92,2.796,2.8094
dentin,Ca2Mg2Si8(P2O9)5,95.22,2.608,2.3113
dentin,Ca2Mg4Si8P10O47,94.25,2.618,2.2845
dentin,Ca2Mg6Si8P10O49,97.85,2.644,2.3954
dentin,Ca2Mg8Si8P10O51,98.03,2.669,2.4056
dentin,Ca2Mg10Si8P10O53,94.59,2.696,2.3099
dentin,Ca2Mg12Si8(P2O11)5,109.46,2.789,2.7652
dentin,Ca2Mg2Si10P10O49,97.25,2.604,2.3699
dentin,Ca2Mg4Si10P10O51,94.45,2.613,2.2894
dentin,Ca2Mg6Si10P10O53,84.68,2.638,2.0072
dentin,Ca2Mg8Si10(P2O11)5,94.81,2.648,2.3071
dentin,Ca2Mg10Si10P10O57,97.67,2.68,2.3973
dentin,Ca2Mg12Si10P10O59,108.97,2.776,2.7482
dentin,Ca2Mg2Si12P10O53,96.23,2.585,2.3364
dentin,Ca2Mg4Si12(P2O11)5,90.28,2.603,2.1648
dentin,Ca2Mg6Si12P10O57,89.92,2.639,2.1614
dentin,Ca2Mg8Si12P10O59,100.07,2.654,2.4626
dentin,Ca2Mg10Si12P10O61,106.83,2.664,2.6635
dentin,Ca2Mg12Si12P10O63,110.41,2.747,2.7852
dentin,CaMgSiP6O19,87.05,2.626,2.0745
dentin,CaMg2Si(P3O10)2,87.36,2.609,2.0802
dentin,CaMg3Si(P2O7)3,85.71,2.643,2.0383
dentin,CaMg4Si(P3O11)2,91.96,2.666,2.2267
dentin,CaMg5SiP6O23,93.73,2.7,2.2853
dentin,CaMg6Si(PO4)6,111.93,2.777,2.8355
dentin,CaMgSi2(P2O7)3,88.04,2.616,2.1015
dentin,CaMg2Si2(P3O11)2,88.35,2.606,2.1088
dentin,CaMg3Si2P6O23,87.52,2.63,2.0889
dentin,CaMg4Si2(PO4)6,96.12,2.661,2.3479
dentin,CaMg5Si2P6O25,98.99,2.685,2.4371
dentin,CaMg6Si2(P3O13)2,114.09,2.763,2.8962
dentin,CaMgSi3P6O23,89.73,2.612,2.1504
dentin,CaMg2Si3(PO4)6,88.83,2.603,2.1223
dentin,CaMg3Si3P6O25,98.83,2.627,2.4209
dentin,CaMg4Si3(P3O13)2,101.99,2.645,2.5175
dentin,CaMg5Si3(P2O9)3,103.16,2.675,2.5577
dentin,CaMg6Si3(P3O14)2,107.58,2.753,2.7028
dentin,CaMgSi4P6O25,94.91,2.604,2.3013
dentin,CaMg2Si4(P3O13)2,90.99,2.606,2.1864
dentin,CaMg3Si4(P2O9)3,99.36,2.625,2.4362
dentin,CaMg4Si4(P3O14)2,100.47,2.638,2.4714
dentin,CaMg5Si4P6O29,94.4,2.66,2.2972
dentin,CaMg6Si4(PO5)6,97.8,2.684,2.4017
dentin,CaMgSi5(P2O9)3,94.26,2.601,2.2815
dentin,CaMg2Si5(P3O14)2,93.24,2.607,2.2526
dentin,CaMg3Si5P6O29,99.36,2.619,2.4352
dentin,CaMg4Si5(PO5)6,91.44,2.642,2.2065
dentin,CaMg5Si5P6O31,94.31,2.656,2.2938
dentin,CaMg6Si5(P3O16)2,94.36,2.672,2.2982
dentin,CaMgSi6P6O29,96.26,2.587,2.3376
dentin,CaMg2Si6(PO5)6,97.57,2.598,2.3782
dentin,CaMg3Si6P6O31,94.19,2.617,2.2826
dentin,CaMg4Si6(P3O16)2,84.68,2.631,2.0058
dentin,CaMg5Si6(P2O11)3,93.5,2.638,2.2665
dentin,CaMg6Si6(P3O17)2,95.32,2.656,2.3233
dentin,Ca4Mg2Si2P2O15,152.98,3.06,4.0978
dentin,Ca4Mg4Si2P2O17,120.52,2.948,3.1217
dentin,Ca4Mg6Si2P2O19,129.32,2.922,3.3753
dentin,Ca4Mg8Si2P2O21,130.25,2.905,3.3994
dentin,Ca4Mg10Si2P2O23,127.68,2.896,3.322
dentin,Ca4Mg12Si2P2O25,133.16,2.901,3.4839
dentin,Ca4Mg2Si4P2O19,144.64,3.013,3.8434
dentin,Ca4Mg4Si4P2O21,153.34,3.008,4.0983
dentin,Ca4Mg6Si4P2O23,145.71,2.939,3.8606
dentin,Ca4Mg8Si4P2O25,128.38,2.913,3.3459
dentin,Ca4Mg10Si4P2O27,139.33,2.913,3.668
dentin,Ca4Mg12Si4P2O29,153.45,2.932,4.0866
dentin,Ca4Mg2Si6P2O23,127.68,2.93,3.3285
dentin,Ca4Mg4Si6P2O25,144.69,2.936,3.8299
dentin,Ca4Mg6Si6P2O27,149.5,2.949,3.974
dentin,Ca4Mg8Si6P2O29,147.8,2.92,3.9183
dentin,Ca4Mg10Si6P2O31,140.84,2.896,3.7088
dentin,Ca4Mg12Si6P2O33,145.8,2.901,3.8557
dentin,Ca4Mg2Si8P2O27,148.03,2.924,3.9255
dentin,Ca4Mg4Si8P2O29,136.37,2.915,3.5811
dentin,Ca4Mg6Si8P2O31,149.73,2.926,3.976
dentin,Ca4Mg8Si8P2O33,153.23,2.927,4.0791
dentin,Ca4Mg10Si8P2O35,144.57,2.903,3.8197
dentin,Ca4Mg12Si8P2O37,140.64,2.875,3.6988
dentin,Ca4Mg2Si10P2O31,125.13,2.882,3.2444
dentin,Ca4Mg4Si10P2O33,138.9,2.876,3.6479
dentin,Ca4Mg6Si10P2O35,135.68,2.866,3.5511
dentin,Ca4Mg8Si10P2O37,139.28,2.901,3.664
dentin,Ca4Mg10Si10P2O39,150.9,2.957,4.0167
dentin,Ca4Mg12Si10P2O41,146.97,2.947,3.899
dentin,Ca4Mg2Si12P2O35,128.06,2.829,3.32
dentin,Ca4Mg4Si12P2O37,138.97,2.877,3.6504
dentin,Ca4Mg6Si12P2O39,126.03,2.852,3.2647
dentin,Ca4Mg8Si12P2O41,138.26,2.873,3.6285
dentin,Ca4Mg10Si12P2O43,137.53,2.894,3.6113
dentin,Ca4Mg12Si12P2O45,151.4,2.961,4.0321
dentin,Ca2MgSi(PO5)2,114.97,2.969,2.9625
dentin,Ca2Mg2SiP2O11,143.95,2.959,3.8128
dentin,Ca2Mg3Si(PO6)2,147.44,2.978,3.9192
dentin,Ca2Mg4SiP2O13,142.06,2.92,3.7495
dentin,Ca2Mg5Si(PO7)2,128.55,2.879,3.3442
dentin,Ca2Mg6SiP2O15,137.02,2.887,3.5948
dentin,Ca2MgSi2(PO6)2,103.74,2.873,2.6135
dentin,Ca2MgSi3(PO7)2,102.86,2.818,2.577
dentin,Ca2MgSi4(PO8)2,109.87,2.789,2.7775
dentin,Ca2MgSi5(PO9)2,114.51,2.777,2.9113
dentin,Ca2MgSi6(PO10)2,112.29,2.742,2.8393
dentin,Ca4Mg2Si2P6O25,100.0,2.742,2.4778
dentin,Ca4Mg4Si2(P2O9)3,113.89,2.887,2.9148
dentin,Ca4Mg6Si2P6O29,123.4,2.883,3.1936
dentin,Ca4Mg8Si2P6O31,139.22,2.899,3.662
dentin,Ca4Mg10Si2(P2O11)3,141.32,2.924,3.7286
dentin,Ca4Mg12Si2P6O35,138.92,2.892,3.6514
dentin,Ca4Mg2Si4P6O29,92.49,2.729,2.2546
dentin,Ca4Mg2Si6(P2O11)3,92.31,2.752,2.2538
dentin,Ca4Mg2Si8P6O37,95.96,2.745,2.3596
dentin,Ca4Mg2Si10P6O41,107.49,2.719,2.6936
dentin,Ca4Mg2Si12(P2O15)3,114.9,2.7,2.9079
dentin,Ca2MgSiP4O15,92.46,2.708,2.2496
dentin,Ca2Mg2Si(PO4)4,98.15,2.737,2.4228
dentin,Ca2Mg3SiP4O17,110.66,2.849,2.8121
dentin,Ca2Mg4Si(P2O9)2,123.36,2.855,3.1869
dentin,Ca2Mg5SiP4O19,136.56,2.88,3.5799
dentin,Ca2Mg6Si(PO5)4,136.32,2.861,3.569
dentin,Ca2MgSi2P4O17,98.0,2.729,2.4165
dentin,Ca2MgSi3P4O19,92.1,2.733,2.244
dentin,Ca2MgSi4P4O21,92.69,2.712,2.257
dentin,Ca2MgSi5P4O23,104.53,2.691,2.6011
dentin,Ca2MgSi6P4O25,102.83,2.685,2.55
dentin,Ca4Mg2Si2(P2O7)5,95.46,2.694,2.3349
dentin,Ca4Mg4Si2P10O37,91.04,2.699,2.2062
dentin,Ca4Mg6Si2P10O39,97.24,2.724,2.3933
dentin,Ca4Mg8Si2P10O41,119.85,2.841,3.0808
dentin,Ca4Mg10Si2P10O43,124.28,2.837,3.2103
dentin,Ca4Mg12Si2(P2O9)5,122.12,2.832,3.146
dentin,Ca4Mg2Si4P10O39,98.88,2.695,2.4357
dentin,Ca4Mg2Si6P10O43,98.22,2.671,2.4116
dentin,Ca4Mg2Si8P10O47,97.8,2.663,2.3977
dentin,Ca4Mg2Si10P10O51,94.6,2.662,2.3034
dentin,Ca4Mg2Si12(P2O11)5,94.6,2.653,2.3018
dentin,Ca2MgSi(P3O10)2,91.38,2.665,2.2094
dentin,Ca2Mg2Si(P2O7)3,90.28,2.715,2.1868
dentin,Ca2Mg3Si(P3O11)2,92.91,2.718,2.2647
dentin,Ca2Mg4SiP6O23,94.78,2.748,2.3258
dentin,Ca2Mg5Si(PO4)6,115.67,2.82,2.9538
dentin,Ca2Mg6SiP6O25,126.71,2.836,3.2817
dentin,Ca2MgSi2(P3O11)2,88.7,2.654,2.1284
dentin,Ca2MgSi3(PO4)6,89.94,2.662,2.1664
dentin,Ca2MgSi4(P3O13)2,91.35,2.657,2.2071
dentin,Ca2MgSi5(P3O14)2,94.05,2.651,2.285
dentin,Ca2MgSi6(PO5)6,98.97,2.642,2.4281
dentin,Ca6Mg2Si2P2O17,121.16,3.065,3.1635
dentin,Ca6Mg4Si2P2O19,123.45,3.03,3.224
dentin,Ca6Mg6Si2P2O21,126.12,2.982,3.293
dentin,Ca6Mg8Si2P2O23,131.0,2.987,3.4375
dentin,Ca6Mg10Si2P2O25,136.38,2.997,3.5976
dentin,Ca6Mg12Si2P2O27,137.28,2.97,3.6189
dentin,Ca6Mg2Si4P2O21,161.04,3.139,4.3503
dentin,Ca6Mg4Si4P2O23,127.78,2.989,3.3433
dentin,Ca6Mg6Si4P2O25,125.65,2.946,3.2723
dentin,Ca6Mg8Si4P2O27,133.21,2.954,3.4958
dentin,Ca6Mg10Si4P2O29,135.65,2.941,3.5652
dentin,Ca6Mg12Si4P2O31,136.77,2.935,3.5969
dentin,Ca6Mg2Si6P2O25,156.96,3.075,4.2178
dentin,Ca6Mg4Si6P2O27,162.33,3.062,4.3734
dentin,Ca6Mg6Si6P2O29,150.61,3.021,4.0206
dentin,Ca6Mg8Si6P2O31,145.93,2.98,3.875
dentin,Ca6Mg10Si6P2O33,149.25,2.973,3.9713
dentin,Ca6Mg12Si6P2O35,147.09,2.941,3.9015
dentin,Ca6Mg2Si8P2O29,149.7,3.0,3.9899
dentin,Ca6Mg4Si8P2O31,145.92,2.993,3.8772
dentin,Ca6Mg6Si8P2O33,156.3,3.003,4.1843
dentin,Ca6Mg8Si8P2O35,151.32,2.982,4.0338
dentin,Ca6Mg10Si8P2O37,153.56,2.956,4.0946
dentin,Ca6Mg12Si8P2O39,148.55,2.928,3.9419
dentin,Ca6Mg2Si10P2O33,150.31,2.969,4.0015
dentin,Ca6Mg4Si10P2O35,128.59,2.926,3.3546
dentin,Ca6Mg6Si10P2O37,148.62,2.938,3.9458
dentin,Ca6Mg8Si10P2O39,153.59,2.946,4.0937
dentin,Ca6Mg10Si10P2O41,150.86,2.97,4.0182
dentin,Ca6Mg12Si10P2O43,149.25,2.92,3.9607
dentin,Ca6Mg2Si12P2O37,149.88,2.931,3.9815
dentin,Ca6Mg4Si12P2O39,140.65,2.913,3.7066
dentin,Ca6Mg6Si12P2O41,126.18,2.894,3.2775
dentin,Ca6Mg8Si12P2O43,144.6,2.906,3.8214
dentin,Ca6Mg10Si12P2O45,153.59,2.944,4.0933
dentin,Ca6Mg12Si12P2O47,153.42,2.946,4.0885
dentin,Ca3MgSiP2O11,146.89,3.085,3.9239
dentin,Ca3Mg2Si(PO6)2,146.87,3.042,3.9148
dentin,Ca3Mg3SiP2O13,129.07,2.971,3.3775
dentin,Ca3Mg4Si(PO7)2,124.07,2.917,3.2201
dentin,Ca3Mg5SiP2O15,129.63,2.908,3.3817
dentin,Ca3Mg6Si(PO8)2,123.27,2.889,3.191
dentin,Ca3MgSi2P2O13,135.88,3.025,3.5883
dentin,Ca3MgSi3P2O15,114.06,2.978,2.9375
dentin,Ca3MgSi4P2O17,124.15,2.933,3.2255
dentin,Ca3MgSi5P2O19,130.32,2.92,3.4043
dentin,Ca3MgSi6P2O21,117.71,2.842,3.0182
dentin,Ca6Mg2Si2(P2O9)3,112.95,3.017,2.9127
dentin,Ca6Mg4Si2P6O29,127.93,2.988,3.3473
dentin,Ca6Mg6Si2P6O31,143.75,2.993,3.8135
dentin,Ca6Mg8Si2(P2O11)3,142.81,2.995,3.7862
dentin,Ca6Mg10Si2P6O35,146.07,2.948,3.8727
dentin,Ca6Mg12Si2P6O37,129.12,2.918,3.3685
dentin,Ca6Mg2Si4P6O31,103.91,2.914,2.6265
dentin,Ca6Mg2Si6P6O35,95.43,2.814,2.3576
dentin,Ca6Mg2Si8(P2O13)3,101.95,2.77,2.5408
dentin,Ca6Mg2Si10P6O43,99.91,2.763,2.4795
dentin,Ca6Mg2Si12P6O47,110.36,2.783,2.7906
dentin,Ca3MgSi(PO4)4,99.07,2.786,2.4592
dentin,Ca3Mg2SiP4O17,109.3,2.896,2.7817
dentin,Ca3Mg3Si(P2O9)2,124.79,2.911,3.24
dentin,Ca3Mg4SiP4O19,127.58,2.92,3.3237
dentin,Ca3Mg5Si(PO5)4,140.8,2.917,3.7117
dentin,Ca3Mg6SiP4O21,141.44,2.943,3.7356
dentin,Ca3MgSi2(P2O9)2,92.91,2.749,2.2709
dentin,Ca3MgSi3(PO5)4,92.98,2.746,2.2723
dentin,Ca3MgSi4(P2O11)2,92.31,2.75,2.2534
dentin,Ca3MgSi5(PO6)4,95.96,2.758,2.3623
dentin,Ca3MgSi6(P2O13)2,94.74,2.747,2.3243
dentin,Ca6Mg2Si2P10O37,91.16,2.72,2.2137
dentin,Ca6Mg4Si2P10O39,97.46,2.745,2.4037
dentin,Ca6Mg6Si2P10O41,114.07,2.845,2.9119
dentin,Ca6Mg8Si2P10O43,122.36,2.87,3.1605
dentin,Ca6Mg10Si2(P2O9)5,123.88,2.88,3.2072
dentin,Ca6Mg12Si2P10O47,123.78,2.888,3.2059
dentin,Ca6Mg2Si4P10O41,97.17,2.728,2.3918
dentin,Ca6Mg2Si6(P2O9)5,92.14,2.723,2.2431
dentin,Ca6Mg2Si8P10O49,86.8,2.743,2.09
dentin,Ca6Mg2Si10P10O53,87.56,2.745,2.1129
dentin,Ca6Mg2Si12P10O57,98.73,2.735,2.4391
dentin,Ca3MgSi(P2O7)3,88.66,2.716,2.1394
dentin,Ca3Mg2Si(P3O11)2,92.04,2.723,2.2404
dentin,Ca3Mg3SiP6O23,96.62,2.748,2.3796
dentin,Ca3Mg4Si(PO4)6,119.67,2.838,3.075
dentin,Ca3Mg5SiP6O25,119.07,2.864,3.0625
dentin,Ca3Mg6Si(P3O13)2,120.67,2.842,3.1052
dentin,Ca3MgSi2P6O23,90.67,2.709,2.1974
dentin,Ca3MgSi3P6O25,100.79,2.705,2.494
dentin,Ca3MgSi4(P2O9)3,107.09,2.723,2.6826
dentin,Ca3MgSi5P6O29,92.59,2.71,2.2539
dentin,Ca3MgSi6P6O31,102.83,2.687,2.5504
dentin,Ca8Mg2Si2P2O19,112.9,3.033,2.9144
dentin,Ca8Mg4Si2P2O21,128.92,3.071,3.3929
dentin,Ca8Mg6Si2P2O23,127.59,3.047,3.3488
dentin,Ca8Mg8Si2P2O25,127.99,3.023,3.3559
dentin,Ca8Mg10Si2P2O27,126.6,2.982,3.307
dentin,Ca8Mg12Si2P2O29,125.91,2.956,3.2816
dentin,Ca8Mg2Si4P2O23,120.65,3.064,3.1483
dentin,Ca8Mg4Si4P2O25,121.88,3.042,3.18
dentin,Ca8Mg6Si4P2O27,124.31,3.002,3.2436
dentin,Ca8Mg8Si4P2O29,125.43,2.987,3.2737
dentin,Ca8Mg10Si4P2O31,130.85,3.009,3.4375
dentin,Ca8Mg12Si4P2O33,133.62,2.994,3.5157
dentin,Ca8Mg2Si6P2O27,163.79,3.17,4.4373
dentin,Ca8Mg4Si6P2O29,129.33,3.056,3.4019
dentin,Ca8Mg6Si6P2O31,129.79,2.983,3.4012
dentin,Ca8Mg8Si6P2O33,132.71,2.962,3.4828
dentin,Ca8Mg10Si6P2O35,132.38,2.961,3.4728
dentin,Ca8Mg12Si6P2O37,134.12,2.947,3.5214
dentin,Ca8Mg2Si8P2O31,159.32,3.069,4.2861
dentin,Ca8Mg4Si8P2O33,158.16,3.047,4.2477
dentin,Ca8Mg6Si8P2O35,158.55,3.062,4.262
dentin,Ca8Mg8Si8P2O37,146.13,2.991,3.8829
dentin,Ca8Mg10Si8P2O39,146.58,2.974,3.893
dentin,Ca8Mg12Si8P2O41,149.31,2.963,3.971
dentin,Ca8Mg2Si10P2O35,146.72,3.021,3.9064
dentin,Ca8Mg4Si10P2O37,152.13,3.028,4.0668
dentin,Ca8Mg6Si10P2O39,167.53,3.06,4.5257
dentin,Ca8Mg8Si10P2O41,160.05,3.045,4.303
dentin,Ca8Mg10Si10P2O43,148.96,2.97,3.962
dentin,Ca8Mg12Si10P2O45,150.14,2.952,3.9934
dentin,Ca8Mg2Si12P2O39,149.97,2.984,3.9943
dentin,Ca8Mg4Si12P2O41,147.21,2.972,3.9112
dentin,Ca8Mg6Si12P2O43,151.44,2.991,4.0392
dentin,Ca8Mg8Si12P2O45,166.76,3.043,4.4998
dentin,Ca8Mg10Si12P2O47,152.68,3.017,4.0807
dentin,Ca8Mg12Si12P2O49,152.65,2.968,4.0703
dentin,Ca4MgSi(PO6)2,128.41,3.095,3.3824
dentin,Ca4Mg2SiP2O13,120.33,3.03,3.1322
dentin,Ca4Mg3Si(PO7)2,124.45,2.992,3.2458
dentin,Ca4Mg4SiP2O15,130.12,2.993,3.4128
dentin,Ca4Mg5Si(PO8)2,132.77,2.971,3.4863
dentin,Ca4Mg6SiP2O17,134.55,2.97,3.5386
dentin,Ca4MgSi2(PO7)2,154.24,3.109,4.1447
dentin,Ca4MgSi3(PO8)2,121.75,3.032,3.1745
dentin,Ca4MgSi4(PO9)2,130.66,3.033,3.4364
dentin,Ca4MgSi5(PO10)2,124.42,2.974,3.2415
dentin,Ca4MgSi6(PO11)2,130.76,2.928,3.4189
dentin,Ca8Mg2Si2P6O29,122.29,3.073,3.1982
dentin,Ca8Mg4Si2P6O31,150.18,3.067,4.0171
dentin,Ca8Mg6Si2(P2O11)3,145.5,3.033,3.8727
dentin,Ca8Mg8Si2P6O35,127.94,2.983,3.3468
dentin,Ca8Mg10Si2P6O37,122.02,2.933,3.1628
dentin,Ca8Mg12Si2(P2O13)3,123.2,2.907,3.1924
dentin,Ca8Mg2Si4(P2O11)3,119.19,3.035,3.0997
dentin,Ca8Mg2Si6P6O37,114.43,3.001,2.953
dentin,Ca8Mg2Si8P6O41,116.24,2.922,2.9908
dentin,Ca8Mg2Si10(P2O15)3,115.93,2.907,2.9787
dentin,Ca8Mg2Si12P6O49,116.47,2.855,2.9842
dentin,Ca4MgSiP4O17,110.06,2.991,2.8226
dentin,Ca4Mg2Si(P2O9)2,125.78,3.016,3.2898
dentin,Ca4Mg3SiP4O19,144.04,3.006,3.8245
dentin,Ca4Mg4Si(PO5)4,143.23,2.993,3.7981
dentin,Ca4Mg5SiP4O21,143.11,3.012,3.7984
dentin,Ca4Mg6Si(P2O11)2,143.72,2.961,3.8062
dentin,Ca4MgSi2P4O19,104.25,2.948,2.6435
dentin,Ca4MgSi3P4O21,98.36,2.849,2.4509
dentin,Ca4MgSi4P4O23,93.56,2.767,2.2936
dentin,Ca4MgSi5P4O25,100.13,2.769,2.4869
dentin,Ca4MgSi6P4O27,99.31,2.768,2.4628
dentin,Ca8Mg2Si2P10O39,98.16,2.831,2.4413
dentin,Ca8Mg4Si2P10O41,109.29,2.916,2.7852
dentin,Ca8Mg6Si2P10O43,127.62,2.949,3.3306
dentin,Ca8Mg8Si2(P2O9)5,129.4,2.938,3.3806
dentin,Ca8Mg10Si2P10O47,145.57,2.947,3.8579
dentin,Ca8Mg12Si2P10O49,145.56,2.947,3.8577
dentin,Ca8Mg2Si4P10O43,92.21,2.782,2.2569
dentin,Ca8Mg2Si6P10O47,92.98,2.747,2.2724
dentin,Ca8Mg2Si8P10O51,93.98,2.759,2.3042
dentin,Ca8Mg2Si10(P2O11)5,93.36,2.751,2.2845
dentin,Ca8Mg2Si12P10O59,96.18,2.757,2.3685
dentin,Ca4MgSi(P3O11)2,92.92,2.754,2.2721
dentin,Ca4Mg2SiP6O23,97.46,2.774,2.4095
dentin,Ca4Mg3Si(PO4)6,118.26,2.868,3.0397
dentin,Ca4Mg4SiP6O25,115.87,2.894,2.9744
dentin,Ca4Mg5Si(P3O13)2,121.05,2.895,3.1267
dentin,Ca4Mg6Si(P2O9)3,124.15,2.896,3.2182
dentin,Ca4MgSi2(PO4)6,97.42,2.73,2.3998
dentin,Ca4MgSi3(P3O13)2,98.02,2.733,2.418
dentin,Ca4MgSi4(P3O14)2,88.41,2.73,2.1348
dentin,Ca4MgSi5(PO5)6,87.63,2.735,2.113
dentin,Ca4MgSi6(P3O16)2,86.8,2.753,2.0919
dentin,Ca10Mg2Si2P2O21,120.14,3.097,3.1396
dentin,Ca10Mg4Si2P2O23,114.32,3.032,2.9558
dentin,Ca10Mg6Si2P2O25,119.25,2.998,3.0943
dentin,Ca10Mg8Si2P2O27,124.75,3.005,3.2572
dentin,Ca10Mg10Si2P2O29,126.55,3.033,3.3155
dentin,Ca10Mg12Si2P2O31,139.37,3.016,3.6892
dentin,Ca10Mg2Si4P2O25,122.36,3.088,3.2032
dentin,Ca10Mg4Si4P2O27,125.68,3.067,3.2966
dentin,Ca10Mg6Si4P2O29,125.74,3.044,3.2939
dentin,Ca10Mg8Si4P2O31,126.0,3.029,3.2988
dentin,Ca10Mg10Si4P2O33,127.36,2.997,3.3324
dentin,Ca10Mg12Si4P2O35,128.77,2.974,3.3693
dentin,Ca10Mg2Si6P2O29,123.67,3.083,3.2408
dentin,Ca10Mg4Si6P2O31,122.48,3.04,3.1973
dentin,Ca10Mg6Si6P2O33,129.27,3.035,3.3959
dentin,Ca10Mg8Si6P2O35,128.7,3.017,3.3758
dentin,Ca10Mg10Si6P2O37,131.84,3.011,3.4668
dentin,Ca10Mg12Si6P2O39,131.87,2.994,3.4644
dentin,Ca10Mg2Si8P2O33,163.51,3.225,4.4397
dentin,Ca10Mg4Si8P2O35,149.9,3.105,4.0163
dentin,Ca10Mg6Si8P2O37,130.25,3.003,3.4186
dentin,Ca10Mg8Si8P2O39,126.16,2.962,3.2903
dentin,Ca10Mg10Si8P2O41,133.8,2.96,3.5145
dentin,Ca10Mg12Si8P2O43,132.73,2.962,3.4833
dentin,Ca10Mg2Si10P2O37,160.36,3.112,4.3251
dentin,Ca10Mg4Si10P2O39,167.91,3.114,4.5475
dentin,Ca10Mg6Si10P2O41,158.5,3.062,4.2605
dentin,Ca10Mg8Si10P2O43,133.97,2.972,3.5216
dentin,Ca10Mg10Si10P2O45,132.86,2.945,3.4838
dentin,Ca10Mg12Si10P2O47,123.98,2.915,3.217
dentin,Ca10Mg2Si12P2O41,159.6,3.065,4.2937
dentin,Ca10Mg4Si12P2O43,160.16,3.073,4.3114
dentin,Ca10Mg6Si12P2O45,168.02,3.104,4.5487
dentin,Ca10Mg8Si12P2O47,162.42,3.072,4.3779
dentin,Ca10Mg10Si12P2O49,152.53,3.022,4.0773
dentin,Ca10Mg12Si12P2O51,148.72,2.978,3.9566
dentin,Ca5MgSiP2O13,118.37,3.082,3.0846
dentin,Ca5Mg2Si(PO7)2,120.72,3.045,3.1465
dentin,Ca5Mg3SiP2O15,122.28,3.036,3.1906
dentin,Ca5Mg4Si(PO8)2,126.69,3.024,3.318
dentin,Ca5Mg5SiP2O17,124.87,2.987,3.2571
dentin,Ca5Mg6Si(PO9)2,125.62,2.968,3.2754
dentin,Ca5MgSi2P2O15,126.72,3.096,3.3329
dentin,Ca5MgSi3P2O17,156.98,3.138,4.2308
dentin,Ca5MgSi4P2O19,147.13,3.059,3.9257
dentin,Ca5MgSi5P2O21,130.16,3.053,3.4257
dentin,Ca5MgSi6P2O23,146.79,3.024,3.9088
dentin,Ca10Mg2Si2P6O31,124.95,3.09,3.2797
dentin,Ca10Mg4Si2(P2O11)3,146.92,3.11,3.9297
dentin,Ca10Mg6Si2P6O35,125.29,3.078,3.2875
dentin,Ca10Mg8Si2P6O37,127.49,3.0,3.3368
dentin,Ca10Mg10Si2(P2O13)3,123.24,2.958,3.2036
dentin,Ca10Mg12Si2P6O41,121.74,2.952,3.1585
dentin,Ca10Mg2Si4P6O35,122.08,3.091,3.1958
dentin,Ca10Mg2Si6(P2O13)3,115.68,3.031,2.9958
dentin,Ca10Mg2Si8P6O43,127.74,3.046,3.3534
dentin,Ca10Mg2Si10P6O47,121.11,3.012,3.1516
dentin,Ca10Mg2Si12(P2O17)3,122.98,2.968,3.1978
dentin,Ca5MgSi(P2O9)2,123.95,3.075,3.2475
dentin,Ca5Mg2SiP4O19,123.09,3.054,3.2181
dentin,Ca5Mg3Si(PO5)4,123.97,3.034,3.2402
dentin,Ca5Mg4SiP4O21,124.06,3.025,3.2407
dentin,Ca5Mg5Si(P2O11)2,128.14,2.981,3.3521
dentin,Ca5Mg6SiP4O23,130.06,2.944,3.4011
dentin,Ca5MgSi2(PO5)4,110.65,3.024,2.8464
dentin,Ca5MgSi3(P2O11)2,114.14,2.995,2.9434
dentin,Ca5MgSi4(PO6)4,104.88,2.937,2.6595
dentin,Ca5MgSi5(P2O13)2,113.85,2.899,2.9161
dentin,Ca5MgSi6(PO7)4,105.32,2.834,2.6523
dentin,Ca10Mg2Si2P10O41,106.13,2.984,2.7058
dentin,Ca10Mg4Si2P10O43,120.65,3.031,3.1417
dentin,Ca10Mg6Si2(P2O9)5,126.97,3.015,3.3243
dentin,Ca10Mg8Si2P10O47,143.82,3.013,3.8195
dentin,Ca10Mg10Si2P10O49,143.35,3.009,3.805
dentin,Ca10Mg12Si2P10O51,143.71,3.021,3.8179
dentin,Ca10Mg2Si4(P2O9)5,102.29,2.964,2.5888
dentin,Ca10Mg2Si6P10O49,97.76,2.88,2.4391
dentin,Ca10Mg2Si8P10O53,94.51,2.8,2.3278
dentin,Ca10Mg2Si10P10O57,94.1,2.761,2.3083
dentin,Ca10Mg2Si12P10O61,101.0,2.766,2.5121
dentin,Ca5MgSiP6O23,97.8,2.856,2.4357
dentin,Ca5Mg2Si(PO4)6,109.35,2.934,2.7905
dentin,Ca5Mg3SiP6O25,119.72,2.961,3.1007
dentin,Ca5Mg4Si(P3O13)2,125.35,2.965,3.2671
dentin,Ca5Mg5Si(P2O9)3,126.73,2.955,3.3058
dentin,Ca5Mg6Si(P3O14)2,144.95,2.967,3.8437
dentin,Ca5MgSi2P6O25,92.15,2.811,2.2608
dentin,Ca5MgSi3(P2O9)3,92.94,2.782,2.2781
dentin,Ca5MgSi4P6O29,92.98,2.749,2.2729
dentin,Ca5MgSi5P6O31,93.98,2.766,2.3055
dentin,Ca5MgSi6(P2O11)3,93.86,2.754,2.2996
dentin,Ca12Mg2Si2P2O23,119.41,3.101,3.1191
dentin,Ca12Mg4Si2P2O25,119.68,3.067,3.1203
dentin,Ca12Mg6Si2P2O27,121.41,3.036,3.1652
dentin,Ca12Mg8Si2P2O29,117.71,2.995,3.0483
dentin,Ca12Mg10Si2P2O31,127.35,2.97,3.3267
dentin,Ca12Mg12Si2P2O33,129.83,2.973,3.4002
dentin,Ca12Mg2Si4P2O27,112.58,3.066,2.9112
dentin,Ca12Mg4Si4P2O29,119.29,3.048,3.1051
dentin,Ca12Mg6Si4P2O31,125.05,3.036,3.272
dentin,Ca12Mg8Si4P2O33,127.74,3.049,3.3538
dentin,Ca12Mg10Si4P2O35,128.44,3.036,3.3716
dentin,Ca12Mg12Si4P2O37,129.69,3.027,3.4067
dentin,Ca12Mg2Si6P2O31,121.99,3.068,3.1883
dentin,Ca12Mg4Si6P2O33,120.86,3.061,3.1539
dentin,Ca12Mg6Si6P2O35,121.01,3.046,3.1552
dentin,Ca12Mg8Si6P2O37,124.87,3.037,3.2668
dentin,Ca12Mg10Si6P2O39,126.79,3.012,3.3186
dentin,Ca12Mg12Si6P2O41,125.95,2.983,3.2882
dentin,Ca12Mg2Si8P2O35,128.47,3.1,3.385
dentin,Ca12Mg4Si8P2O37,121.76,3.049,3.1778
dentin,Ca12Mg6Si8P2O39,122.66,3.028,3.2001
dentin,Ca12Mg8Si8P2O41,129.85,3.024,3.4109
dentin,Ca12Mg10Si8P2O43,127.58,3.013,3.3421
dentin,Ca12Mg12Si8P2O45,128.68,2.992,3.3702
dentin,Ca12Mg2Si10P2O39,163.51,3.236,4.442
dentin,Ca12Mg4Si10P2O41,157.74,3.146,4.2547
dentin,Ca12Mg6Si10P2O43,128.51,3.022,3.3712
dentin,Ca12Mg8Si10P2O45,130.83,2.987,3.4325
dentin,Ca12Mg10Si10P2O47,128.08,2.961,3.3466
dentin,Ca12Mg12Si10P2O49,134.56,2.962,3.5374
dentin,Ca12Mg2Si12P2O43,157.8,3.132,4.2536
dentin,Ca12Mg4Si12P2O45,163.05,3.13,4.4079
dentin,Ca12Mg6Si12P2O47,162.31,3.079,4.376
dentin,Ca12Mg8Si12P2O49,130.06,3.013,3.4147
dentin,Ca12Mg10Si12P2O51,132.5,2.956,3.4756
dentin,Ca12Mg12Si12P2O53,131.46,2.938,3.4413
dentin,Ca6MgSi(PO7)2,116.31,3.055,3.0188
dentin,Ca6Mg2SiP2O15,116.93,3.044,3.0349
dentin,Ca6Mg3Si(PO8)2,127.82,3.062,3.3585
dentin,Ca6Mg4SiP2O17,126.98,3.053,3.3322
dentin,Ca6Mg5Si(PO9)2,126.51,3.042,3.3164
dentin,Ca6Mg6SiP2O19,128.15,3.021,3.3603
dentin,Ca6MgSi2(PO8)2,119.14,3.078,3.1067
dentin,Ca6MgSi3(PO9)2,129.46,3.103,3.4148
dentin,Ca6MgSi4(PO10)2,159.18,3.164,4.3007
dentin,Ca6MgSi5(PO11)2,149.27,3.093,3.9955
dentin,Ca6MgSi6(PO12)2,149.39,3.069,3.9943
dentin,Ca12Mg2Si2(P2O11)3,118.81,3.11,3.1033
dentin,Ca12Mg4Si2P6O35,119.83,3.073,3.1257
dentin,Ca12Mg6Si2P6O37,121.36,3.046,3.1655
dentin,Ca12Mg8Si2(P2O13)3,122.86,3.011,3.2029
dentin,Ca12Mg10Si2P6O41,122.86,2.986,3.1979
dentin,Ca12Mg12Si2P6O43,127.48,2.98,3.3326
dentin,Ca12Mg2Si4P6O37,124.8,3.119,3.2808
dentin,Ca12Mg2Si6P6O41,147.99,3.114,3.9618
dentin,Ca12Mg2Si8(P2O15)3,119.84,3.048,3.1215
dentin,Ca12Mg2Si10P6O49,128.07,3.061,3.3657
dentin,Ca12Mg2Si12P6O53,129.83,3.036,3.4126
dentin,Ca6MgSiP4O19,126.28,3.093,3.3194
dentin,Ca6Mg2Si(PO5)4,150.93,3.135,4.0523
dentin,Ca6Mg3SiP4O21,148.35,3.123,3.9744
dentin,Ca6Mg4Si(P2O11)2,125.66,3.055,3.2938
dentin,Ca6Mg5SiP4O23,127.39,3.002,3.3341
dentin,Ca6Mg6Si(PO6)4,120.85,2.96,3.1337
dentin,Ca6MgSi2P4O21,123.85,3.087,3.2468
dentin,Ca6MgSi3P4O23,116.29,3.031,3.0136
dentin,Ca6MgSi4P4O25,127.58,3.047,3.3488
dentin,Ca6MgSi5P4O27,115.71,3.022,2.9948
dentin,Ca6MgSi6P4O29,114.27,2.96,2.9404
dentin,Ca12Mg2Si2P10O43,122.26,3.072,3.1971
dentin,Ca12Mg4Si2(P2O9)5,122.9,3.059,3.2134
dentin,Ca12Mg6Si2P10O47,122.41,3.05,3.1972
dentin,Ca12Mg8Si2P10O49,124.54,3.029,3.2558
dentin,Ca12Mg10Si2P10O51,124.06,3.021,3.2401
dentin,Ca12Mg12Si2P10O53,128.47,2.992,3.3641
dentin,Ca12Mg2Si4P10O47,109.93,3.035,2.8274
dentin,Ca12Mg2Si6P10O51,114.55,3.01,2.9581
dentin,Ca12Mg2Si8(P2O11)5,112.6,2.964,2.892
dentin,Ca12Mg2Si10P10O59,104.18,2.911,2.6339
dentin,Ca12Mg2Si12P10O63,107.54,2.844,2.7196
dentin,Ca6MgSi(PO4)6,105.52,2.975,2.6861
dentin,Ca6Mg2SiP6O25,116.28,3.008,3.0087
dentin,Ca6Mg3Si(P3O13)2,139.01,3.03,3.6813
dentin,Ca6Mg4Si(P2O9)3,125.29,3.01,3.2741
dentin,Ca6Mg5Si(P3O14)2,143.95,3.023,3.8251
dentin,Ca6Mg6SiP6O29,143.3,3.008,3.803
dentin,Ca6MgSi2(P3O13)2,95.8,2.964,2.3979
dentin,Ca6MgSi3(P3O14)2,97.56,2.897,2.4365
dentin,Ca6MgSi4(PO5)6,94.86,2.825,2.343
dentin,Ca6MgSi5(P3O16)2,94.01,2.787,2.3104
dentin,Ca6MgSi6(P3O17)2,93.54,2.756,2.2908
dentin,NaCaSiPO6,93.94,2.897,2.3301
dentin,Na4Ca2Si2P2O13,87.14,2.831,2.1173
dentin,Na3CaSiPO7,88.87,2.809,2.1639
dentin,Na8Ca2Si2P2O15,82.5,2.78,1.9708
dentin,Na5CaSiPO8,77.32,2.785,1.8197
dentin,Na12Ca2Si2P2O17,76.22,2.755,1.7812
dentin,NaCaSi2PO8,88.54,2.73,2.1386
dentin,Na4Ca2Si4P2O17,104.75,2.833,2.6355
dentin,Na3CaSi2PO9,89.57,2.788,2.1804
dentin,Na8Ca2Si4P2O19,79.56,2.747,1.8781
dentin,Na5CaSi2PO10,83.47,2.747,1.993
dentin,Na12Ca2Si4P2O21,89.47,2.771,2.1739
dentin,NaCaSi3PO10,104.76,2.73,2.6156
dentin,Na4Ca2Si6P2O21,107.27,2.761,2.6955
dentin,Na3CaSi3PO11,97.28,2.792,2.4077
dentin,Na8Ca2Si6P2O23,99.59,2.767,2.4707
dentin,Na5CaSi3PO12,97.98,2.797,2.4295
dentin,Na12Ca2Si6P2O25,79.26,2.723,1.8644
dentin,NaCaSi4PO12,105.33,2.696,2.6256
dentin,Na4Ca2Si8P2O25,107.38,2.69,2.6847
dentin,Na3CaSi4PO13,113.42,2.786,2.8813
dentin,Na8Ca2Si8P2O27,102.6,2.79,2.5637
dentin,Na5CaSi4PO14,95.86,2.746,2.3569
dentin,Na12Ca2Si8P2O29,106.46,2.764,2.6723
dentin,NaCaSi5PO14,103.25,2.674,2.5599
dentin,Na4Ca2Si10P2O29,111.22,2.692,2.798
dentin,Na3CaSi5PO15,106.89,2.726,2.6773
dentin,Na8Ca2Si10P2O31,113.6,2.785,2.8861
dentin,Na5CaSi5PO16,102.62,2.785,2.5636
dentin,Na12Ca2Si10P2O33,94.45,2.736,2.3137
dentin,NaCaSi6PO16,102.58,2.656,2.5369
dentin,Na4Ca2Si12P2O33,114.53,2.665,2.8899
dentin,Na3CaSi6PO17,108.18,2.721,2.7143
dentin,Na8Ca2Si12P2O35,117.89,2.795,3.0142
dentin,Na5CaSi6PO18,104.17,2.771,2.6063
dentin,Na12Ca2Si12P2O37,113.75,2.798,2.8931
dentin,Na2Ca2Si2P4O17,82.91,2.71,1.9693
dentin,Na2CaSiP2O9,73.67,2.727,1.7011
dentin,Na6Ca2Si2P4O19,83.55,2.783,2.0024
dentin,Na4CaSi(PO5)2,81.81,2.773,1.9494
dentin,Na10Ca2Si2P4O21,81.58,2.772,1.9422
dentin,Na6CaSiP2O11,77.78,2.77,1.83
dentin,Na2Ca2Si4P4O21,84.34,2.688,2.0071
dentin,Na2CaSi2P2O11,81.98,2.691,1.938
dentin,Na6Ca2Si4P4O23,76.26,2.707,1.7731
dentin,Na4CaSi2(PO6)2,81.77,2.741,1.9417
dentin,Na10Ca2Si4P4O25,89.72,2.774,2.182
dentin,Na6CaSi2P2O13,80.99,2.758,1.9221
dentin,Na2Ca2Si6P4O25,86.1,2.695,2.0599
dentin,Na2CaSi3P2O13,86.91,2.679,2.0807
dentin,Na6Ca2Si6P4O27,83.36,2.696,1.9798
dentin,Na4CaSi3(PO7)2,79.7,2.736,1.8798
dentin,Na10Ca2Si6P4O29,84.32,2.737,2.016
dentin,Na6CaSi3P2O15,89.99,2.762,2.1876
dentin,Na2Ca2Si8P4O29,95.98,2.664,2.3445
dentin,Na2CaSi4P2O15,99.4,2.678,2.4478
dentin,Na6Ca2Si8P4O31,88.0,2.658,2.1088
dentin,Na4CaSi4(PO8)2,98.67,2.682,2.4272
dentin,Na10Ca2Si8P4O33,94.93,2.746,2.3295
dentin,Na6CaSi4P2O17,84.62,2.721,2.0218
dentin,Na2Ca2Si10P4O33,106.02,2.644,2.6357
dentin,Na2CaSi5P2O17,106.52,2.661,2.6537
dentin,Na6Ca2Si10P4O35,99.25,2.68,2.4437
dentin,Na4CaSi5(PO9)2,96.1,2.668,2.3487
dentin,Na10Ca2Si10P4O37,93.57,2.669,2.2745
dentin,Na6CaSi5P2O19,97.52,2.747,2.406
dentin,Na2Ca2Si12P4O37,105.11,2.639,2.608
dentin,Na2CaSi6P2O19,104.14,2.651,2.5818
dentin,Na6Ca2Si12P4O39,104.1,2.69,2.5883
dentin,Na4CaSi6(PO10)2,106.27,2.661,2.6464
dentin,Na10Ca2Si12P4O41,107.44,2.648,2.6784
dentin,Na6CaSi6P2O21,96.07,2.724,2.3589
dentin,NaCaSiP3O11,75.07,2.637,1.7242
dentin,Na4Ca2Si2P6O23,76.48,2.673,1.7731
dentin,Na3CaSi(PO4)3,74.52,2.691,1.7188
dentin,Na8Ca2Si2P6O25,72.49,2.693,1.6595
dentin,Na5CaSiP3O13,84.53,2.753,2.0252
dentin,Na12Ca2Si2(P2O9)3,84.37,2.753,2.0205
dentin,NaCaSi2P3O13,79.0,2.67,1.8465
dentin,Na4Ca2Si4(P2O9)3,83.54,2.68,1.9818
dentin,Na3CaSi2P3O14,81.55,2.669,1.9212
dentin,Na8Ca2Si4P6O29,71.46,2.662,1.6231
dentin,Na5CaSi2(PO5)3,75.65,2.671,1.7482
dentin,Na12Ca2Si4P6O31,86.26,2.748,2.0751
dentin,NaCaSi3(PO5)3,81.96,2.654,1.9304
dentin,Na4Ca2Si6P6O31,83.84,2.683,1.9913
dentin,Na3CaSi3P3O16,76.82,2.655,1.7793
dentin,Na8Ca2Si6(P2O11)3,83.69,2.676,1.9853
dentin,Na5CaSi3P3O17,78.05,2.678,1.8202
dentin,Na12Ca2Si6P6O35,82.6,2.692,1.9567
dentin,NaCaSi4P3O17,88.87,2.628,2.1285
dentin,Na4Ca2Si8P6O35,88.82,2.67,2.135
dentin,Na3CaSi4(PO6)3,83.72,2.656,1.9823
dentin,Na8Ca2Si8P6O37,79.74,2.643,1.8628
dentin,Na5CaSi4P3O19,78.89,2.665,1.8424
dentin,Na12Ca2Si8(P2O13)3,77.55,2.657,1.8012
dentin,NaCaSi5P3O19,86.85,2.602,2.0638
dentin,Na4Ca2Si10(P2O13)3,87.43,2.654,2.091
dentin,Na3CaSi5P3O20,91.21,2.669,2.2053
dentin,Na8Ca2Si10P6O41,85.25,2.648,2.0258
dentin,Na5CaSi5(PO7)3,91.63,2.657,2.2154
dentin,Na12Ca2Si10P6O43,79.28,2.662,1.8531
dentin,NaCaSi6(PO7)3,93.64,2.59,2.2613
dentin,Na4Ca2Si12P6O43,90.88,2.634,2.1887
dentin,Na3CaSi6P3O22,103.24,2.647,2.5547
dentin,Na8Ca2Si12(P2O15)3,86.35,2.658,2.0602
dentin,Na5CaSi6P3O23,87.02,2.636,2.0755
dentin,Na12Ca2Si12P6O47,90.94,2.645,2.1927
dentin,Na2Ca2Si2P8O27,78.66,2.629,1.8283
dentin,Na2CaSi(P2O7)2,74.78,2.646,1.7174
dentin,Na6Ca2Si2P8O29,69.37,2.648,1.5589
dentin,Na4CaSiP4O15,67.32,2.679,1.5048
dentin,Na10Ca2Si2P8O31,72.6,2.682,1.6606
dentin,Na6CaSi(PO4)4,76.0,2.686,1.7615
dentin,Na2Ca2Si4P8O31,79.47,2.628,1.8518
dentin,Na2CaSi2(PO4)4,69.02,2.632,1.5456
dentin,Na6Ca2Si4P8O33,77.41,2.631,1.792
dentin,Na4CaSi2P4O17,73.86,2.656,1.6925
dentin,Na10Ca2Si4P8O35,68.74,2.643,1.5394
dentin,Na6CaSi2(P2O9)2,70.88,2.658,1.6052
dentin,Na2Ca2Si6P8O35,80.59,2.625,1.8842
dentin,Na2CaSi3(P2O9)2,77.54,2.663,1.8022
dentin,Na6Ca2Si6P8O37,80.87,2.661,1.8997
dentin,Na4CaSi3P4O19,77.96,2.652,1.8123
dentin,Na10Ca2Si6P8O39,72.39,2.668,1.6518
dentin,Na6CaSi3(PO5)4,71.42,2.648,1.6192
dentin,Na2Ca2Si8P8O39,80.5,2.609,1.8786
dentin,Na2CaSi4(PO5)4,74.65,2.648,1.7144
dentin,Na6Ca2Si8P8O41,85.94,2.666,2.0496
dentin,Na4CaSi4P4O21,76.91,2.643,1.7796
dentin,Na10Ca2Si8P8O43,77.0,2.64,1.7816
dentin,Na6CaSi4(P2O11)2,73.48,2.649,1.6799
dentin,Na2Ca2Si10P8O43,82.33,2.604,1.9313
dentin,Na2CaSi5(P2O11)2,86.82,2.636,2.0698
dentin,Na6Ca2Si10P8O45,82.09,2.655,1.9343
dentin,Na4CaSi5P4O23,80.53,2.654,1.8884
dentin,Na10Ca2Si10P8O47,76.85,2.626,1.7746
dentin,Na6CaSi5(PO6)4,82.35,2.645,1.94
dentin,Na2Ca2Si12P8O47,82.33,2.581,1.9268
dentin,Na2CaSi6(PO6)4,85.4,2.632,2.0273
dentin,Na6Ca2Si12P8O49,82.79,2.645,1.9531
dentin,Na4CaSi6P4O25,87.31,2.662,2.0892
dentin,Na10Ca2Si12P8O51,85.59,2.651,2.0364
dentin,Na6CaSi6(P2O13)2,84.3,2.622,1.9928
dentin,NaCaSiP5O16,77.14,2.624,1.7829
dentin,Na4Ca2Si2P10O33,77.95,2.595,1.8009
dentin,Na3CaSiP5O17,75.14,2.61,1.7212
dentin,Na8Ca2Si2(P2O7)5,66.98,2.639,1.4869
dentin,Na5CaSiP5O18,58.92,2.661,1.2542
dentin,Na12Ca2Si2P10O37,65.26,2.65,1.4385
dentin,NaCaSi2P5O18,77.97,2.606,1.8037
dentin,Na4Ca2Si4P10O37,76.57,2.62,1.7652
dentin,Na3CaSi2P5O19,69.55,2.633,1.5613
dentin,Na8Ca2Si4P10O39,73.91,2.625,1.688
dentin,Na5CaSi2(PO4)5,73.86,2.645,1.6903
dentin,Na12Ca2Si4P10O41,67.8,2.636,1.5106
dentin,NaCaSi3(PO4)5,78.18,2.595,1.8076
dentin,Na4Ca2Si6P10O41,77.3,2.619,1.7862
dentin,Na3CaSi3P5O21,71.38,2.633,1.6153
dentin,Na8Ca2Si6P10O43,73.97,2.636,1.692
dentin,Na5CaSi3P5O22,75.86,2.639,1.7479
dentin,Na12Ca2Si6(P2O9)5,68.98,2.652,1.5483
dentin,NaCaSi4P5O22,84.34,2.602,1.99
dentin,Na4Ca2Si8(P2O9)5,80.76,2.626,1.8897
dentin,Na3CaSi4P5O23,75.39,2.655,1.7375
dentin,Na8Ca2Si8P10O47,79.66,2.665,1.865
dentin,Na5CaSi4P5O24,75.87,2.635,1.7475
dentin,Na12Ca2Si8P10O49,77.35,2.641,1.7924
dentin,NaCaSi5P5O24,83.1,2.602,1.9536
dentin,Na4Ca2Si10P10O49,84.92,2.61,2.0089
dentin,Na3CaSi5(PO5)5,74.3,2.65,1.7042
dentin,Na8Ca2Si10P10O51,82.12,2.671,1.9384
dentin,Na5CaSi5P5O26,80.51,2.648,1.8866
dentin,Na12Ca2Si10P10O53,75.64,2.631,1.7398
dentin,NaCaSi6P5O26,82.71,2.574,1.9367
dentin,Na4Ca2Si12P10O53,87.14,2.611,2.0742
dentin,Na3CaSi6P5O27,80.68,2.636,1.8891
dentin,Na8Ca2Si12(P2O11)5,77.34,2.642,1.7922
dentin,Na5CaSi6P5O28,80.53,2.65,1.8875
dentin,Na12Ca2Si12P10O57,77.71,2.641,1.8028
dentin,Na2Ca2Si2P12O37,77.14,2.605,1.7792
dentin,Na2CaSiP6O19,76.13,2.616,1.7516
dentin,Na6Ca2Si2(P4O13)3,71.04,2.612,1.601
dentin,Na4CaSi(P3O10)2,72.8,2.602,1.6509
dentin,Na10Ca2Si2P12O41,64.29,2.623,1.4048
dentin,Na6CaSi(P2O7)3,57.97,2.648,1.2239
dentin,Na2Ca2Si4P12O41,77.97,2.608,1.804
dentin,Na2CaSi2(P2O7)3,81.09,2.614,1.8971
dentin,Na6Ca2Si4P12O43,75.46,2.622,1.7331
dentin,Na4CaSi2(P3O11)2,71.1,2.631,1.6066
dentin,Na10Ca2Si4(P4O15)3,70.37,2.62,1.5831
dentin,Na6CaSi2P6O23,67.31,2.637,1.4963
dentin,Na2Ca2Si6(P4O15)3,81.6,2.593,1.9078
dentin,Na2CaSi3P6O23,77.97,2.6,1.8025
dentin,Na6Ca2Si6P12O47,74.61,2.627,1.7091
dentin,Na4CaSi3(PO4)6,72.24,2.63,1.6399
dentin,Na10Ca2Si6P12O49,71.48,2.627,1.6169
dentin,Na6CaSi3P6O25,75.8,2.633,1.7452
dentin,Na2Ca2Si8P12O49,83.03,2.587,1.9486
dentin,Na2CaSi4P6O25,78.18,2.596,1.8078
dentin,Na6Ca2Si8(P4O17)3,67.99,2.624,1.5137
dentin,Na4CaSi4(P3O13)2,73.85,2.645,1.6902
dentin,Na10Ca2Si8P12O53,73.97,2.63,1.6909
dentin,Na6CaSi4(P2O9)3,75.16,2.625,1.7247
dentin,Na2Ca2Si10P12O53,84.34,2.593,1.9883
dentin,Na2CaSi5(P2O9)3,80.99,2.597,1.8906
dentin,Na6Ca2Si10P12O55,76.29,2.619,1.7569
dentin,Na4CaSi5(P3O14)2,74.8,2.643,1.7178
dentin,Na10Ca2Si10(P4O19)3,78.26,2.657,1.8223
dentin,Na6CaSi5P6O29,76.86,2.635,1.7765
dentin,Na2Ca2Si12(P4O19)3,84.34,2.569,1.9835
dentin,Na2CaSi6P6O29,80.5,2.598,1.8763
dentin,Na6Ca2Si12P12O59,85.04,2.616,2.0133
dentin,Na4CaSi6(PO5)6,75.71,2.643,1.7445
dentin,Na10Ca2Si12P12O61,82.15,2.663,1.9375
dentin,Na6CaSi6P6O31,80.62,2.653,1.8908
dentin,NaCa2SiPO7,104.64,2.972,2.6593
dentin,Na4Ca4Si2P2O15,109.59,2.931,2.797
dentin,Na3Ca2SiPO8,95.09,2.896,2.3639
dentin,Na8Ca4Si2P2O17,93.67,2.878,2.3186
dentin,Na5Ca2SiPO9,87.92,2.862,2.1463
dentin,Na12Ca4Si2P2O19,81.34,2.808,1.9424
dentin,NaCa2Si2PO9,123.85,3.018,3.2333
dentin,Na4Ca4Si4P2O19,98.8,2.892,2.4722
dentin,Na3Ca2Si2PO10,102.36,2.865,2.5714
dentin,Na8Ca4Si4P2O21,98.27,2.87,2.4522
dentin,Na5Ca2Si2PO11,92.92,2.815,2.2841
dentin,Na12Ca4Si4P2O23,93.68,2.815,2.3067
dentin,NaCa2Si3PO11,112.93,2.936,2.8962
dentin,Na4Ca4Si6P2O23,123.87,2.943,3.2192
dentin,Na3Ca2Si3PO12,101.01,2.862,2.5311
dentin,Na8Ca4Si6P2O25,93.53,2.804,2.2998
dentin,Na5Ca2Si3PO13,87.11,2.801,2.1106
dentin,Na12Ca4Si6P2O27,94.16,2.809,2.3196
dentin,NaCa2Si4PO13,108.16,2.878,2.7445
dentin,Na4Ca4Si8P2O27,151.75,2.944,4.0388
dentin,Na3Ca2Si4PO14,111.56,2.871,2.8432
dentin,Na8Ca4Si8P2O29,99.55,2.831,2.4821
dentin,Na5Ca2Si4PO15,103.23,2.828,2.5897
dentin,Na12Ca4Si8P2O31,86.98,2.765,2.0995
dentin,NaCa2Si5PO15,106.67,2.758,2.6772
dentin,Na4Ca4Si10P2O31,111.37,2.847,2.8328
dentin,Na3Ca2Si5PO16,140.55,2.922,3.7054
dentin,Na8Ca4Si10P2O33,111.24,2.836,2.8269
dentin,Na5Ca2Si5PO17,96.36,2.806,2.3835
dentin,Na12Ca4Si10P2O35,100.05,2.791,2.4891
dentin,NaCa2Si6PO17,107.12,2.723,2.6835
dentin,Na4Ca4Si12P2O35,108.26,2.78,2.7283
dentin,Na3Ca2Si6PO18,112.11,2.861,2.8574
dentin,Na8Ca4Si12P2O37,130.89,2.87,3.4111
dentin,Na5Ca2Si6PO19,122.92,2.857,3.1743
dentin,Na12Ca4Si12P2O39,100.38,2.784,2.4975
dentin,Na2Ca4Si2P4O19,86.09,2.914,2.1028
dentin,Na2Ca2Si(PO5)2,95.43,2.951,2.3847
dentin,Na6Ca4Si2P4O21,99.23,2.879,2.4822
dentin,Na4Ca2SiP2O11,89.88,2.856,2.2028
dentin,Na10Ca4Si2P4O23,84.41,2.819,2.0346
dentin,Na6Ca2Si(PO6)2,82.73,2.798,1.9811
dentin,Na2Ca4Si4P4O23,79.4,2.786,1.8811
dentin,Na2Ca4Si6P4O27,91.93,2.74,2.2401
dentin,Na2Ca4Si8P4O31,101.58,2.728,2.5218
dentin,Na2Ca4Si10P4O35,98.03,2.718,2.4152
dentin,Na2Ca4Si12P4O39,98.2,2.719,2.4203
dentin,NaCa2Si(PO4)3,80.78,2.762,1.9168
dentin,Na4Ca4Si2P6O25,75.9,2.786,1.7782
dentin,Na3Ca2SiP3O13,79.48,2.86,1.8979
dentin,Na8Ca4Si2(P2O9)3,82.35,2.851,1.9804
dentin,Na5Ca2SiP3O14,81.4,2.822,1.9466
dentin,Na12Ca4Si2P6O29,80.43,2.818,1.9174
dentin,NaCa2Si2P3O14,81.85,2.722,1.9404
dentin,NaCa2Si3P3O16,80.95,2.711,1.9117
dentin,NaCa2Si4(PO6)3,87.8,2.704,2.1118
dentin,NaCa2Si5P3O20,84.89,2.709,2.0273
dentin,NaCa2Si6P3O22,96.7,2.693,2.3712
dentin,Na2Ca4Si2P8O29,81.68,2.691,1.9296
dentin,Na2Ca2SiP4O15,74.65,2.726,1.7296
dentin,Na6Ca4Si2P8O31,75.9,2.741,1.7693
dentin,Na4Ca2Si(PO4)4,78.84,2.758,1.8592
dentin,Na10Ca4Si2P8O33,76.94,2.798,1.8109
dentin,Na6Ca2SiP4O17,83.58,2.812,2.009
dentin,Na2Ca4Si4P8O33,82.98,2.683,1.966
dentin,Na2Ca4Si6P8O37,79.85,2.67,1.8714
dentin,Na2Ca4Si8P8O41,78.81,2.694,1.8456
dentin,Na2Ca4Si10P8O45,84.93,2.706,2.0279
dentin,Na2Ca4Si12P8O49,93.59,2.668,2.275
dentin,NaCa2SiP5O17,77.11,2.651,1.7871
dentin,Na4Ca4Si2(P2O7)5,80.43,2.677,1.8898
dentin,Na3Ca2SiP5O18,69.26,2.695,1.5651
dentin,Na8Ca4Si2P10O37,73.83,2.715,1.7033
dentin,Na5Ca2SiP5O19,73.26,2.735,1.6904
dentin,Na12Ca4Si2P10O39,70.85,2.72,1.6166
dentin,NaCa2Si2P5O19,76.42,2.645,1.7656
dentin,NaCa2Si3P5O21,82.95,2.674,1.9636
dentin,NaCa2Si4P5O23,84.6,2.681,2.0132
dentin,NaCa2Si5(PO5)5,76.87,2.655,1.7808
dentin,NaCa2Si6P5O27,84.18,2.649,1.9947
dentin,Na2Ca4Si2(P4O13)3,73.8,2.639,1.6875
dentin,Na2Ca2Si(P3O10)2,74.56,2.65,1.7118
dentin,Na6Ca4Si2P12O41,78.38,2.665,1.8272
dentin,Na4Ca2Si(P2O7)3,63.38,2.685,1.3901
dentin,Na10Ca4Si2P12O43,72.25,2.696,1.6532
dentin,Na6Ca2Si(P3O11)2,73.49,2.725,1.6953
dentin,Na2Ca4Si4P12O43,78.6,2.653,1.8313
dentin,Na2Ca4Si6P12O47,79.83,2.646,1.866
dentin,Na2Ca4Si8(P4O17)3,80.53,2.648,1.8872
dentin,Na2Ca4Si10P12O55,82.24,2.642,1.9364
dentin,Na2Ca4Si12P12O59,80.5,2.634,1.8834
dentin,NaCa3SiPO8,101.17,3.016,2.5661
dentin,Na4Ca6Si2P2O17,100.76,2.988,2.5487
dentin,Na3Ca3SiPO9,99.64,2.97,2.5121
dentin,Na8Ca6Si2P2O19,91.65,2.93,2.2694
dentin,Na5Ca3SiPO10,86.91,2.878,2.1198
dentin,Na12Ca6Si2P2O21,86.5,2.839,2.1001
dentin,NaCa3Si2PO10,109.01,3.007,2.795
dentin,Na4Ca6Si4P2O21,107.37,2.964,2.7383
dentin,Na3Ca3Si2PO11,106.39,2.92,2.7007
dentin,Na8Ca6Si4P2O23,95.83,2.9,2.3864
dentin,Na5Ca3Si2PO12,94.0,2.898,2.3321
dentin,Na12Ca6Si4P2O25,92.67,2.886,2.2906
dentin,NaCa3Si3PO12,132.29,3.064,3.4905
dentin,Na4Ca6Si6P2O25,105.84,2.937,2.6879
dentin,Na3Ca3Si3PO13,107.01,2.908,2.7167
dentin,Na8Ca6Si6P2O27,101.23,2.901,2.5453
dentin,Na5Ca3Si3PO14,100.86,2.897,2.5336
dentin,Na12Ca6Si6P2O29,93.46,2.854,2.3075
dentin,NaCa3Si4PO14,112.31,2.986,2.8878
dentin,Na4Ca6Si8P2O29,136.57,2.994,3.6024
dentin,Na3Ca3Si4PO15,101.11,2.906,2.5426
dentin,Na8Ca6Si8P2O31,104.7,2.846,2.6365
dentin,Na5Ca3Si4PO16,99.05,2.844,2.4699
dentin,Na12Ca6Si8P2O33,97.46,2.848,2.4242
dentin,NaCa3Si5PO16,114.36,2.954,2.9417
dentin,Na4Ca6Si10P2O33,155.18,3.002,4.151
dentin,Na3Ca3Si5PO17,115.02,2.939,2.9583
dentin,Na8Ca6Si10P2O35,108.27,2.873,2.7467
dentin,Na5Ca3Si5PO18,102.35,2.87,2.5723
dentin,Na12Ca6Si10P2O37,91.19,2.807,2.2316
dentin,NaCa3Si6PO18,112.22,2.877,2.8638
dentin,Na4Ca6Si12P2O37,145.18,2.944,3.8459
dentin,Na3Ca3Si6PO19,141.66,2.967,3.7468
dentin,Na8Ca6Si12P2O39,110.73,2.897,2.8237
dentin,Na5Ca3Si6PO20,109.82,2.848,2.7875
dentin,Na12Ca6Si12P2O41,100.82,2.841,2.5213
dentin,Na2Ca6Si2P4O21,110.02,3.056,2.8343
dentin,Na2Ca3SiP2O11,107.33,2.968,2.7376
dentin,Na6Ca6Si2P4O23,111.66,2.95,2.8615
dentin,Na4Ca3Si(PO6)2,97.47,2.896,2.4338
dentin,Na10Ca6Si2P4O25,93.41,2.876,2.3103
dentin,Na6Ca3SiP2O13,92.16,2.878,2.2741
dentin,Na2Ca6Si4P4O25,99.39,3.008,2.5121
dentin,Na2Ca6Si6P4O29,100.44,2.948,2.5312
dentin,Na2Ca6Si8P4O33,101.28,2.902,2.5468
dentin,Na2Ca6Si10P4O37,104.57,2.788,2.6213
dentin,Na2Ca6Si12P4O41,105.23,2.764,2.6361
dentin,NaCa3SiP3O13,81.76,2.932,1.979
dentin,Na4Ca6Si2(P2O9)3,110.73,3.031,2.8502
dentin,Na3Ca3SiP3O14,98.49,2.917,2.4677
dentin,Na8Ca6Si2P6O29,96.55,2.9,2.4074
dentin,Na5Ca3Si(PO5)3,95.79,2.889,2.383
dentin,Na12Ca6Si2P6O31,84.52,2.837,2.0416
dentin,NaCa3Si2(PO5)3,80.53,2.834,1.9235
dentin,NaCa3Si3P3O17,84.11,2.782,2.0186
dentin,NaCa3Si4P3O19,92.71,2.743,2.2636
dentin,NaCa3Si5(PO7)3,90.08,2.716,2.1811
dentin,NaCa3Si6P3O23,95.28,2.718,2.3343
dentin,Na2Ca6Si2P8O31,78.89,2.796,1.8677
dentin,Na2Ca3Si(PO4)4,72.65,2.809,1.687
dentin,Na6Ca6Si2P8O33,83.02,2.911,2.0119
dentin,Na4Ca3SiP4O17,84.14,2.906,2.0439
dentin,Na10Ca6Si2P8O35,82.42,2.865,1.9852
dentin,Na6Ca3Si(P2O9)2,81.4,2.849,1.9519
dentin,Na2Ca6Si4P8O35,84.75,2.76,2.0331
dentin,Na2Ca6Si6P8O39,81.85,2.73,1.9419
dentin,Na2Ca6Si8P8O43,80.57,2.722,1.9027
dentin,Na2Ca6Si10P8O47,87.16,2.716,2.0954
dentin,Na2Ca6Si12P8O51,84.93,2.699,2.0265
dentin,NaCa3SiP5O18,80.24,2.739,1.8964
dentin,Na4Ca6Si2P10O37,74.55,2.766,1.7344
dentin,Na3Ca3SiP5O19,74.7,2.762,1.7382
dentin,Na8Ca6Si2P10O39,76.96,2.803,1.8125
dentin,Na5Ca3Si(PO4)5,77.54,2.839,1.8366
dentin,Na12Ca6Si2P10O41,80.47,2.85,1.925
dentin,NaCa3Si2(PO4)5,86.07,2.705,2.0613
dentin,NaCa3Si3P5O22,80.58,2.703,1.8994
dentin,NaCa3Si4P5O24,78.18,2.701,1.8284
dentin,NaCa3Si5P5O26,78.74,2.696,1.8438
dentin,NaCa3Si6P5O28,84.86,2.71,2.0267
dentin,Na2Ca6Si2P12O41,79.76,2.678,1.8704
dentin,Na2Ca3Si(P2O7)3,77.88,2.717,1.8226
dentin,Na6Ca6Si2P12O43,72.05,2.733,1.6544
dentin,Na4Ca3Si(P3O11)2,75.41,2.743,1.7551
dentin,Na10Ca6Si2(P4O15)3,78.03,2.778,1.8391
dentin,Na6Ca3SiP6O23,71.71,2.769,1.6517
dentin,Na2Ca6Si4(P4O15)3,77.56,2.68,1.806
dentin,Na2Ca6Si6P12O49,82.39,2.67,1.9462
dentin,Na2Ca6Si8P12O53,81.31,2.668,1.9141
dentin,Na2Ca6Si10(P4O19)3,79.63,2.69,1.8688
dentin,Na2Ca6Si12P12O61,83.15,2.695,1.9734
dentin,NaCa4SiPO9,101.1,3.065,2.5736
dentin,Na4Ca8Si2P2O19,101.44,3.023,2.5754
dentin,Na3Ca4SiPO10,96.94,3.006,2.44
dentin,Na8Ca8Si2P2O21,88.8,2.95,2.1895
dentin,Na5Ca4SiPO11,89.98,2.918,2.218
dentin,Na12Ca8Si2P2O23,87.95,2.885,2.1516
dentin,NaCa4Si2PO11,106.17,3.04,2.7179
dentin,Na4Ca8Si4P2O23,98.86,2.977,2.4906
dentin,Na3Ca4Si2PO12,103.13,2.969,2.6147
dentin,Na8Ca8Si4P2O25,93.26,2.938,2.3183
dentin,Na5Ca4Si2PO13,94.18,2.952,2.3479
dentin,Na12Ca8Si4P2O27,91.65,2.911,2.2657
dentin,NaCa4Si3PO13,110.21,3.055,2.8395
dentin,Na4Ca8Si6P2O27,106.73,2.979,2.7223
dentin,Na3Ca4Si3PO14,110.27,2.973,2.8253
dentin,Na8Ca8Si6P2O29,102.29,2.936,2.5832
dentin,Na5Ca4Si3PO15,94.85,2.901,2.3579
dentin,Na12Ca8Si6P2O31,93.72,2.897,2.3238
dentin,NaCa4Si4PO15,160.46,3.117,4.3292
dentin,Na4Ca8Si8P2O31,110.64,3.021,2.8454
dentin,Na3Ca4Si4PO16,104.18,2.924,2.6364
dentin,Na8Ca8Si8P2O33,109.55,2.938,2.7971
dentin,Na5Ca4Si4PO17,99.69,2.924,2.5046
dentin,Na12Ca8Si8P2O35,99.35,2.904,2.4907
dentin,NaCa4Si5PO17,154.67,3.031,4.142
dentin,Na4Ca8Si10P2O35,144.48,3.036,3.8434
dentin,Na3Ca4Si5PO18,110.63,2.959,2.8332
dentin,Na8Ca8Si10P2O37,105.51,2.887,2.6685
dentin,Na5Ca4Si5PO19,106.45,2.867,2.692
dentin,Na12Ca8Si10P2O39,100.1,2.884,2.5088
dentin,NaCa4Si6PO19,143.08,2.991,3.7935
dentin,Na4Ca8Si12P2O39,165.75,3.035,4.4684
dentin,Na3Ca4Si6PO20,139.09,2.98,3.6739
dentin,Na8Ca8Si12P2O41,111.66,2.915,2.8547
dentin,Na5Ca4Si6PO21,105.45,2.9,2.6691
dentin,Na12Ca8Si12P2O43,101.12,2.835,2.5292
dentin,Na2Ca8Si2P4O23,104.6,3.085,2.6803
dentin,Na2Ca4Si(PO6)2,109.45,3.019,2.8102
dentin,Na6Ca8Si2P4O25,109.71,2.976,2.8094
dentin,Na4Ca4SiP2O13,100.71,2.962,2.5419
dentin,Na10Ca8Si2P4O27,95.21,2.944,2.3767
dentin,Na6Ca4Si(PO7)2,95.23,2.92,2.3726
dentin,Na2Ca8Si4P4O27,110.68,3.073,2.8569
dentin,Na2Ca8Si6P4O31,103.08,3.05,2.629
dentin,Na2Ca8Si8P4O35,100.85,3.012,2.5561
dentin,Na2Ca8Si10P4O39,109.66,2.966,2.8061
dentin,Na2Ca8Si12P4O43,111.9,2.924,2.8635
dentin,NaCa4SiP3O14,101.23,3.026,2.5698
dentin,Na4Ca8Si2P6O29,104.6,2.994,2.6626
dentin,Na3Ca4Si(PO5)3,104.33,2.961,2.6484
dentin,Na8Ca8Si2P6O31,109.55,2.949,2.7994
dentin,Na5Ca4SiP3O16,98.48,2.903,2.4649
dentin,Na12Ca8Si2(P2O11)3,91.24,2.887,2.249
dentin,NaCa4Si2P3O16,98.97,3.002,2.4987
dentin,NaCa4Si3(PO6)3,87.13,2.951,2.1408
dentin,NaCa4Si4P3O20,94.68,2.887,2.3499
dentin,NaCa4Si5P3O22,91.17,2.805,2.2308
dentin,NaCa4Si6(PO8)3,103.95,2.774,2.6004
dentin,Na2Ca8Si2P8O33,82.26,2.944,1.9958
dentin,Na2Ca4SiP4O17,93.94,3.006,2.3514
dentin,Na6Ca8Si2P8O35,98.56,2.97,2.4804
dentin,Na4Ca4Si(P2O9)2,96.42,2.93,2.4097
dentin,Na10Ca8Si2P8O37,94.43,2.911,2.3473
dentin,Na6Ca4SiP4O19,96.57,2.903,2.4085
dentin,Na2Ca8Si4P8O37,79.26,2.861,1.8915
dentin,Na2Ca8Si6P8O41,83.63,2.814,2.0109
dentin,Na2Ca8Si8P8O45,86.67,2.779,2.0934
dentin,Na2Ca8Si10P8O49,90.61,2.731,2.1999
dentin,Na2Ca8Si12P8O53,90.75,2.724,2.2026
dentin,NaCa4SiP5O19,75.45,2.821,1.7718
dentin,Na4Ca8Si2P10O39,72.94,2.833,1.7003
dentin,Na3Ca4Si(PO4)5,82.7,2.919,2.0041
dentin,Na8Ca8Si2P10O41,89.09,2.937,2.1956
dentin,Na5Ca4SiP5O21,82.69,2.905,2.001
dentin,Na12Ca8Si2P10O43,82.28,2.879,1.9839
dentin,NaCa4Si2P5O21,85.21,2.786,2.0519
dentin,NaCa4Si3P5O23,82.41,2.759,1.964
dentin,NaCa4Si4(PO5)5,81.82,2.729,1.9411
dentin,NaCa4Si5P5O27,81.54,2.733,1.9335
dentin,NaCa4Si6P5O29,87.16,2.723,2.0967
dentin,Na2Ca8Si2P12O43,81.62,2.767,1.9425
dentin,Na2Ca4Si(P3O11)2,76.17,2.785,1.7856
dentin,Na6Ca8Si2(P4O15)3,73.92,2.797,1.722
dentin,Na4Ca4SiP6O23,76.04,2.829,1.7906
dentin,Na10Ca8Si2P12O47,81.4,2.886,1.9595
dentin,Na6Ca4Si(PO4)6,80.72,2.876,1.9373
dentin,Na2Ca8Si4P12O47,84.66,2.739,2.0265
dentin,Na2Ca8Si6(P4O17)3,81.84,2.714,1.9384
dentin,Na2Ca8Si8P12O55,80.58,2.714,1.9016
dentin,Na2Ca8Si10P12O59,78.84,2.715,1.8505
dentin,Na2Ca8Si12(P4O21)3,78.74,2.706,1.8457
dentin,NaCa5SiPO10,100.02,3.073,2.5434
dentin,Na4Ca10Si2P2O21,98.36,3.034,2.4872
dentin,Na3Ca5SiPO11,98.65,2.997,2.4882
dentin,Na8Ca10Si2P2O23,95.61,2.979,2.3955
dentin,Na5Ca5SiPO12,94.35,2.951,2.3528
dentin,Na12Ca10Si2P2O25,94.69,2.916,2.3561
dentin,NaCa5Si2PO12,97.13,3.038,2.4517
dentin,Na4Ca10Si4P2O25,98.94,3.018,2.5009
dentin,Na3Ca5Si2PO13,99.27,3.01,2.5091
dentin,Na8Ca10Si4P2O27,93.75,2.985,2.3417
dentin,Na5Ca5Si2PO14,94.69,2.969,2.3662
dentin,Na12Ca10Si4P2O29,90.0,2.933,2.2214
dentin,NaCa5Si3PO14,103.41,3.044,2.6373
dentin,Na4Ca10Si6P2O29,109.07,3.043,2.8038
dentin,Na3Ca5Si3PO15,102.52,2.967,2.5964
dentin,Na8Ca10Si6P2O31,100.5,2.954,2.5343
dentin,Na5Ca5Si3PO16,92.09,2.932,2.2826
dentin,Na12Ca10Si6P2O33,95.52,2.936,2.3843
dentin,NaCa5Si4PO16,111.94,3.085,2.8962
dentin,Na4Ca10Si8P2O33,106.74,3.0,2.7269
dentin,Na3Ca5Si4PO17,108.71,2.977,2.7801
dentin,Na8Ca10Si8P2O35,109.85,2.982,2.8148
dentin,Na5Ca5Si4PO18,102.77,2.933,2.597
dentin,Na12Ca10Si8P2O37,95.5,2.903,2.3772
dentin,NaCa5Si5PO18,162.01,3.13,4.3771
dentin,Na4Ca10Si10P2O37,145.42,3.055,3.8747
dentin,Na3Ca5Si5PO19,105.42,2.944,2.6769
dentin,Na8Ca10Si10P2O39,106.52,2.947,2.7099
dentin,Na5Ca5Si5PO20,107.54,2.947,2.7398
dentin,Na12Ca10Si10P2O41,100.89,2.941,2.5431
dentin,NaCa5Si6PO20,150.34,3.06,4.0205
dentin,Na4Ca10Si12P2O41,154.89,3.069,4.1559
dentin,Na3Ca5Si6PO21,110.44,2.986,2.8328
dentin,Na8Ca10Si12P2O43,107.15,2.91,2.721
dentin,Na5Ca5Si6PO22,106.83,2.909,2.7115
dentin,Na12Ca10Si12P2O45,109.56,2.905,2.7911
dentin,Na2Ca10Si2P4O25,97.68,3.039,2.4681
dentin,Na2Ca5SiP2O13,105.29,3.029,2.6898
dentin,Na6Ca10Si2P4O27,102.08,3.015,2.5928
dentin,Na4Ca5Si(PO7)2,97.48,2.992,2.453
dentin,Na10Ca10Si2P4O29,96.91,2.976,2.4332
dentin,Na6Ca5SiP2O15,92.43,2.95,2.2963
dentin,Na2Ca10Si4P4O29,106.14,3.059,2.7207
dentin,Na2Ca10Si6P4O33,111.24,3.092,2.8773
dentin,Na2Ca10Si8P4O37,149.74,3.089,4.0084
dentin,Na2Ca10Si10P4O41,101.22,3.005,2.5655
dentin,Na2Ca10Si12P4O45,109.97,3.004,2.8223
dentin,NaCa5Si(PO5)3,103.99,3.08,2.6616
dentin,Na4Ca10Si2P6O31,103.02,3.052,2.6275
dentin,Na3Ca5SiP3O16,109.18,2.99,2.7966
dentin,Na8Ca10Si2(P2O11)3,111.14,2.964,2.8489
dentin,Na5Ca5SiP3O17,99.81,2.951,2.5135
dentin,Na12Ca10Si2P6O35,96.72,2.942,2.4208
dentin,NaCa5Si2P3O17,109.96,3.087,2.8384
dentin,NaCa5Si3P3O19,99.33,3.023,2.5132
dentin,NaCa5Si4(PO7)3,94.25,2.984,2.3562
dentin,NaCa5Si5P3O23,101.83,2.961,2.5747
dentin,NaCa5Si6P3O25,103.01,2.932,2.6037
dentin,Na2Ca10Si2P8O35,100.85,3.077,2.5686
dentin,Na2Ca5Si(P2O9)2,102.16,3.03,2.598
dentin,Na6Ca10Si2P8O37,102.89,2.985,2.6106
dentin,Na4Ca5SiP4O19,104.35,2.959,2.6483
dentin,Na10Ca10Si2P8O39,106.06,2.947,2.6965
dentin,Na6Ca5Si(PO5)4,100.22,2.911,2.5175
dentin,Na2Ca10Si4P8O39,96.17,2.98,2.4118
dentin,Na2Ca10Si6P8O43,88.84,2.943,2.1892
dentin,Na2Ca10Si8P8O47,86.09,2.901,2.1001
dentin,Na2Ca10Si10P8O51,92.26,2.852,2.2722
dentin,Na2Ca10Si12P8O55,93.23,2.794,2.2892
dentin,NaCa5Si(PO4)5,82.26,2.946,1.9965
dentin,Na4Ca10Si2P10O41,87.51,2.968,2.1552
dentin,Na3Ca5SiP5O21,98.63,3.015,2.4914
dentin,Na8Ca10Si2P10O43,94.49,2.953,2.3572
dentin,Na5Ca5SiP5O22,95.8,2.935,2.3925
dentin,Na12Ca10Si2(P2O9)5,97.37,2.919,2.4355
dentin,NaCa5Si2P5O22,78.78,2.871,1.8793
dentin,NaCa5Si3P5O24,85.02,2.829,2.0546
dentin,NaCa5Si4P5O26,85.28,2.793,2.055
dentin,NaCa5Si5P5O28,86.99,2.768,2.1005
dentin,NaCa5Si6(PO6)5,90.61,2.731,2.1998
dentin,Na2Ca10Si2(P4O15)3,76.64,2.835,1.8093
dentin,Na2Ca5SiP6O23,74.57,2.852,1.752
dentin,Na6Ca10Si2P12O47,80.1,2.916,1.9271
dentin,Na4Ca5Si(PO4)6,90.01,2.958,2.2266
dentin,Na10Ca10Si2P12O49,89.0,2.945,2.1942
dentin,Na6Ca5SiP6O25,84.38,2.909,2.0515
dentin,Na2Ca10Si4P12O49,83.89,2.806,2.0169
dentin,Na2Ca10Si6P12O53,84.47,2.78,2.0288
dentin,Na2Ca10Si8(P4O19)3,82.71,2.755,1.9721
dentin,Na2Ca10Si10P12O61,81.33,2.73,1.9268
dentin,Na2Ca10Si12P12O65,81.6,2.741,1.9368
dentin,NaCa6SiPO11,101.56,3.064,2.587
dentin,Na4Ca12Si2P2O23,97.91,3.043,2.4755
dentin,Na3Ca6SiPO12,97.88,2.999,2.4661
dentin,Na8Ca12Si2P2O25,97.41,2.986,2.4496
dentin,Na5Ca6SiPO13,98.43,2.976,2.4778
dentin,Na12Ca12Si2P2O27,94.56,2.941,2.3571
dentin,NaCa6Si2PO13,100.76,3.078,2.5663
dentin,Na4Ca12Si4P2O27,100.51,3.05,2.5534
dentin,Na3Ca6Si2PO14,100.4,3.015,2.5431
dentin,Na8Ca12Si4P2O29,99.0,3.013,2.5017
dentin,Na5Ca6Si2PO15,95.7,2.975,2.3974
dentin,Na12Ca12Si4P2O31,92.54,2.942,2.298
dentin,NaCa6Si3PO15,97.02,3.037,2.4482
dentin,Na4Ca12Si6P2O31,98.22,3.009,2.478
dentin,Na3Ca6Si3PO16,102.35,3.006,2.5988
dentin,Na8Ca12Si6P2O33,96.49,2.981,2.4216
dentin,Na5Ca6Si3PO17,95.59,2.969,2.3927
dentin,Na12Ca12Si6P2O35,96.77,2.962,2.4263
dentin,NaCa6Si4PO17,107.6,3.051,2.7622
dentin,Na4Ca12Si8P2O35,107.34,3.044,2.753
dentin,Na3Ca6Si4PO18,107.24,3.007,2.7429
dentin,Na8Ca12Si8P2O37,105.75,2.97,2.6918
dentin,Na5Ca6Si4PO19,98.76,2.939,2.4801
dentin,Na12Ca12Si8P2O39,92.24,2.927,2.2861
dentin,NaCa6Si5PO19,111.53,3.096,2.8865
dentin,Na4Ca12Si10P2O39,106.64,3.01,2.7257
dentin,Na3Ca6Si5PO20,108.13,2.986,2.7649
dentin,Na8Ca12Si10P2O41,109.11,2.99,2.7945
dentin,Na5Ca6Si5PO21,107.71,2.978,2.7509
dentin,Na12Ca12Si10P2O43,102.06,2.927,2.5749
dentin,NaCa6Si6PO21,160.72,3.15,4.3431
dentin,Na4Ca12Si12P2O43,143.62,3.084,3.8275
dentin,Na3Ca6Si6PO22,106.64,2.973,2.7185
dentin,Na8Ca12Si12P2O45,108.09,2.958,2.7584
dentin,Na5Ca6Si6PO23,108.62,2.952,2.7728
dentin,Na12Ca12Si12P2O47,105.79,2.946,2.6883
dentin,Na2Ca12Si2P4O27,100.8,3.085,2.5688
dentin,Na2Ca6Si(PO7)2,101.26,3.063,2.5779
dentin,Na6Ca12Si2P4O29,97.08,3.032,2.4489
dentin,Na4Ca6SiP2O15,97.22,3.006,2.448
dentin,Na10Ca12Si2P4O31,93.91,2.998,2.3491
dentin,Na6Ca6Si(PO8)2,93.13,2.956,2.3181
dentin,Na2Ca12Si4P4O31,103.0,3.054,2.6274
dentin,Na2Ca12Si6P4O35,106.26,3.057,2.7236
dentin,Na2Ca12Si8P4O39,111.25,3.101,2.8791
dentin,Na2Ca12Si10P4O43,147.21,3.101,3.9363
dentin,Na2Ca12Si12P4O47,106.62,3.02,2.7273
dentin,NaCa6SiP3O16,105.81,3.101,2.7192
dentin,Na4Ca12Si2(P2O11)3,103.62,3.021,2.639
dentin,Na3Ca6SiP3O17,107.38,3.007,2.7472
dentin,Na8Ca12Si2P6O35,108.84,3.0,2.7886
dentin,Na5Ca6Si(PO6)3,103.04,2.975,2.6131
dentin,Na12Ca12Si2P6O37,97.96,2.958,2.4605
dentin,NaCa6Si2(PO6)3,104.83,3.075,2.6854
dentin,NaCa6Si3P3O20,109.21,3.099,2.8188
dentin,NaCa6Si4P3O22,100.72,3.046,2.5588
dentin,NaCa6Si5(PO8)3,98.58,2.997,2.4863
dentin,NaCa6Si6P3O26,118.18,3.022,3.0673
dentin,Na2Ca12Si2P8O37,105.9,3.075,2.7167
dentin,Na2Ca6SiP4O19,103.79,3.06,2.6516
dentin,Na6Ca12Si2P8O39,105.75,3.026,2.7028
dentin,Na4Ca6Si(PO5)4,107.28,2.98,2.7388
dentin,Na10Ca12Si2P8O41,107.61,2.945,2.7417
dentin,Na6Ca6SiP4O21,103.4,2.945,2.6178
dentin,Na2Ca12Si4P8O41,109.31,3.09,2.82
dentin,Na2Ca12Si6P8O45,98.62,3.03,2.4939
dentin,Na2Ca12Si8P8O49,87.52,2.988,2.1592
dentin,Na2Ca12Si10P8O53,88.84,2.958,2.1922
dentin,Na2Ca12Si12P8O57,99.08,2.934,2.4885
dentin,NaCa6SiP5O21,100.28,3.068,2.5501
dentin,Na4Ca12Si2P10O43,102.92,3.034,2.6212
dentin,Na3Ca6SiP5O22,97.04,3.004,2.4422
dentin,Na8Ca12Si2(P2O9)5,103.85,2.979,2.6375
dentin,Na5Ca6SiP5O23,100.83,2.958,2.5449
dentin,Na12Ca12Si2P10O47,105.23,2.95,2.6725
dentin,NaCa6Si2P5O23,97.33,2.987,2.4474
dentin,NaCa6Si3(PO5)5,83.17,2.946,2.0232
dentin,NaCa6Si4P5O27,85.48,2.919,2.0858
dentin,NaCa6Si5P5O29,86.74,2.873,2.1137
dentin,NaCa6Si6P5O31,91.46,2.798,2.2379
dentin,Na2Ca12Si2P12O47,81.0,2.945,1.9592
dentin,Na2Ca6Si(PO4)6,86.89,2.967,2.1366
dentin,Na6Ca12Si2P12O49,99.17,3.044,2.5129
dentin,Na4Ca6SiP6O25,94.35,2.965,2.3555
dentin,Na10Ca12Si2(P4O17)3,93.39,2.95,2.3244
dentin,Na6Ca6Si(P3O13)2,95.64,2.934,2.3873
dentin,Na2Ca12Si4(P4O17)3,80.14,2.9,1.9249
dentin,Na2Ca12Si6P12O55,80.64,2.839,1.9278
dentin,Na2Ca12Si8P12O59,85.27,2.816,2.0593
dentin,Na2Ca12Si10(P4O21)3,86.65,2.788,2.0944
dentin,Na2Ca12Si12P12O67,84.84,2.757,2.0351
dentin,Sr2Ca2Si2P2O13,110.63,3.349,2.9095
dentin,Sr4Ca2Si2P2O15,123.69,3.848,3.3915
dentin,Sr6Ca2Si2P2O17,138.71,4.177,3.8975
dentin,Sr8Ca2Si2P2O19,121.67,4.398,3.4401
dentin,Sr10Ca2Si2P2O21,122.86,4.593,3.5131
dentin,Sr12Ca2Si2P2O23,105.76,4.511,2.9944
dentin,Sr2Ca2Si4P2O17,110.6,3.238,2.8867
dentin,Sr4Ca2Si4P2O19,128.94,3.553,3.4878
dentin,Sr6Ca2Si4P2O21,127.27,3.875,3.5021
dentin,Sr8Ca2Si4P2O23,137.92,4.111,3.8614
dentin,Sr10Ca2Si4P2O25,138.37,4.319,3.9155
dentin,Sr12Ca2Si4P2O27,121.09,4.449,3.4329
dentin,Sr2Ca2Si6P2O21,117.09,3.14,3.0583
dentin,Sr4Ca2Si6P2O23,120.23,3.462,3.214
dentin,Sr6Ca2Si6P2O25,134.78,3.663,3.6812
dentin,Sr8Ca2Si6P2O27,127.37,3.896,3.5088
dentin,Sr10Ca2Si6P2O29,135.99,4.075,3.7974
dentin,Sr12Ca2Si6P2O31,138.41,4.262,3.9053
dentin,Sr2Ca2Si8P2O25,118.92,3.033,3.0913
dentin,Sr4Ca2Si8P2O27,120.41,3.33,3.1935
dentin,Sr6Ca2Si8P2O29,119.41,3.478,3.1931
dentin,Sr8Ca2Si8P2O31,135.34,3.74,3.7129
dentin,Sr10Ca2Si8P2O33,125.6,3.919,3.4615
dentin,Sr12Ca2Si8P2O35,130.31,4.063,3.6283
dentin,Sr2Ca2Si10P2O29,118.55,2.953,3.0649
dentin,Sr4Ca2Si10P2O31,123.38,3.309,3.2766
dentin,Sr6Ca2Si10P2O33,120.26,3.461,3.2147
dentin,Sr8Ca2Si10P2O35,130.56,3.573,3.5395
dentin,Sr10Ca2Si10P2O37,131.67,3.772,3.6112
dentin,Sr12Ca2Si10P2O39,125.6,3.938,3.4653
dentin,Sr2Ca2Si12P2O33,115.59,2.93,2.9731
dentin,Sr4Ca2Si12P2O35,124.2,3.184,3.2761
dentin,Sr6Ca2Si12P2O37,121.96,3.363,3.2454
dentin,Sr8Ca2Si12P2O39,121.19,3.5,3.2497
dentin,Sr10Ca2Si12P2O41,135.1,3.633,3.6845
dentin,Sr12Ca2Si12P2O43,131.67,3.796,3.6158
dentin,SrCaSiP2O9,87.08,3.186,2.1851
dentin,Sr2CaSi(PO5)2,105.46,3.501,2.7873
dentin,Sr3CaSiP2O11,125.86,3.813,3.4484
dentin,Sr4CaSi(PO6)2,132.84,4.093,3.7084
dentin,Sr5CaSiP2O13,137.02,4.28,3.8681
dentin,Sr6CaSi(PO7)2,116.55,4.425,3.2948
dentin,SrCaSi2P2O11,91.79,3.089,2.3048
dentin,Sr2CaSi2(PO6)2,92.75,3.399,2.3938
dentin,Sr3CaSi2P2O13,124.99,3.623,3.3853
dentin,Sr4CaSi2(PO7)2,124.49,3.855,3.4164
dentin,Sr5CaSi2P2O15,135.68,4.07,3.7876
dentin,Sr6CaSi2(PO8)2,139.61,4.223,3.9332
dentin,SrCaSi3P2O13,96.48,2.991,2.4233
dentin,Sr2CaSi3(PO7)2,103.65,3.257,2.6865
dentin,Sr3CaSi3P2O15,105.31,3.451,2.7731
dentin,Sr4CaSi3(PO8)2,132.72,3.681,3.6241
dentin,Sr5CaSi3P2O17,126.22,3.893,3.4747
dentin,Sr6CaSi3(PO9)2,138.23,4.062,3.8608
dentin,SrCaSi4P2O15,109.64,2.946,2.8015
dentin,Sr2CaSi4(PO8)2,109.44,3.215,2.8484
dentin,Sr3CaSi4P2O17,114.99,3.426,3.0528
dentin,Sr4CaSi4(PO9)2,111.18,3.541,2.9633
dentin,Sr5CaSi4P2O19,131.32,3.717,3.59
dentin,Sr6CaSi4(PO10)2,128.88,3.91,3.5562
dentin,SrCaSi5P2O17,109.8,2.931,2.8033
dentin,Sr2CaSi5(PO9)2,114.41,3.161,2.9837
dentin,Sr3CaSi5P2O19,115.72,3.333,3.056
dentin,Sr4CaSi5(PO10)2,118.37,3.479,3.1625
dentin,Sr5CaSi5P2O21,113.35,3.606,3.04
dentin,Sr6CaSi5(PO11)2,132.19,3.745,3.6211
dentin,SrCaSi6P2O19,115.29,2.883,2.9553
dentin,Sr2CaSi6(PO10)2,115.74,3.103,3.0115
dentin,Sr3CaSi6P2O21,118.34,3.299,3.1265
dentin,Sr4CaSi6(PO11)2,121.61,3.432,3.2486
dentin,Sr5CaSi6P2O23,123.66,3.49,3.3205
dentin,Sr6CaSi6(PO12)2,126.36,3.658,3.4327
dentin,Sr2Ca2Si2P6O23,92.12,3.024,2.3016
dentin,Sr4Ca2Si2P6O25,90.25,3.332,2.3071
dentin,Sr6Ca2Si2(P2O9)3,110.68,3.577,2.9558
dentin,Sr8Ca2Si2P6O29,127.31,3.8,3.4884
dentin,Sr10Ca2Si2P6O31,129.38,4.038,3.5959
dentin,Sr12Ca2Si2(P2O11)3,131.86,4.227,3.7061
dentin,Sr2Ca2Si4(P2O9)3,101.22,2.979,2.5603
dentin,Sr4Ca2Si4P6O29,87.73,3.225,2.2119
dentin,Sr6Ca2Si4P6O31,95.01,3.517,2.4835
dentin,Sr8Ca2Si4(P2O11)3,127.25,3.652,3.4577
dentin,Sr10Ca2Si4P6O35,125.86,3.831,3.4521
dentin,Sr12Ca2Si4P6O37,129.88,4.03,3.6091
dentin,Sr2Ca2Si6P6O31,98.55,2.918,2.47
dentin,Sr4Ca2Si6(P2O11)3,92.07,3.183,2.3314
dentin,Sr6Ca2Si6P6O35,94.85,3.383,2.4524
dentin,Sr8Ca2Si6P6O37,108.26,3.517,2.8729
dentin,Sr10Ca2Si6(P2O13)3,122.13,3.713,3.319
dentin,Sr12Ca2Si6P6O41,121.28,3.855,3.322
dentin,Sr2Ca2Si8P6O35,104.35,2.898,2.6365
dentin,Sr4Ca2Si8P6O37,96.68,3.123,2.4551
dentin,Sr6Ca2Si8(P2O13)3,101.17,3.266,2.6152
dentin,Sr8Ca2Si8P6O41,106.21,3.476,2.8046
dentin,Sr10Ca2Si8P6O43,112.1,3.583,2.9985
dentin,Sr12Ca2Si8(P2O15)3,127.24,3.718,3.4703
dentin,Sr2Ca2Si10(P2O13)3,110.9,2.858,2.8213
dentin,Sr4Ca2Si10P6O41,105.33,3.062,2.6974
dentin,Sr6Ca2Si10P6O43,98.55,3.233,2.5316
dentin,Sr8Ca2Si10(P2O15)3,103.99,3.399,2.7242
dentin,Sr10Ca2Si10P6O47,106.09,3.475,2.8009
dentin,Sr12Ca2Si10P6O49,111.14,3.637,2.9811
dentin,Sr2Ca2Si12P6O43,111.49,2.829,2.833
dentin,Sr4Ca2Si12(P2O15)3,110.26,3.033,2.8367
dentin,Sr6Ca2Si12P6O47,109.01,3.195,2.8318
dentin,Sr8Ca2Si12P6O49,114.65,3.32,3.0222
dentin,Sr10Ca2Si12(P2O17)3,116.17,3.499,3.1019
dentin,Sr12Ca2Si12P6O53,110.72,3.522,2.9463
dentin,SrCaSi(P2O7)2,88.01,2.937,2.1639
dentin,Sr2CaSiP4O15,91.86,3.219,2.3322
dentin,Sr3CaSi(PO4)4,91.68,3.466,2.3755
dentin,Sr4CaSiP4O17,109.13,3.668,2.928
dentin,Sr5CaSi(P2O9)2,126.98,3.793,3.4774
dentin,Sr6CaSiP4O19,118.43,3.951,3.2569
dentin,SrCaSi2(PO4)4,93.77,2.894,2.3246
dentin,Sr2CaSi2P4O17,97.01,3.132,2.4667
dentin,Sr3CaSi2(P2O9)2,88.39,3.339,2.2536
dentin,Sr4CaSi2P4O19,95.53,3.567,2.5084
dentin,Sr5CaSi2(PO5)4,109.8,3.672,2.9486
dentin,Sr6CaSi2P4O21,127.31,3.815,3.4913
dentin,SrCaSi3(P2O9)2,96.23,2.864,2.391
dentin,Sr2CaSi3P4O19,85.83,3.11,2.1337
dentin,Sr3CaSi3(PO5)4,88.85,3.248,2.2492
dentin,Sr4CaSi3P4O21,91.75,3.46,2.3762
dentin,Sr5CaSi3(P2O11)2,112.06,3.556,2.9921
dentin,Sr6CaSi3P4O23,124.35,3.712,3.384
dentin,SrCaSi4(PO5)4,96.39,2.823,2.3877
dentin,Sr2CaSi4P4O21,85.63,3.062,2.1183
dentin,Sr3CaSi4(P2O11)2,91.44,3.227,2.3214
dentin,Sr4CaSi4P4O23,93.17,3.361,2.3987
dentin,Sr5CaSi4(PO6)4,94.36,3.505,2.4618
dentin,Sr6CaSi4P4O25,112.1,3.616,3.005
dentin,SrCaSi5(P2O11)2,97.97,2.812,2.432
dentin,Sr2CaSi5P4O23,95.37,3.024,2.3971
dentin,Sr3CaSi5(PO6)4,96.42,3.179,2.4583
dentin,Sr4CaSi5P4O25,100.48,3.271,2.5959
dentin,Sr5CaSi5(P2O13)2,104.68,3.465,2.7574
dentin,Sr6CaSi5P4O27,97.26,3.518,2.5495
dentin,SrCaSi6(PO6)4,97.97,2.802,2.4299
dentin,Sr2CaSi6P4O25,100.36,2.967,2.5327
dentin,Sr3CaSi6(P2O13)2,94.93,3.138,2.4065
dentin,Sr4CaSi6P4O27,99.86,3.264,2.5763
dentin,Sr5CaSi6(PO7)4,106.9,3.382,2.8065
dentin,Sr6CaSi6P4O29,108.52,3.512,2.8796
dentin,Sr2Ca2Si2P10O33,90.74,2.879,2.2326
dentin,Sr4Ca2Si2(P2O7)5,94.43,3.113,2.3871
dentin,Sr6Ca2Si2P10O37,87.73,3.331,2.2326
dentin,Sr8Ca2Si2P10O39,101.47,3.557,2.681
dentin,Sr10Ca2Si2P10O41,104.96,3.706,2.813
dentin,Sr12Ca2Si2P10O43,125.36,3.777,3.4265
dentin,Sr2Ca2Si4P10O37,92.48,2.844,2.2769
dentin,Sr4Ca2Si4P10O39,95.76,3.073,2.4182
dentin,Sr6Ca2Si4P10O41,97.24,3.252,2.4968
dentin,Sr8Ca2Si4P10O43,90.86,3.423,2.3427
dentin,Sr10Ca2Si4(P2O9)5,96.35,3.617,2.5422
dentin,Sr12Ca2Si4P10O47,108.58,3.691,2.9163
dentin,Sr2Ca2Si6P10O41,94.2,2.812,2.3212
dentin,Sr4Ca2Si6P10O43,95.38,3.029,2.3985
dentin,Sr6Ca2Si6(P2O9)5,87.28,3.181,2.1902
dentin,Sr8Ca2Si6P10O47,89.58,3.335,2.288
dentin,Sr10Ca2Si6P10O49,96.5,3.528,2.5292
dentin,Sr12Ca2Si6P10O51,111.48,3.631,2.99
dentin,Sr2Ca2Si8(P2O9)5,98.58,2.806,2.4487
dentin,Sr4Ca2Si8P10O47,91.87,2.988,2.2872
dentin,Sr6Ca2Si8P10O49,86.56,3.151,2.163
dentin,Sr8Ca2Si8P10O51,88.85,3.265,2.2526
dentin,Sr10Ca2Si8P10O53,92.31,3.43,2.3868
dentin,Sr12Ca2Si8(P2O11)5,99.95,3.591,2.6429
dentin,Sr2Ca2Si10P10O49,99.6,2.801,2.4778
dentin,Sr4Ca2Si10P10O51,91.52,2.945,2.2684
dentin,Sr6Ca2Si10P10O53,86.14,3.141,2.149
dentin,Sr8Ca2Si10(P2O11)5,92.61,3.255,2.3611
dentin,Sr10Ca2Si10P10O57,90.9,3.355,2.3307
dentin,Sr12Ca2Si10P10O59,97.62,3.519,2.5604
dentin,Sr2Ca2Si12P10O53,97.51,2.762,2.4087
dentin,Sr4Ca2Si12(P2O11)5,96.97,2.924,2.4246
dentin,Sr6Ca2Si12P10O57,92.92,3.106,2.3412
dentin,Sr8Ca2Si12P10O59,97.01,3.21,2.482
dentin,Sr10Ca2Si12P10O61,100.67,3.286,2.6044
dentin,Sr12Ca2Si12P10O63,107.19,3.436,2.8256
dentin,SrCaSiP6O19,89.97,2.837,2.2017
dentin,Sr2CaSi(P3O10)2,86.35,3.052,2.1374
dentin,Sr3CaSi(P2O7)3,89.06,3.235,2.2532
dentin,Sr4CaSi(P3O11)2,89.73,3.414,2.3079
dentin,Sr5CaSiP6O23,101.84,3.603,2.7009
dentin,Sr6CaSi(PO4)6,105.08,3.72,2.8193
dentin,SrCaSi2(P2O7)3,90.99,2.801,2.2246
dentin,Sr2CaSi2(P3O11)2,87.32,3.011,2.1581
dentin,Sr3CaSi2P6O23,92.4,3.178,2.3401
dentin,Sr4CaSi2(PO4)6,92.2,3.334,2.3648
dentin,Sr5CaSi2P6O25,93.13,3.5,2.4246
dentin,Sr6CaSi2(P3O13)2,96.69,3.654,2.5597
dentin,SrCaSi3P6O23,92.73,2.792,2.2742
dentin,Sr2CaSi3(PO4)6,89.52,2.982,2.217
dentin,Sr3CaSi3P6O25,100.39,3.139,2.5675
dentin,Sr4CaSi3(P3O13)2,87.45,3.255,2.2095
dentin,Sr5CaSi3(P2O9)3,89.69,3.402,2.3043
dentin,Sr6CaSi3(P3O14)2,98.34,3.579,2.5935
dentin,SrCaSi4P6O25,98.58,2.787,2.445
dentin,Sr2CaSi4(P3O13)2,96.95,2.937,2.4267
dentin,Sr3CaSi4(P2O9)3,99.92,3.117,2.5493
dentin,Sr4CaSi4(P3O14)2,88.47,3.219,2.2326
dentin,Sr5CaSi4P6O29,89.38,3.343,2.2836
dentin,Sr6CaSi4(PO5)6,93.87,3.472,2.4409
dentin,SrCaSi5(P2O9)3,98.58,2.78,2.4437
dentin,Sr2CaSi5(P3O14)2,97.96,2.909,2.4507
dentin,Sr3CaSi5P6O29,90.38,3.084,2.2621
dentin,Sr4CaSi5(PO5)6,86.43,3.191,2.1672
dentin,Sr5CaSi5P6O31,91.98,3.276,2.3469
dentin,Sr6CaSi5(P3O16)2,93.17,3.407,2.4076
dentin,SrCaSi6P6O29,99.6,2.747,2.4671
dentin,Sr2CaSi6(PO5)6,96.06,2.888,2.3908
dentin,Sr3CaSi6P6O31,99.11,3.047,2.5116
dentin,Sr4CaSi6(P3O16)2,86.82,3.168,2.174
dentin,Sr5CaSi6(P2O11)3,92.61,3.268,2.3638
dentin,Sr6CaSi6(P3O17)2,90.69,3.352,2.324
dentin,Sr2Ca4Si2P2O15,122.01,3.412,3.2564
dentin,Sr4Ca4Si2P2O17,126.98,3.782,3.4751
dentin,Sr6Ca4Si2P2O19,142.06,4.092,3.9793
dentin,Sr8Ca4Si2P2O21,148.54,4.3,4.2107
dentin,Sr10Ca4Si2P2O23,124.73,4.454,3.5408
dentin,Sr12Ca4Si2P2O25,114.65,4.421,3.2383
dentin,Sr2Ca4Si4P2O19,114.37,3.307,3.0112
dentin,Sr4Ca4Si4P2O21,128.84,3.572,3.4887
dentin,Sr6Ca4Si4P2O23,126.57,3.812,3.4691
dentin,Sr8Ca4Si4P2O25,136.58,4.045,3.809
dentin,Sr10Ca4Si4P2O27,144.21,4.248,4.0733
dentin,Sr12Ca4Si4P2O29,134.01,4.37,3.7973
dentin,Sr2Ca4Si6P2O23,115.5,3.207,3.0249
dentin,Sr4Ca4Si6P2O25,118.65,3.38,3.1515
dentin,Sr6Ca4Si6P2O27,133.55,3.641,3.6407
dentin,Sr8Ca4Si6P2O29,124.32,3.849,3.4101
dentin,Sr10Ca4Si6P2O31,132.43,4.024,3.6828
dentin,Sr12Ca4Si6P2O33,137.85,4.192,3.8752
dentin,Sr2Ca4Si8P2O27,124.28,3.195,3.2808
dentin,Sr4Ca4Si8P2O29,116.45,3.354,3.0817
dentin,Sr6Ca4Si8P2O31,128.81,3.534,3.4803
dentin,Sr8Ca4Si8P2O33,130.64,3.699,3.5665
dentin,Sr10Ca4Si8P2O35,121.79,3.875,3.3409
dentin,Sr12Ca4Si8P2O37,131.68,4.013,3.6588
dentin,Sr2Ca4Si10P2O31,130.2,3.122,3.4404
dentin,Sr4Ca4Si10P2O33,116.46,3.258,3.0631
dentin,Sr6Ca4Si10P2O35,115.31,3.427,3.0625
dentin,Sr8Ca4Si10P2O37,133.12,3.622,3.6243
dentin,Sr10Ca4Si10P2O39,130.14,3.752,3.5623
dentin,Sr12Ca4Si10P2O41,122.74,3.893,3.3726
dentin,Sr2Ca4Si12P2O35,126.54,3.007,3.3102
dentin,Sr4Ca4Si12P2O37,123.11,3.293,3.2656
dentin,Sr6Ca4Si12P2O39,119.56,3.382,3.1786
dentin,Sr8Ca4Si12P2O41,122.87,3.469,3.293
dentin,Sr10Ca4Si12P2O43,134.55,3.662,3.6742
dentin,Sr12Ca4Si12P2O45,127.75,3.786,3.4989
dentin,SrCa2Si(PO5)2,99.5,3.266,2.5659
dentin,Sr2Ca2SiP2O11,122.88,3.518,3.3028
dentin,Sr3Ca2Si(PO6)2,125.87,3.809,3.4481
dentin,Sr4Ca2SiP2O13,131.95,4.016,3.6672
dentin,Sr5Ca2Si(PO7)2,140.37,4.209,3.9527
dentin,Sr6Ca2SiP2O15,124.77,4.389,3.5293
dentin,SrCa2Si2(PO6)2,89.98,3.203,2.2737
dentin,SrCa2Si3(PO7)2,102.25,3.069,2.6082
dentin,SrCa2Si4(PO8)2,112.54,3.006,2.8985
dentin,SrCa2Si5(PO9)2,118.44,2.955,3.0617
dentin,SrCa2Si6(PO10)2,115.38,2.911,2.9632
dentin,Sr2Ca4Si2P6O25,86.6,3.091,2.1525
dentin,Sr4Ca4Si2(P2O9)3,101.6,3.321,2.6387
dentin,Sr6Ca4Si2P6O29,131.87,3.59,3.5812
dentin,Sr8Ca4Si2P6O31,125.91,3.806,3.4486
dentin,Sr10Ca4Si2(P2O11)3,124.81,4.01,3.456
dentin,Sr12Ca4Si2P6O35,133.39,4.151,3.7362
dentin,Sr2Ca4Si4P6O29,91.71,3.019,2.2887
dentin,Sr2Ca4Si6(P2O11)3,92.79,2.983,2.3131
dentin,Sr2Ca4Si8P6O37,97.71,2.93,2.4473
dentin,Sr2Ca4Si10P6O41,103.87,2.883,2.6193
dentin,Sr2Ca4Si12(P2O15)3,108.47,2.884,2.7547
dentin,SrCa2SiP4O15,93.34,2.993,2.3315
dentin,Sr2Ca2Si(PO4)4,87.73,3.227,2.2125
dentin,Sr3Ca2SiP4O17,101.67,3.442,2.6644
dentin,Sr4Ca2Si(P2O9)2,128.01,3.635,3.4767
dentin,Sr5Ca2SiP4O19,126.36,3.776,3.4557
dentin,Sr6Ca2Si(PO5)4,120.79,3.964,3.3289
dentin,SrCa2Si2P4O17,98.06,2.936,2.4591
dentin,SrCa2Si3P4O19,87.86,2.915,2.155
dentin,SrCa2Si4P4O21,86.7,2.88,2.1139
dentin,SrCa2Si5P4O23,93.82,2.872,2.3218
dentin,SrCa2Si6P4O25,98.52,2.835,2.4528
dentin,Sr2Ca4Si2(P2O7)5,94.33,2.917,2.3456
dentin,Sr4Ca4Si2P10O37,88.48,3.174,2.224
dentin,Sr6Ca4Si2P10O39,92.98,3.331,2.3871
dentin,Sr8Ca4Si2P10O41,107.18,3.518,2.8414
dentin,Sr10Ca4Si2P10O43,127.5,3.644,3.4634
dentin,Sr12Ca4Si2(P2O9)5,127.77,3.78,3.498
dentin,Sr2Ca4Si4P10O39,96.89,2.886,2.4148
dentin,Sr2Ca4Si6P10O43,94.76,2.85,2.3451
dentin,Sr2Ca4Si8P10O47,87.99,2.84,2.144
dentin,Sr2Ca4Si10P10O51,94.09,2.812,2.318
dentin,Sr2Ca4Si12(P2O11)5,94.09,2.793,2.3143
dentin,SrCa2Si(P3O10)2,85.78,2.865,2.084
dentin,Sr2Ca2Si(P2O7)3,89.34,3.069,2.2288
dentin,Sr3Ca2Si(P3O11)2,88.9,3.256,2.2525
dentin,Sr4Ca2SiP6O23,98.35,3.425,2.5633
dentin,Sr5Ca2Si(PO4)6,105.74,3.563,2.8078
dentin,Sr6Ca2SiP6O25,124.01,3.663,3.3644
dentin,SrCa2Si2(P3O11)2,88.29,2.835,2.1521
dentin,SrCa2Si3(PO4)6,95.25,2.824,2.3542
dentin,SrCa2Si4(P3O13)2,94.38,2.8,2.3243
dentin,SrCa2Si5(P3O14)2,95.62,2.781,2.3568
dentin,SrCa2Si6(PO5)6,95.52,2.772,2.352
dentin,Sr2Ca6Si2P2O17,121.3,3.384,3.2303
dentin,Sr4Ca6Si2P2O19,129.84,3.743,3.5517
dentin,Sr6Ca6Si2P2O21,144.25,4.009,4.0274
dentin,Sr8Ca6Si2P2O23,146.71,4.181,4.1336
dentin,Sr10Ca6Si2P2O25,145.09,4.368,4.1226
dentin,Sr12Ca6Si2P2O27,127.01,4.414,3.6002
dentin,Sr2Ca6Si4P2O21,118.28,3.262,3.1175
dentin,Sr4Ca6Si4P2O23,121.71,3.519,3.2686
dentin,Sr6Ca6Si4P2O25,129.92,3.786,3.5624
dentin,Sr8Ca6Si4P2O27,139.26,4.008,3.8807
dentin,Sr10Ca6Si4P2O29,149.75,4.178,4.2225
dentin,Sr12Ca6Si4P2O31,136.65,4.279,3.8569
dentin,Sr2Ca6Si6P2O25,112.42,3.227,2.9381
dentin,Sr4Ca6Si6P2O27,121.42,3.428,3.2422
dentin,Sr6Ca6Si6P2O29,128.6,3.613,3.4896
dentin,Sr8Ca6Si6P2O31,127.02,3.811,3.4822
dentin,Sr10Ca6Si6P2O33,132.51,3.993,3.6792
dentin,Sr12Ca6Si6P2O35,140.78,4.154,3.9539
dentin,Sr2Ca6Si8P2O29,117.98,3.182,3.0929
dentin,Sr4Ca6Si8P2O31,118.38,3.353,3.1381
dentin,Sr6Ca6Si8P2O33,126.77,3.53,3.4194
dentin,Sr8Ca6Si8P2O35,125.36,3.674,3.4065
dentin,Sr10Ca6Si8P2O37,125.69,3.826,3.446
dentin,Sr12Ca6Si8P2O39,124.44,3.97,3.4375
dentin,Sr2Ca6Si10P2O33,123.64,3.174,3.2578
dentin,Sr4Ca6Si10P2O35,111.43,3.287,2.921
dentin,Sr6Ca6Si10P2O37,122.64,3.429,3.2784
dentin,Sr8Ca6Si10P2O39,131.84,3.598,3.5819
dentin,Sr10Ca6Si10P2O41,126.58,3.723,3.4521
dentin,Sr12Ca6Si10P2O43,126.49,3.84,3.472
dentin,Sr2Ca6Si12P2O37,122.71,3.143,3.2242
dentin,Sr4Ca6Si12P2O39,115.92,3.24,3.0438
dentin,Sr6Ca6Si12P2O41,118.47,3.426,3.155
dentin,Sr8Ca6Si12P2O43,129.73,3.521,3.5048
dentin,Sr10Ca6Si12P2O45,129.96,3.66,3.5387
dentin,Sr12Ca6Si12P2O47,124.72,3.769,3.4062
dentin,SrCa3SiP2O11,110.5,3.209,2.8781
dentin,Sr2Ca3Si(PO6)2,124.83,3.527,3.362
dentin,Sr3Ca3SiP2O13,125.93,3.759,3.4397
dentin,Sr4Ca3Si(PO7)2,129.12,3.971,3.5752
dentin,Sr5Ca3SiP2O15,139.08,4.166,3.9064
dentin,Sr6Ca3Si(PO8)2,142.3,4.305,4.0283
dentin,SrCa3Si2P2O13,105.2,3.191,2.7191
dentin,SrCa3Si3P2O15,105.9,3.214,2.744
dentin,SrCa3Si4P2O17,114.14,3.143,2.9724
dentin,SrCa3Si5P2O19,120.73,3.109,3.1595
dentin,SrCa3Si6P2O21,125.32,3.003,3.2736
dentin,Sr2Ca6Si2(P2O9)3,99.47,3.168,2.5458
dentin,Sr4Ca6Si2P6O29,116.52,3.35,3.083
dentin,Sr6Ca6Si2P6O31,125.48,3.58,3.3915
dentin,Sr8Ca6Si2(P2O11)3,122.63,3.803,3.3514
dentin,Sr10Ca6Si2P6O35,122.47,3.953,3.376
dentin,Sr12Ca6Si2P6O37,136.4,4.104,3.8155
dentin,Sr2Ca6Si4P6O31,88.88,3.146,2.2303
dentin,Sr2Ca6Si6P6O35,90.72,3.044,2.2644
dentin,Sr2Ca6Si8(P2O13)3,100.33,2.975,2.5332
dentin,Sr2Ca6Si10P6O43,102.57,2.923,2.5892
dentin,Sr2Ca6Si12P6O47,110.78,2.897,2.8252
dentin,SrCa3Si(PO4)4,87.39,3.044,2.1666
dentin,Sr2Ca3SiP4O17,99.8,3.307,2.583
dentin,Sr3Ca3Si(P2O9)2,119.59,3.443,3.1915
dentin,Sr4Ca3SiP4O19,127.53,3.595,3.4546
dentin,Sr5Ca3Si(PO5)4,125.59,3.783,3.4345
dentin,Sr6Ca3SiP4O21,118.19,3.962,3.252
dentin,SrCa3Si2(P2O9)2,89.88,2.994,2.2299
dentin,SrCa3Si3(PO5)4,91.23,2.963,2.2633
dentin,SrCa3Si4(P2O11)2,94.95,2.924,2.3651
dentin,SrCa3Si5(PO6)4,96.89,2.885,2.4146
dentin,SrCa3Si6(P2O13)2,95.14,2.842,2.3547
dentin,Sr2Ca6Si2P10O37,92.16,2.987,2.2957
dentin,Sr4Ca6Si2P10O39,91.99,3.152,2.3229
dentin,Sr6Ca6Si2P10O41,100.74,3.358,2.6207
dentin,Sr8Ca6Si2P10O43,121.77,3.487,3.2641
dentin,Sr10Ca6Si2(P2O9)5,129.55,3.624,3.5196
dentin,Sr12Ca6Si2P10O47,126.39,3.781,3.4574
dentin,Sr2Ca6Si4P10O41,97.56,2.937,2.4445
dentin,Sr2Ca6Si6(P2O9)5,88.72,2.889,2.1752
dentin,Sr2Ca6Si8P10O49,87.64,2.873,2.1405
dentin,Sr2Ca6Si10P10O53,87.53,2.853,2.1333
dentin,Sr2Ca6Si12P10O57,93.12,2.853,2.2973
dentin,SrCa3Si(P2O7)3,89.86,2.917,2.2141
dentin,Sr2Ca3Si(P3O11)2,88.46,3.122,2.2134
dentin,Sr3Ca3SiP6O23,96.91,3.26,2.4888
dentin,Sr4Ca3Si(PO4)6,99.95,3.406,2.6069
dentin,Sr5Ca3SiP6O25,124.67,3.525,3.357
dentin,Sr6Ca3Si(P3O13)2,128.41,3.656,3.4924
dentin,SrCa3Si2P6O23,90.79,2.867,2.2316
dentin,SrCa3Si3P6O25,99.63,2.851,2.4883
dentin,SrCa3Si4(P2O9)3,99.77,2.831,2.4886
dentin,SrCa3Si5P6O29,90.26,2.828,2.2084
dentin,SrCa3Si6P6O31,96.55,2.815,2.3909
dentin,Sr2Ca8Si2P2O19,120.27,3.394,3.202
dentin,Sr4Ca8Si2P2O21,133.73,3.7,3.6575
dentin,Sr6Ca8Si2P2O23,136.55,3.923,3.7842
dentin,Sr8Ca8Si2P2O25,151.23,4.106,4.2517
dentin,Sr10Ca8Si2P2O27,146.12,4.275,4.1347
dentin,Sr12Ca8Si2P2O29,137.94,4.328,3.9047
dentin,Sr2Ca8Si4P2O23,115.77,3.285,3.048
dentin,Sr4Ca8Si4P2O25,123.36,3.517,3.3169
dentin,Sr6Ca8Si4P2O27,128.59,3.764,3.519
dentin,Sr8Ca8Si4P2O29,136.87,3.963,3.8015
dentin,Sr10Ca8Si4P2O31,146.36,4.094,4.1062
dentin,Sr12Ca8Si4P2O33,147.18,4.211,4.1534
dentin,Sr2Ca8Si6P2O27,113.07,3.232,2.9584
dentin,Sr4Ca8Si6P2O29,120.01,3.411,3.1975
dentin,Sr6Ca8Si6P2O31,126.2,3.595,3.4156
dentin,Sr8Ca8Si6P2O33,128.0,3.789,3.5066
dentin,Sr10Ca8Si6P2O35,130.23,3.964,3.6065
dentin,Sr12Ca8Si6P2O37,146.2,4.098,4.1025
dentin,Sr2Ca8Si8P2O31,113.65,3.198,2.9688
dentin,Sr4Ca8Si8P2O33,119.75,3.326,3.1731
dentin,Sr6Ca8Si8P2O35,122.03,3.509,3.2761
dentin,Sr8Ca8Si8P2O37,124.29,3.644,3.3691
dentin,Sr10Ca8Si8P2O39,126.81,3.801,3.4737
dentin,Sr12Ca8Si8P2O41,125.98,3.958,3.4805
dentin,Sr2Ca8Si10P2O35,120.16,3.197,3.1599
dentin,Sr4Ca8Si10P2O37,117.22,3.358,3.1049
dentin,Sr6Ca8Si10P2O39,122.58,3.441,3.2789
dentin,Sr8Ca8Si10P2O41,124.3,3.558,3.3524
dentin,Sr10Ca8Si10P2O43,127.01,3.668,3.4538
dentin,Sr12Ca8Si10P2O45,126.45,3.822,3.4676
dentin,Sr2Ca8Si12P2O39,124.33,3.16,3.2753
dentin,Sr4Ca8Si12P2O41,113.62,3.262,2.9803
dentin,Sr6Ca8Si12P2O43,117.53,3.354,3.1134
dentin,Sr8Ca8Si12P2O45,124.12,3.528,3.3413
dentin,Sr10Ca8Si12P2O47,128.41,3.621,3.4857
dentin,Sr12Ca8Si12P2O49,126.57,3.714,3.4499
dentin,SrCa4Si(PO6)2,117.78,3.274,3.1052
dentin,Sr2Ca4SiP2O13,118.41,3.498,3.1675
dentin,Sr3Ca4Si(PO7)2,130.93,3.733,3.5818
dentin,Sr4Ca4SiP2O15,128.66,3.948,3.5572
dentin,Sr5Ca4Si(PO8)2,141.94,4.106,3.9786
dentin,Sr6Ca4SiP2O17,146.71,4.235,4.144
dentin,SrCa4Si2(PO7)2,111.05,3.212,2.895
dentin,SrCa4Si3(PO8)2,108.27,3.152,2.8017
dentin,SrCa4Si4(PO9)2,110.29,3.211,2.8723
dentin,SrCa4Si5(PO10)2,116.83,3.151,3.0529
dentin,SrCa4Si6(PO11)2,120.77,3.134,3.1655
dentin,Sr2Ca8Si2P6O29,111.54,3.212,2.9096
dentin,Sr4Ca8Si2P6O31,117.76,3.387,3.1266
dentin,Sr6Ca8Si2(P2O11)3,123.49,3.588,3.3345
dentin,Sr8Ca8Si2P6O35,124.73,3.764,3.4056
dentin,Sr10Ca8Si2P6O37,125.84,3.916,3.4678
dentin,Sr12Ca8Si2(P2O13)3,139.94,4.058,3.9105
dentin,Sr2Ca8Si4(P2O11)3,108.23,3.124,2.7948
dentin,Sr2Ca8Si6P6O37,103.89,3.172,2.6769
dentin,Sr2Ca8Si8P6O41,103.63,3.095,2.6539
dentin,Sr2Ca8Si10(P2O15)3,105.42,3.095,2.7067
dentin,Sr2Ca8Si12P6O49,120.48,3.008,3.1322
dentin,SrCa4SiP4O17,97.92,3.091,2.4852
dentin,Sr2Ca4Si(P2O9)2,112.23,3.244,2.9359
dentin,Sr3Ca4SiP4O19,119.6,3.444,3.1919
dentin,Sr4Ca4Si(PO5)4,125.02,3.606,3.383
dentin,Sr5Ca4SiP4O21,121.81,3.797,3.3262
dentin,Sr6Ca4Si(P2O11)2,121.75,3.909,3.3464
dentin,SrCa4Si2P4O19,87.74,3.107,2.1893
dentin,SrCa4Si3P4O21,89.66,3.032,2.2308
dentin,SrCa4Si4P4O23,92.79,2.969,2.3105
dentin,SrCa4Si5P4O25,102.95,2.926,2.6008
dentin,SrCa4Si6P4O27,101.25,2.898,2.5453
dentin,Sr2Ca8Si2P10O39,92.07,3.018,2.2989
dentin,Sr4Ca8Si2P10O41,98.22,3.219,2.5191
dentin,Sr6Ca8Si2P10O43,114.88,3.316,3.0279
dentin,Sr8Ca8Si2(P2O9)5,122.8,3.505,3.298
dentin,Sr10Ca8Si2P10O47,126.06,3.63,3.4182
dentin,Sr12Ca8Si2P10O49,125.59,3.777,3.4333
dentin,Sr2Ca8Si4P10O43,86.41,2.978,2.1246
dentin,Sr2Ca8Si6P10O47,91.76,2.952,2.2769
dentin,Sr2Ca8Si8P10O51,94.34,2.917,2.3459
dentin,Sr2Ca8Si10(P2O11)5,93.81,2.892,2.3254
dentin,Sr2Ca8Si12P10O59,97.81,2.856,2.4357
dentin,SrCa4Si(P3O11)2,92.55,2.972,2.3039
dentin,Sr2Ca4SiP6O23,95.44,3.107,2.4156
dentin,Sr3Ca4Si(PO4)6,98.23,3.313,2.538
dentin,Sr4Ca4SiP6O25,113.37,3.382,2.9966
dentin,Sr5Ca4Si(P3O13)2,128.96,3.552,3.4883
dentin,Sr6Ca4Si(P2O9)3,127.13,3.634,3.4507
dentin,SrCa4Si2(PO4)6,97.35,2.94,2.4389
dentin,SrCa4Si3(P3O13)2,90.15,2.889,2.2173
dentin,SrCa4Si4(P3O14)2,89.68,2.864,2.1985
dentin,SrCa4Si5(PO5)6,87.64,2.844,2.1348
dentin,SrCa4Si6(P3O16)2,87.53,2.834,2.1294
dentin,Sr2Ca10Si2P2O21,121.72,3.393,3.2443
dentin,Sr4Ca10Si2P2O23,133.51,3.646,3.6404
dentin,Sr6Ca10Si2P2O25,135.27,3.871,3.7362
dentin,Sr8Ca10Si2P2O27,151.3,4.039,4.2406
dentin,Sr10Ca10Si2P2O29,142.09,4.164,3.9944
dentin,Sr12Ca10Si2P2O31,157.48,4.241,4.462
dentin,Sr2Ca10Si4P2O25,119.62,3.284,3.1611
dentin,Sr4Ca10Si4P2O27,122.09,3.523,3.2805
dentin,Sr6Ca10Si4P2O29,135.17,3.736,3.7069
dentin,Sr8Ca10Si4P2O31,135.6,3.895,3.7507
dentin,Sr10Ca10Si4P2O33,145.93,4.045,4.084
dentin,Sr12Ca10Si4P2O35,152.17,4.159,4.2897
dentin,Sr2Ca10Si6P2O29,114.81,3.198,3.003
dentin,Sr4Ca10Si6P2O31,120.27,3.381,3.1993
dentin,Sr6Ca10Si6P2O33,124.35,3.591,3.3603
dentin,Sr8Ca10Si6P2O35,127.82,3.772,3.498
dentin,Sr10Ca10Si6P2O37,134.44,3.931,3.7239
dentin,Sr12Ca10Si6P2O39,143.27,4.046,4.0061
dentin,Sr2Ca10Si8P2O33,122.83,3.25,3.249
dentin,Sr4Ca10Si8P2O35,114.1,3.334,3.0084
dentin,Sr6Ca10Si8P2O37,120.08,3.46,3.2092
dentin,Sr8Ca10Si8P2O39,124.95,3.626,3.3849
dentin,Sr10Ca10Si8P2O41,127.37,3.796,3.4893
dentin,Sr12Ca10Si8P2O43,131.48,3.937,3.6379
dentin,Sr2Ca10Si10P2O37,120.73,3.193,3.1759
dentin,Sr4Ca10Si10P2O39,115.44,3.259,3.0333
dentin,Sr6Ca10Si10P2O41,117.37,3.439,3.1254
dentin,Sr8Ca10Si10P2O43,126.26,3.514,3.4015
dentin,Sr10Ca10Si10P2O45,126.26,3.676,3.4333
dentin,Sr12Ca10Si10P2O47,126.78,3.803,3.4733
dentin,Sr2Ca10Si12P2O41,120.63,3.204,3.1751
dentin,Sr4Ca10Si12P2O43,118.88,3.314,3.1452
dentin,Sr6Ca10Si12P2O45,119.31,3.365,3.1677
dentin,Sr8Ca10Si12P2O47,118.58,3.499,3.1727
dentin,Sr10Ca10Si12P2O49,130.38,3.579,3.5354
dentin,Sr12Ca10Si12P2O51,126.19,3.693,3.4344
dentin,SrCa5SiP2O13,117.28,3.281,3.0917
dentin,Sr2Ca5Si(PO7)2,121.31,3.498,3.2528
dentin,Sr3Ca5SiP2O15,127.9,3.718,3.4896
dentin,Sr4Ca5Si(PO8)2,132.4,3.904,3.6585
dentin,Sr5Ca5SiP2O17,148.82,4.051,4.1702
dentin,Sr6Ca5Si(PO9)2,149.23,4.165,4.2044
dentin,SrCa5Si2P2O15,112.95,3.192,2.9469
dentin,SrCa5Si3P2O17,111.71,3.216,2.9151
dentin,SrCa5Si4P2O19,111.17,3.131,2.8826
dentin,SrCa5Si5P2O21,111.69,3.183,2.9083
dentin,SrCa5Si6P2O23,125.51,3.154,3.3088
dentin,Sr2Ca10Si2P6O31,109.04,3.159,2.8257
dentin,Sr4Ca10Si2(P2O11)3,117.42,3.421,3.1234
dentin,Sr6Ca10Si2P6O35,120.93,3.568,3.2555
dentin,Sr8Ca10Si2P6O37,128.9,3.741,3.5238
dentin,Sr10Ca10Si2(P2O13)3,130.48,3.886,3.5984
dentin,Sr12Ca10Si2P6O41,134.47,4.035,3.7449
dentin,Sr2Ca10Si4P6O35,108.25,3.169,2.8044
dentin,Sr2Ca10Si6(P2O13)3,105.62,3.1,2.7135
dentin,Sr2Ca10Si8P6O43,106.0,3.163,2.7368
dentin,Sr2Ca10Si10P6O47,108.81,3.144,2.816
dentin,Sr2Ca10Si12(P2O17)3,115.13,3.093,2.9915
dentin,SrCa5Si(P2O9)2,112.22,3.161,2.9195
dentin,Sr2Ca5SiP4O19,112.21,3.253,2.9371
dentin,Sr3Ca5Si(PO5)4,119.0,3.469,3.1791
dentin,Sr4Ca5SiP4O21,121.83,3.63,3.2939
dentin,Sr5Ca5Si(P2O11)2,125.48,3.766,3.4281
dentin,Sr6Ca5SiP4O23,125.12,3.886,3.441
dentin,SrCa5Si2(PO5)4,99.13,3.081,2.5189
dentin,SrCa5Si3(P2O11)2,102.21,3.113,2.6158
dentin,SrCa5Si4(PO6)4,91.38,3.07,2.289
dentin,SrCa5Si5(P2O13)2,104.84,3.041,2.6788
dentin,SrCa5Si6(PO7)4,103.71,2.979,2.6336
dentin,Sr2Ca10Si2P10O41,97.92,3.043,2.4758
dentin,Sr4Ca10Si2P10O43,112.87,3.262,2.9581
dentin,Sr6Ca10Si2(P2O9)5,121.31,3.349,3.2235
dentin,Sr8Ca10Si2P10O47,123.54,3.516,3.3218
dentin,Sr10Ca10Si2P10O49,125.59,3.632,3.4049
dentin,Sr12Ca10Si2P10O51,121.81,3.789,3.3248
dentin,Sr2Ca10Si4(P2O9)5,88.06,3.08,2.1932
dentin,Sr2Ca10Si6P10O49,90.7,3.024,2.2598
dentin,Sr2Ca10Si8P10O53,92.35,2.983,2.3003
dentin,Sr2Ca10Si10P10O57,93.16,2.922,2.312
dentin,Sr2Ca10Si12P10O61,102.29,2.892,2.5747
dentin,SrCa5SiP6O23,95.36,3.001,2.3924
dentin,Sr2Ca5Si(PO4)6,97.17,3.167,2.4783
dentin,Sr3Ca5SiP6O25,110.89,3.249,2.8975
dentin,Sr4Ca5Si(P3O13)2,119.12,3.418,3.1727
dentin,Sr5Ca5Si(P2O9)3,123.9,3.537,3.3367
dentin,Sr6Ca5Si(P3O14)2,126.06,3.654,3.4229
dentin,SrCa5Si2P6O25,86.41,2.965,2.1221
dentin,SrCa5Si3(P2O9)3,89.81,2.951,2.2193
dentin,SrCa5Si4P6O29,92.75,2.917,2.2989
dentin,SrCa5Si5P6O31,93.21,2.889,2.3071
dentin,SrCa5Si6(P2O11)3,93.81,2.865,2.3202
dentin,Sr2Ca12Si2P2O23,120.75,3.363,3.2098
dentin,Sr4Ca12Si2P2O25,136.35,3.622,3.7193
dentin,Sr6Ca12Si2P2O27,139.15,3.83,3.8426
dentin,Sr8Ca12Si2P2O29,138.94,3.983,3.8662
dentin,Sr10Ca12Si2P2O31,158.07,4.068,4.4454
dentin,Sr12Ca12Si2P2O33,156.84,4.167,4.4286
dentin,Sr2Ca12Si4P2O27,118.25,3.269,3.1178
dentin,Sr4Ca12Si4P2O29,124.51,3.513,3.3499
dentin,Sr6Ca12Si4P2O31,133.54,3.686,3.6492
dentin,Sr8Ca12Si4P2O33,134.17,3.857,3.7014
dentin,Sr10Ca12Si4P2O35,150.78,3.998,4.2172
dentin,Sr12Ca12Si4P2O37,152.43,4.113,4.2883
dentin,Sr2Ca12Si6P2O31,116.41,3.233,3.0568
dentin,Sr4Ca12Si6P2O33,121.6,3.386,3.2395
dentin,Sr6Ca12Si6P2O35,124.63,3.589,3.3681
dentin,Sr8Ca12Si6P2O37,134.55,3.751,3.6917
dentin,Sr10Ca12Si6P2O39,135.96,3.879,3.7582
dentin,Sr12Ca12Si6P2O41,143.71,3.995,4.0087
dentin,Sr2Ca12Si8P2O35,108.56,3.149,2.8095
dentin,Sr4Ca12Si8P2O37,115.2,3.337,3.0416
dentin,Sr6Ca12Si8P2O39,122.24,3.464,3.2735
dentin,Sr8Ca12Si8P2O41,127.11,3.629,3.449
dentin,Sr10Ca12Si8P2O43,128.31,3.777,3.5133
dentin,Sr12Ca12Si8P2O45,130.18,3.91,3.5944
dentin,Sr2Ca12Si10P2O39,120.59,3.212,3.1754
dentin,Sr4Ca12Si10P2O41,114.89,3.274,3.0201
dentin,Sr6Ca12Si10P2O43,119.91,3.401,3.1926
dentin,Sr8Ca12Si10P2O45,125.57,3.526,3.3835
dentin,Sr10Ca12Si10P2O47,125.81,3.658,3.4166
dentin,Sr12Ca12Si10P2O49,127.24,3.795,3.4852
dentin,Sr2Ca12Si12P2O43,121.36,3.169,3.1897
dentin,Sr4Ca12Si12P2O45,111.55,3.262,2.9194
dentin,Sr6Ca12Si12P2O47,117.16,3.374,3.1066
dentin,Sr8Ca12Si12P2O49,119.23,3.474,3.187
dentin,Sr10Ca12Si12P2O51,123.92,3.56,3.3416
dentin,Sr12Ca12Si12P2O53,125.35,3.691,3.4095
dentin,SrCa6Si(PO7)2,122.45,3.275,3.2426
dentin,Sr2Ca6SiP2O15,119.11,3.501,3.1887
dentin,Sr3Ca6Si(PO8)2,134.95,3.7,3.6934
dentin,Sr4Ca6SiP2O17,132.87,3.867,3.665
dentin,Sr5Ca6Si(PO9)2,145.8,3.994,4.0701
dentin,Sr6Ca6SiP2O19,150.42,4.109,4.2285
dentin,SrCa6Si2(PO8)2,114.85,3.219,3.0081
dentin,SrCa6Si3(PO9)2,112.39,3.133,2.919
dentin,SrCa6Si4(PO10)2,113.05,3.183,2.9483
dentin,SrCa6Si5(PO11)2,112.18,3.119,2.9101
dentin,SrCa6Si6(PO12)2,116.75,3.161,3.0528
dentin,Sr2Ca12Si2(P2O11)3,113.94,3.221,2.982
dentin,Sr4Ca12Si2P6O35,119.25,3.388,3.1705
dentin,Sr6Ca12Si2P6O37,123.41,3.563,3.3272
dentin,Sr8Ca12Si2(P2O13)3,132.63,3.716,3.6284
dentin,Sr10Ca12Si2P6O41,127.92,3.868,3.5198
dentin,Sr12Ca12Si2P6O43,139.44,3.999,3.8841
dentin,Sr2Ca12Si4P6O37,109.11,3.172,2.83
dentin,Sr2Ca12Si6P6O41,109.0,3.159,2.8245
dentin,Sr2Ca12Si8(P2O15)3,107.49,3.086,2.7658
dentin,Sr2Ca12Si10P6O49,104.46,3.153,2.6897
dentin,Sr2Ca12Si12P6O53,109.72,3.137,2.8414
dentin,SrCa6SiP4O19,109.79,3.149,2.8455
dentin,Sr2Ca6Si(PO5)4,114.6,3.303,3.0171
dentin,Sr3Ca6SiP4O21,117.92,3.469,3.1475
dentin,Sr4Ca6Si(P2O11)2,124.56,3.61,3.3703
dentin,Sr5Ca6SiP4O23,128.69,3.745,3.5183
dentin,Sr6Ca6Si(PO6)4,126.1,3.858,3.4642
dentin,SrCa6Si2P4O21,106.88,3.137,2.7577
dentin,SrCa6Si3P4O23,106.22,3.062,2.7236
dentin,SrCa6Si4P4O25,104.34,3.135,2.6825
dentin,SrCa6Si5P4O27,95.05,3.116,2.4058
dentin,SrCa6Si6P4O29,103.88,3.08,2.6584
dentin,Sr2Ca12Si2P10O43,110.27,3.106,2.8512
dentin,Sr4Ca12Si2(P2O9)5,112.94,3.188,2.9459
dentin,Sr6Ca12Si2P10O47,119.32,3.376,3.1703
dentin,Sr8Ca12Si2P10O49,116.28,3.498,3.1049
dentin,Sr10Ca12Si2P10O51,121.83,3.651,3.2982
dentin,Sr12Ca12Si2P10O53,125.48,3.775,3.4299
dentin,Sr2Ca12Si4P10O47,99.17,3.064,2.5166
dentin,Sr2Ca12Si6P10O51,101.53,3.094,2.592
dentin,Sr2Ca12Si8(P2O11)5,89.7,3.056,2.2366
dentin,Sr2Ca12Si10P10O59,91.85,3.028,2.2944
dentin,Sr2Ca12Si12P10O63,103.9,2.984,2.6401
dentin,SrCa6Si(PO4)6,97.97,3.022,2.4733
dentin,Sr2Ca6SiP6O25,107.75,3.222,2.7999
dentin,Sr3Ca6Si(P3O13)2,113.05,3.276,2.9664
dentin,Sr4Ca6Si(P2O9)3,120.33,3.415,3.2078
dentin,Sr5Ca6Si(P3O14)2,122.86,3.53,3.3047
dentin,Sr6Ca6SiP6O29,124.82,3.657,3.3872
dentin,SrCa6Si2(P3O13)2,88.06,3.053,2.1879
dentin,SrCa6Si3(P3O14)2,89.86,3.01,2.2323
dentin,SrCa6Si4(PO5)6,89.21,2.967,2.2048
dentin,SrCa6Si5(P3O16)2,91.11,2.93,2.2536
dentin,SrCa6Si6(P3O17)2,94.33,2.891,2.3406
dentin,KCaSiPO6,86.35,3.07,2.141
dentin,K4Ca2Si2P2O13,71.83,2.864,1.6735
dentin,K3CaSiPO7,58.18,2.609,1.2223
dentin,K8Ca2Si2P2O15,57.38,2.574,1.1919
dentin,K5CaSiPO8,58.78,2.619,1.2419
dentin,K12Ca2Si2P2O17,61.39,2.609,1.3167
dentin,KCaSi2PO8,97.41,2.967,2.4461
dentin,K4Ca2Si4P2O17,109.49,3.116,2.8304
dentin,K3CaSi2PO9,58.57,2.583,1.2288
dentin,K8Ca2Si4P2O19,54.56,2.573,1.1089
dentin,K5CaSi2PO10,57.08,2.58,1.1842
dentin,K12Ca2Si4P2O21,59.13,2.56,1.2406
dentin,KCaSi3PO10,99.0,2.718,2.4438
dentin,K4Ca2Si6P2O21,114.55,3.061,2.9684
dentin,K3CaSi3PO11,90.5,3.034,2.2559
dentin,K8Ca2Si6P2O23,61.54,2.513,1.3024
dentin,K5CaSi3PO12,53.9,2.553,1.0856
dentin,K12Ca2Si6P2O25,53.92,2.562,1.0879
dentin,KCaSi4PO12,104.71,2.701,2.6084
dentin,K4Ca2Si8P2O25,112.6,2.96,2.8912
dentin,K3CaSi4PO13,155.78,3.119,4.1919
dentin,K8Ca2Si8P2O27,99.26,3.054,2.5173
dentin,K5CaSi4PO14,61.31,2.489,1.2908
dentin,K12Ca2Si8P2O29,59.22,2.536,1.2387
dentin,KCaSi5PO14,102.95,2.662,2.5489
dentin,K4Ca2Si10P2O29,110.29,2.862,2.8041
dentin,K3CaSi5PO15,116.3,3.014,3.0104
dentin,K8Ca2Si10P2O31,158.03,3.158,4.2657
dentin,K5CaSi5PO16,100.19,3.065,2.547
dentin,K12Ca2Si10P2O33,61.31,2.467,1.2866
dentin,KCaSi6PO16,102.33,2.666,2.5316
dentin,K4Ca2Si12P2O33,109.18,2.671,2.7338
dentin,K3CaSi6PO17,111.95,2.952,2.8705
dentin,K8Ca2Si12P2O35,117.04,3.051,3.0394
dentin,K5CaSi6PO18,104.17,3.11,2.6728
dentin,K12Ca2Si12P2O37,103.35,3.083,2.6434
dentin,K2Ca2Si2P4O17,79.52,2.931,1.9129
dentin,K2CaSiP2O9,86.9,3.143,2.1714
dentin,K6Ca2Si2P4O19,68.25,2.868,1.5693
dentin,K4CaSi(PO5)2,51.16,2.575,1.0093
dentin,K10Ca2Si2P4O21,50.88,2.583,1.0027
dentin,K6CaSiP2O11,53.3,2.58,1.0731
dentin,K2Ca2Si4P4O21,77.91,2.709,1.8219
dentin,K2CaSi2P2O11,84.47,3.026,2.0772
dentin,K6Ca2Si4P4O23,87.07,3.168,2.1814
dentin,K4CaSi2(PO6)2,64.4,2.718,1.4267
dentin,K10Ca2Si4P4O25,50.59,2.543,0.9863
dentin,K6CaSi2P2O13,50.26,2.549,0.9779
dentin,K2Ca2Si6P4O25,84.74,2.684,2.0181
dentin,K2CaSi3P2O13,91.77,2.946,2.2761
dentin,K6Ca2Si6P4O27,95.97,3.09,2.4276
dentin,K4CaSi3(PO7)2,88.93,3.149,2.2323
dentin,K10Ca2Si6P4O29,59.6,2.552,1.2529
dentin,K6CaSi3P2O15,53.38,2.524,1.0646
dentin,K2Ca2Si8P4O29,92.62,2.657,2.2443
dentin,K2CaSi4P2O15,96.99,2.868,2.4141
dentin,K6Ca2Si8P4O31,98.53,3.003,2.4858
dentin,K4CaSi4(PO8)2,132.44,3.155,3.5126
dentin,K10Ca2Si8P4O33,98.9,3.14,2.5237
dentin,K6CaSi4P2O17,57.25,2.498,1.1731
dentin,K2Ca2Si10P4O33,97.97,2.636,2.3975
dentin,K2CaSi5P2O17,102.01,2.686,2.526
dentin,K6Ca2Si10P4O35,99.14,2.954,2.4942
dentin,K4CaSi5(PO9)2,106.57,3.062,2.734
dentin,K10Ca2Si10P4O37,121.96,3.167,3.2069
dentin,K6CaSi5P2O19,96.79,3.121,2.4578
dentin,K2Ca2Si12P4O37,98.61,2.634,2.4161
dentin,K2CaSi6P2O19,102.74,2.652,2.5407
dentin,K6Ca2Si12P4O39,103.96,2.889,2.6231
dentin,K4CaSi6(PO10)2,109.14,2.994,2.7962
dentin,K10Ca2Si12P4O41,152.83,3.119,4.105
dentin,K6CaSi6P2O21,123.38,3.156,3.2464
dentin,KCaSiP3O11,76.15,2.687,1.766
dentin,K4Ca2Si2P6O23,73.36,2.977,1.741
dentin,K3CaSi(PO4)3,78.18,3.142,1.9149
dentin,K8Ca2Si2P6O25,67.74,2.977,1.5756
dentin,K5CaSiP3O13,51.31,2.544,1.0077
dentin,K12Ca2Si2(P2O9)3,51.0,2.59,1.0075
dentin,KCaSi2P3O13,75.06,2.669,1.7305
dentin,K4Ca2Si4(P2O9)3,79.12,2.93,1.901
dentin,K3CaSi2P3O14,82.68,3.023,2.0238
dentin,K8Ca2Si4P6O29,80.78,3.156,1.9941
dentin,K5CaSi2(PO5)3,68.27,2.865,1.5692
dentin,K12Ca2Si4P6O31,52.04,2.532,1.0269
dentin,KCaSi3(PO5)3,73.3,2.655,1.676
dentin,K4Ca2Si6P6O31,79.77,2.866,1.9075
dentin,K3CaSi3P3O16,81.14,2.978,1.9699
dentin,K8Ca2Si6(P2O11)3,93.52,3.104,2.3583
dentin,K5CaSi3P3O17,86.32,3.174,2.1604
dentin,K12Ca2Si6P6O35,64.29,2.705,1.421
dentin,KCaSi4P3O17,79.97,2.632,1.8676
dentin,K4Ca2Si8P6O35,85.41,2.682,2.0373
dentin,K3CaSi4(PO6)3,88.51,2.941,2.1794
dentin,K8Ca2Si8P6O37,91.62,3.041,2.2903
dentin,K5CaSi4P3O19,110.22,3.17,2.8623
dentin,K12Ca2Si8(P2O13)3,89.61,3.154,2.2533
dentin,KCaSi5P3O19,84.86,2.607,2.0063
dentin,K4Ca2Si10(P2O13)3,82.55,2.656,1.9481
dentin,K3CaSi5P3O20,88.49,2.887,2.1679
dentin,K8Ca2Si10P6O41,92.43,2.969,2.2998
dentin,K5CaSi5(PO7)3,106.57,3.08,2.7376
dentin,K12Ca2Si10P6O43,111.18,3.169,2.8905
dentin,KCaSi6(PO7)3,97.33,2.589,2.3696
dentin,K4Ca2Si12P6O43,89.69,2.651,2.1571
dentin,K3CaSi6P3O22,99.46,2.843,2.4818
dentin,K8Ca2Si12(P2O15)3,89.56,2.932,2.2083
dentin,K5CaSi6P3O23,101.06,3.022,2.564
dentin,K12Ca2Si12P6O47,131.41,3.131,3.4777
dentin,K2Ca2Si2P8O27,74.26,2.652,1.7034
dentin,K2CaSi(P2O7)2,74.31,2.916,1.7567
dentin,K6Ca2Si2P8O29,74.75,3.013,1.7887
dentin,K4CaSiP4O15,74.14,3.127,1.7931
dentin,K10Ca2Si2P8O31,66.77,3.061,1.5635
dentin,K6CaSi(PO4)4,49.99,2.485,0.9571
dentin,K2Ca2Si4P8O31,71.77,2.643,1.6287
dentin,K2CaSi2(PO4)4,69.37,2.864,1.6012
dentin,K6Ca2Si4P8O33,74.8,2.964,1.7806
dentin,K4CaSi2P4O17,81.92,3.068,2.0104
dentin,K10Ca2Si4P8O35,79.06,3.163,1.9451
dentin,K6CaSi2(P2O9)2,66.53,2.882,1.5213
dentin,K2Ca2Si6P8O35,74.14,2.632,1.696
dentin,K2CaSi3(P2O9)2,74.66,2.676,1.7199
dentin,K6Ca2Si6P8O37,78.06,2.926,1.8691
dentin,K4CaSi3P4O19,83.34,3.005,2.0399
dentin,K10Ca2Si6P8O39,85.55,3.106,2.1244
dentin,K6CaSi3(PO5)4,80.78,3.171,1.997
dentin,K2Ca2Si8P8O39,78.65,2.62,1.8263
dentin,K2CaSi4(PO5)4,71.48,2.653,1.6219
dentin,K6Ca2Si8P8O41,79.81,2.875,1.9105
dentin,K4CaSi4P4O21,80.03,2.958,1.9334
dentin,K10Ca2Si8P8O43,89.78,3.06,2.2399
dentin,K6CaSi4(P2O11)2,104.19,3.148,2.6808
dentin,K2Ca2Si10P8O43,80.63,2.598,1.8802
dentin,K2CaSi5(P2O11)2,78.26,2.649,1.8205
dentin,K6Ca2Si10P8O45,81.83,2.846,1.964
dentin,K4CaSi5P4O23,80.53,2.93,1.9425
dentin,K10Ca2Si10P8O47,83.4,2.989,2.0383
dentin,K6CaSi5(PO6)4,93.75,3.092,2.363
dentin,K2Ca2Si12P8O47,80.63,2.596,1.8799
dentin,K2CaSi6(PO6)4,78.04,2.639,1.8121
dentin,K6Ca2Si12P8O49,83.38,2.674,1.9759
dentin,K4CaSi6P4O25,87.37,2.888,2.1353
dentin,K10Ca2Si12P8O51,90.7,2.953,2.2461
dentin,K6CaSi6(P2O13)2,98.06,3.046,2.4805
dentin,KCaSiP5O16,71.45,2.644,1.6196
dentin,K4Ca2Si2P10O33,78.5,2.764,1.8504
dentin,K3CaSiP5O17,71.04,2.956,1.6684
dentin,K8Ca2Si2(P2O7)5,70.4,3.033,1.6647
dentin,K5CaSiP5O18,68.46,3.123,1.6253
dentin,K12Ca2Si2P10O37,62.63,3.057,1.441
dentin,KCaSi2P5O18,76.17,2.616,1.7525
dentin,K4Ca2Si4P10O37,74.87,2.656,1.7221
dentin,K3CaSi2P5O19,69.39,2.915,1.612
dentin,K8Ca2Si4P10O39,77.42,2.991,1.8631
dentin,K5CaSi2(PO4)5,85.61,3.088,2.1228
dentin,K12Ca2Si4P10O41,77.22,3.149,1.8881
dentin,KCaSi3(PO4)5,76.97,2.598,1.7726
dentin,K4Ca2Si6P10O41,75.36,2.638,1.7332
dentin,K3CaSi3P5O21,69.8,2.871,1.6153
dentin,K8Ca2Si6P10O43,71.62,2.951,1.6847
dentin,K5CaSi3P5O22,80.73,3.032,1.9682
dentin,K12Ca2Si6(P2O9)5,77.03,3.092,1.8714
dentin,KCaSi4P5O22,82.6,2.594,1.9374
dentin,K4Ca2Si8(P2O9)5,73.08,2.647,1.6678
dentin,K3CaSi4P5O23,73.86,2.847,1.73
dentin,K8Ca2Si8P10O47,76.7,2.929,1.8297
dentin,K5CaSi4P5O24,80.85,2.979,1.9613
dentin,K12Ca2Si8P10O49,85.73,3.073,2.1235
dentin,KCaSi5P5O24,81.39,2.613,1.9056
dentin,K4Ca2Si10P10O49,76.18,2.626,1.7549
dentin,K3CaSi5(PO5)5,73.38,2.678,1.683
dentin,K8Ca2Si10P10O51,76.42,2.88,1.8118
dentin,K5CaSi5P5O26,81.39,2.95,1.9716
dentin,K12Ca2Si10P10O53,84.25,3.011,2.0676
dentin,KCaSi6P5O26,81.01,2.582,1.8882
dentin,K4Ca2Si12P10O53,79.72,2.632,1.8603
dentin,K3CaSi6P5O27,79.17,2.647,1.847
dentin,K8Ca2Si12(P2O11)5,78.55,2.851,1.8688
dentin,K5CaSi6P5O28,78.07,2.925,1.8692
dentin,K12Ca2Si12P10O57,81.46,2.975,1.9785
dentin,K2Ca2Si2P12O37,75.36,2.617,1.7289
dentin,K2CaSiP6O19,73.69,2.656,1.6876
dentin,K6Ca2Si2(P4O13)3,67.07,2.912,1.5432
dentin,K4CaSi(P3O10)2,68.43,2.97,1.5945
dentin,K10Ca2Si2P12O41,67.12,3.052,1.5721
dentin,K6CaSi(P2O7)3,67.33,3.13,1.5936
dentin,K2Ca2Si4P12O41,76.37,2.61,1.7573
dentin,K2CaSi2(P2O7)3,74.31,2.638,1.7024
dentin,K6Ca2Si4P12O43,75.93,2.865,1.7945
dentin,K4CaSi2(P3O11)2,69.37,2.947,1.6177
dentin,K10Ca2Si4(P4O15)3,76.22,3.008,1.8311
dentin,K6CaSi2P6O23,74.87,3.104,1.81
dentin,K2Ca2Si6(P4O15)3,79.92,2.599,1.8595
dentin,K2CaSi3P6O23,74.0,2.643,1.6939
dentin,K6Ca2Si6P12O47,76.13,2.736,1.7751
dentin,K4CaSi3(PO4)6,70.62,2.915,1.6482
dentin,K10Ca2Si6P12O49,72.93,2.973,1.7275
dentin,K6CaSi3P6O25,80.95,3.033,1.9749
dentin,K2Ca2Si8P12O49,80.64,2.597,1.8802
dentin,K2CaSi4P6O25,71.47,2.63,1.6172
dentin,K6Ca2Si8(P4O17)3,67.85,2.665,1.5177
dentin,K4CaSi4(P3O13)2,69.31,2.883,1.6034
dentin,K10Ca2Si8P12O53,71.39,2.942,1.676
dentin,K6CaSi4(P2O9)3,80.58,3.003,1.9582
dentin,K2Ca2Si10P12O53,82.6,2.6,1.9385
dentin,K2CaSi5(P2O9)3,73.2,2.624,1.6668
dentin,K6Ca2Si10P12O55,73.62,2.643,1.683
dentin,K4CaSi5(P3O14)2,74.96,2.853,1.7635
dentin,K10Ca2Si10(P4O19)3,74.09,2.92,1.7511
dentin,K6CaSi5P6O29,78.73,2.966,1.8964
dentin,K2Ca2Si12(P4O19)3,82.6,2.576,1.9339
dentin,K2CaSi6P6O29,77.74,2.625,1.8005
dentin,K6Ca2Si12P12O59,77.51,2.633,1.7953
dentin,K4CaSi6(PO5)6,73.83,2.733,1.7068
dentin,K10Ca2Si12P12O61,74.75,2.895,1.7655
dentin,K6CaSi6P6O31,78.68,2.942,1.8904
dentin,KCa2SiPO7,95.6,3.008,2.4007
dentin,K4Ca4Si2P2O15,99.07,3.032,2.5074
dentin,K3Ca2SiPO8,65.53,2.637,1.444
dentin,K8Ca4Si2P2O17,61.52,2.638,1.3262
dentin,K5Ca2SiPO9,63.68,2.635,1.3891
dentin,K12Ca4Si2P2O19,64.97,2.617,1.4235
dentin,KCa2Si2PO9,98.36,3.042,2.4886
dentin,K4Ca4Si4P2O19,91.47,3.003,2.2786
dentin,K3Ca2Si2PO10,85.68,2.891,2.0862
dentin,K8Ca4Si4P2O21,63.93,2.595,1.3886
dentin,K5Ca2Si2PO11,66.0,2.609,1.4523
dentin,K12Ca4Si4P2O23,66.32,2.596,1.459
dentin,KCa2Si3PO11,102.14,2.909,2.5737
dentin,K4Ca4Si6P2O23,97.49,3.044,2.4634
dentin,K3Ca2Si3PO12,86.95,2.988,2.1425
dentin,K8Ca4Si6P2O25,65.55,2.634,1.444
dentin,K5Ca2Si3PO13,59.58,2.572,1.2562
dentin,K12Ca4Si6P2O27,63.49,2.598,1.3763
dentin,KCa2Si4PO13,100.16,2.805,2.4951
dentin,K4Ca4Si8P2O27,113.05,2.984,2.9093
dentin,K3Ca2Si4PO14,109.89,3.036,2.8262
dentin,K8Ca4Si8P2O29,85.38,3.003,2.0994
dentin,K5Ca2Si4PO15,65.93,2.612,1.4508
dentin,K12Ca4Si8P2O31,59.41,2.556,1.2482
dentin,KCa2Si5PO15,101.7,2.76,2.5315
dentin,K4Ca4Si10P2O31,112.71,2.973,2.897
dentin,K3Ca2Si5PO16,107.54,3.033,2.7567
dentin,K8Ca4Si10P2O33,114.21,3.043,2.9548
dentin,K5Ca2Si5PO17,88.3,3.036,2.1917
dentin,K12Ca4Si10P2O35,60.86,2.556,1.2907
dentin,KCa2Si6PO17,106.8,2.71,2.6716
dentin,K4Ca4Si12P2O35,109.96,2.888,2.7993
dentin,K3Ca2Si6PO18,113.62,2.979,2.9248
dentin,K8Ca4Si12P2O37,112.12,3.073,2.8992
dentin,K5Ca2Si6PO19,103.82,3.036,2.648
dentin,K12Ca4Si12P2O39,96.38,3.056,2.433
dentin,K2Ca4Si2P4O19,88.6,3.061,2.2055
dentin,K2Ca2Si(PO5)2,77.67,3.017,1.8753
dentin,K6Ca4Si2P4O21,79.39,3.042,1.9308
dentin,K4Ca2SiP2O11,56.41,2.598,1.1681
dentin,K10Ca4Si2P4O23,56.28,2.618,1.1684
dentin,K6Ca2Si(PO6)2,57.82,2.611,1.212
dentin,K2Ca4Si4P4O23,77.06,2.865,1.8276
dentin,K2Ca4Si6P4O27,86.3,2.766,2.0797
dentin,K2Ca4Si8P4O31,95.98,2.736,2.3585
dentin,K2Ca4Si10P4O35,97.51,2.713,2.3992
dentin,K2Ca4Si12P4O39,96.51,2.704,2.3678
dentin,KCa2Si(PO4)3,74.62,2.833,1.7496
dentin,K4Ca4Si2P6O25,81.13,3.07,1.9876
dentin,K3Ca2SiP3O13,77.4,3.12,1.8877
dentin,K8Ca4Si2(P2O9)3,68.95,3.017,1.619
dentin,K5Ca2SiP3O14,50.66,2.583,0.9962
dentin,K12Ca4Si2P6O29,50.52,2.588,0.9932
dentin,KCa2Si2P3O14,79.86,2.748,1.8869
dentin,KCa2Si3P3O16,79.03,2.717,1.8564
dentin,KCa2Si4(PO6)3,84.98,2.705,2.0291
dentin,KCa2Si5P3O20,84.6,2.684,2.014
dentin,KCa2Si6P3O22,94.58,2.667,2.3037
dentin,K2Ca4Si2P8O29,77.64,2.741,1.8203
dentin,K2Ca2SiP4O15,73.22,2.978,1.7368
dentin,K6Ca4Si2P8O31,82.56,3.095,2.0344
dentin,K4Ca2Si(PO4)4,76.79,3.128,1.8714
dentin,K10Ca4Si2P8O33,69.87,3.113,1.6651
dentin,K6Ca2SiP4O17,49.68,2.546,0.9601
dentin,K2Ca4Si4P8O33,80.0,2.705,1.8826
dentin,K2Ca4Si6P8O37,77.05,2.677,1.7905
dentin,K2Ca4Si8P8O41,77.19,2.683,1.7958
dentin,K2Ca4Si10P8O45,79.37,2.675,1.8583
dentin,K2Ca4Si12P8O49,81.53,2.641,1.9152
dentin,KCa2SiP5O17,79.05,2.687,1.8513
dentin,K4Ca4Si2(P2O7)5,78.85,2.924,1.8918
dentin,K3Ca2SiP5O18,69.23,2.997,1.6234
dentin,K8Ca4Si2P10O37,86.38,3.12,2.1516
dentin,K5Ca2SiP5O19,75.51,3.141,1.8362
dentin,K12Ca4Si2P10O39,69.86,3.111,1.6641
dentin,KCa2Si2P5O19,77.37,2.674,1.7991
dentin,KCa2Si3P5O21,78.87,2.671,1.8427
dentin,KCa2Si4P5O23,73.17,2.659,1.673
dentin,KCa2Si5(PO5)5,74.34,2.636,1.7028
dentin,KCa2Si6P5O27,82.31,2.62,1.9338
dentin,K2Ca4Si2(P4O13)3,76.5,2.666,1.7721
dentin,K2Ca2Si(P3O10)2,73.86,2.739,1.7088
dentin,K6Ca4Si2P12O41,74.09,2.955,1.758
dentin,K4Ca2Si(P2O7)3,66.62,3.013,1.5498
dentin,K10Ca4Si2P12O43,84.92,3.117,2.1082
dentin,K6Ca2Si(P3O11)2,75.99,3.134,1.849
dentin,K2Ca4Si4P12O43,72.03,2.653,1.6381
dentin,K2Ca4Si6P12O47,73.63,2.641,1.6827
dentin,K2Ca4Si8(P4O17)3,79.34,2.634,1.8494
dentin,K2Ca4Si10P12O55,81.03,2.623,1.897
dentin,K2Ca4Si12P12O59,78.84,2.627,1.8335
dentin,KCa3SiPO8,105.12,3.047,2.6885
dentin,K4Ca6Si2P2O17,98.99,3.028,2.5045
dentin,K3Ca3SiPO9,65.02,2.662,1.4338
dentin,K8Ca6Si2P2O19,61.48,2.66,1.3294
dentin,K5Ca3SiPO10,65.26,2.667,1.4418
dentin,K12Ca6Si2P2O21,64.16,2.634,1.4031
dentin,KCa3Si2PO10,98.38,2.999,2.4809
dentin,K4Ca6Si4P2O21,105.62,3.03,2.6998
dentin,K3Ca3Si2PO11,84.78,2.896,2.0609
dentin,K8Ca6Si4P2O23,65.91,2.613,1.4502
dentin,K5Ca3Si2PO12,67.1,2.635,1.4897
dentin,K12Ca6Si4P2O25,64.31,2.635,1.4078
dentin,KCa3Si3PO12,100.91,3.039,2.5628
dentin,K4Ca6Si6P2O25,94.73,2.992,2.372
dentin,K3Ca3Si3PO13,98.21,3.007,2.4773
dentin,K8Ca6Si6P2O27,72.79,2.852,1.6996
dentin,K5Ca3Si3PO14,65.7,2.599,1.4415
dentin,K12Ca6Si6P2O29,64.75,2.618,1.4173
dentin,KCa3Si4PO14,102.42,2.874,2.5749
dentin,K4Ca6Si8P2O29,104.93,3.039,2.6812
dentin,K3Ca3Si4PO15,91.59,3.006,2.2826
dentin,K8Ca6Si8P2O31,98.87,3.008,2.4969
dentin,K5Ca3Si4PO16,69.01,2.649,1.5488
dentin,K12Ca6Si8P2O33,65.65,2.584,1.4371
dentin,KCa3Si5PO16,99.77,2.852,2.4928
dentin,K4Ca6Si10P2O33,114.17,2.987,2.9426
dentin,K3Ca3Si5PO17,109.32,3.029,2.8084
dentin,K8Ca6Si10P2O35,101.47,3.002,2.5722
dentin,K5Ca3Si5PO18,85.25,3.029,2.1007
dentin,K12Ca6Si10P2O37,64.53,2.631,1.4134
dentin,KCa3Si6PO18,108.21,2.871,2.7445
dentin,K4Ca6Si12P2O37,110.6,2.922,2.825
dentin,K3Ca3Si6PO19,107.54,3.03,2.7561
dentin,K8Ca6Si12P2O39,113.62,3.038,2.9364
dentin,K5Ca3Si6PO20,96.38,2.991,2.4205
dentin,K12Ca6Si12P2O41,85.28,3.033,2.1023
dentin,K2Ca6Si2P4O21,92.89,3.018,2.323
dentin,K2Ca3SiP2O11,102.95,3.032,2.6217
dentin,K6Ca6Si2P4O23,98.01,3.036,2.4771
dentin,K4Ca3Si(PO6)2,64.38,2.621,1.4069
dentin,K10Ca6Si2P4O25,62.24,2.647,1.3493
dentin,K6Ca3SiP2O13,61.32,2.633,1.3194
dentin,K2Ca6Si4P4O25,90.66,2.974,2.2488
dentin,K2Ca6Si6P4O29,86.61,2.891,2.1136
dentin,K2Ca6Si8P4O33,86.84,2.824,2.1072
dentin,K2Ca6Si10P4O37,100.05,2.805,2.4917
dentin,K2Ca6Si12P4O41,101.92,2.759,2.5377
dentin,KCa3SiP3O13,82.47,3.013,2.0157
dentin,K4Ca6Si2(P2O9)3,73.52,3.026,1.755
dentin,K3Ca3SiP3O14,85.08,3.038,2.0974
dentin,K8Ca6Si2P6O29,79.13,3.077,1.9302
dentin,K5Ca3Si(PO5)3,55.64,2.579,1.1419
dentin,K12Ca6Si2P6O31,55.47,2.614,1.1438
dentin,KCa3Si2(PO5)3,76.69,2.833,1.8105
dentin,KCa3Si3P3O17,77.89,2.785,1.8364
dentin,KCa3Si4P3O19,88.25,2.768,2.1375
dentin,KCa3Si5(PO7)3,87.09,2.73,2.096
dentin,KCa3Si6P3O23,93.43,2.722,2.2809
dentin,K2Ca6Si2P8O31,74.54,2.811,1.7429
dentin,K2Ca3Si(PO4)4,79.84,3.056,1.9468
dentin,K6Ca6Si2P8O33,80.97,3.121,1.9929
dentin,K4Ca3SiP4O17,67.38,3.056,1.5806
dentin,K10Ca6Si2P8O35,69.24,3.037,1.6316
dentin,K6Ca3Si(P2O9)2,51.2,2.58,1.0116
dentin,K2Ca6Si4P8O35,77.93,2.769,1.8342
dentin,K2Ca6Si6P8O39,77.91,2.757,1.8314
dentin,K2Ca6Si8P8O43,78.08,2.723,1.8299
dentin,K2Ca6Si10P8O47,84.49,2.72,2.0178
dentin,K2Ca6Si12P8O51,86.76,2.689,2.0781
dentin,KCa3SiP5O18,76.95,2.766,1.805
dentin,K4Ca6Si2P10O37,75.77,2.98,1.8122
dentin,K3Ca3SiP5O19,80.17,3.07,1.9591
dentin,K8Ca6Si2P10O39,83.47,3.139,2.07
dentin,K5Ca3Si(PO4)5,70.65,3.094,1.6842
dentin,K12Ca6Si2P10O41,67.49,3.085,1.5893
dentin,KCa3Si2(PO4)5,83.54,2.745,1.9946
dentin,KCa3Si3P5O22,78.55,2.703,1.8396
dentin,KCa3Si4P5O24,75.43,2.703,1.748
dentin,KCa3Si5P5O26,79.25,2.69,1.8577
dentin,KCa3Si6P5O28,84.62,2.683,2.0143
dentin,K2Ca6Si2P12O41,77.55,2.72,1.8136
dentin,K2Ca3Si(P2O7)3,76.08,2.931,1.8119
dentin,K6Ca6Si2P12O43,73.55,2.993,1.7496
dentin,K4Ca3Si(P3O11)2,80.66,3.068,1.9733
dentin,K10Ca6Si2(P4O15)3,82.49,3.133,2.0397
dentin,K6Ca3SiP6O23,71.44,3.13,1.7143
dentin,K2Ca6Si4(P4O15)3,75.99,2.696,1.763
dentin,K2Ca6Si6P12O49,80.83,2.68,1.9024
dentin,K2Ca6Si8P12O53,79.64,2.675,1.8663
dentin,K2Ca6Si10(P4O19)3,77.51,2.672,1.8029
dentin,K2Ca6Si12P12O61,74.13,2.652,1.6997
dentin,KCa4SiPO9,107.56,3.006,2.7519
dentin,K4Ca8Si2P2O19,100.84,3.058,2.5646
dentin,K3Ca4SiPO10,65.67,2.736,1.4674
dentin,K8Ca8Si2P2O21,61.66,2.671,1.3367
dentin,K5Ca4SiPO11,64.9,2.695,1.4366
dentin,K12Ca8Si2P2O23,62.8,2.651,1.3664
dentin,KCa4Si2PO11,100.15,3.005,2.5338
dentin,K4Ca8Si4P2O23,105.04,3.056,2.6877
dentin,K3Ca4Si2PO12,99.58,3.013,2.5186
dentin,K8Ca8Si4P2O25,66.25,2.685,1.4747
dentin,K5Ca4Si2PO13,66.42,2.658,1.4743
dentin,K12Ca8Si4P2O27,64.55,2.652,1.4179
dentin,KCa4Si3PO13,99.66,3.02,2.5225
dentin,K4Ca8Si6P2O27,97.01,2.992,2.4391
dentin,K3Ca4Si3PO14,99.63,3.05,2.5276
dentin,K8Ca8Si6P2O29,85.8,2.907,2.0928
dentin,K5Ca4Si3PO15,65.7,2.616,1.4449
dentin,K12Ca8Si6P2O31,64.75,2.63,1.4196
dentin,KCa4Si4PO15,108.01,3.032,2.7703
dentin,K4Ca8Si8P2O31,96.67,2.988,2.4283
dentin,K3Ca4Si4PO16,100.09,3.004,2.532
dentin,K8Ca8Si8P2O33,99.49,3.042,2.5217
dentin,K5Ca4Si4PO17,71.98,2.793,1.6642
dentin,K12Ca8Si8P2O35,65.7,2.589,1.4395
dentin,KCa4Si5PO17,113.47,2.965,2.9175
dentin,K4Ca8Si10P2O35,108.5,3.049,2.7881
dentin,K3Ca4Si5PO18,95.68,3.012,2.404
dentin,K8Ca8Si10P2O37,99.71,3.014,2.5228
dentin,K5Ca4Si5PO19,100.29,3.04,2.545
dentin,K12Ca8Si10P2O39,72.21,2.651,1.6432
dentin,KCa4Si6PO19,100.21,2.862,2.5078
dentin,K4Ca8Si12P2O39,114.88,3.003,2.9665
dentin,K3Ca4Si6PO20,103.82,3.043,2.6491
dentin,K8Ca8Si12P2O41,101.22,3.021,2.5685
dentin,K5Ca4Si6PO21,86.41,3.026,2.1342
dentin,K12Ca8Si12P2O43,95.62,3.053,2.4102
dentin,K2Ca8Si2P4O23,95.05,3.031,2.3892
dentin,K2Ca4Si(PO6)2,106.13,3.015,2.7115
dentin,K6Ca8Si2P4O25,99.5,3.036,2.521
dentin,K4Ca4SiP2O13,65.65,2.668,1.4534
dentin,K10Ca8Si2P4O27,64.1,2.662,1.4067
dentin,K6Ca4Si(PO7)2,61.36,2.65,1.3239
dentin,K2Ca8Si4P4O27,102.5,3.039,2.6097
dentin,K2Ca8Si6P4O31,95.05,2.991,2.3813
dentin,K2Ca8Si8P4O35,88.24,2.907,2.1644
dentin,K2Ca8Si10P4O39,94.5,2.85,2.3375
dentin,K2Ca8Si12P4O43,105.51,2.893,2.6696
dentin,KCa4SiP3O14,89.51,2.998,2.2198
dentin,K4Ca8Si2P6O29,93.84,3.029,2.3531
dentin,K3Ca4Si(PO5)3,98.26,3.032,2.4837
dentin,K8Ca8Si2P6O31,93.47,3.041,2.3446
dentin,K5Ca4SiP3O16,61.43,2.66,1.3279
dentin,K12Ca8Si2(P2O11)3,60.34,2.627,1.2893
dentin,KCa4Si2P3O16,86.94,2.959,2.1365
dentin,KCa4Si3(PO6)3,77.23,2.891,1.8377
dentin,KCa4Si4P3O20,86.48,2.831,2.0979
dentin,KCa4Si5P3O22,86.66,2.812,2.0994
dentin,KCa4Si6(PO8)3,98.18,2.781,2.4321
dentin,K2Ca8Si2P8O33,78.68,2.928,1.8875
dentin,K2Ca4SiP4O17,81.16,3.059,1.9863
dentin,K6Ca8Si2P8O35,84.99,3.02,2.0911
dentin,K4Ca4Si(P2O9)2,79.91,3.033,1.9444
dentin,K10Ca8Si2P8O37,76.94,3.085,1.8673
dentin,K6Ca4SiP4O19,55.7,2.62,1.1515
dentin,K2Ca8Si4P8O37,77.18,2.845,1.8275
dentin,K2Ca8Si6P8O41,77.87,2.797,1.8381
dentin,K2Ca8Si8P8O45,82.5,2.793,1.9735
dentin,K2Ca8Si10P8O49,88.41,2.761,2.141
dentin,K2Ca8Si12P8O53,87.74,2.732,2.1156
dentin,KCa4SiP5O19,74.54,2.818,1.7443
dentin,K4Ca8Si2P10O39,82.43,3.045,2.0209
dentin,K3Ca4Si(PO4)5,77.86,3.091,1.8955
dentin,K8Ca8Si2P10O41,78.06,3.087,1.9005
dentin,K5Ca4SiP5O21,67.63,3.029,1.5824
dentin,K12Ca8Si2P10O43,69.11,3.053,1.6308
dentin,KCa4Si2P5O21,78.38,2.776,1.849
dentin,KCa4Si3P5O23,78.44,2.777,1.851
dentin,KCa4Si4(PO5)5,79.4,2.75,1.8739
dentin,KCa4Si5P5O27,79.23,2.737,1.8662
dentin,KCa4Si6P5O29,85.38,2.723,2.0445
dentin,K2Ca8Si2P12O43,75.63,2.783,1.7694
dentin,K2Ca4Si(P3O11)2,77.41,2.967,1.858
dentin,K6Ca8Si2(P4O15)3,80.17,3.051,1.9554
dentin,K4Ca4SiP6O23,80.7,3.106,1.9819
dentin,K10Ca8Si2P12O47,82.53,3.132,2.0408
dentin,K6Ca4Si(PO4)6,67.74,3.076,1.5949
dentin,K2Ca8Si4P12O47,82.69,2.765,1.9735
dentin,K2Ca8Si6(P4O17)3,78.94,2.74,1.8582
dentin,K2Ca8Si8P12O55,78.55,2.707,1.8404
dentin,K2Ca8Si10P12O59,76.87,2.706,1.7908
dentin,K2Ca8Si12(P4O21)3,78.02,2.698,1.823
dentin,KCa5SiPO10,105.4,3.029,2.693
dentin,K4Ca10Si2P2O21,99.03,3.089,2.5175
dentin,K3Ca5SiPO11,67.5,2.742,1.5223
dentin,K8Ca10Si2P2O23,61.05,2.69,1.3227
dentin,K5Ca5SiPO12,66.22,2.707,1.4779
dentin,K12Ca10Si2P2O25,64.9,2.675,1.433
dentin,KCa5Si2PO12,98.72,3.049,2.5006
dentin,K4Ca10Si4P2O25,106.13,3.002,2.7094
dentin,K3Ca5Si2PO13,101.65,3.057,2.5883
dentin,K8Ca10Si4P2O27,65.31,2.698,1.4494
dentin,K5Ca5Si2PO14,64.57,2.662,1.4204
dentin,K12Ca10Si4P2O29,60.86,2.666,1.3124
dentin,KCa5Si3PO14,97.05,2.988,2.4394
dentin,K4Ca10Si6P2O29,102.31,3.048,2.6061
dentin,K3Ca5Si3PO15,106.93,3.05,2.7422
dentin,K8Ca10Si6P2O31,75.93,2.897,1.8007
dentin,K5Ca5Si3PO16,66.25,2.672,1.4722
dentin,K12Ca10Si6P2O33,65.75,2.639,1.4507
dentin,KCa5Si4PO16,101.18,3.009,2.5653
dentin,K4Ca10Si8P2O33,94.28,2.986,2.3578
dentin,K3Ca5Si4PO17,104.94,3.033,2.6803
dentin,K8Ca10Si8P2O35,101.44,3.062,2.583
dentin,K5Ca5Si4PO18,85.02,2.899,2.0685
dentin,K12Ca10Si8P2O37,66.73,2.645,1.4808
dentin,KCa5Si5PO18,110.74,3.007,2.8457
dentin,K4Ca10Si10P2O37,98.58,2.994,2.4855
dentin,K3Ca5Si5PO19,97.8,2.99,2.4618
dentin,K8Ca10Si10P2O39,105.26,3.033,2.6898
dentin,K5Ca5Si5PO20,99.82,3.054,2.5338
dentin,K12Ca10Si10P2O41,72.82,2.785,1.6873
dentin,KCa5Si6PO20,109.35,2.981,2.7997
dentin,K4Ca10Si12P2O41,110.16,3.05,2.8371
dentin,K3Ca5Si6PO21,93.88,2.99,2.3466
dentin,K8Ca10Si12P2O43,101.4,3.004,2.5706
dentin,K5Ca5Si6PO22,99.18,3.025,2.5094
dentin,K12Ca10Si12P2O45,100.59,3.043,2.5544
dentin,K2Ca10Si2P4O25,99.28,3.012,2.5098
dentin,K2Ca5SiP2O13,106.86,3.02,2.7343
dentin,K6Ca10Si2P4O27,100.68,3.043,2.5572
dentin,K4Ca5Si(PO7)2,64.94,2.696,1.4383
dentin,K10Ca10Si2P4O29,64.98,2.666,1.4334
dentin,K6Ca5SiP2O15,61.2,2.664,1.322
dentin,K2Ca10Si4P4O29,97.36,3.04,2.4588
dentin,K2Ca10Si6P4O33,105.58,3.035,2.6996
dentin,K2Ca10Si8P4O37,98.78,2.971,2.487
dentin,K2Ca10Si10P4O41,89.87,2.921,2.2152
dentin,K2Ca10Si12P4O45,97.87,2.876,2.4414
dentin,KCa5Si(PO5)3,96.3,3.042,2.4281
dentin,K4Ca10Si2P6O31,93.68,3.023,2.3471
dentin,K3Ca5SiP3O16,105.02,3.017,2.6796
dentin,K8Ca10Si2(P2O11)3,98.16,3.032,2.4808
dentin,K5Ca5SiP3O17,66.05,2.665,1.4647
dentin,K12Ca10Si2P6O35,64.63,2.645,1.419
dentin,KCa5Si2P3O17,97.33,3.004,2.4508
dentin,KCa5Si3P3O19,86.13,2.935,2.108
dentin,KCa5Si4(PO7)3,79.04,2.91,1.8947
dentin,KCa5Si5P3O23,85.68,2.862,2.0805
dentin,KCa5Si6P3O25,93.52,2.907,2.3198
dentin,K2Ca10Si2P8O35,89.79,2.971,2.2227
dentin,K2Ca5Si(P2O9)2,84.47,3.025,2.077
dentin,K6Ca10Si2P8O37,94.33,3.033,2.3685
dentin,K4Ca5SiP4O19,99.1,3.04,2.5099
dentin,K10Ca10Si2P8O39,90.35,3.039,2.2526
dentin,K6Ca5Si(PO5)4,60.98,2.651,1.313
dentin,K2Ca10Si4P8O39,87.42,2.949,2.1487
dentin,K2Ca10Si6P8O43,78.7,2.89,1.8807
dentin,K2Ca10Si8P8O47,78.88,2.841,1.8763
dentin,K2Ca10Si10P8O51,86.12,2.841,2.0894
dentin,K2Ca10Si12P8O55,88.05,2.795,2.1372
dentin,KCa5Si(PO4)5,79.21,2.924,1.9024
dentin,K4Ca10Si2P10O41,82.56,3.029,2.0214
dentin,K3Ca5SiP5O21,82.61,3.018,2.0208
dentin,K8Ca10Si2P10O43,84.08,3.039,2.0684
dentin,K5Ca5SiP5O22,78.93,3.023,1.9138
dentin,K12Ca10Si2(P2O9)5,78.28,3.085,1.9068
dentin,KCa5Si2P5O22,77.29,2.85,1.8317
dentin,KCa5Si3P5O24,78.96,2.802,1.8712
dentin,KCa5Si4P5O26,79.67,2.804,1.8925
dentin,KCa5Si5P5O28,82.8,2.779,1.9795
dentin,KCa5Si6(PO6)5,87.91,2.753,2.1245
dentin,K2Ca10Si2(P4O15)3,75.82,2.823,1.783
dentin,K2Ca5SiP6O23,79.84,3.016,1.9391
dentin,K6Ca10Si2P12O47,77.86,3.073,1.892
dentin,K4Ca5Si(PO4)6,77.84,3.077,1.8923
dentin,K10Ca10Si2P12O49,72.2,3.033,1.7176
dentin,K6Ca5SiP6O25,69.54,3.026,1.6381
dentin,K2Ca10Si4P12O49,78.42,2.796,1.8543
dentin,K2Ca10Si6P12O53,80.41,2.796,1.9126
dentin,K2Ca10Si8(P4O19)3,79.74,2.765,1.8869
dentin,K2Ca10Si10P12O61,78.93,2.752,1.8603
dentin,K2Ca10Si12P12O65,78.95,2.739,1.8584
dentin,KCa6SiPO11,105.79,3.067,2.7119
dentin,K4Ca12Si2P2O23,98.77,3.105,2.513
dentin,K3Ca6SiPO12,67.28,2.725,1.5126
dentin,K8Ca12Si2P2O25,65.54,2.711,1.4587
dentin,K5Ca6SiPO13,66.15,2.715,1.4774
dentin,K12Ca12Si2P2O27,64.9,2.691,1.436
dentin,KCa6Si2PO13,100.26,2.999,2.5362
dentin,K4Ca12Si4P2O27,106.86,3.035,2.7371
dentin,K3Ca6Si2PO14,101.38,3.075,2.5838
dentin,K8Ca12Si4P2O29,65.52,2.703,1.4567
dentin,K5Ca6Si2PO15,65.51,2.68,1.4519
dentin,K12Ca12Si4P2O31,68.31,2.67,1.5321
dentin,KCa6Si3PO15,101.94,3.007,2.5869
dentin,K4Ca12Si6P2O31,105.79,3.045,2.7077
dentin,K3Ca6Si3PO16,107.82,3.014,2.7613
dentin,K8Ca12Si6P2O33,97.57,2.995,2.4562
dentin,K5Ca6Si3PO17,66.05,2.681,1.4679
dentin,K12Ca12Si6P2O35,68.14,2.657,1.5246
dentin,KCa6Si4PO17,98.58,2.992,2.4853
dentin,K4Ca12Si8P2O35,98.39,3.009,2.4831
dentin,K3Ca6Si4PO18,105.82,3.05,2.7093
dentin,K8Ca12Si8P2O37,101.42,3.043,2.5789
dentin,K5Ca6Si4PO19,76.45,2.872,1.8113
dentin,K12Ca12Si8P2O39,66.56,2.66,1.4786
dentin,KCa6Si5PO19,99.41,3.01,2.5131
dentin,K4Ca12Si10P2O39,97.38,2.984,2.4486
dentin,K3Ca6Si5PO20,102.43,3.0,2.6001
dentin,K8Ca12Si10P2O41,105.02,3.05,2.686
dentin,K5Ca6Si5PO21,99.86,3.052,2.5345
dentin,K12Ca12Si10P2O43,83.96,2.893,2.036
dentin,KCa6Si6PO21,108.94,3.009,2.7932
dentin,K4Ca12Si12P2O43,97.93,3.013,2.4704
dentin,K3Ca6Si6PO22,97.03,2.986,2.4386
dentin,K8Ca12Si12P2O45,105.4,3.021,2.6916
dentin,K5Ca6Si6PO23,105.44,3.041,2.6964
dentin,K12Ca12Si12P2O47,99.47,3.059,2.5245
dentin,K2Ca12Si2P4O27,102.99,3.013,2.6191
dentin,K2Ca6Si(PO7)2,108.74,3.029,2.7913
dentin,K6Ca12Si2P4O29,99.69,3.052,2.5296
dentin,K4Ca6SiP2O15,65.24,2.709,1.4496
dentin,K10Ca12Si2P4O31,65.71,2.689,1.4596
dentin,K6Ca6Si(PO8)2,61.43,2.668,1.3296
dentin,K2Ca12Si4P4O31,98.44,3.025,2.4878
dentin,K2Ca12Si6P4O35,98.39,3.031,2.4872
dentin,K2Ca12Si8P4O39,104.43,3.023,2.6634
dentin,K2Ca12Si10P4O43,104.28,3.028,2.6601
dentin,K2Ca12Si12P4O47,96.99,2.933,2.4269
dentin,KCa6SiP3O16,97.18,3.055,2.4564
dentin,K4Ca12Si2(P2O11)3,101.69,3.002,2.5786
dentin,K3Ca6SiP3O17,105.64,3.023,2.6989
dentin,K8Ca12Si2P6O35,100.44,3.051,2.5514
dentin,K5Ca6Si(PO6)3,67.7,2.673,1.515
dentin,K12Ca12Si2P6O37,63.94,2.678,1.4052
dentin,KCa6Si2(PO6)3,97.47,3.028,2.4595
dentin,KCa6Si3P3O20,103.19,3.013,2.6247
dentin,KCa6Si4P3O22,94.06,2.974,2.3487
dentin,KCa6Si5(PO8)3,86.17,2.909,2.1043
dentin,KCa6Si6P3O26,86.11,2.892,2.099
dentin,K2Ca12Si2P8O37,98.61,3.04,2.4954
dentin,K2Ca6SiP4O19,95.06,3.037,2.3906
dentin,K6Ca12Si2P8O39,99.6,3.038,2.5242
dentin,K4Ca6Si(PO5)4,102.72,3.018,2.6121
dentin,K10Ca12Si2P8O41,95.04,3.022,2.3871
dentin,K6Ca6SiP4O21,63.14,2.672,1.3805
dentin,K2Ca12Si4P8O41,96.63,2.972,2.424
dentin,K2Ca12Si6P8O45,86.39,2.952,2.1192
dentin,K2Ca12Si8P8O49,78.17,2.912,1.8695
dentin,K2Ca12Si10P8O53,77.88,2.87,1.8527
dentin,K2Ca12Si12P8O57,92.27,2.903,2.2824
dentin,KCa6SiP5O21,85.77,2.947,2.0999
dentin,K4Ca12Si2P10O43,86.97,3.023,2.15
dentin,K3Ca6SiP5O22,85.59,3.019,2.1086
dentin,K8Ca12Si2(P2O9)5,94.27,3.05,2.3698
dentin,K5Ca6SiP5O23,88.62,3.037,2.2013
dentin,K12Ca12Si2P10O47,91.01,3.04,2.2722
dentin,KCa6Si2P5O23,87.51,2.941,2.1497
dentin,KCa6Si3(PO5)5,78.02,2.888,1.8602
dentin,KCa6Si4P5O27,78.18,2.857,1.8591
dentin,KCa6Si5P5O29,78.2,2.852,1.8588
dentin,KCa6Si6P5O31,88.39,2.808,2.1495
dentin,K2Ca12Si2P12O47,77.92,2.902,1.8602
dentin,K2Ca6Si(PO4)6,82.89,3.027,2.0308
dentin,K6Ca12Si2P12O49,83.12,3.015,2.0353
dentin,K4Ca6SiP6O25,83.64,3.014,2.0504
dentin,K10Ca12Si2(P4O17)3,84.08,3.039,2.0684
dentin,K6Ca6Si(P3O13)2,78.32,3.019,1.8949
dentin,K2Ca12Si4(P4O17)3,77.05,2.856,1.8256
dentin,K2Ca12Si6P12O55,77.78,2.835,1.8428
dentin,K2Ca12Si8P12O59,78.72,2.816,1.867
dentin,K2Ca12Si10(P4O21)3,82.48,2.797,1.9736
dentin,K2Ca12Si12P12O67,81.8,2.771,1.9486
dentin,CaAlSiPO7,115.5,2.778,2.9407
dentin,Ca2Al4Si2P2O17,123.36,2.832,3.1824
dentin,CaAl3SiPO10,121.45,2.815,3.1229
dentin,Ca2Al8Si2P2O23,126.33,2.804,3.2643
dentin,CaAl5SiPO13,125.26,2.838,3.2394
dentin,Ca2Al12Si2P2O29,124.14,2.815,3.202
dentin,CaAlSi2PO9,112.95,2.712,2.8528
dentin,Ca2Al4Si4P2O21,114.97,2.76,2.9215
dentin,CaAl3Si2PO12,118.03,2.796,3.0187
dentin,Ca2Al8Si4P2O27,124.56,2.807,3.2127
dentin,CaAl5Si2PO15,126.58,2.796,3.2701
dentin,Ca2Al12Si4P2O33,126.38,2.779,3.2608
dentin,CaAlSi3PO11,120.38,2.698,3.0685
dentin,Ca2Al4Si6P2O25,125.14,2.699,3.2086
dentin,CaAl3Si3PO14,122.07,2.757,3.1297
dentin,Ca2Al8Si6P2O31,124.5,2.798,3.2095
dentin,CaAl5Si3PO17,125.57,2.785,3.238
dentin,Ca2Al12Si6P2O37,125.45,2.756,3.2289
dentin,CaAlSi4PO13,122.05,2.654,3.1092
dentin,Ca2Al4Si8P2O29,129.47,2.668,3.33
dentin,CaAl3Si4PO16,130.65,2.683,3.3675
dentin,Ca2Al8Si8P2O35,128.76,2.762,3.3273
dentin,CaAl5Si4PO19,130.92,2.791,3.3968
dentin,Ca2Al12Si8P2O41,130.11,2.767,3.3681
dentin,CaAlSi5PO15,121.0,2.639,3.0754
dentin,Ca2Al4Si10P2O33,128.36,2.653,3.2944
dentin,CaAl3Si5PO18,133.18,2.659,3.4374
dentin,Ca2Al8Si10P2O39,130.25,2.678,3.3546
dentin,CaAl5Si5PO21,130.66,2.739,3.3789
dentin,Ca2Al12Si10P2O45,130.58,2.755,3.3796
dentin,CaAlSi6PO17,121.55,2.636,3.0908
dentin,Ca2Al4Si12P2O37,125.42,2.648,3.207
dentin,CaAl3Si6PO20,133.18,2.649,3.4353
dentin,Ca2Al8Si12P2O43,133.18,2.644,3.4343
dentin,CaAl5Si6PO23,135.22,2.658,3.497
dentin,Ca2Al12Si12P2O49,127.33,2.702,3.2736
dentin,Ca2Al2Si2P4O19,117.05,2.667,2.9644
dentin,CaAl2SiP2O11,123.12,2.661,3.1417
dentin,Ca2Al6Si2P4O25,122.68,2.673,3.1311
dentin,CaAl4Si(PO7)2,115.05,2.737,2.9195
dentin,Ca2Al10Si2P4O31,120.9,2.785,3.1009
dentin,CaAl6SiP2O17,120.58,2.772,3.0889
dentin,Ca2Al2Si4P4O23,120.16,2.631,3.0489
dentin,CaAl2Si2P2O13,119.92,2.622,3.04
dentin,Ca2Al6Si4P4O29,126.81,2.647,3.2476
dentin,CaAl4Si2(PO8)2,129.44,2.662,3.3279
dentin,Ca2Al10Si4P4O35,123.93,2.727,3.1786
dentin,CaAl6Si2P2O19,125.38,2.763,3.2283
dentin,Ca2Al2Si6P4O27,117.3,2.621,2.963
dentin,CaAl2Si3P2O15,119.95,2.62,3.0407
dentin,Ca2Al6Si6P4O33,123.93,2.635,3.1606
dentin,CaAl4Si3(PO9)2,128.33,2.637,3.2903
dentin,Ca2Al10Si6P4O39,128.87,2.635,3.3058
dentin,CaAl6Si3P2O21,123.85,2.694,3.1696
dentin,Ca2Al2Si8P4O31,117.11,2.625,2.9582
dentin,CaAl2Si4P2O17,119.07,2.623,3.0152
dentin,Ca2Al6Si8P4O37,121.31,2.622,3.0809
dentin,CaAl4Si4(PO10)2,128.87,2.631,3.305
dentin,Ca2Al10Si8P4O43,128.44,2.62,3.2902
dentin,CaAl6Si4P2O23,131.19,2.627,3.3725
dentin,Ca2Al2Si10P4O35,112.73,2.614,2.8271
dentin,CaAl2Si5P2O19,110.33,2.63,2.7598
dentin,Ca2Al6Si10P4O41,121.67,2.619,3.0908
dentin,CaAl4Si5(PO11)2,126.79,2.618,3.2412
dentin,Ca2Al10Si10P4O47,123.1,2.608,3.131
dentin,CaAl6Si5P2O25,129.84,2.619,3.3311
dentin,Ca2Al2Si12P4O39,116.63,2.623,2.9436
dentin,CaAl2Si6P2O21,111.29,2.641,2.7901
dentin,Ca2Al6Si12P4O45,122.58,2.628,3.1195
dentin,CaAl4Si6(PO12)2,125.18,2.623,3.195
dentin,Ca2Al10Si12P4O51,123.1,2.614,3.1321
dentin,CaAl6Si6P2O27,129.84,2.623,3.3319
dentin,CaAlSi(PO4)3,93.59,2.61,2.2638
dentin,Ca2Al4Si2(P2O9)3,118.53,2.595,2.9939
dentin,CaAl3Si(PO5)3,113.64,2.613,2.8538
dentin,Ca2Al8Si2(P2O11)3,124.82,2.628,3.1854
dentin,CaAl5Si(PO6)3,128.82,2.628,3.3029
dentin,Ca2Al12Si2(P2O13)3,130.41,2.643,3.3525
dentin,CaAlSi2P3O14,116.89,2.589,2.9446
dentin,Ca2Al4Si4P6O31,112.16,2.604,2.8084
dentin,CaAl3Si2P3O17,115.43,2.609,2.9057
dentin,Ca2Al8Si4P6O37,117.61,2.616,2.9708
dentin,CaAl5Si2P3O20,128.86,2.618,3.302
dentin,Ca2Al12Si4P6O43,128.86,2.622,3.3028
dentin,CaAlSi3P3O16,107.81,2.586,2.6767
dentin,Ca2Al4Si6P6O35,112.91,2.593,2.8284
dentin,CaAl3Si3P3O19,105.69,2.607,2.6189
dentin,Ca2Al8Si6P6O41,116.97,2.606,2.9502
dentin,CaAl5Si3P3O22,122.03,2.606,3.099
dentin,Ca2Al12Si6P6O47,122.59,2.607,3.1156
dentin,CaAlSi4(PO6)3,107.81,2.596,2.6787
dentin,Ca2Al4Si8(P2O13)3,112.91,2.586,2.8271
dentin,CaAl3Si4(PO7)3,105.69,2.602,2.6178
dentin,Ca2Al8Si8(P2O15)3,116.97,2.589,2.947
dentin,CaAl5Si4(PO8)3,118.56,2.602,2.9963
dentin,Ca2Al12Si8(P2O17)3,121.13,2.607,3.0727
dentin,CaAlSi5P3O20,107.81,2.595,2.6786
dentin,Ca2Al4Si10P6O43,108.02,2.562,2.6784
dentin,CaAl3Si5P3O23,105.47,2.586,2.6082
dentin,Ca2Al8Si10P6O49,110.1,2.582,2.7434
dentin,CaAl5Si5P3O26,116.11,2.596,2.9228
dentin,Ca2Al12Si10P6O55,121.13,2.597,3.0706
dentin,CaAlSi6P3O22,107.81,2.579,2.6754
dentin,Ca2Al4Si12P6O47,108.05,2.572,2.6812
dentin,CaAl3Si6P3O25,113.05,2.586,2.831
dentin,Ca2Al8Si12P6O53,105.09,2.583,2.5965
dentin,CaAl5Si6P3O28,115.49,2.587,2.9028
dentin,Ca2Al12Si12P6O59,117.93,2.595,2.9763
dentin,Ca2Al2Si2P8O29,89.49,2.598,2.1407
dentin,CaAl2Si(PO4)4,109.95,2.579,2.7384
dentin,Ca2Al6Si2P8O35,115.59,2.574,2.9034
dentin,CaAl4SiP4O19,102.73,2.589,2.528
dentin,Ca2Al10Si2P8O41,113.44,2.583,2.842
dentin,CaAl6Si(P2O11)2,118.87,2.599,3.0049
dentin,Ca2Al2Si4P8O33,93.75,2.571,2.2605
dentin,CaAl2Si2(P2O9)2,115.08,2.576,2.8887
dentin,Ca2Al6Si4P8O39,112.16,2.57,2.8017
dentin,CaAl4Si2P4O21,105.69,2.593,2.616
dentin,Ca2Al10Si4P8O45,116.94,2.578,2.9438
dentin,CaAl6Si2(PO6)4,118.19,2.596,2.9841
dentin,Ca2Al2Si6P8O37,111.52,2.567,2.7825
dentin,CaAl2Si3(PO5)4,107.81,2.57,2.6738
dentin,Ca2Al6Si6P8O43,107.5,2.554,2.6617
dentin,CaAl4Si3P4O23,105.44,2.578,2.6058
dentin,Ca2Al10Si6P8O49,110.07,2.578,2.7416
dentin,CaAl6Si3(P2O13)2,116.94,2.59,2.9462
dentin,Ca2Al2Si8P8O41,112.78,2.57,2.8201
dentin,CaAl2Si4(P2O11)2,107.81,2.556,2.6709
dentin,Ca2Al6Si8P8O47,108.22,2.561,2.6843
dentin,CaAl4Si4P4O25,113.02,2.572,2.8275
dentin,Ca2Al10Si8P8O53,105.85,2.578,2.6176
dentin,CaAl6Si4(PO7)4,116.35,2.581,2.9271
dentin,Ca2Al2Si10P8O45,107.81,2.567,2.6732
dentin,CaAl2Si5(PO6)4,107.09,2.564,2.6514
dentin,Ca2Al6Si10P8O51,108.22,2.555,2.6831
dentin,CaAl4Si5P4O27,113.02,2.571,2.8271
dentin,Ca2Al10Si10P8O57,105.87,2.578,2.6186
dentin,CaAl6Si5(P2O15)2,116.35,2.564,2.9238
dentin,Ca2Al2Si12P8O49,104.64,2.57,2.5807
dentin,CaAl2Si6(P2O13)2,107.5,2.574,2.6655
dentin,Ca2Al6Si12P8O55,108.02,2.538,2.6736
dentin,CaAl4Si6P4O29,113.02,2.563,2.8257
dentin,Ca2Al10Si12P8O61,105.87,2.574,2.6177
dentin,CaAl6Si6(PO8)4,105.87,2.56,2.615
dentin,CaAlSiP5O17,89.49,2.592,2.1397
dentin,Ca2Al4Si2P10O37,103.71,2.571,2.5536
dentin,CaAl3Si(PO4)5,111.01,2.558,2.7656
dentin,Ca2Al8Si2P10O43,110.79,2.545,2.7565
dentin,CaAl5SiP5O23,99.94,2.552,2.439
dentin,Ca2Al12Si2P10O49,106.77,2.559,2.6411
dentin,CaAlSi2P5O19,89.49,2.582,2.1375
dentin,Ca2Al4Si4P10O41,109.97,2.561,2.7356
dentin,CaAl3Si2P5O22,113.4,2.547,2.8336
dentin,Ca2Al8Si4P10O47,109.1,2.538,2.7057
dentin,CaAl5Si2(PO5)5,111.48,2.555,2.7787
dentin,Ca2Al12Si4P10O53,104.2,2.57,2.5677
dentin,CaAlSi3P5O21,93.79,2.583,2.264
dentin,Ca2Al4Si6(P2O9)5,116.89,2.559,2.9386
dentin,CaAl3Si3P5O24,116.11,2.553,2.9146
dentin,Ca2Al8Si6P10O51,107.5,2.529,2.6568
dentin,CaAl5Si3P5O27,113.02,2.559,2.8248
dentin,Ca2Al12Si6P10O57,105.85,2.57,2.6161
dentin,CaAlSi4P5O23,95.78,2.573,2.3207
dentin,Ca2Al4Si8P10O49,113.46,2.554,2.837
dentin,CaAl3Si4P5O26,107.09,2.551,2.6489
dentin,Ca2Al8Si8(P2O11)5,107.5,2.53,2.657
dentin,CaAl5Si4P5O29,113.02,2.559,2.8248
dentin,Ca2Al12Si8P10O61,105.85,2.569,2.6158
dentin,CaAlSi5(PO5)5,108.95,2.56,2.7053
dentin,Ca2Al4Si10P10O53,104.3,2.545,2.5658
dentin,CaAl3Si5P5O28,104.01,2.544,2.5569
dentin,Ca2Al8Si10P10O59,105.05,2.534,2.5856
dentin,CaAl5Si5P5O31,113.02,2.56,2.8251
dentin,Ca2Al12Si10(P2O13)5,106.72,2.554,2.6386
dentin,CaAlSi6P5O27,101.81,2.564,2.4961
dentin,Ca2Al4Si12P10O57,104.3,2.542,2.5652
dentin,CaAl3Si6(PO6)5,104.01,2.546,2.5574
dentin,Ca2Al8Si12P10O63,103.67,2.53,2.5442
dentin,CaAl5Si6P5O33,108.42,2.557,2.6891
dentin,Ca2Al12Si12P10O69,106.72,2.551,2.6379
dentin,Ca2Al2Si2(P4O13)3,86.48,2.585,2.0497
dentin,CaAl2Si(P2O7)3,89.07,2.579,2.1247
dentin,Ca2Al6Si2(P4O15)3,107.66,2.556,2.6667
dentin,CaAl4Si(PO4)6,110.27,2.544,2.7412
dentin,Ca2Al10Si2(P4O17)3,110.79,2.522,2.7519
dentin,CaAl6Si(P2O9)3,115.97,2.544,2.9086
dentin,Ca2Al2Si4P12O43,85.56,2.584,2.0226
dentin,CaAl2Si2P6O23,89.07,2.569,2.1226
dentin,Ca2Al6Si4P12O49,107.38,2.556,2.6584
dentin,CaAl4Si2(P3O13)2,112.64,2.534,2.8088
dentin,Ca2Al10Si4P12O55,114.53,2.514,2.8604
dentin,CaAl6Si2P6O29,109.89,2.538,2.7288
dentin,Ca2Al2Si6P12O47,87.4,2.576,2.0751
dentin,CaAl2Si3P6O25,103.12,2.551,2.5323
dentin,Ca2Al6Si6P12O53,110.4,2.531,2.7424
dentin,CaAl4Si3(P3O14)2,110.96,2.537,2.7599
dentin,Ca2Al10Si6P12O59,104.35,2.519,2.5622
dentin,CaAl6Si3P6O31,113.28,2.544,2.8296
dentin,Ca2Al2Si8(P4O17)3,91.56,2.573,2.1968
dentin,CaAl2Si4(P2O9)3,112.39,2.558,2.806
dentin,Ca2Al6Si8(P4O19)3,113.09,2.529,2.8212
dentin,CaAl4Si4(PO5)6,104.01,2.536,2.5554
dentin,Ca2Al10Si8(P4O21)3,103.81,2.514,2.5454
dentin,CaAl6Si4(P2O11)3,108.67,2.547,2.6946
dentin,Ca2Al2Si10P12O55,90.6,2.571,2.168
dentin,CaAl2Si5P6O29,112.39,2.558,2.8061
dentin,Ca2Al6Si10P12O61,108.44,2.526,2.6835
dentin,CaAl4Si5(P3O16)2,103.36,2.53,2.5351
dentin,Ca2Al10Si10P12O67,103.67,2.517,2.5418
dentin,CaAl6Si5P6O35,108.46,2.552,2.6894
dentin,Ca2Al2Si12P12O59,92.53,2.562,2.2228
dentin,CaAl2Si6P6O31,105.38,2.534,2.5954
dentin,Ca2Al6Si12P12O65,103.65,2.527,2.5431
dentin,CaAl4Si6(P3O17)2,103.36,2.528,2.5347
dentin,Ca2Al10Si12P12O71,103.02,2.52,2.5233
dentin,CaAl6Si6P6O37,108.46,2.551,2.6893
dentin,Ca2AlSiPO8,153.77,3.089,4.1268
dentin,Ca4Al4Si2P2O19,150.21,3.012,4.0072
dentin,Ca2Al3SiPO11,151.43,3.017,4.0439
dentin,Ca4Al8Si2P2O25,148.29,2.967,3.9418
dentin,Ca2Al5SiPO14,128.54,2.908,3.3496
dentin,Ca4Al12Si2P2O31,139.21,2.904,3.6625
dentin,Ca2AlSi2PO10,127.14,2.972,3.3208
dentin,Ca4Al4Si4P2O23,132.0,2.939,3.4575
dentin,Ca2Al3Si2PO13,130.9,2.917,3.4206
dentin,Ca4Al8Si4P2O29,122.69,2.866,3.1692
dentin,Ca2Al5Si2PO16,116.58,2.825,2.9817
dentin,Ca4Al12Si4P2O35,121.32,2.833,3.1226
dentin,Ca2AlSi3PO12,129.87,2.89,3.3853
dentin,Ca4Al4Si6P2O27,148.07,2.924,3.9268
dentin,Ca2Al3Si3PO15,141.5,2.901,3.7293
dentin,Ca4Al8Si6P2O33,122.97,2.853,3.1751
dentin,Ca2Al5Si3PO18,119.52,2.811,3.0652
dentin,Ca4Al12Si6P2O39,119.07,2.798,3.0498
dentin,Ca2AlSi4PO14,120.14,2.815,3.0844
dentin,Ca4Al4Si8P2O31,129.18,2.87,3.3609
dentin,Ca2Al3Si4PO17,126.96,2.869,3.2953
dentin,Ca4Al8Si8P2O37,137.38,2.875,3.6031
dentin,Ca2Al5Si4PO20,123.26,2.82,3.177
dentin,Ca4Al12Si8P2O43,124.01,2.803,3.1957
dentin,Ca2AlSi5PO16,116.6,2.746,2.9666
dentin,Ca4Al4Si10P2O35,119.95,2.808,3.0774
dentin,Ca2Al3Si5PO19,137.27,2.869,3.5985
dentin,Ca4Al8Si10P2O41,125.42,2.838,3.2442
dentin,Ca2Al5Si5PO22,126.08,2.824,3.261
dentin,Ca4Al12Si10P2O47,122.96,2.812,3.1667
dentin,Ca2AlSi6PO18,117.01,2.724,2.9747
dentin,Ca4Al4Si12P2O39,117.7,2.706,2.9913
dentin,Ca2Al3Si6PO21,117.39,2.788,2.9982
dentin,Ca4Al8Si12P2O45,125.84,2.822,3.2534
dentin,Ca2Al5Si6PO24,123.71,2.805,3.1875
dentin,Ca4Al12Si12P2O51,123.62,2.799,3.1836
dentin,Ca4Al2Si2P4O21,121.31,2.853,3.1263
dentin,Ca2Al2Si(PO6)2,124.05,2.874,3.2111
dentin,Ca4Al6Si2P4O27,124.11,2.879,3.2136
dentin,Ca2Al4SiP2O15,125.41,2.877,3.2514
dentin,Ca4Al10Si2P4O33,120.24,2.852,3.0945
dentin,Ca2Al6Si(PO9)2,118.86,2.818,3.0475
dentin,Ca4Al2Si4P4O25,111.33,2.757,2.8138
dentin,Ca4Al2Si6P4O29,114.04,2.739,2.8901
dentin,Ca4Al2Si8P4O33,110.98,2.727,2.7979
dentin,Ca4Al2Si10P4O37,115.17,2.718,2.9193
dentin,Ca4Al2Si12P4O41,114.9,2.694,2.9066
dentin,Ca2AlSiP3O13,92.09,2.718,2.2407
dentin,Ca4Al4Si2P6O29,113.97,2.725,2.8853
dentin,Ca2Al3SiP3O16,113.27,2.707,2.8612
dentin,Ca4Al8Si2P6O35,117.35,2.758,2.9911
dentin,Ca2Al5SiP3O19,120.76,2.837,3.107
dentin,Ca4Al12Si2P6O41,121.08,2.839,3.1167
dentin,Ca2AlSi2(PO5)3,107.27,2.738,2.6911
dentin,Ca2AlSi3P3O17,115.16,2.725,2.9204
dentin,Ca2AlSi4P3O19,117.05,2.684,2.9677
dentin,Ca2AlSi5(PO7)3,118.87,2.658,3.016
dentin,Ca2AlSi6P3O23,119.88,2.651,3.0445
dentin,Ca4Al2Si2P8O31,99.49,2.731,2.4607
dentin,Ca2Al2SiP4O17,115.08,2.698,2.9127
dentin,Ca4Al6Si2P8O37,109.26,2.672,2.7364
dentin,Ca2Al4Si(PO5)4,113.84,2.676,2.8719
dentin,Ca4Al10Si2P8O43,118.16,2.662,2.9961
dentin,Ca2Al6SiP4O23,123.23,2.691,3.1507
dentin,Ca4Al2Si4P8O35,107.46,2.706,2.6903
dentin,Ca4Al2Si6P8O39,112.49,2.675,2.8319
dentin,Ca4Al2Si8P8O43,112.0,2.622,2.8072
dentin,Ca4Al2Si10P8O47,112.0,2.627,2.8081
dentin,Ca4Al2Si12P8O51,112.0,2.624,2.8077
dentin,Ca2AlSiP5O18,89.45,2.672,2.154
dentin,Ca4Al4Si2P10O39,115.26,2.664,2.9113
dentin,Ca2Al3SiP5O21,122.46,2.629,3.1162
dentin,Ca4Al8Si2(P2O9)5,113.74,2.633,2.8605
dentin,Ca2Al5SiP5O24,115.87,2.62,2.9208
dentin,Ca4Al12Si2P10O51,122.67,2.644,3.1251
dentin,Ca2AlSi2(PO4)5,94.73,2.647,2.3045
dentin,Ca2AlSi3P5O22,102.29,2.644,2.5261
dentin,Ca2AlSi4P5O24,99.49,2.614,2.4377
dentin,Ca2AlSi5P5O26,104.34,2.607,2.5789
dentin,Ca2AlSi6P5O28,107.81,2.602,2.6799
dentin,Ca4Al2Si2P12O41,85.45,2.65,2.0323
dentin,Ca2Al2Si(P3O11)2,95.19,2.635,2.3156
dentin,Ca4Al6Si2P12O47,111.53,2.596,2.7884
dentin,Ca2Al4SiP6O25,115.59,2.605,2.9094
dentin,Ca4Al10Si2P12O53,116.83,2.619,2.9485
dentin,Ca2Al6Si(P3O14)2,111.98,2.603,2.8029
dentin,Ca4Al2Si4(P4O15)3,89.49,2.635,2.1481
dentin,Ca4Al2Si6P12O49,92.77,2.626,2.2426
dentin,Ca4Al2Si8P12O53,96.03,2.602,2.3337
dentin,Ca4Al2Si10(P4O19)3,99.02,2.598,2.4209
dentin,Ca4Al2Si12P12O61,108.65,2.586,2.7016
dentin,Ca3AlSiPO9,162.05,3.257,4.4034
dentin,Ca6Al4Si2P2O21,168.43,3.233,4.5862
dentin,Ca3Al3SiPO12,169.69,3.234,4.6234
dentin,Ca6Al8Si2P2O27,168.75,3.151,4.5794
dentin,Ca3Al5SiPO15,168.33,3.209,4.5784
dentin,Ca6Al12Si2P2O33,166.07,3.198,4.5097
dentin,Ca3AlSi2PO11,155.83,3.151,4.1996
dentin,Ca6Al4Si4P2O25,159.55,3.116,4.302
dentin,Ca3Al3Si2PO14,164.15,3.054,4.425
dentin,Ca6Al8Si4P2O31,163.64,3.048,4.4091
dentin,Ca3Al5Si2PO17,163.96,3.051,4.419
dentin,Ca6Al12Si4P2O37,161.05,3.038,4.331
dentin,Ca3AlSi3PO13,157.68,3.059,4.236
dentin,Ca6Al4Si6P2O29,150.66,3.0,4.018
dentin,Ca3Al3Si3PO16,151.89,2.988,4.0517
dentin,Ca6Al8Si6P2O35,154.01,2.985,4.1134
dentin,Ca3Al5Si3PO19,147.81,2.941,3.9227
dentin,Ca6Al12Si6P2O41,147.88,2.959,3.9283
dentin,Ca3AlSi4PO15,130.71,2.977,3.4268
dentin,Ca6Al4Si8P2O33,134.04,2.928,3.5153
dentin,Ca3Al3Si4PO18,133.34,2.939,3.4968
dentin,Ca6Al8Si8P2O39,132.85,2.921,3.4789
dentin,Ca3Al5Si4PO21,131.13,2.909,3.4258
dentin,Ca6Al12Si8P2O45,121.99,2.895,3.1547
dentin,Ca3AlSi5PO17,135.7,2.912,3.5609
dentin,Ca6Al4Si10P2O37,132.9,2.89,3.4742
dentin,Ca3Al3Si5PO20,133.83,2.907,3.5051
dentin,Ca6Al8Si10P2O43,142.61,2.907,3.763
dentin,Ca3Al5Si5PO23,124.46,2.885,3.2251
dentin,Ca6Al12Si10P2O49,122.26,2.851,3.1537
dentin,Ca3AlSi6PO19,125.58,2.859,3.2529
dentin,Ca6Al4Si12P2O41,129.35,2.855,3.3628
dentin,Ca3Al3Si6PO22,129.49,2.873,3.3704
dentin,Ca6Al8Si12P2O47,129.42,2.864,3.3669
dentin,Ca3Al5Si6PO25,127.62,2.86,3.3132
dentin,Ca6Al12Si12P2O53,126.95,2.857,3.2929
dentin,Ca6Al2Si2P4O23,148.2,3.09,3.9634
dentin,Ca3Al2SiP2O13,150.19,3.058,4.0155
dentin,Ca6Al6Si2P4O29,129.22,2.997,3.3869
dentin,Ca3Al4Si(PO8)2,145.7,2.979,3.8678
dentin,Ca6Al10Si2P4O35,145.37,2.962,3.8549
dentin,Ca3Al6SiP2O19,130.45,2.938,3.4116
dentin,Ca6Al2Si4P4O27,123.12,3.014,3.211
dentin,Ca6Al2Si6P4O31,122.69,2.905,3.1771
dentin,Ca6Al2Si8P4O35,116.51,2.862,2.9869
dentin,Ca6Al2Si10P4O39,115.73,2.79,2.9499
dentin,Ca6Al2Si12P4O43,113.76,2.763,2.8867
dentin,Ca3AlSiP3O14,105.47,2.885,2.6667
dentin,Ca6Al4Si2P6O31,123.12,2.916,3.1917
dentin,Ca3Al3SiP3O17,128.61,2.911,3.3522
dentin,Ca6Al8Si2P6O37,129.53,2.895,3.3762
dentin,Ca3Al5SiP3O20,125.81,2.89,3.2658
dentin,Ca6Al12Si2P6O43,123.89,2.897,3.2108
dentin,Ca3AlSi2P3O16,110.24,2.78,2.7864
dentin,Ca3AlSi3(PO6)3,111.56,2.759,2.8211
dentin,Ca3AlSi4P3O20,110.14,2.745,2.7767
dentin,Ca3AlSi5P3O22,112.75,2.757,2.8557
dentin,Ca3AlSi6(PO8)3,110.1,2.734,2.7734
dentin,Ca6Al2Si2P8O33,95.26,2.741,2.3383
dentin,Ca3Al2Si(P2O9)2,110.04,2.756,2.7758
dentin,Ca6Al6Si2P8O39,115.9,2.775,2.9518
dentin,Ca3Al4SiP4O21,116.33,2.778,2.9652
dentin,Ca6Al10Si2P8O45,118.13,2.82,3.0263
dentin,Ca3Al6Si(PO6)4,126.19,2.848,3.2687
dentin,Ca6Al2Si4P8O37,94.19,2.74,2.3067
dentin,Ca6Al2Si6P8O41,102.1,2.732,2.5376
dentin,Ca6Al2Si8P8O45,106.9,2.749,2.6821
dentin,Ca6Al2Si10P8O49,108.8,2.731,2.7346
dentin,Ca6Al2Si12P8O53,113.17,2.697,2.8563
dentin,Ca3AlSiP5O19,85.74,2.727,2.0557
dentin,Ca6Al4Si2P10O41,109.03,2.727,2.7407
dentin,Ca3Al3SiP5O22,109.13,2.73,2.744
dentin,Ca6Al8Si2P10O47,111.25,2.703,2.8012
dentin,Ca3Al5Si(PO5)5,111.64,2.704,2.8126
dentin,Ca6Al12Si2P10O53,113.17,2.698,2.8563
dentin,Ca3AlSi2P5O21,93.05,2.723,2.27
dentin,Ca3AlSi3P5O23,92.66,2.726,2.2589
dentin,Ca3AlSi4(PO5)5,103.28,2.71,2.5681
dentin,Ca3AlSi5P5O27,118.87,2.694,3.0231
dentin,Ca3AlSi6P5O29,116.77,2.667,2.9563
dentin,Ca6Al2Si2P12O43,87.8,2.691,2.1092
dentin,Ca3Al2SiP6O23,95.63,2.737,2.3486
dentin,Ca6Al6Si2P12O49,111.88,2.712,2.8214
dentin,Ca3Al4Si(P3O13)2,106.79,2.67,2.6634
dentin,Ca6Al10Si2P12O55,110.41,2.666,2.769
dentin,Ca3Al6SiP6O29,112.84,2.674,2.8421
dentin,Ca6Al2Si4P12O47,90.46,2.696,2.1883
dentin,Ca6Al2Si6(P4O17)3,103.62,2.69,2.5741
dentin,Ca6Al2Si8P12O55,104.91,2.67,2.6082
dentin,Ca6Al2Si10P12O59,98.78,2.668,2.4276
dentin,Ca6Al2Si12(P4O21)3,107.89,2.635,2.6889
dentin,Ca4AlSiPO10,118.43,3.085,3.0871
dentin,Ca8Al4Si2P2O23,157.5,3.229,4.2641
dentin,Ca4Al3SiPO13,162.29,3.202,4.3996
dentin,Ca8Al8Si2P2O29,168.5,3.244,4.5902
dentin,Ca4Al5SiPO16,172.34,3.2,4.6946
dentin,Ca8Al12Si2P2O35,167.97,3.188,4.5639
dentin,Ca4AlSi2PO12,162.37,3.276,4.4163
dentin,Ca8Al4Si4P2O27,163.26,3.193,4.4263
dentin,Ca4Al3Si2PO15,169.63,3.275,4.6296
dentin,Ca8Al8Si4P2O33,167.39,3.239,4.5567
dentin,Ca4Al5Si2PO18,168.01,3.203,4.5679
dentin,Ca8Al12Si4P2O39,176.18,3.238,4.8149
dentin,Ca4AlSi3PO14,158.06,3.123,4.2597
dentin,Ca8Al4Si6P2O31,159.98,3.141,4.3199
dentin,Ca4Al3Si3PO17,168.15,3.174,4.5663
dentin,Ca8Al8Si6P2O37,163.32,3.085,4.4067
dentin,Ca4Al5Si3PO20,164.26,3.092,4.436
dentin,Ca8Al12Si6P2O43,165.65,3.087,4.4755
dentin,Ca4AlSi4PO16,157.21,3.084,4.2271
dentin,Ca8Al4Si8P2O35,158.11,3.05,4.2468
dentin,Ca4Al3Si4PO19,165.16,3.036,4.4514
dentin,Ca8Al8Si8P2O41,162.72,3.053,4.3828
dentin,Ca4Al5Si4PO22,162.86,3.056,4.3875
dentin,Ca8Al12Si8P2O47,154.58,3.002,4.1335
dentin,Ca4AlSi5PO18,150.69,3.017,4.0222
dentin,Ca8Al4Si10P2O39,135.15,2.971,3.5562
dentin,Ca4Al3Si5PO21,152.46,2.972,4.0654
dentin,Ca8Al8Si10P2O45,155.16,3.0,4.1503
dentin,Ca4Al5Si5PO24,151.21,2.987,4.0316
dentin,Ca8Al12Si10P2O51,151.41,2.94,4.0282
dentin,Ca4AlSi6PO20,131.13,2.956,3.4351
dentin,Ca8Al4Si12P2O43,136.56,2.93,3.5896
dentin,Ca4Al3Si6PO23,134.87,2.917,3.5375
dentin,Ca8Al8Si12P2O49,150.18,2.943,3.9926
dentin,Ca4Al5Si6PO26,132.85,2.923,3.4792
dentin,Ca8Al12Si12P2O55,130.13,2.907,3.3961
dentin,Ca8Al2Si2P4O25,153.99,3.191,4.1533
dentin,Ca4Al2Si(PO7)2,153.22,3.125,4.1177
dentin,Ca8Al6Si2P4O31,155.51,3.14,4.188
dentin,Ca4Al4SiP2O17,163.68,3.156,4.4313
dentin,Ca8Al10Si2P4O37,162.07,3.061,4.3655
dentin,Ca4Al6Si(PO10)2,162.98,3.061,4.3922
dentin,Ca8Al2Si4P4O29,147.45,3.084,3.9401
dentin,Ca8Al2Si6P4O33,154.5,3.071,4.1447
dentin,Ca8Al2Si8P4O37,143.7,3.025,3.8183
dentin,Ca8Al2Si10P4O41,128.78,2.93,3.3608
dentin,Ca8Al2Si12P4O45,129.39,2.918,3.3765
dentin,Ca4AlSi(PO5)3,127.13,3.086,3.3432
dentin,Ca8Al4Si2(P2O11)3,152.35,3.071,4.0815
dentin,Ca4Al3Si(PO6)3,142.32,3.028,3.7784
dentin,Ca8Al8Si2(P2O13)3,127.16,2.999,3.3268
dentin,Ca4Al5Si(PO7)3,128.9,2.974,3.3729
dentin,Ca8Al12Si2(P2O15)3,147.34,2.967,3.9138
dentin,Ca4AlSi2P3O17,120.12,3.004,3.1208
dentin,Ca4AlSi3P3O19,123.14,2.939,3.1969
dentin,Ca4AlSi4(PO7)3,120.45,2.84,3.0983
dentin,Ca4AlSi5P3O23,114.19,2.794,2.9054
dentin,Ca4AlSi6P3O25,111.71,2.78,2.8298
dentin,Ca8Al2Si2P8O35,97.98,2.913,2.4523
dentin,Ca4Al2SiP4O19,122.45,2.947,3.1782
dentin,Ca8Al6Si2P8O41,122.73,2.925,3.1821
dentin,Ca4Al4Si(P2O11)2,127.47,2.92,3.3205
dentin,Ca8Al10Si2P8O47,130.61,2.907,3.4102
dentin,Ca4Al6SiP4O25,129.97,2.916,3.3932
dentin,Ca8Al2Si4P8O39,100.91,2.816,2.5191
dentin,Ca8Al2Si6P8O43,100.71,2.772,2.5048
dentin,Ca8Al2Si8P8O47,108.04,2.761,2.718
dentin,Ca8Al2Si10P8O51,111.07,2.746,2.804
dentin,Ca8Al2Si12P8O55,109.93,2.764,2.7742
dentin,Ca4AlSi(PO4)5,96.26,2.782,2.3757
dentin,Ca8Al4Si2P10O43,97.99,2.768,2.424
dentin,Ca4Al3SiP5O23,114.47,2.789,2.9125
dentin,Ca8Al8Si2P10O49,120.73,2.836,3.1058
dentin,Ca4Al5SiP5O26,120.14,2.842,3.0896
dentin,Ca8Al12Si2(P2O11)5,121.96,2.848,3.1443
dentin,Ca4AlSi2P5O22,92.07,2.74,2.2446
dentin,Ca4AlSi3P5O24,95.77,2.747,2.3546
dentin,Ca4AlSi4P5O26,93.54,2.733,2.2863
dentin,Ca4AlSi5P5O28,102.38,2.736,2.5466
dentin,Ca4AlSi6(PO6)5,106.9,2.734,2.6791
dentin,Ca8Al2Si2(P4O15)3,88.27,2.727,2.1301
dentin,Ca4Al2Si(PO4)6,102.28,2.745,2.5456
dentin,Ca8Al6Si2(P4O17)3,107.09,2.735,2.685
dentin,Ca4Al4Si(P2O9)3,110.62,2.756,2.7931
dentin,Ca8Al10Si2(P4O19)3,110.85,2.727,2.7939
dentin,Ca4Al6Si(PO5)6,112.3,2.716,2.8345
dentin,Ca8Al2Si4P12O49,92.61,2.736,2.2593
dentin,Ca8Al2Si6P12O53,89.42,2.725,2.1637
dentin,Ca8Al2Si8(P4O19)3,92.03,2.727,2.2407
dentin,Ca8Al2Si10P12O61,93.4,2.739,2.2833
dentin,Ca8Al2Si12P12O65,108.56,2.728,2.7268
dentin,Ca5AlSiPO11,114.57,3.087,2.9741
dentin,Ca10Al4Si2P2O25,115.21,3.091,2.9936
dentin,Ca5Al3SiPO14,154.04,3.196,4.1557
dentin,Ca10Al8Si2P2O31,162.21,3.185,4.3938
dentin,Ca5Al5SiPO17,164.33,3.21,4.4611
dentin,Ca10Al12Si2P2O37,159.21,3.136,4.2961
dentin,Ca5AlSi2PO13,119.67,3.11,3.1286
dentin,Ca10Al4Si4P2O29,162.14,3.263,4.4071
dentin,Ca5Al3Si2PO16,164.07,3.249,4.4612
dentin,Ca10Al8Si4P2O35,167.11,3.293,4.5592
dentin,Ca5Al5Si2PO19,166.64,3.244,4.5358
dentin,Ca10Al12Si4P2O41,168.14,3.229,4.5769
dentin,Ca5AlSi3PO15,166.77,3.303,4.551
dentin,Ca10Al4Si6P2O33,158.1,3.237,4.2832
dentin,Ca5Al3Si3PO18,167.0,3.275,4.5522
dentin,Ca10Al8Si6P2O39,180.73,3.294,4.9596
dentin,Ca5Al5Si3PO21,167.06,3.23,4.5452
dentin,Ca10Al12Si6P2O45,166.25,3.204,4.5162
dentin,Ca5AlSi4PO17,157.79,3.162,4.2595
dentin,Ca10Al4Si8P2O37,161.41,3.166,4.3666
dentin,Ca5Al3Si4PO20,168.78,3.185,4.5869
dentin,Ca10Al8Si8P2O43,166.65,3.127,4.513
dentin,Ca5Al5Si4PO23,164.4,3.116,4.4449
dentin,Ca10Al12Si8P2O49,164.52,3.113,4.4476
dentin,Ca5AlSi5PO19,157.36,3.127,4.2399
dentin,Ca10Al4Si10P2O41,157.62,3.101,4.2422
dentin,Ca5Al3Si5PO22,167.44,3.113,4.5332
dentin,Ca10Al8Si10P2O47,165.84,3.066,4.4772
dentin,Ca5Al5Si5PO25,164.49,3.089,4.442
dentin,Ca10Al12Si10P2O53,162.31,3.076,4.3753
dentin,Ca5AlSi6PO21,162.44,3.066,4.3772
dentin,Ca10Al4Si12P2O45,156.9,3.037,4.2087
dentin,Ca5Al3Si6PO24,151.64,3.013,4.0493
dentin,Ca10Al8Si12P2O51,155.07,3.016,4.1507
dentin,Ca5Al5Si6PO27,154.38,3.011,4.1297
dentin,Ca10Al12Si12P2O57,154.38,3.015,4.1304
dentin,Ca10Al2Si2P4O27,119.9,3.123,3.1377
dentin,Ca5Al2SiP2O15,161.7,3.262,4.394
dentin,Ca10Al6Si2P4O33,160.57,3.21,4.3506
dentin,Ca5Al4Si(PO9)2,166.59,3.244,4.5343
dentin,Ca10Al10Si2P4O39,169.66,3.247,4.6249
dentin,Ca5Al6SiP2O21,167.95,3.176,4.5607
dentin,Ca10Al2Si4P4O31,153.35,3.205,4.1373
dentin,Ca10Al2Si6P4O35,145.11,3.102,3.8749
dentin,Ca10Al2Si8P4O39,153.63,3.101,4.125
dentin,Ca10Al2Si10P4O43,160.04,3.078,4.3091
dentin,Ca10Al2Si12P4O47,146.51,3.02,3.9001
dentin,Ca5AlSiP3O16,144.04,3.137,3.8502
dentin,Ca10Al4Si2P6O35,144.97,3.108,3.8718
dentin,Ca5Al3SiP3O19,153.78,3.122,4.1336
dentin,Ca10Al8Si2P6O41,152.76,3.1,4.0992
dentin,Ca5Al5SiP3O22,160.43,3.08,4.3208
dentin,Ca10Al12Si2P6O47,147.63,3.021,3.9331
dentin,Ca5AlSi2(PO6)3,109.9,3.087,2.8368
dentin,Ca5AlSi3P3O20,145.34,3.062,3.8739
dentin,Ca5AlSi4P3O22,123.68,3.0,3.2248
dentin,Ca5AlSi5(PO8)3,126.29,2.96,3.2937
dentin,Ca5AlSi6P3O26,123.5,2.916,3.203
dentin,Ca10Al2Si2P8O37,111.26,3.062,2.8716
dentin,Ca5Al2Si(PO5)4,146.34,3.071,3.905
dentin,Ca10Al6Si2P8O43,150.15,3.054,4.0135
dentin,Ca5Al4SiP4O23,140.7,3.024,3.7299
dentin,Ca10Al10Si2P8O49,125.21,2.994,3.2685
dentin,Ca5Al6Si(P2O13)2,125.73,2.962,3.2776
dentin,Ca10Al2Si4P8O41,116.09,2.996,3.0008
dentin,Ca10Al2Si6P8O45,115.8,2.965,2.9862
dentin,Ca10Al2Si8P8O49,117.15,2.859,3.0052
dentin,Ca10Al2Si10P8O53,115.5,2.78,2.9411
dentin,Ca10Al2Si12P8O57,113.13,2.775,2.8704
dentin,Ca5AlSiP5O21,98.72,2.922,2.4755
dentin,Ca10Al4Si2(P2O9)5,112.48,2.969,2.8893
dentin,Ca5Al3SiP5O24,122.68,2.946,3.1847
dentin,Ca10Al8Si2P10O51,124.31,2.938,3.231
dentin,Ca5Al5SiP5O27,127.69,2.958,3.3345
dentin,Ca10Al12Si2P10O57,127.46,2.907,3.3176
dentin,Ca5AlSi2P5O23,93.67,2.843,2.3116
dentin,Ca5AlSi3(PO5)5,100.84,2.793,2.5126
dentin,Ca5AlSi4P5O27,99.51,2.768,2.4685
dentin,Ca5AlSi5P5O29,107.67,2.759,2.7067
dentin,Ca5AlSi6P5O31,110.06,2.748,2.7751
dentin,Ca10Al2Si2P12O47,95.35,2.809,2.3543
dentin,Ca5Al2SiP6O25,98.65,2.787,2.4472
dentin,Ca10Al6Si2P12O53,113.89,2.787,2.8954
dentin,Ca5Al4Si(P3O14)2,115.67,2.854,2.9606
dentin,Ca10Al10Si2P12O59,123.52,2.888,3.1981
dentin,Ca5Al6SiP6O31,124.02,2.872,3.2097
dentin,Ca10Al2Si4(P4O17)3,91.91,2.783,2.2482
dentin,Ca10Al2Si6P12O55,92.07,2.742,2.2448
dentin,Ca10Al2Si8P12O59,95.99,2.753,2.3622
dentin,Ca10Al2Si10(P4O21)3,94.07,2.74,2.3033
dentin,Ca10Al2Si12P12O67,102.1,2.73,2.5372
dentin,Ca6AlSiPO12,114.58,3.123,2.9814
dentin,Ca12Al4Si2P2O27,110.9,3.109,2.8705
dentin,Ca6Al3SiPO15,115.17,3.103,2.9947
dentin,Ca12Al8Si2P2O33,155.71,3.213,4.2083
dentin,Ca6Al5SiPO18,158.57,3.186,4.2869
dentin,Ca12Al12Si2P2O39,157.85,3.201,4.2688
dentin,Ca6AlSi2PO14,114.19,3.096,2.9646
dentin,Ca12Al4Si4P2O31,118.26,3.096,3.0842
dentin,Ca6Al3Si2PO17,161.64,3.212,4.3825
dentin,Ca12Al8Si4P2O37,161.41,3.207,4.3746
dentin,Ca6Al5Si2PO20,161.37,3.235,4.3791
dentin,Ca12Al12Si4P2O43,162.4,3.188,4.4002
dentin,Ca6AlSi3PO16,125.28,3.145,3.3003
dentin,Ca12Al4Si6P2O35,161.94,3.284,4.4054
dentin,Ca6Al3Si3PO19,159.97,3.246,4.3398
dentin,Ca12Al8Si6P2O41,167.14,3.296,4.5606
dentin,Ca6Al5Si3PO22,169.25,3.279,4.6194
dentin,Ca12Al12Si6P2O47,171.24,3.25,4.672
dentin,Ca6AlSi4PO18,166.77,3.307,4.5518
dentin,Ca12Al4Si8P2O39,159.79,3.236,4.3328
dentin,Ca6Al3Si4PO21,170.01,3.27,4.6397
dentin,Ca12Al8Si8P2O45,169.86,3.289,4.6391
dentin,Ca6Al5Si4PO24,181.27,3.289,4.9745
dentin,Ca12Al12Si8P2O51,167.56,3.237,4.5612
dentin,Ca6AlSi5PO20,159.06,3.172,4.2986
dentin,Ca12Al4Si10P2O43,161.32,3.162,4.3631
dentin,Ca6Al3Si5PO23,165.74,3.183,4.4972
dentin,Ca12Al8Si10P2O49,172.15,3.193,4.6877
dentin,Ca6Al5Si5PO26,165.73,3.137,4.4879
dentin,Ca12Al12Si10P2O55,163.96,3.116,4.4319
dentin,Ca6AlSi6PO22,158.53,3.135,4.2758
dentin,Ca12Al4Si12P2O47,159.06,3.13,4.2904
dentin,Ca6Al3Si6PO25,162.72,3.127,4.3975
dentin,Ca12Al8Si12P2O53,167.75,3.118,4.5436
dentin,Ca6Al5Si6PO28,166.86,3.07,4.5079
dentin,Ca12Al12Si12P2O59,165.09,3.095,4.4608
dentin,Ca12Al2Si2P4O29,118.12,3.109,3.0825
dentin,Ca6Al2Si(PO8)2,120.16,3.114,3.1438
dentin,Ca12Al6Si2P4O35,160.56,3.221,4.3525
dentin,Ca6Al4SiP2O19,165.57,3.208,4.4969
dentin,Ca12Al10Si2P4O41,168.26,3.263,4.5871
dentin,Ca6Al6Si(PO11)2,168.25,3.232,4.5806
dentin,Ca12Al2Si4P4O33,126.63,3.124,3.3358
dentin,Ca12Al2Si6P4O37,157.78,3.226,4.2716
dentin,Ca12Al2Si8P4O41,152.39,3.141,4.0964
dentin,Ca12Al2Si10P4O45,156.64,3.114,4.2161
dentin,Ca12Al2Si12P4O49,159.61,3.096,4.2999
dentin,Ca6AlSiP3O17,123.93,3.122,3.2559
dentin,Ca12Al4Si2P6O37,155.66,3.22,4.2083
dentin,Ca6Al3SiP3O20,149.55,3.149,4.0146
dentin,Ca12Al8Si2P6O43,156.35,3.163,4.2172
dentin,Ca6Al5SiP3O23,160.26,3.168,4.3331
dentin,Ca12Al12Si2P6O49,167.95,3.186,4.5628
dentin,Ca6AlSi2P3O19,150.93,3.162,4.0576
dentin,Ca6AlSi3(PO7)3,111.97,3.094,2.8991
dentin,Ca6AlSi4P3O23,150.87,3.082,4.0402
dentin,Ca6AlSi5P3O25,150.57,3.059,4.0269
dentin,Ca6AlSi6(PO9)3,150.75,3.032,4.0269
dentin,Ca12Al2Si2P8O39,117.75,3.128,3.0755
dentin,Ca6Al2SiP4O21,109.81,3.097,2.836
dentin,Ca12Al6Si2P8O45,149.15,3.104,3.994
dentin,Ca6Al4Si(PO6)4,152.06,3.098,4.0782
dentin,Ca12Al10Si2P8O51,149.26,3.072,3.991
dentin,Ca6Al6SiP4O27,156.34,3.042,4.1933
dentin,Ca12Al2Si4P8O43,112.6,3.083,2.9153
dentin,Ca12Al2Si6P8O47,124.75,3.068,3.2696
dentin,Ca12Al2Si8P8O51,119.66,3.0,3.1067
dentin,Ca12Al2Si10P8O55,126.76,2.955,3.3065
dentin,Ca12Al2Si12P8O59,122.48,2.918,3.1735
dentin,Ca6AlSiP5O22,108.48,3.023,2.7825
dentin,Ca12Al4Si2P10O47,127.53,3.08,3.3536
dentin,Ca6Al3Si(PO5)5,150.47,3.059,4.024
dentin,Ca12Al8Si2P10O53,149.82,3.042,4.0016
dentin,Ca6Al5SiP5O28,139.83,3.018,3.7033
dentin,Ca12Al12Si2P10O59,123.46,2.989,3.216
dentin,Ca6AlSi2P5O24,99.42,3.005,2.5126
dentin,Ca6AlSi3P5O26,112.53,2.966,2.8902
dentin,Ca6AlSi4P5O28,107.3,2.884,2.7205
dentin,Ca6AlSi5(PO6)5,102.16,2.803,2.5535
dentin,Ca6AlSi6P5O32,111.9,2.767,2.8328
dentin,Ca12Al2Si2P12O49,91.1,2.933,2.2536
dentin,Ca6Al2Si(P3O13)2,109.79,2.965,2.8095
dentin,Ca12Al6Si2P12O55,122.94,2.953,3.194
dentin,Ca6Al4SiP6O29,124.79,2.962,3.25
dentin,Ca12Al10Si2P12O61,123.82,2.948,3.2186
dentin,Ca6Al6Si(P3O16)2,127.16,2.962,3.3196
dentin,Ca12Al2Si4P12O53,94.35,2.864,2.3357
dentin,Ca12Al2Si6(P4O19)3,92.53,2.817,2.2729
dentin,Ca12Al2Si8P12O61,100.84,2.792,2.5125
dentin,Ca12Al2Si10P12O65,99.51,2.76,2.467
dentin,Ca12Al2Si12(P4O23)3,98.65,2.759,2.4415
dentin,NaCaMgPO5,104.98,2.908,2.6568
dentin,Na4Ca2Mg2P2O11,95.14,2.853,2.3567
dentin,Na3CaMgPO6,90.56,2.822,2.216
dentin,Na8Ca2Mg2P2O13,83.12,2.78,1.9893
dentin,Na5CaMgPO7,75.39,2.73,1.7522
dentin,Na12Ca2Mg2P2O15,77.36,2.699,1.804
dentin,NaCaMg2PO6,105.12,2.872,2.6539
dentin,Na4Ca2Mg4P2O13,96.31,2.865,2.3935
dentin,Na3CaMg2PO7,92.05,2.787,2.253
dentin,Na8Ca2Mg4P2O15,92.66,2.759,2.2657
dentin,Na5CaMg2PO8,86.29,2.745,2.0754
dentin,Na12Ca2Mg4P2O17,83.99,2.71,2.0009
dentin,NaCaMg3PO7,102.59,2.879,2.581
dentin,Na4Ca2Mg6P2O15,103.85,2.838,2.6101
dentin,Na3CaMg3PO8,97.45,2.841,2.4226
dentin,Na8Ca2Mg6P2O17,93.09,2.751,2.2764
dentin,Na5CaMg3PO9,91.37,2.721,2.2203
dentin,Na12Ca2Mg6P2O19,91.05,2.707,2.208
dentin,NaCaMg4PO8,105.0,2.868,2.6497
dentin,Na4Ca2Mg8P2O17,103.8,2.825,2.606
dentin,Na3CaMg4PO9,99.91,2.818,2.4903
dentin,Na8Ca2Mg8P2O19,102.22,2.762,2.5472
dentin,Na5CaMg4PO10,99.84,2.714,2.4678
dentin,Na12Ca2Mg8P2O21,98.09,2.702,2.4139
dentin,NaCaMg5PO9,134.57,2.874,3.5204
dentin,Na4Ca2Mg10P2O19,110.81,2.816,2.8104
dentin,Na3CaMg5PO10,110.36,2.804,2.7946
dentin,Na8Ca2Mg10P2O21,105.91,2.804,2.664
dentin,Na5CaMg5PO11,102.57,2.746,2.5543
dentin,Na12Ca2Mg10P2O23,103.31,2.693,2.5658
dentin,NaCaMg6PO10,139.11,2.866,3.6522
dentin,Na4Ca2Mg12P2O21,121.0,2.847,3.116
dentin,Na3CaMg6PO11,110.73,2.796,2.804
dentin,Na8Ca2Mg12P2O23,104.38,2.787,2.6156
dentin,Na5CaMg6PO12,108.56,2.783,2.7376
dentin,Na12Ca2Mg12P2O25,105.5,2.693,2.63
dentin,Na2Ca2Mg2P4O15,100.18,2.912,2.5165
dentin,Na2CaMg(PO4)2,96.86,2.843,2.4053
dentin,Na6Ca2Mg2P4O17,92.7,2.804,2.2756
dentin,Na4CaMgP2O9,91.04,2.814,2.2285
dentin,Na10Ca2Mg2P4O19,86.72,2.782,2.0953
dentin,Na6CaMg(PO5)2,76.45,2.749,1.7868
dentin,Na2Ca2Mg4P4O17,121.79,2.88,3.1457
dentin,Na2CaMg2P2O9,106.58,2.838,2.6903
dentin,Na6Ca2Mg4P4O19,98.76,2.818,2.4566
dentin,Na4CaMg2(PO5)2,97.69,2.805,2.4224
dentin,Na10Ca2Mg4P4O21,97.97,2.803,2.4304
dentin,Na6CaMg2P2O11,89.87,2.742,2.18
dentin,Na2Ca2Mg6P4O19,124.41,2.867,3.2203
dentin,Na2CaMg3(PO5)2,107.28,2.815,2.7064
dentin,Na6Ca2Mg6P4O21,101.76,2.819,2.5448
dentin,Na4CaMg3P2O11,99.71,2.822,2.4851
dentin,Na10Ca2Mg6P4O23,95.56,2.811,2.3607
dentin,Na6CaMg3(PO6)2,90.59,2.752,2.2032
dentin,Na2Ca2Mg8P4O21,117.58,2.849,3.0159
dentin,Na2CaMg4P2O11,104.06,2.803,2.6093
dentin,Na6Ca2Mg8P4O23,110.29,2.857,2.803
dentin,Na4CaMg4(PO6)2,98.35,2.811,2.443
dentin,Na10Ca2Mg8P4O25,97.51,2.809,2.418
dentin,Na6CaMg4P2O13,97.02,2.801,2.4018
dentin,Na2Ca2Mg10P4O23,118.28,2.84,3.0347
dentin,Na2CaMg5(PO6)2,107.8,2.807,2.72
dentin,Na6Ca2Mg10P4O25,110.29,2.843,2.8004
dentin,Na4CaMg5P2O13,97.21,2.801,2.4075
dentin,Na10Ca2Mg10P4O27,97.49,2.799,2.4153
dentin,Na6CaMg5(PO7)2,96.2,2.794,2.3766
dentin,Na2Ca2Mg12P4O25,119.98,2.842,3.0849
dentin,Na2CaMg6P2O13,108.6,2.814,2.7448
dentin,Na6Ca2Mg12P4O27,111.86,2.826,2.8431
dentin,Na4CaMg6(PO7)2,108.58,2.826,2.7467
dentin,Na10Ca2Mg12P4O29,98.14,2.793,2.4332
dentin,Na6CaMg6P2O15,96.25,2.777,2.3744
dentin,NaCaMgP3O10,84.59,2.7,2.0165
dentin,Na4Ca2Mg2(P2O7)3,79.59,2.77,1.8834
dentin,Na3CaMgP3O11,77.76,2.797,1.8348
dentin,Na8Ca2Mg2P6O23,85.13,2.795,2.0513
dentin,Na5CaMg(PO4)3,82.8,2.775,1.9787
dentin,Na12Ca2Mg2P6O25,81.7,2.766,1.9447
dentin,NaCaMg2P3O11,93.87,2.804,2.31
dentin,Na4Ca2Mg4P6O23,97.69,2.837,2.4287
dentin,Na3CaMg2(PO4)3,94.58,2.781,2.3263
dentin,Na8Ca2Mg4P6O25,95.01,2.781,2.3389
dentin,Na5CaMg2P3O13,94.84,2.78,2.3336
dentin,Na12Ca2Mg4(P2O9)3,92.5,2.777,2.2643
dentin,NaCaMg3(PO4)3,111.39,2.854,2.8349
dentin,Na4Ca2Mg6P6O25,102.39,2.819,2.5633
dentin,Na3CaMg3P3O13,102.26,2.778,2.5513
dentin,Na8Ca2Mg6(P2O9)3,104.03,2.799,2.6075
dentin,Na5CaMg3P3O14,102.58,2.805,2.566
dentin,Na12Ca2Mg6P6O29,97.43,2.783,2.4105
dentin,NaCaMg4P3O13,112.66,2.847,2.8707
dentin,Na4Ca2Mg8(P2O9)3,111.22,2.832,2.8257
dentin,Na3CaMg4P3O14,104.94,2.793,2.6333
dentin,Na8Ca2Mg8P6O29,100.18,2.809,2.4966
dentin,Na5CaMg4(PO5)3,110.71,2.82,2.8081
dentin,Na12Ca2Mg8P6O31,97.63,2.778,2.4154
dentin,NaCaMg5P3O14,112.15,2.846,2.8556
dentin,Na4Ca2Mg10P6O29,113.69,2.834,2.8984
dentin,Na3CaMg5(PO5)3,107.62,2.783,2.7099
dentin,Na8Ca2Mg10P6O31,100.17,2.8,2.4943
dentin,Na5CaMg5P3O16,108.53,2.812,2.7426
dentin,Na12Ca2Mg10(P2O11)3,97.58,2.793,2.4169
dentin,NaCaMg6(PO5)3,116.97,2.823,2.9929
dentin,Na4Ca2Mg12P6O31,126.0,2.84,3.2616
dentin,Na3CaMg6P3O16,105.26,2.782,2.6406
dentin,Na8Ca2Mg12(P2O11)3,99.33,2.801,2.4698
dentin,Na5CaMg6P3O17,114.79,2.837,2.9313
dentin,Na12Ca2Mg12P6O35,97.88,2.797,2.4266
dentin,Na2Ca2Mg2P8O25,81.71,2.667,1.9257
dentin,Na2CaMgP4O13,81.62,2.675,1.9244
dentin,Na6Ca2Mg2P8O27,75.45,2.706,1.7492
dentin,Na4CaMg(P2O7)2,70.44,2.726,1.6057
dentin,Na10Ca2Mg2P8O29,78.39,2.77,1.8481
dentin,Na6CaMgP4O15,87.35,2.785,2.1144
dentin,Na2Ca2Mg4P8O27,85.15,2.694,2.0321
dentin,Na2CaMg2(P2O7)2,79.87,2.743,1.8862
dentin,Na6Ca2Mg4P8O29,86.76,2.79,2.098
dentin,Na4CaMg2P4O15,79.4,2.774,1.8786
dentin,Na10Ca2Mg4P8O31,88.43,2.783,2.1459
dentin,Na6CaMg2(PO4)4,91.98,2.788,2.2513
dentin,Na2Ca2Mg6P8O29,100.0,2.792,2.4879
dentin,Na2CaMg3P4O15,99.52,2.834,2.4817
dentin,Na6Ca2Mg6P8O31,96.43,2.809,2.3862
dentin,Na4CaMg3(PO4)4,95.44,2.765,2.3484
dentin,Na10Ca2Mg6P8O33,95.7,2.775,2.3579
dentin,Na6CaMg3P4O17,96.27,2.769,2.3735
dentin,Na2Ca2Mg8P8O31,113.82,2.832,2.9018
dentin,Na2CaMg4(PO4)4,115.04,2.82,2.9353
dentin,Na6Ca2Mg8P8O33,101.9,2.797,2.5444
dentin,Na4CaMg4P4O17,101.54,2.791,2.533
dentin,Na10Ca2Mg8P8O35,103.4,2.775,2.5844
dentin,Na6CaMg4(P2O9)2,97.14,2.789,2.4029
dentin,Na2Ca2Mg10P8O33,110.0,2.835,2.7902
dentin,Na2CaMg5P4O17,112.38,2.808,2.855
dentin,Na6Ca2Mg10P8O35,110.76,2.812,2.8082
dentin,Na4CaMg5(P2O9)2,111.86,2.829,2.8437
dentin,Na10Ca2Mg10P8O37,105.25,2.792,2.6423
dentin,Na6CaMg5P4O19,98.35,2.796,2.44
dentin,Na2Ca2Mg12P8O35,114.41,2.84,2.921
dentin,Na2CaMg6(P2O9)2,111.07,2.825,2.8197
dentin,Na6Ca2Mg12P8O37,114.85,2.839,2.9336
dentin,Na4CaMg6P4O19,112.53,2.821,2.8619
dentin,Na10Ca2Mg12P8O39,103.78,2.785,2.5977
dentin,Na6CaMg6(PO5)4,98.35,2.794,2.4396
dentin,NaCaMg(PO3)5,76.91,2.663,1.7837
dentin,Na4Ca2Mg2P10O31,78.68,2.666,1.8363
dentin,Na3CaMgP5O16,80.04,2.671,1.8774
dentin,Na8Ca2Mg2P10O33,71.08,2.684,1.6163
dentin,Na5CaMgP5O17,66.24,2.694,1.4758
dentin,Na12Ca2Mg2(P2O7)5,67.28,2.722,1.512
dentin,NaCaMg2P5O16,83.31,2.686,1.9764
dentin,Na4Ca2Mg4P10O33,85.53,2.674,2.0391
dentin,Na3CaMg2P5O17,76.38,2.674,1.7704
dentin,Na8Ca2Mg4(P2O7)5,78.4,2.729,1.8403
dentin,Na5CaMg2P5O18,75.11,2.759,1.7495
dentin,Na12Ca2Mg4P10O37,83.14,2.776,1.989
dentin,NaCaMg3P5O17,85.13,2.706,2.0336
dentin,Na4Ca2Mg6(P2O7)5,87.9,2.72,2.1179
dentin,Na3CaMg3P5O18,87.23,2.771,2.1083
dentin,Na8Ca2Mg6P10O37,87.49,2.802,2.1218
dentin,Na5CaMg3P5O19,88.49,2.803,2.1516
dentin,Na12Ca2Mg6P10O39,96.21,2.774,2.3728
dentin,NaCaMg4P5O18,102.61,2.794,2.565
dentin,Na4Ca2Mg8P10O37,93.92,2.79,2.3085
dentin,Na3CaMg4P5O19,100.68,2.812,2.5117
dentin,Na8Ca2Mg8P10O39,96.7,2.784,2.3893
dentin,Na5CaMg4(PO4)5,95.97,2.795,2.3697
dentin,Na12Ca2Mg8P10O41,95.64,2.77,2.3552
dentin,NaCaMg5P5O19,115.73,2.819,2.9555
dentin,Na4Ca2Mg10P10O39,108.74,2.818,2.75
dentin,Na3CaMg5(PO4)5,108.52,2.813,2.7424
dentin,Na8Ca2Mg10P10O41,101.82,2.795,2.542
dentin,Na5CaMg5P5O21,100.5,2.783,2.5006
dentin,Na12Ca2Mg10P10O43,99.48,2.753,2.4648
dentin,NaCaMg6(PO4)5,117.06,2.83,2.9967
dentin,Na4Ca2Mg12P10O41,108.88,2.821,2.7543
dentin,Na3CaMg6P5O21,108.09,2.802,2.7277
dentin,Na8Ca2Mg12P10O43,100.92,2.79,2.5143
dentin,Na5CaMg6P5O22,111.95,2.814,2.8433
dentin,Na12Ca2Mg12(P2O9)5,106.25,2.783,2.6698
dentin,Na2Ca2Mg2P12O35,59.85,2.66,1.2813
dentin,Na2CaMg(PO3)6,55.89,2.638,1.1607
dentin,Na6Ca2Mg2P12O37,70.91,2.63,1.6007
dentin,Na4CaMgP6O19,73.35,2.648,1.6761
dentin,Na10Ca2Mg2(P4O13)3,63.42,2.671,1.3886
dentin,Na6CaMg(P3O10)2,67.66,2.669,1.5129
dentin,Na2Ca2Mg4P12O37,77.37,2.677,1.7998
dentin,Na2CaMg2P6O19,80.96,2.652,1.9004
dentin,Na6Ca2Mg4(P4O13)3,79.24,2.643,1.8483
dentin,Na4CaMg2(P3O10)2,72.57,2.655,1.6546
dentin,Na10Ca2Mg4P12O41,75.49,2.66,1.7413
dentin,Na6CaMg2(P2O7)3,73.93,2.735,1.71
dentin,Na2Ca2Mg6(P4O13)3,83.31,2.692,1.9775
dentin,Na2CaMg3(P3O10)2,83.92,2.659,1.9889
dentin,Na6Ca2Mg6P12O41,82.58,2.653,1.9482
dentin,Na4CaMg3(P2O7)3,79.08,2.716,1.8578
dentin,Na10Ca2Mg6P12O43,83.45,2.756,1.9941
dentin,Na6CaMg3(P3O11)2,78.81,2.776,1.8616
dentin,Na2Ca2Mg8P12O41,83.8,2.709,1.9954
dentin,Na2CaMg4(P2O7)3,90.6,2.73,2.1991
dentin,Na6Ca2Mg8P12O43,86.53,2.747,2.0828
dentin,Na4CaMg4(P3O11)2,85.46,2.774,2.0568
dentin,Na10Ca2Mg8(P4O15)3,106.87,2.818,2.6947
dentin,Na6CaMg4P6O23,108.14,2.801,2.7288
dentin,Na2Ca2Mg10P12O43,113.82,2.793,2.8942
dentin,Na2CaMg5(P3O11)2,96.18,2.784,2.3739
dentin,Na6Ca2Mg10(P4O15)3,99.79,2.806,2.4844
dentin,Na4CaMg5P6O23,103.95,2.81,2.6075
dentin,Na10Ca2Mg10P12O47,97.07,2.785,2.4001
dentin,Na6CaMg5(PO4)6,106.8,2.793,2.6879
dentin,Na2Ca2Mg12(P4O15)3,116.28,2.795,2.9672
dentin,Na2CaMg6P6O23,110.75,2.802,2.8058
dentin,Na6Ca2Mg12P12O47,102.94,2.799,2.5756
dentin,Na4CaMg6(PO4)6,108.52,2.812,2.7422
dentin,Na10Ca2Mg12P12O49,101.82,2.779,2.5389
dentin,Na6CaMg6P6O25,110.53,2.789,2.7967
dentin,NaCa2MgPO6,101.89,2.969,2.578
dentin,Na4Ca4Mg2P2O13,95.12,2.939,2.3733
dentin,Na3Ca2MgPO7,87.28,2.879,2.1309
dentin,Na8Ca4Mg2P2O15,88.87,2.817,2.1657
dentin,Na5Ca2MgPO8,85.13,2.775,2.0471
dentin,Na12Ca4Mg2P2O17,85.32,2.733,2.0447
dentin,NaCa2Mg2PO7,102.61,2.946,2.5947
dentin,Na4Ca4Mg4P2O15,102.39,2.895,2.5781
dentin,Na3Ca2Mg2PO8,94.33,2.876,2.3376
dentin,Na8Ca4Mg4P2O17,90.31,2.822,2.2086
dentin,Na5Ca2Mg2PO9,90.74,2.802,2.2175
dentin,Na12Ca4Mg4P2O19,91.57,2.735,2.2288
dentin,NaCa2Mg3PO8,104.62,2.953,2.6551
dentin,Na4Ca4Mg6P2O17,102.34,2.873,2.5724
dentin,Na3Ca2Mg3PO9,97.22,2.849,2.4171
dentin,Na8Ca4Mg6P2O19,101.66,2.831,2.5442
dentin,Na5Ca2Mg3PO10,98.51,2.795,2.4446
dentin,Na12Ca4Mg6P2O21,97.14,2.774,2.4003
dentin,NaCa2Mg4PO9,103.58,2.906,2.6154
dentin,Na4Ca4Mg8P2O19,111.19,2.897,2.8373
dentin,Na3Ca2Mg4PO10,109.13,2.816,2.7609
dentin,Na8Ca4Mg8P2O21,100.81,2.799,2.5129
dentin,Na5Ca2Mg4PO11,99.84,2.792,2.4831
dentin,Na12Ca4Mg8P2O23,97.89,2.766,2.4208
dentin,NaCa2Mg5PO10,108.53,2.889,2.7577
dentin,Na4Ca4Mg10P2O21,109.21,2.879,2.7756
dentin,Na3Ca2Mg5PO11,107.68,2.82,2.7191
dentin,Na8Ca4Mg10P2O23,101.44,2.78,2.5279
dentin,Na5Ca2Mg5PO12,99.11,2.769,2.457
dentin,Na12Ca4Mg10P2O25,98.51,2.755,2.4366
dentin,NaCa2Mg6PO11,113.79,2.875,2.9094
dentin,Na4Ca4Mg12P2O23,108.98,2.861,2.7653
dentin,Na3Ca2Mg6PO12,114.62,2.859,2.9309
dentin,Na8Ca4Mg12P2O25,102.11,2.795,2.5505
dentin,Na5Ca2Mg6PO13,100.83,2.752,2.5044
dentin,Na12Ca4Mg12P2O27,98.49,2.738,2.4329
dentin,Na2Ca4Mg2P4O17,104.95,2.976,2.6695
dentin,Na2Ca2MgP2O9,104.18,2.943,2.6403
dentin,Na6Ca4Mg2P4O19,101.21,2.927,2.55
dentin,Na4Ca2Mg(PO5)2,92.13,2.847,2.2671
dentin,Na10Ca4Mg2P4O21,92.66,2.839,2.2811
dentin,Na6Ca2MgP2O11,89.38,2.838,2.1848
dentin,Na2Ca4Mg4P4O19,108.76,2.962,2.7787
dentin,Na2Ca4Mg6P4O21,111.0,2.916,2.8355
dentin,Na2Ca4Mg8P4O23,111.98,2.885,2.8583
dentin,Na2Ca4Mg10P4O25,111.9,2.88,2.8549
dentin,Na2Ca4Mg12P4O27,112.03,2.872,2.8571
dentin,NaCa2MgP3O11,90.43,2.903,2.2283
dentin,Na4Ca4Mg2P6O23,97.63,2.925,2.4443
dentin,Na3Ca2Mg(PO4)3,95.94,2.867,2.3831
dentin,Na8Ca4Mg2P6O25,94.07,2.849,2.3246
dentin,Na5Ca2MgP3O13,89.96,2.846,2.2033
dentin,Na12Ca4Mg2(P2O9)3,84.65,2.816,2.0412
dentin,NaCa2Mg2(PO4)3,126.6,2.96,3.3028
dentin,NaCa2Mg3P3O13,129.09,2.942,3.3724
dentin,NaCa2Mg4P3O14,129.43,2.91,3.3761
dentin,NaCa2Mg5(PO5)3,107.27,2.876,2.718
dentin,NaCa2Mg6P3O16,107.53,2.868,2.724
dentin,Na2Ca4Mg2P8O27,83.5,2.768,1.998
dentin,Na2Ca2Mg(P2O7)2,78.55,2.82,1.8626
dentin,Na6Ca4Mg2P8O29,80.21,2.856,1.9186
dentin,Na4Ca2MgP4O15,81.68,2.849,1.9602
dentin,Na10Ca4Mg2P8O31,84.54,2.821,2.039
dentin,Na6Ca2Mg(PO4)4,84.68,2.816,2.042
dentin,Na2Ca4Mg4P8O29,93.96,2.855,2.3226
dentin,Na2Ca4Mg6P8O31,102.87,2.88,2.5893
dentin,Na2Ca4Mg8P8O33,124.01,2.899,3.2146
dentin,Na2Ca4Mg10P8O35,127.01,2.894,3.3018
dentin,Na2Ca4Mg12P8O37,128.89,2.886,3.3555
dentin,NaCa2MgP5O16,81.44,2.696,1.9234
dentin,Na4Ca4Mg2P10O33,82.81,2.726,1.9692
dentin,Na3Ca2MgP5O17,74.32,2.744,1.7234
dentin,Na8Ca4Mg2(P2O7)5,78.63,2.802,1.8614
dentin,Na5Ca2MgP5O18,80.48,2.809,1.9173
dentin,Na12Ca4Mg2P10O37,86.25,2.836,2.0922
dentin,NaCa2Mg2P5O17,85.15,2.722,2.0375
dentin,NaCa2Mg3P5O18,97.82,2.793,2.4239
dentin,NaCa2Mg4P5O19,98.53,2.839,2.4538
dentin,NaCa2Mg5(PO4)5,101.46,2.849,2.5418
dentin,NaCa2Mg6P5O21,121.44,2.868,3.1331
dentin,Na2Ca4Mg2P12O37,77.48,2.684,1.8046
dentin,Na2Ca2MgP6O19,84.54,2.703,2.0157
dentin,Na6Ca4Mg2(P4O13)3,74.98,2.709,1.7361
dentin,Na4Ca2Mg(P3O10)2,73.32,2.72,1.6891
dentin,Na10Ca4Mg2P12O41,76.68,2.739,1.7916
dentin,Na6Ca2Mg(P2O7)3,71.09,2.765,1.6326
dentin,Na2Ca4Mg4(P4O13)3,81.91,2.696,1.9371
dentin,Na2Ca4Mg6P12O41,85.87,2.722,2.0586
dentin,Na2Ca4Mg8P12O43,100.68,2.81,2.5115
dentin,Na2Ca4Mg10(P4O15)3,105.7,2.821,2.6609
dentin,Na2Ca4Mg12P12O47,100.68,2.834,2.5161
dentin,NaCa3MgPO7,103.26,3.034,2.6313
dentin,Na4Ca6Mg2P2O15,101.36,2.965,2.5616
dentin,Na3Ca3MgPO8,94.3,2.916,2.3446
dentin,Na8Ca6Mg2P2O17,94.44,2.871,2.3399
dentin,Na5Ca3MgPO9,95.05,2.847,2.3531
dentin,Na12Ca6Mg2P2O19,91.97,2.792,2.2518
dentin,NaCa3Mg2PO8,100.93,2.982,2.5523
dentin,Na4Ca6Mg4P2O17,94.33,2.948,2.3517
dentin,Na3Ca3Mg2PO9,91.35,2.902,2.255
dentin,Na8Ca6Mg4P2O19,97.7,2.861,2.4337
dentin,Na5Ca3Mg2PO10,98.46,2.819,2.4478
dentin,Na12Ca6Mg4P2O21,98.32,2.792,2.4383
dentin,NaCa3Mg3PO9,100.66,2.949,2.5379
dentin,Na4Ca6Mg6P2O19,107.73,2.93,2.7419
dentin,Na3Ca3Mg3PO10,101.83,2.887,2.5604
dentin,Na8Ca6Mg6P2O21,98.63,2.854,2.4594
dentin,Na5Ca3Mg3PO11,99.02,2.834,2.4673
dentin,Na12Ca6Mg6P2O23,98.68,2.781,2.4468
dentin,NaCa3Mg4PO10,113.71,2.93,2.9177
dentin,Na4Ca6Mg8P2O21,106.98,2.893,2.713
dentin,Na3Ca3Mg4PO11,102.79,2.867,2.5847
dentin,Na8Ca6Mg8P2O23,98.78,2.837,2.4606
dentin,Na5Ca3Mg4PO12,98.8,2.812,2.4565
dentin,Na12Ca6Mg8P2O25,98.8,2.794,2.453
dentin,NaCa3Mg5PO11,119.12,2.97,3.0847
dentin,Na4Ca6Mg10P2O23,109.8,2.881,2.7933
dentin,Na3Ca3Mg5PO12,108.84,2.865,2.7619
dentin,Na8Ca6Mg10P2O25,101.62,2.835,2.5438
dentin,Na5Ca3Mg5PO13,98.95,2.802,2.4589
dentin,Na12Ca6Mg10P2O27,98.8,2.79,2.4521
dentin,NaCa3Mg6PO12,110.31,2.934,2.8186
dentin,Na4Ca6Mg12P2O25,109.8,2.869,2.7909
dentin,Na3Ca3Mg6PO13,106.33,2.837,2.6828
dentin,Na8Ca6Mg12P2O27,108.58,2.816,2.7447
dentin,Na5Ca3Mg6PO14,99.62,2.799,2.4779
dentin,Na12Ca6Mg12P2O29,98.95,2.795,2.4575
dentin,Na2Ca6Mg2P4O19,108.18,3.039,2.7768
dentin,Na2Ca3Mg(PO5)2,110.12,2.957,2.8178
dentin,Na6Ca6Mg2P4O21,95.76,2.945,2.3931
dentin,Na4Ca3MgP2O11,93.72,2.932,2.3306
dentin,Na10Ca6Mg2P4O23,93.48,2.911,2.3193
dentin,Na6Ca3Mg(PO6)2,90.07,2.876,2.2123
dentin,Na2Ca6Mg4P4O21,112.59,3.001,2.8988
dentin,Na2Ca6Mg6P4O23,110.89,2.963,2.8414
dentin,Na2Ca6Mg8P4O25,109.41,2.948,2.7952
dentin,Na2Ca6Mg10P4O27,107.06,2.915,2.7195
dentin,Na2Ca6Mg12P4O29,108.54,2.9,2.7601
dentin,NaCa3Mg(PO4)3,134.66,3.063,3.5599
dentin,Na4Ca6Mg2P6O25,101.8,2.955,2.5726
dentin,Na3Ca3MgP3O13,103.07,2.939,2.6067
dentin,Na8Ca6Mg2(P2O9)3,102.86,2.935,2.6001
dentin,Na5Ca3MgP3O14,95.85,2.86,2.3792
dentin,Na12Ca6Mg2P6O29,90.94,2.854,2.2335
dentin,NaCa3Mg2P3O13,107.13,3.0,2.7381
dentin,NaCa3Mg3P3O14,104.81,2.947,2.6596
dentin,NaCa3Mg4(PO5)3,107.16,2.904,2.7203
dentin,NaCa3Mg5P3O16,113.79,2.906,2.9155
dentin,NaCa3Mg6P3O17,109.34,2.892,2.7818
dentin,Na2Ca6Mg2P8O29,90.14,2.919,2.2229
dentin,Na2Ca3MgP4O15,94.77,2.986,2.372
dentin,Na6Ca6Mg2P8O31,97.44,2.937,2.4411
dentin,Na4Ca3Mg(PO4)4,96.27,2.896,2.3984
dentin,Na10Ca6Mg2P8O33,95.16,2.879,2.3627
dentin,Na6Ca3MgP4O17,93.93,2.871,2.3248
dentin,Na2Ca6Mg4P8O31,99.66,2.957,2.5102
dentin,Na2Ca6Mg6P8O33,104.43,2.95,2.649
dentin,Na2Ca6Mg8P8O35,109.05,2.921,2.7792
dentin,Na2Ca6Mg10P8O37,134.53,2.948,3.5335
dentin,Na2Ca6Mg12P8O39,109.18,2.903,2.7793
dentin,NaCa3MgP5O17,80.03,2.797,1.9015
dentin,Na4Ca6Mg2(P2O7)5,76.99,2.852,1.823
dentin,Na3Ca3MgP5O18,81.48,2.897,1.9638
dentin,Na8Ca6Mg2P10O37,88.99,2.913,2.1879
dentin,Na5Ca3MgP5O19,83.33,2.87,2.0128
dentin,Na12Ca6Mg2P10O39,96.29,2.848,2.3898
dentin,NaCa3Mg2P5O18,97.26,2.882,2.4248
dentin,NaCa3Mg3P5O19,102.86,2.914,2.5957
dentin,NaCa3Mg4(PO4)5,104.35,2.918,2.6402
dentin,NaCa3Mg5P5O21,129.22,2.934,3.3746
dentin,NaCa3Mg6P5O22,136.15,2.931,3.5778
dentin,Na2Ca6Mg2(P4O13)3,82.43,2.744,1.9616
dentin,Na2Ca3Mg(P3O10)2,81.37,2.758,1.9334
dentin,Na6Ca6Mg2P12O41,75.19,2.776,1.7552
dentin,Na4Ca3Mg(P2O7)3,77.79,2.831,1.8426
dentin,Na10Ca6Mg2P12O43,81.76,2.846,1.9623
dentin,Na6Ca3Mg(P3O11)2,80.28,2.843,1.9179
dentin,Na2Ca6Mg4P12O41,84.51,2.763,2.0266
dentin,Na2Ca6Mg6P12O43,99.03,2.833,2.4673
dentin,Na2Ca6Mg8(P4O15)3,101.34,2.879,2.5442
dentin,Na2Ca6Mg10P12O47,102.87,2.866,2.5867
dentin,Na2Ca6Mg12P12O49,101.91,2.882,2.5616
dentin,NaCa4MgPO8,99.95,3.025,2.532
dentin,Na4Ca8Mg2P2O17,101.1,2.99,2.5591
dentin,Na3Ca4MgPO9,95.78,2.95,2.3946
dentin,Na8Ca8Mg2P2O19,101.86,2.916,2.5669
dentin,Na5Ca4MgPO10,102.06,2.898,2.5694
dentin,Na12Ca8Mg2P2O21,102.11,2.831,2.5575
dentin,NaCa4Mg2PO9,102.86,3.028,2.6182
dentin,Na4Ca8Mg4P2O19,109.91,2.971,2.8142
dentin,Na3Ca4Mg2PO10,107.48,2.921,2.7329
dentin,Na8Ca8Mg4P2O21,101.7,2.902,2.5592
dentin,Na5Ca4Mg2PO11,102.53,2.866,2.5768
dentin,Na12Ca8Mg4P2O23,102.53,2.845,2.5726
dentin,NaCa4Mg3PO10,112.37,2.996,2.8914
dentin,Na4Ca8Mg6P2O21,109.05,2.969,2.7885
dentin,Na3Ca4Mg3PO11,101.35,2.915,2.5516
dentin,Na8Ca8Mg6P2O23,98.33,2.879,2.4558
dentin,Na5Ca4Mg3PO12,99.77,2.849,2.4922
dentin,Na12Ca8Mg6P2O25,98.82,2.818,2.4583
dentin,NaCa4Mg4PO11,110.83,2.964,2.84
dentin,Na4Ca8Mg8P2O23,105.9,2.941,2.6905
dentin,Na3Ca4Mg4PO12,100.27,2.895,2.516
dentin,Na8Ca8Mg8P2O25,100.14,2.862,2.5054
dentin,Na5Ca4Mg4PO13,100.14,2.849,2.503
dentin,Na12Ca8Mg8P2O27,99.75,2.799,2.4818
dentin,NaCa4Mg5PO12,107.59,2.93,2.7379
dentin,Na4Ca8Mg10P2O25,108.85,2.914,2.7719
dentin,Na3Ca4Mg5PO13,102.54,2.884,2.5804
dentin,Na8Ca8Mg10P2O27,104.23,2.858,2.625
dentin,Na5Ca4Mg5PO14,100.14,2.831,2.4994
dentin,Na12Ca8Mg10P2O29,99.42,2.817,2.4756
dentin,NaCa4Mg6PO13,113.4,2.931,2.9088
dentin,Na4Ca8Mg12P2O27,106.27,2.89,2.6914
dentin,Na3Ca4Mg6PO14,103.57,2.874,2.609
dentin,Na8Ca8Mg12P2O29,106.34,2.854,2.6862
dentin,Na5Ca4Mg6PO15,99.67,2.826,2.4846
dentin,Na12Ca8Mg12P2O31,99.1,2.812,2.4654
dentin,Na2Ca8Mg2P4O21,106.98,3.039,2.7414
dentin,Na2Ca4MgP2O11,104.86,3.015,2.6742
dentin,Na6Ca8Mg2P4O23,101.85,2.985,2.5801
dentin,Na4Ca4Mg(PO6)2,99.71,2.967,2.5137
dentin,Na10Ca8Mg2P4O25,91.11,2.936,2.2548
dentin,Na6Ca4MgP2O13,87.08,2.883,2.1258
dentin,Na2Ca8Mg4P4O23,109.24,3.009,2.802
dentin,Na2Ca8Mg6P4O25,111.84,3.041,2.8848
dentin,Na2Ca8Mg8P4O27,108.72,3.001,2.7851
dentin,Na2Ca8Mg10P4O29,108.72,2.98,2.7811
dentin,Na2Ca8Mg12P4O31,104.96,2.951,2.6649
dentin,NaCa4MgP3O13,107.13,3.057,2.7494
dentin,Na4Ca8Mg2(P2O9)3,107.45,3.022,2.7519
dentin,Na3Ca4MgP3O14,104.48,2.972,2.6546
dentin,Na8Ca8Mg2P6O29,99.72,2.929,2.5064
dentin,Na5Ca4Mg(PO5)3,95.16,2.925,2.3715
dentin,Na12Ca8Mg2P6O31,94.08,2.91,2.3368
dentin,NaCa4Mg2P3O14,105.21,3.01,2.6836
dentin,NaCa4Mg3(PO5)3,108.63,2.971,2.7765
dentin,NaCa4Mg4P3O16,109.2,2.966,2.7923
dentin,NaCa4Mg5P3O17,109.18,2.947,2.7881
dentin,NaCa4Mg6(PO6)3,112.27,2.952,2.8799
dentin,Na2Ca8Mg2P8O31,138.98,3.064,3.687
dentin,Na2Ca4Mg(PO4)4,105.24,3.0,2.6825
dentin,Na6Ca8Mg2P8O33,99.99,2.95,2.5184
dentin,Na4Ca4MgP4O17,102.55,2.937,2.5911
dentin,Na10Ca8Mg2P8O35,102.51,2.933,2.5892
dentin,Na6Ca4Mg(P2O9)2,93.65,2.896,2.3216
dentin,Na2Ca8Mg4P8O33,140.4,3.048,3.7259
dentin,Na2Ca8Mg6P8O35,108.01,2.996,2.7633
dentin,Na2Ca8Mg8P8O37,106.97,2.955,2.7248
dentin,Na2Ca8Mg10P8O39,104.1,2.921,2.6338
dentin,Na2Ca8Mg12P8O41,107.87,2.9,2.7404
dentin,NaCa4MgP5O18,88.92,2.93,2.1891
dentin,Na4Ca8Mg2P10O37,95.96,2.993,2.4085
dentin,Na3Ca4MgP5O19,97.22,2.995,2.4458
dentin,Na8Ca8Mg2P10O39,95.79,2.924,2.39
dentin,Na5Ca4Mg(PO4)5,96.94,2.911,2.4213
dentin,Na12Ca8Mg2P10O41,95.0,2.895,2.361
dentin,NaCa4Mg2P5O19,97.97,2.95,2.459
dentin,NaCa4Mg3(PO4)5,99.21,2.976,2.5007
dentin,NaCa4Mg4P5O21,108.24,2.962,2.7632
dentin,NaCa4Mg5P5O22,109.34,2.951,2.7933
dentin,NaCa4Mg6P5O23,108.89,2.924,2.775
dentin,Na2Ca8Mg2P12O41,80.74,2.82,1.9271
dentin,Na2Ca4Mg(P2O7)3,76.28,2.854,1.8025
dentin,Na6Ca8Mg2P12O43,82.9,2.92,2.0101
dentin,Na4Ca4Mg(P3O11)2,89.18,2.927,2.1963
dentin,Na10Ca8Mg2(P4O15)3,98.17,2.934,2.4617
dentin,Na6Ca4MgP6O23,94.64,2.878,2.347
dentin,Na2Ca8Mg4P12O43,99.1,2.906,2.4837
dentin,Na2Ca8Mg6(P4O15)3,100.63,2.945,2.5362
dentin,Na2Ca8Mg8P12O47,105.3,2.94,2.6725
dentin,Na2Ca8Mg10P12O49,131.74,2.945,3.4509
dentin,Na2Ca8Mg12(P4O17)3,133.82,2.943,3.5117
dentin,NaCa5MgPO9,100.62,3.058,2.5581
dentin,Na4Ca10Mg2P2O19,110.69,3.008,2.8444
dentin,Na3Ca5MgPO10,111.05,2.978,2.8493
dentin,Na8Ca10Mg2P2O21,101.58,2.948,2.5647
dentin,Na5Ca5MgPO11,101.24,2.896,2.5445
dentin,Na12Ca10Mg2P2O23,102.03,2.849,2.5586
dentin,NaCa5Mg2PO10,110.6,3.018,2.8436
dentin,Na4Ca10Mg4P2O21,111.59,2.982,2.8658
dentin,Na3Ca5Mg2PO11,111.39,2.957,2.855
dentin,Na8Ca10Mg4P2O23,101.97,2.922,2.571
dentin,Na5Ca5Mg2PO12,102.83,2.898,2.5917
dentin,Na12Ca10Mg4P2O25,101.87,2.853,2.5547
dentin,NaCa5Mg3PO11,111.2,3.029,2.8636
dentin,Na4Ca10Mg6P2O23,111.74,2.964,2.8665
dentin,Na3Ca5Mg3PO12,107.58,2.928,2.7372
dentin,Na8Ca10Mg6P2O25,102.2,2.898,2.5733
dentin,Na5Ca5Mg3PO13,102.25,2.875,2.5702
dentin,Na12Ca10Mg6P2O27,102.85,2.856,2.5841
dentin,NaCa5Mg4PO12,112.37,3.012,2.8947
dentin,Na4Ca10Mg8P2O25,112.07,2.965,2.8764
dentin,Na3Ca5Mg4PO13,107.25,2.928,2.7274
dentin,Na8Ca10Mg8P2O27,108.49,2.886,2.7556
dentin,Na5Ca5Mg4PO14,104.01,2.863,2.6194
dentin,Na12Ca10Mg8P2O29,103.71,2.829,2.604
dentin,NaCa5Mg5PO13,111.23,2.983,2.8555
dentin,Na4Ca10Mg10P2O27,105.21,2.949,2.6717
dentin,Na3Ca5Mg5PO14,104.27,2.91,2.6365
dentin,Na8Ca10Mg10P2O29,104.41,2.88,2.6348
dentin,Na5Ca5Mg5PO15,100.14,2.868,2.5068
dentin,Na12Ca10Mg10P2O31,100.81,2.837,2.5204
dentin,NaCa5Mg6PO14,106.74,2.95,2.7169
dentin,Na4Ca10Mg12P2O29,107.05,2.931,2.7223
dentin,Na3Ca5Mg6PO15,104.81,2.9,2.6504
dentin,Na8Ca10Mg12P2O31,104.95,2.864,2.6475
dentin,Na5Ca5Mg6PO16,104.72,2.85,2.638
dentin,Na12Ca10Mg12P2O33,100.14,2.839,2.501
dentin,Na2Ca10Mg2P4O23,100.27,3.068,2.5497
dentin,Na2Ca5Mg(PO6)2,99.46,3.039,2.5203
dentin,Na6Ca10Mg2P4O25,97.45,3.009,2.4553
dentin,Na4Ca5MgP2O13,93.89,2.971,2.3431
dentin,Na10Ca10Mg2P4O27,89.46,2.932,2.2054
dentin,Na6Ca5Mg(PO7)2,90.56,2.906,2.2327
dentin,Na2Ca10Mg4P4O25,103.34,3.044,2.6355
dentin,Na2Ca10Mg6P4O27,102.26,3.005,2.596
dentin,Na2Ca10Mg8P4O29,102.95,2.974,2.6104
dentin,Na2Ca10Mg10P4O31,108.57,2.978,2.7763
dentin,Na2Ca10Mg12P4O33,110.31,3.002,2.8321
dentin,NaCa5MgP3O14,106.97,3.065,2.7461
dentin,Na4Ca10Mg2P6O29,108.44,3.019,2.7806
dentin,Na3Ca5Mg(PO5)3,108.56,2.986,2.7775
dentin,Na8Ca10Mg2P6O31,107.77,2.981,2.7532
dentin,Na5Ca5MgP3O16,97.99,2.955,2.4607
dentin,Na12Ca10Mg2(P2O11)3,93.72,2.947,2.3336
dentin,NaCa5Mg2(PO5)3,109.82,3.06,2.829
dentin,NaCa5Mg3P3O16,111.37,3.04,2.8705
dentin,NaCa5Mg4P3O17,111.02,3.005,2.8537
dentin,NaCa5Mg5(PO6)3,109.75,2.976,2.8105
dentin,NaCa5Mg6P3O19,110.19,2.966,2.8214
dentin,Na2Ca10Mg2P8O33,106.87,3.061,2.7427
dentin,Na2Ca5MgP4O17,105.04,3.028,2.6823
dentin,Na6Ca10Mg2P8O35,103.27,2.993,2.6233
dentin,Na4Ca5Mg(P2O9)2,103.82,2.964,2.6337
dentin,Na10Ca10Mg2P8O37,103.75,2.927,2.6245
dentin,Na6Ca5MgP4O19,96.52,2.919,2.4104
dentin,Na2Ca10Mg4P8O35,108.36,3.032,2.7806
dentin,Na2Ca10Mg6P8O37,104.04,3.001,2.6476
dentin,Na2Ca10Mg8P8O39,107.53,2.977,2.7453
dentin,Na2Ca10Mg10P8O41,112.29,2.971,2.8843
dentin,Na2Ca10Mg12P8O43,111.9,2.959,2.8703
dentin,NaCa5MgP5O19,99.72,3.036,2.5273
dentin,Na4Ca10Mg2P10O39,102.66,3.027,2.6122
dentin,Na3Ca5Mg(PO4)5,99.96,2.985,2.5247
dentin,Na8Ca10Mg2P10O41,99.91,2.951,2.5164
dentin,Na5Ca5MgP5O21,102.9,2.934,2.601
dentin,Na12Ca10Mg2P10O43,101.57,2.94,2.5629
dentin,NaCa5Mg2(PO4)5,138.29,3.051,3.6644
dentin,NaCa5Mg3P5O21,106.87,3.029,2.7363
dentin,NaCa5Mg4P5O22,106.05,3.01,2.7082
dentin,NaCa5Mg5P5O23,107.36,2.967,2.7386
dentin,NaCa5Mg6P5O24,106.67,2.935,2.7119
dentin,Na2Ca10Mg2P12O43,91.61,2.944,2.2708
dentin,Na2Ca5Mg(P3O11)2,93.85,2.973,2.3424
dentin,Na6Ca10Mg2(P4O15)3,109.9,3.029,2.8254
dentin,Na4Ca5MgP6O23,97.7,2.964,2.454
dentin,Na10Ca10Mg2P12O47,95.97,2.931,2.3964
dentin,Na6Ca5Mg(PO4)6,96.94,2.915,2.4221
dentin,Na2Ca10Mg4(P4O15)3,96.88,2.964,2.43
dentin,Na2Ca10Mg6P12O47,100.12,2.969,2.5258
dentin,Na2Ca10Mg8P12O49,100.57,2.972,2.5397
dentin,Na2Ca10Mg10(P4O17)3,107.79,2.963,2.7504
dentin,Na2Ca10Mg12P12O53,108.06,2.959,2.7575
dentin,NaCa6MgPO10,111.31,3.072,2.8752
dentin,Na4Ca12Mg2P2O21,109.6,3.033,2.8172
dentin,Na3Ca6MgPO11,113.68,2.995,2.9299
dentin,Na8Ca12Mg2P2O23,106.49,2.976,2.7147
dentin,Na5Ca6MgPO12,103.15,2.922,2.6058
dentin,Na12Ca12Mg2P2O25,100.63,2.87,2.5217
dentin,NaCa6Mg2PO11,111.47,3.032,2.8719
dentin,Na4Ca12Mg4P2O23,109.47,3.003,2.8074
dentin,Na3Ca6Mg2PO12,113.63,2.982,2.9258
dentin,Na8Ca12Mg4P2O25,103.33,2.944,2.6155
dentin,Na5Ca6Mg2PO13,103.33,2.918,2.6102
dentin,Na12Ca12Mg4P2O27,101.83,2.875,2.5579
dentin,NaCa6Mg3PO12,112.36,3.017,2.8951
dentin,Na4Ca12Mg6P2O25,110.82,2.968,2.8404
dentin,Na3Ca6Mg3PO13,112.94,2.955,2.9002
dentin,Na8Ca12Mg6P2O27,108.24,2.927,2.7565
dentin,Na5Ca6Mg3PO14,103.56,2.905,2.6145
dentin,Na12Ca12Mg6P2O29,102.03,2.886,2.5659
dentin,NaCa6Mg4PO13,112.13,3.024,2.8898
dentin,Na4Ca12Mg8P2O27,111.74,2.963,2.8666
dentin,Na3Ca6Mg4PO14,109.11,2.926,2.7818
dentin,Na8Ca12Mg8P2O29,108.5,2.905,2.7596
dentin,Na5Ca6Mg4PO15,102.2,2.881,2.5699
dentin,Na12Ca12Mg8P2O31,102.25,2.867,2.5689
dentin,NaCa6Mg5PO14,115.09,3.012,2.9745
dentin,Na4Ca12Mg10P2O29,111.6,2.967,2.8632
dentin,Na3Ca6Mg5PO15,106.62,2.937,2.7109
dentin,Na8Ca12Mg10P2O31,109.01,2.899,2.7737
dentin,Na5Ca6Mg5PO16,107.9,2.871,2.7355
dentin,Na12Ca12Mg10P2O33,104.01,2.852,2.6173
dentin,NaCa6Mg6PO15,115.09,2.992,2.9706
dentin,Na4Ca12Mg12P2O31,113.77,2.961,2.9257
dentin,Na3Ca6Mg6PO16,107.17,2.924,2.7245
dentin,Na8Ca12Mg12P2O33,109.85,2.897,2.7978
dentin,Na5Ca6Mg6PO17,108.63,2.885,2.7596
dentin,Na12Ca12Mg12P2O35,104.57,2.853,2.634
dentin,Na2Ca12Mg2P4O25,102.67,3.086,2.624
dentin,Na2Ca6MgP2O13,100.32,3.058,2.5493
dentin,Na6Ca12Mg2P4O27,100.1,3.012,2.5337
dentin,Na4Ca6Mg(PO7)2,99.3,2.988,2.5056
dentin,Na10Ca12Mg2P4O29,94.11,2.951,2.3456
dentin,Na6Ca6MgP2O15,94.94,2.935,2.367
dentin,Na2Ca12Mg4P4O27,104.68,3.068,2.6794
dentin,Na2Ca12Mg6P4O29,100.43,3.033,2.5478
dentin,Na2Ca12Mg8P4O31,100.36,3.003,2.5398
dentin,Na2Ca12Mg10P4O33,100.58,2.975,2.5406
dentin,Na2Ca12Mg12P4O35,96.64,2.952,2.4205
dentin,NaCa6Mg(PO5)3,98.41,3.042,2.4902
dentin,Na4Ca12Mg2P6O31,106.59,3.04,2.7302
dentin,Na3Ca6MgP3O16,103.7,3.02,2.6413
dentin,Na8Ca12Mg2(P2O11)3,101.49,3.009,2.5741
dentin,Na5Ca6MgP3O17,96.09,2.984,2.4105
dentin,Na12Ca12Mg2P6O35,94.89,2.968,2.372
dentin,NaCa6Mg2P3O16,104.3,3.021,2.659
dentin,NaCa6Mg3P3O17,109.22,3.034,2.8064
dentin,NaCa6Mg4(PO6)3,110.42,3.05,2.8447
dentin,NaCa6Mg5P3O19,110.79,3.036,2.8528
dentin,NaCa6Mg6P3O20,110.79,3.013,2.8481
dentin,Na2Ca12Mg2P8O35,105.17,3.097,2.6996
dentin,Na2Ca6Mg(P2O9)2,105.61,3.078,2.7086
dentin,Na6Ca12Mg2P8O37,108.98,3.024,2.7973
dentin,Na4Ca6MgP4O19,105.4,2.979,2.6831
dentin,Na10Ca12Mg2P8O39,103.45,2.966,2.6232
dentin,Na6Ca6Mg(PO5)4,98.1,2.962,2.4653
dentin,Na2Ca12Mg4P8O37,105.54,3.071,2.7055
dentin,Na2Ca12Mg6P8O39,107.53,3.019,2.7536
dentin,Na2Ca12Mg8P8O41,109.0,3.005,2.7943
dentin,Na2Ca12Mg10P8O43,109.2,2.988,2.7967
dentin,Na2Ca12Mg12P8O45,109.91,2.977,2.8155
dentin,NaCa6Mg(PO4)5,107.46,3.06,2.7595
dentin,Na4Ca12Mg2P10O41,104.56,3.043,2.6709
dentin,Na3Ca6MgP5O21,100.8,3.004,2.553
dentin,Na8Ca12Mg2P10O43,102.8,2.985,2.6079
dentin,Na5Ca6MgP5O22,105.28,2.965,2.677
dentin,Na12Ca12Mg2(P2O9)5,103.47,2.948,2.6205
dentin,NaCa6Mg2P5O21,107.78,3.045,2.7661
dentin,NaCa6Mg3P5O22,107.07,3.046,2.7456
dentin,NaCa6Mg4P5O23,107.59,3.047,2.7611
dentin,NaCa6Mg5P5O24,109.36,3.005,2.8046
dentin,NaCa6Mg6(PO5)5,106.51,2.964,2.7128
dentin,Na2Ca12Mg2(P4O15)3,100.16,3.03,2.539
dentin,Na2Ca6MgP6O23,102.46,3.04,2.6088
dentin,Na6Ca12Mg2P12O47,102.64,3.002,2.6067
dentin,Na4Ca6Mg(PO4)6,99.96,2.973,2.5221
dentin,Na10Ca12Mg2P12O49,100.47,2.953,2.5329
dentin,Na6Ca6MgP6O25,102.86,2.939,2.6008
dentin,Na2Ca12Mg4P12O47,102.52,3.038,2.61
dentin,Na2Ca12Mg6P12O49,107.43,3.031,2.753
dentin,Na2Ca12Mg8(P4O17)3,106.43,3.024,2.7224
dentin,Na2Ca12Mg10P12O53,105.78,3.004,2.6993
dentin,Na2Ca12Mg12P12O55,107.54,2.97,2.7444
dentin,Sr2Ca2Mg2P2O11,128.06,3.472,3.4461
dentin,Sr4Ca2Mg2P2O13,134.59,3.992,3.7402
dentin,Sr6Ca2Mg2P2O15,150.61,4.273,4.2664
dentin,Sr8Ca2Mg2P2O17,129.55,4.53,3.6975
dentin,Sr10Ca2Mg2P2O19,115.26,4.145,3.2018
dentin,Sr12Ca2Mg2P2O21,118.7,4.166,3.3071
dentin,Sr2Ca2Mg4P2O13,130.54,3.361,3.4974
dentin,Sr4Ca2Mg4P2O15,136.86,3.767,3.7626
dentin,Sr6Ca2Mg4P2O17,151.64,4.064,4.2554
dentin,Sr8Ca2Mg4P2O19,164.57,4.285,4.6789
dentin,Sr10Ca2Mg4P2O21,140.96,4.435,4.0142
dentin,Sr12Ca2Mg4P2O23,125.22,4.343,3.5336
dentin,Sr2Ca2Mg6P2O15,122.02,3.232,3.2215
dentin,Sr4Ca2Mg6P2O17,135.98,3.578,3.6999
dentin,Sr6Ca2Mg6P2O19,140.71,3.891,3.9002
dentin,Sr8Ca2Mg6P2O21,167.74,4.124,4.7408
dentin,Sr10Ca2Mg6P2O23,168.19,4.272,4.7828
dentin,Sr12Ca2Mg6P2O25,150.41,4.395,4.2844
dentin,Sr2Ca2Mg8P2O17,118.87,3.198,3.1222
dentin,Sr4Ca2Mg8P2O19,136.54,3.461,3.6934
dentin,Sr6Ca2Mg8P2O21,145.59,3.736,4.0131
dentin,Sr8Ca2Mg8P2O23,151.05,3.978,4.2213
dentin,Sr10Ca2Mg8P2O25,171.43,4.166,4.8573
dentin,Sr12Ca2Mg8P2O27,168.19,4.273,4.7831
dentin,Sr2Ca2Mg10P2O19,136.57,3.2,3.6428
dentin,Sr4Ca2Mg10P2O21,136.25,3.408,3.6743
dentin,Sr6Ca2Mg10P2O23,146.28,3.622,4.0113
dentin,Sr8Ca2Mg10P2O25,145.09,3.85,4.0211
dentin,Sr10Ca2Mg10P2O27,164.8,4.043,4.6384
dentin,Sr12Ca2Mg10P2O29,171.48,4.189,4.8632
dentin,Sr2Ca2Mg12P2O21,134.82,3.16,3.5837
dentin,Sr4Ca2Mg12P2O23,129.62,3.34,3.4662
dentin,Sr6Ca2Mg12P2O25,140.52,3.523,3.8227
dentin,Sr8Ca2Mg12P2O27,150.85,3.734,4.1677
dentin,Sr10Ca2Mg12P2O29,151.09,3.933,4.2137
dentin,Sr12Ca2Mg12P2O31,172.57,4.082,4.8745
dentin,SrCaMg(PO4)2,107.46,3.307,2.8083
dentin,Sr2CaMgP2O9,126.6,3.606,3.4295
dentin,Sr3CaMg(PO5)2,121.73,3.92,3.3479
dentin,Sr4CaMgP2O11,140.38,4.176,3.9465
dentin,Sr5CaMg(PO6)2,141.55,4.367,4.0182
dentin,Sr6CaMgP2O13,119.33,4.499,3.3909
dentin,SrCaMg2P2O9,115.61,3.261,3.0386
dentin,Sr2CaMg2(PO5)2,122.33,3.49,3.2813
dentin,Sr3CaMg2P2O11,135.91,3.775,3.7363
dentin,Sr4CaMg2(PO6)2,140.55,4.029,3.9228
dentin,Sr5CaMg2P2O13,148.22,4.239,4.1892
dentin,Sr6CaMg2(PO7)2,139.29,4.344,3.9473
dentin,SrCaMg3(PO5)2,117.74,3.189,3.0871
dentin,Sr2CaMg3P2O11,126.93,3.41,3.4006
dentin,Sr3CaMg3(PO6)2,141.25,3.662,3.8711
dentin,Sr4CaMg3P2O13,132.11,3.915,3.652
dentin,Sr5CaMg3(PO7)2,150.75,4.093,4.2351
dentin,Sr6CaMg3P2O15,149.59,4.231,4.228
dentin,SrCaMg4P2O11,123.57,3.152,3.2514
dentin,Sr2CaMg4(PO6)2,124.09,3.353,3.306
dentin,Sr3CaMg4P2O13,136.88,3.557,3.7222
dentin,Sr4CaMg4(PO7)2,138.06,3.791,3.8028
dentin,Sr5CaMg4P2O15,132.51,3.97,3.6746
dentin,Sr6CaMg4(PO8)2,152.6,4.115,4.2939
dentin,SrCaMg5(PO6)2,124.17,3.142,3.2669
dentin,Sr2CaMg5P2O13,122.0,3.276,3.2296
dentin,Sr3CaMg5(PO7)2,135.18,3.522,3.6654
dentin,Sr4CaMg5P2O15,138.41,3.684,3.7921
dentin,Sr5CaMg5(PO8)2,132.89,3.865,3.6651
dentin,Sr6CaMg5P2O17,148.37,4.014,4.1496
dentin,SrCaMg6P2O13,126.58,3.129,3.3354
dentin,Sr2CaMg6(PO7)2,121.26,3.265,3.2057
dentin,Sr3CaMg6P2O15,131.24,3.451,3.5355
dentin,Sr4CaMg6(PO8)2,136.75,3.598,3.7262
dentin,Sr5CaMg6P2O17,137.21,3.77,3.7737
dentin,Sr6CaMg6(PO9)2,137.28,3.926,3.8061
dentin,Sr2Ca2Mg2(P2O7)3,104.11,3.141,2.6771
dentin,Sr4Ca2Mg2P6O23,109.69,3.378,2.8878
dentin,Sr6Ca2Mg2P6O25,127.32,3.655,3.4602
dentin,Sr8Ca2Mg2(P2O9)3,117.25,3.909,3.2143
dentin,Sr10Ca2Mg2P6O29,133.74,4.108,3.7378
dentin,Sr12Ca2Mg2P6O31,137.14,4.276,3.8708
dentin,Sr2Ca2Mg4P6O23,120.95,3.176,3.1789
dentin,Sr4Ca2Mg4P6O25,111.22,3.388,2.9345
dentin,Sr6Ca2Mg4(P2O9)3,126.59,3.585,3.4252
dentin,Sr8Ca2Mg4P6O29,128.25,3.799,3.5158
dentin,Sr10Ca2Mg4P6O31,123.51,3.969,3.41
dentin,Sr12Ca2Mg4(P2O11)3,140.89,4.13,3.9524
dentin,Sr2Ca2Mg6P6O25,114.65,3.174,2.9934
dentin,Sr4Ca2Mg6(P2O9)3,119.62,3.394,3.1828
dentin,Sr6Ca2Mg6P6O29,122.64,3.508,3.2939
dentin,Sr8Ca2Mg6P6O31,130.06,3.681,3.546
dentin,Sr10Ca2Mg6(P2O11)3,128.96,3.874,3.5513
dentin,Sr12Ca2Mg6P6O35,135.97,4.034,3.7889
dentin,Sr2Ca2Mg8(P2O9)3,118.54,3.185,3.11
dentin,Sr4Ca2Mg8P6O29,117.07,3.317,3.0927
dentin,Sr6Ca2Mg8P6O31,116.41,3.44,3.0975
dentin,Sr8Ca2Mg8(P2O11)3,137.22,3.589,3.7383
dentin,Sr10Ca2Mg8P6O35,137.9,3.789,3.7976
dentin,Sr12Ca2Mg8P6O37,132.85,3.964,3.6834
dentin,Sr2Ca2Mg10P6O29,130.24,3.115,3.4403
dentin,Sr4Ca2Mg10P6O31,115.23,3.27,3.0293
dentin,Sr6Ca2Mg10(P2O11)3,119.5,3.384,3.177
dentin,Sr8Ca2Mg10P6O35,133.17,3.576,3.6168
dentin,Sr10Ca2Mg10P6O37,141.25,3.711,3.8809
dentin,Sr12Ca2Mg10(P2O13)3,133.99,3.872,3.6989
dentin,Sr2Ca2Mg12P6O31,124.51,3.065,3.2618
dentin,Sr4Ca2Mg12(P2O11)3,120.79,3.232,3.1852
dentin,Sr6Ca2Mg12P6O35,118.43,3.344,3.138
dentin,Sr8Ca2Mg12P6O37,135.51,3.522,3.6748
dentin,Sr10Ca2Mg12(P2O13)3,141.36,3.645,3.8712
dentin,Sr12Ca2Mg12P6O41,138.26,3.799,3.8101
dentin,SrCaMgP4O13,90.24,3.026,2.2467
dentin,Sr2CaMg(P2O7)2,105.4,3.286,2.7433
dentin,Sr3CaMgP4O15,110.88,3.458,2.9382
dentin,Sr4CaMg(PO4)4,126.01,3.683,3.4274
dentin,Sr5CaMgP4O17,119.81,3.89,3.2857
dentin,Sr6CaMg(P2O9)2,127.14,4.062,3.5347
dentin,SrCaMg2(P2O7)2,103.04,3.051,2.6279
dentin,Sr2CaMg2P4O15,118.73,3.26,3.1305
dentin,Sr3CaMg2(PO4)4,110.71,3.418,2.9255
dentin,Sr4CaMg2P4O17,129.12,3.635,3.5091
dentin,Sr5CaMg2(P2O9)2,125.2,3.797,3.4259
dentin,Sr6CaMg2P4O19,116.63,3.967,3.2072
dentin,SrCaMg3P4O15,127.0,3.116,3.345
dentin,Sr2CaMg3(PO4)4,104.83,3.235,2.7165
dentin,Sr3CaMg3P4O17,112.8,3.375,2.9785
dentin,Sr4CaMg3(P2O9)2,120.99,3.564,3.2565
dentin,Sr5CaMg3P4O19,126.85,3.707,3.4567
dentin,Sr6CaMg3(PO5)4,122.36,3.875,3.3577
dentin,SrCaMg4(PO4)4,116.72,3.102,3.04
dentin,Sr2CaMg4P4O17,108.9,3.231,2.8356
dentin,Sr3CaMg4(P2O9)2,113.22,3.415,2.9986
dentin,Sr4CaMg4P4O19,120.41,3.509,3.2284
dentin,Sr5CaMg4(PO5)4,131.36,3.611,3.5706
dentin,Sr6CaMg4P4O21,130.97,3.788,3.5938
dentin,SrCaMg5P4O17,123.41,3.105,3.2373
dentin,Sr2CaMg5(P2O9)2,124.53,3.305,3.3097
dentin,Sr3CaMg5P4O19,118.31,3.397,3.1448
dentin,Sr4CaMg5(PO5)4,116.38,3.451,3.0986
dentin,Sr5CaMg5P4O21,132.35,3.593,3.5958
dentin,Sr6CaMg5(P2O11)2,134.91,3.716,3.6954
dentin,SrCaMg6(P2O9)2,143.35,3.125,3.8276
dentin,Sr2CaMg6P4O19,126.43,3.261,3.3569
dentin,Sr3CaMg6(PO5)4,114.93,3.345,3.0352
dentin,Sr4CaMg6P4O21,117.06,3.403,3.1091
dentin,Sr5CaMg6(P2O11)2,132.1,3.549,3.5801
dentin,Sr6CaMg6P4O23,138.13,3.662,3.7793
dentin,Sr2Ca2Mg2P10O31,95.67,2.946,2.3906
dentin,Sr4Ca2Mg2P10O33,89.22,3.188,2.2485
dentin,Sr6Ca2Mg2(P2O7)5,107.61,3.408,2.8322
dentin,Sr8Ca2Mg2P10O37,119.82,3.527,3.2147
dentin,Sr10Ca2Mg2P10O39,125.91,3.702,3.428
dentin,Sr12Ca2Mg2P10O41,119.82,3.858,3.2795
dentin,Sr2Ca2Mg4P10O33,92.33,2.94,2.2914
dentin,Sr4Ca2Mg4(P2O7)5,104.19,3.185,2.688
dentin,Sr6Ca2Mg4P10O37,116.39,3.392,3.0874
dentin,Sr8Ca2Mg4P10O39,110.43,3.475,2.9282
dentin,Sr10Ca2Mg4P10O41,126.98,3.66,3.4513
dentin,Sr12Ca2Mg4P10O43,124.98,3.792,3.4185
dentin,Sr2Ca2Mg6(P2O7)5,106.65,2.974,2.7188
dentin,Sr4Ca2Mg6P10O37,116.53,3.229,3.0595
dentin,Sr6Ca2Mg6P10O39,107.93,3.345,2.8295
dentin,Sr8Ca2Mg6P10O41,110.59,3.439,2.9261
dentin,Sr10Ca2Mg6P10O43,127.83,3.602,3.465
dentin,Sr12Ca2Mg6(P2O9)5,126.32,3.71,3.4418
dentin,Sr2Ca2Mg8P10O37,124.05,3.038,3.2431
dentin,Sr4Ca2Mg8P10O39,115.78,3.221,3.0359
dentin,Sr6Ca2Mg8P10O41,108.5,3.313,2.84
dentin,Sr8Ca2Mg8P10O43,112.7,3.401,2.9807
dentin,Sr10Ca2Mg8(P2O9)5,120.99,3.555,3.2546
dentin,Sr12Ca2Mg8P10O47,127.99,3.652,3.4796
dentin,Sr2Ca2Mg10P10O39,126.38,3.017,3.3074
dentin,Sr4Ca2Mg10P10O41,111.84,3.197,2.9155
dentin,Sr6Ca2Mg10P10O43,108.74,3.298,2.8439
dentin,Sr8Ca2Mg10(P2O9)5,115.68,3.42,3.072
dentin,Sr10Ca2Mg10P10O47,121.95,3.514,3.2748
dentin,Sr12Ca2Mg10P10O49,131.51,3.62,3.5765
dentin,Sr2Ca2Mg12P10O41,116.44,3.023,3.0164
dentin,Sr4Ca2Mg12P10O43,114.02,3.191,2.978
dentin,Sr6Ca2Mg12(P2O9)5,114.96,3.289,3.025
dentin,Sr8Ca2Mg12P10O47,116.52,3.406,3.0939
dentin,Sr10Ca2Mg12P10O49,115.85,3.461,3.085
dentin,Sr12Ca2Mg12P10O51,127.22,3.577,3.442
dentin,SrCaMg(PO3)6,83.13,2.869,2.007
dentin,Sr2CaMgP6O19,90.76,3.101,2.2767
dentin,Sr3CaMg(P3O10)2,87.81,3.268,2.2226
dentin,Sr4CaMg(P2O7)3,107.4,3.493,2.8427
dentin,Sr5CaMg(P3O11)2,129.37,3.575,3.5049
dentin,Sr6CaMgP6O23,119.77,3.708,3.2488
dentin,SrCaMg2P6O19,89.66,2.881,2.2012
dentin,Sr2CaMg2(P3O10)2,90.6,3.086,2.2692
dentin,Sr3CaMg2(P2O7)3,104.5,3.245,2.709
dentin,Sr4CaMg2(P3O11)2,117.16,3.428,3.1171
dentin,Sr5CaMg2P6O23,116.03,3.517,3.1011
dentin,Sr6CaMg2(PO4)6,121.86,3.672,3.303
dentin,SrCaMg3(P3O10)2,90.58,2.873,2.2267
dentin,Sr2CaMg3(P2O7)3,101.21,3.097,2.5832
dentin,Sr3CaMg3(P3O11)2,113.9,3.236,2.9834
dentin,Sr4CaMg3P6O23,111.34,3.44,2.9484
dentin,Sr5CaMg3(PO4)6,111.49,3.478,2.9602
dentin,Sr6CaMg3P6O25,127.62,3.635,3.4653
dentin,SrCaMg4(P2O7)3,105.87,2.921,2.6856
dentin,Sr2CaMg4(P3O11)2,117.53,3.168,3.077
dentin,Sr3CaMg4P6O23,117.27,3.246,3.0845
dentin,Sr4CaMg4(PO4)6,107.69,3.401,2.8332
dentin,Sr5CaMg4P6O25,111.36,3.451,2.951
dentin,Sr6CaMg4(P3O13)2,127.54,3.583,3.4528
dentin,SrCaMg5(P3O11)2,122.4,2.956,3.1784
dentin,Sr2CaMg5P6O23,125.77,3.188,3.3231
dentin,Sr3CaMg5(PO4)6,111.34,3.302,2.9213
dentin,Sr4CaMg5P6O25,111.35,3.372,2.9353
dentin,Sr5CaMg5(P3O13)2,113.79,3.42,3.0162
dentin,Sr6CaMg5(P2O9)3,120.71,3.544,3.2442
dentin,SrCaMg6P6O23,129.71,2.978,3.3979
dentin,Sr2CaMg6(PO4)6,115.43,3.179,3.0171
dentin,Sr3CaMg6P6O25,117.51,3.3,3.1023
dentin,Sr4CaMg6(P3O13)2,112.5,3.358,2.9661
dentin,Sr5CaMg6(P2O9)3,115.68,3.384,3.0649
dentin,Sr6CaMg6(P3O14)2,117.86,3.52,3.1557
dentin,Sr2Ca4Mg2P2O13,129.58,3.497,3.4959
dentin,Sr4Ca4Mg2P2O15,133.77,3.878,3.6936
dentin,Sr6Ca4Mg2P2O17,152.65,4.158,4.3037
dentin,Sr8Ca4Mg2P2O19,152.71,4.326,4.3384
dentin,Sr10Ca4Mg2P2O21,127.31,4.148,3.5568
dentin,Sr12Ca4Mg2P2O23,116.17,4.04,3.2079
dentin,Sr2Ca4Mg4P2O15,125.23,3.341,3.3373
dentin,Sr4Ca4Mg4P2O17,135.93,3.693,3.7209
dentin,Sr6Ca4Mg4P2O19,161.53,3.993,4.5325
dentin,Sr8Ca4Mg4P2O21,170.34,4.164,4.8248
dentin,Sr10Ca4Mg4P2O23,163.09,4.319,4.6421
dentin,Sr12Ca4Mg4P2O25,127.57,4.204,3.5753
dentin,Sr2Ca4Mg6P2O17,123.27,3.265,3.2649
dentin,Sr4Ca4Mg6P2O19,141.18,3.566,3.8503
dentin,Sr6Ca4Mg6P2O21,152.21,3.835,4.2273
dentin,Sr8Ca4Mg6P2O23,167.84,4.052,4.7295
dentin,Sr10Ca4Mg6P2O25,163.6,4.176,4.629
dentin,Sr12Ca4Mg6P2O27,164.38,4.293,4.675
dentin,Sr2Ca4Mg8P2O19,131.85,3.196,3.5033
dentin,Sr4Ca4Mg8P2O21,134.6,3.441,3.6322
dentin,Sr6Ca4Mg8P2O23,146.99,3.709,4.049
dentin,Sr8Ca4Mg8P2O25,153.24,3.935,4.2773
dentin,Sr10Ca4Mg8P2O27,169.3,4.086,4.779
dentin,Sr12Ca4Mg8P2O29,163.02,4.169,4.6105
dentin,Sr2Ca4Mg10P2O21,125.33,3.13,3.2987
dentin,Sr4Ca4Mg10P2O23,134.01,3.355,3.5981
dentin,Sr6Ca4Mg10P2O25,148.05,3.6,4.0591
dentin,Sr8Ca4Mg10P2O27,151.96,3.815,4.2159
dentin,Sr10Ca4Mg10P2O29,154.4,3.986,4.3214
dentin,Sr12Ca4Mg10P2O31,170.42,4.116,4.818
dentin,Sr2Ca4Mg12P2O23,125.3,3.141,3.3
dentin,Sr4Ca4Mg12P2O25,130.38,3.325,3.4853
dentin,Sr6Ca4Mg12P2O27,138.17,3.503,3.7494
dentin,Sr8Ca4Mg12P2O29,150.46,3.718,4.153
dentin,Sr10Ca4Mg12P2O31,149.1,3.89,4.1467
dentin,Sr12Ca4Mg12P2O33,168.04,4.024,4.7299
dentin,SrCa2MgP2O9,110.41,3.275,2.8888
dentin,Sr2Ca2Mg(PO5)2,127.51,3.579,3.4512
dentin,Sr3Ca2MgP2O11,132.37,3.872,3.6514
dentin,Sr4Ca2Mg(PO6)2,144.89,4.129,4.0699
dentin,Sr5Ca2MgP2O13,144.56,4.289,4.0915
dentin,Sr6Ca2Mg(PO7)2,138.82,4.411,3.9467
dentin,SrCa2Mg2(PO5)2,111.24,3.225,2.9031
dentin,SrCa2Mg3P2O11,121.6,3.23,3.2087
dentin,SrCa2Mg4(PO6)2,123.43,3.197,3.256
dentin,SrCa2Mg5P2O13,124.13,3.148,3.267
dentin,SrCa2Mg6(PO7)2,124.56,3.121,3.2742
dentin,Sr2Ca4Mg2P6O23,107.87,3.185,2.7964
dentin,Sr4Ca4Mg2P6O25,113.6,3.4,3.0069
dentin,Sr6Ca4Mg2(P2O9)3,126.39,3.649,3.4318
dentin,Sr8Ca4Mg2P6O29,124.7,3.88,3.4276
dentin,Sr10Ca4Mg2P6O31,133.91,4.044,3.7302
dentin,Sr12Ca4Mg2(P2O11)3,143.12,4.2,4.0318
dentin,Sr2Ca4Mg4P6O25,106.94,3.162,2.7645
dentin,Sr2Ca4Mg6(P2O9)3,116.04,3.167,3.0328
dentin,Sr2Ca4Mg8P6O29,125.54,3.165,3.3119
dentin,Sr2Ca4Mg10P6O31,121.33,3.139,3.1828
dentin,Sr2Ca4Mg12(P2O11)3,124.46,3.093,3.266
dentin,SrCa2Mg(P2O7)2,103.73,3.1,2.6579
dentin,Sr2Ca2MgP4O15,108.99,3.352,2.862
dentin,Sr3Ca2Mg(PO4)4,118.3,3.487,3.1623
dentin,Sr4Ca2MgP4O17,124.66,3.672,3.3853
dentin,Sr5Ca2Mg(P2O9)2,119.61,3.885,3.2786
dentin,Sr6Ca2MgP4O19,124.84,4.028,3.4604
dentin,SrCa2Mg2P4O15,120.71,3.143,3.1655
dentin,SrCa2Mg3(PO4)4,115.44,3.134,3.0089
dentin,SrCa2Mg4P4O17,119.87,3.13,3.1382
dentin,SrCa2Mg5(P2O9)2,122.47,3.139,3.2163
dentin,SrCa2Mg6P4O19,128.91,3.085,3.3953
dentin,Sr2Ca4Mg2P10O33,90.16,3.0,2.2394
dentin,Sr4Ca4Mg2(P2O7)5,104.22,3.208,2.6933
dentin,Sr6Ca4Mg2P10O37,111.4,3.345,2.9313
dentin,Sr8Ca4Mg2P10O39,123.87,3.541,3.3365
dentin,Sr10Ca4Mg2P10O41,123.97,3.688,3.3684
dentin,Sr12Ca4Mg2P10O43,122.53,3.851,3.3579
dentin,Sr2Ca4Mg4(P2O7)5,105.54,3.026,2.6966
dentin,Sr2Ca4Mg6P10O37,116.92,3.095,3.0445
dentin,Sr2Ca4Mg8P10O39,122.15,3.085,3.1965
dentin,Sr2Ca4Mg10P10O41,122.06,3.082,3.1931
dentin,Sr2Ca4Mg12P10O43,122.72,3.075,3.2111
dentin,SrCa2MgP6O19,92.06,2.926,2.2807
dentin,Sr2Ca2Mg(P3O10)2,86.44,3.132,2.1558
dentin,Sr3Ca2Mg(P2O7)3,104.97,3.323,2.7381
dentin,Sr4Ca2Mg(P3O11)2,119.31,3.407,3.1762
dentin,Sr5Ca2MgP6O23,127.04,3.57,3.4353
dentin,Sr6Ca2Mg(PO4)6,124.28,3.702,3.3802
dentin,SrCa2Mg2(P3O10)2,92.12,2.922,2.2818
dentin,SrCa2Mg3(P2O7)3,106.65,2.964,2.7169
dentin,SrCa2Mg4(P3O11)2,121.22,3.0,3.1524
dentin,SrCa2Mg5P6O23,129.74,3.023,3.4074
dentin,SrCa2Mg6(PO4)6,115.91,3.018,2.9999
dentin,Sr2Ca6Mg2P2O15,124.21,3.46,3.3305
dentin,Sr4Ca6Mg2P2O17,137.05,3.806,3.7761
dentin,Sr6Ca6Mg2P2O19,166.67,4.045,4.6936
dentin,Sr8Ca6Mg2P2O21,167.66,4.19,4.7515
dentin,Sr10Ca6Mg2P2O23,140.42,4.132,3.9391
dentin,Sr12Ca6Mg2P2O25,106.5,3.955,2.9069
dentin,Sr2Ca6Mg4P2O17,124.2,3.323,3.3035
dentin,Sr4Ca6Mg4P2O19,145.74,3.661,4.0031
dentin,Sr6Ca6Mg4P2O21,153.18,3.908,4.2702
dentin,Sr8Ca6Mg4P2O23,162.98,4.069,4.5898
dentin,Sr10Ca6Mg4P2O25,165.36,4.211,4.6877
dentin,Sr12Ca6Mg4P2O27,145.6,4.208,4.1062
dentin,Sr2Ca6Mg6P2O19,130.93,3.236,3.4842
dentin,Sr4Ca6Mg6P2O21,144.75,3.535,3.949
dentin,Sr6Ca6Mg6P2O23,149.28,3.796,4.1337
dentin,Sr8Ca6Mg6P2O25,153.21,3.971,4.2835
dentin,Sr10Ca6Mg6P2O27,164.2,4.069,4.6259
dentin,Sr12Ca6Mg6P2O29,164.38,4.212,4.6591
dentin,Sr2Ca6Mg8P2O21,130.43,3.201,3.4627
dentin,Sr4Ca6Mg8P2O23,136.09,3.44,3.6758
dentin,Sr6Ca6Mg8P2O25,149.28,3.678,4.1104
dentin,Sr8Ca6Mg8P2O27,145.18,3.879,4.0293
dentin,Sr10Ca6Mg8P2O29,164.47,4.032,4.6265
dentin,Sr12Ca6Mg8P2O31,165.11,4.088,4.6564
dentin,Sr2Ca6Mg10P2O23,130.58,3.156,3.4583
dentin,Sr4Ca6Mg10P2O25,136.72,3.35,3.6766
dentin,Sr6Ca6Mg10P2O27,148.71,3.587,4.076
dentin,Sr8Ca6Mg10P2O29,152.34,3.784,4.2211
dentin,Sr10Ca6Mg10P2O31,153.33,3.928,4.2786
dentin,Sr12Ca6Mg10P2O33,171.03,4.06,4.8249
dentin,Sr2Ca6Mg12P2O25,123.93,3.146,3.2606
dentin,Sr4Ca6Mg12P2O27,134.07,3.279,3.585
dentin,Sr6Ca6Mg12P2O29,136.87,3.506,3.7118
dentin,Sr8Ca6Mg12P2O31,150.27,3.696,4.1431
dentin,Sr10Ca6Mg12P2O33,150.11,3.853,4.1691
dentin,Sr12Ca6Mg12P2O35,153.33,3.975,4.2877
dentin,SrCa3Mg(PO5)2,118.8,3.301,3.1403
dentin,Sr2Ca3MgP2O11,133.58,3.581,3.6298
dentin,Sr3Ca3Mg(PO6)2,134.25,3.862,3.7045
dentin,Sr4Ca3MgP2O13,145.49,4.05,4.0719
dentin,Sr5Ca3Mg(PO7)2,153.55,4.205,4.3392
dentin,Sr6Ca3MgP2O15,140.58,4.345,3.9856
dentin,SrCa3Mg2P2O11,122.29,3.23,3.2288
dentin,SrCa3Mg3(PO6)2,120.42,3.172,3.1627
dentin,SrCa3Mg4P2O13,119.85,3.119,3.1355
dentin,SrCa3Mg5(PO7)2,123.38,3.15,3.2455
dentin,SrCa3Mg6P2O15,127.98,3.141,3.3788
dentin,Sr2Ca6Mg2P6O25,110.36,3.246,2.8815
dentin,Sr4Ca6Mg2(P2O9)3,118.33,3.431,3.1521
dentin,Sr6Ca6Mg2P6O29,128.84,3.648,3.5036
dentin,Sr8Ca6Mg2P6O31,131.09,3.836,3.6065
dentin,Sr10Ca6Mg2(P2O11)3,137.47,4.008,3.8278
dentin,Sr12Ca6Mg2P6O35,140.92,4.163,3.9598
dentin,Sr2Ca6Mg4(P2O9)3,115.27,3.233,3.0233
dentin,Sr2Ca6Mg6P6O29,117.66,3.171,3.0813
dentin,Sr2Ca6Mg8P6O31,119.05,3.149,3.1178
dentin,Sr2Ca6Mg10(P2O11)3,121.55,3.126,3.1867
dentin,Sr2Ca6Mg12P6O35,121.71,3.102,3.1868
dentin,SrCa3MgP4O15,106.32,3.116,2.7371
dentin,Sr2Ca3Mg(PO4)4,108.94,3.272,2.8448
dentin,Sr3Ca3MgP4O17,120.17,3.508,3.221
dentin,Sr4Ca3Mg(P2O9)2,125.59,3.678,3.414
dentin,Sr5Ca3MgP4O19,121.41,3.852,3.3253
dentin,Sr6Ca3Mg(PO5)4,122.81,3.988,3.3931
dentin,SrCa3Mg2(PO4)4,106.67,3.105,2.7453
dentin,SrCa3Mg3P4O17,114.98,3.157,2.9997
dentin,SrCa3Mg4(P2O9)2,149.97,3.233,4.0434
dentin,SrCa3Mg5P4O19,126.61,3.16,3.3424
dentin,SrCa3Mg6(PO5)4,126.53,3.106,3.3295
dentin,Sr2Ca6Mg2(P2O7)5,103.73,3.066,2.6513
dentin,Sr4Ca6Mg2P10O37,110.56,3.264,2.8909
dentin,Sr6Ca6Mg2P10O39,112.7,3.358,2.9722
dentin,Sr8Ca6Mg2P10O41,123.94,3.559,3.3421
dentin,Sr10Ca6Mg2P10O43,126.12,3.684,3.4307
dentin,Sr12Ca6Mg2(P2O9)5,120.96,3.859,3.3133
dentin,Sr2Ca6Mg4P10O37,116.31,3.124,3.0325
dentin,Sr2Ca6Mg6P10O39,112.27,3.116,2.9119
dentin,Sr2Ca6Mg8P10O41,115.13,3.109,2.9948
dentin,Sr2Ca6Mg10P10O43,118.68,3.1,3.0973
dentin,Sr2Ca6Mg12(P2O9)5,122.47,3.112,3.211
dentin,SrCa3Mg(P3O10)2,88.88,2.984,2.1986
dentin,Sr2Ca3Mg(P2O7)3,103.81,3.15,2.67
dentin,Sr3Ca3Mg(P3O11)2,116.76,3.352,3.0904
dentin,Sr4Ca3MgP6O23,113.85,3.42,3.0183
dentin,Sr5Ca3Mg(PO4)6,128.33,3.591,3.4772
dentin,Sr6Ca3MgP6O25,125.17,3.697,3.4055
dentin,SrCa3Mg2(P2O7)3,105.54,3.023,2.696
dentin,SrCa3Mg3(P3O11)2,116.95,3.048,3.0364
dentin,SrCa3Mg4P6O23,124.38,3.07,3.259
dentin,SrCa3Mg5(PO4)6,117.33,3.059,3.0498
dentin,SrCa3Mg6P6O25,122.73,3.075,3.2115
dentin,Sr2Ca8Mg2P2O17,124.76,3.44,3.3428
dentin,Sr4Ca8Mg2P2O19,151.94,3.744,4.2017
dentin,Sr6Ca8Mg2P2O21,152.07,3.934,4.2426
dentin,Sr8Ca8Mg2P2O23,166.68,4.084,4.7016
dentin,Sr10Ca8Mg2P2O25,147.6,4.125,4.1486
dentin,Sr12Ca8Mg2P2O27,116.36,3.903,3.1865
dentin,Sr2Ca8Mg4P2O19,130.84,3.335,3.501
dentin,Sr4Ca8Mg4P2O21,148.69,3.623,4.0822
dentin,Sr6Ca8Mg4P2O23,147.41,3.849,4.0889
dentin,Sr8Ca8Mg4P2O25,146.49,3.968,4.0854
dentin,Sr10Ca8Mg4P2O27,164.5,4.114,4.6434
dentin,Sr12Ca8Mg4P2O29,159.07,4.19,4.4989
dentin,Sr2Ca8Mg6P2O21,133.96,3.232,3.5724
dentin,Sr4Ca8Mg6P2O23,137.62,3.526,3.7379
dentin,Sr6Ca8Mg6P2O25,150.4,3.751,4.1575
dentin,Sr8Ca8Mg6P2O27,153.78,3.912,4.2885
dentin,Sr10Ca8Mg6P2O29,153.12,4.007,4.288
dentin,Sr12Ca8Mg6P2O31,165.59,4.138,4.6801
dentin,Sr2Ca8Mg8P2O23,132.97,3.176,3.5325
dentin,Sr4Ca8Mg8P2O25,135.78,3.433,3.6655
dentin,Sr6Ca8Mg8P2O27,146.33,3.646,4.0172
dentin,Sr8Ca8Mg8P2O29,150.95,3.827,4.1886
dentin,Sr10Ca8Mg8P2O31,154.63,3.95,4.321
dentin,Sr12Ca8Mg8P2O33,159.83,4.031,4.4899
dentin,Sr2Ca8Mg10P2O25,132.97,3.16,3.5293
dentin,Sr4Ca8Mg10P2O27,137.35,3.349,3.6953
dentin,Sr6Ca8Mg10P2O29,145.61,3.571,3.9816
dentin,Sr8Ca8Mg10P2O31,151.42,3.747,4.1869
dentin,Sr10Ca8Mg10P2O33,148.17,3.882,4.118
dentin,Sr12Ca8Mg10P2O35,152.49,3.987,4.2656
dentin,Sr2Ca8Mg12P2O27,132.85,3.124,3.5185
dentin,Sr4Ca8Mg12P2O29,133.37,3.293,3.5669
dentin,Sr6Ca8Mg12P2O31,136.69,3.501,3.7054
dentin,Sr8Ca8Mg12P2O33,150.84,3.66,4.1528
dentin,Sr10Ca8Mg12P2O35,151.37,3.813,4.1983
dentin,Sr12Ca8Mg12P2O37,157.36,3.926,4.3965
dentin,SrCa4MgP2O11,122.63,3.285,3.2496
dentin,Sr2Ca4Mg(PO6)2,134.16,3.591,3.6488
dentin,Sr3Ca4MgP2O13,138.43,3.803,3.8161
dentin,Sr4Ca4Mg(PO7)2,138.21,3.987,3.8455
dentin,Sr5Ca4MgP2O15,151.03,4.137,4.2519
dentin,Sr6Ca4Mg(PO8)2,151.18,4.276,4.2834
dentin,SrCa4Mg2(PO6)2,125.71,3.263,3.336
dentin,SrCa4Mg3P2O13,124.76,3.207,3.297
dentin,SrCa4Mg4(PO7)2,118.64,3.152,3.1065
dentin,SrCa4Mg5P2O15,118.57,3.104,3.095
dentin,SrCa4Mg6(PO8)2,116.49,3.098,3.0327
dentin,Sr2Ca8Mg2(P2O9)3,110.17,3.19,2.8648
dentin,Sr4Ca8Mg2P6O29,121.24,3.417,3.2351
dentin,Sr6Ca8Mg2P6O31,128.66,3.625,3.4937
dentin,Sr8Ca8Mg2(P2O11)3,137.78,3.802,3.7966
dentin,Sr10Ca8Mg2P6O35,130.63,3.979,3.6212
dentin,Sr12Ca8Mg2P6O37,143.91,4.125,4.0403
dentin,Sr2Ca8Mg4P6O29,112.54,3.149,2.9265
dentin,Sr2Ca8Mg6P6O31,109.02,3.159,2.8249
dentin,Sr2Ca8Mg8(P2O11)3,122.24,3.164,3.2148
dentin,Sr2Ca8Mg10P6O35,122.86,3.146,3.2294
dentin,Sr2Ca8Mg12P6O37,123.67,3.123,3.2486
dentin,SrCa4Mg(PO4)4,107.29,3.18,2.778
dentin,Sr2Ca4MgP4O17,111.95,3.315,2.9417
dentin,Sr3Ca4Mg(P2O9)2,120.84,3.489,3.2371
dentin,Sr4Ca4MgP4O19,122.53,3.673,3.3228
dentin,Sr5Ca4Mg(PO5)4,128.85,3.815,3.5368
dentin,Sr6Ca4MgP4O21,128.14,3.949,3.542
dentin,SrCa4Mg2P4O17,107.96,3.153,2.7928
dentin,SrCa4Mg3(P2O9)2,114.74,3.145,2.9904
dentin,SrCa4Mg4P4O19,116.99,3.125,3.0526
dentin,SrCa4Mg5(PO5)4,119.3,3.096,3.1148
dentin,SrCa4Mg6P4O21,118.88,3.086,3.1004
dentin,Sr2Ca8Mg2P10O37,108.73,3.08,2.8012
dentin,Sr4Ca8Mg2P10O39,110.64,3.263,2.893
dentin,Sr6Ca8Mg2P10O41,116.71,3.391,3.0965
dentin,Sr8Ca8Mg2P10O43,125.74,3.522,3.3877
dentin,Sr10Ca8Mg2(P2O9)5,124.49,3.704,3.3868
dentin,Sr12Ca8Mg2P10O47,118.83,3.849,3.2487
dentin,Sr2Ca8Mg4P10O39,113.16,3.099,2.935
dentin,Sr2Ca8Mg6P10O41,119.35,3.175,3.1319
dentin,Sr2Ca8Mg8P10O43,123.18,3.182,3.2456
dentin,Sr2Ca8Mg10(P2O9)5,152.0,3.189,4.0944
dentin,Sr2Ca8Mg12P10O47,124.89,3.13,3.2857
dentin,SrCa4Mg(P2O7)3,103.73,3.047,2.6476
dentin,Sr2Ca4Mg(P3O11)2,113.83,3.196,2.9737
dentin,Sr3Ca4MgP6O23,111.66,3.273,2.9248
dentin,Sr4Ca4Mg(PO4)6,117.48,3.452,3.131
dentin,Sr5Ca4MgP6O25,122.68,3.575,3.3081
dentin,Sr6Ca4Mg(P3O13)2,126.12,3.699,3.4335
dentin,SrCa4Mg2(P3O11)2,115.32,3.094,2.9974
dentin,SrCa4Mg3P6O23,112.1,3.109,2.9059
dentin,SrCa4Mg4(PO4)6,115.82,3.084,3.01
dentin,SrCa4Mg5P6O25,119.06,3.088,3.1061
dentin,SrCa4Mg6(P3O13)2,119.33,3.091,3.1147
dentin,Sr2Ca10Mg2P2O19,138.2,3.416,3.7332
dentin,Sr4Ca10Mg2P2O21,152.84,3.687,4.2168
dentin,Sr6Ca10Mg2P2O23,146.19,3.861,4.0555
dentin,Sr8Ca10Mg2P2O25,161.21,3.998,4.5239
dentin,Sr10Ca10Mg2P2O27,147.6,4.079,4.1396
dentin,Sr12Ca10Mg2P2O29,105.62,3.849,2.8605
dentin,Sr2Ca10Mg4P2O21,133.23,3.326,3.5696
dentin,Sr4Ca10Mg4P2O23,150.05,3.585,4.1148
dentin,Sr6Ca10Mg4P2O25,152.49,3.793,4.2275
dentin,Sr8Ca10Mg4P2O27,141.06,3.9,3.9123
dentin,Sr10Ca10Mg4P2O29,160.76,4.025,4.516
dentin,Sr12Ca10Mg4P2O31,148.22,4.112,4.1643
dentin,Sr2Ca10Mg6P2O23,131.82,3.247,3.5124
dentin,Sr4Ca10Mg6P2O25,135.98,3.492,3.683
dentin,Sr6Ca10Mg6P2O27,151.13,3.7,4.1692
dentin,Sr8Ca10Mg6P2O29,146.05,3.851,4.0493
dentin,Sr10Ca10Mg6P2O31,152.82,3.948,4.2675
dentin,Sr12Ca10Mg6P2O33,163.85,4.068,4.6154
dentin,Sr2Ca10Mg8P2O25,133.48,3.183,3.5486
dentin,Sr4Ca10Mg8P2O27,135.81,3.428,3.6653
dentin,Sr6Ca10Mg8P2O29,148.76,3.618,4.0832
dentin,Sr8Ca10Mg8P2O31,152.89,3.782,4.2369
dentin,Sr10Ca10Mg8P2O33,146.99,3.894,4.0855
dentin,Sr12Ca10Mg8P2O35,152.14,3.985,4.2547
dentin,Sr2Ca10Mg10P2O27,132.36,3.139,3.5071
dentin,Sr4Ca10Mg10P2O29,135.3,3.361,3.6374
dentin,Sr6Ca10Mg10P2O31,140.12,3.544,3.8151
dentin,Sr8Ca10Mg10P2O33,151.97,3.709,4.1957
dentin,Sr10Ca10Mg10P2O35,149.0,3.849,4.1359
dentin,Sr12Ca10Mg10P2O37,154.66,3.932,4.3184
dentin,Sr2Ca10Mg12P2O29,132.39,3.136,3.5076
dentin,Sr4Ca10Mg12P2O31,135.98,3.296,3.6444
dentin,Sr6Ca10Mg12P2O33,138.12,3.488,3.7451
dentin,Sr8Ca10Mg12P2O35,150.41,3.638,4.1359
dentin,Sr10Ca10Mg12P2O37,155.06,3.779,4.3002
dentin,Sr12Ca10Mg12P2O39,148.88,3.868,4.1358
dentin,SrCa5Mg(PO6)2,124.19,3.302,3.2989
dentin,Sr2Ca5MgP2O13,130.77,3.566,3.5444
dentin,Sr3Ca5Mg(PO7)2,138.14,3.76,3.7989
dentin,Sr4Ca5MgP2O15,138.9,3.929,3.8546
dentin,Sr5Ca5Mg(PO8)2,151.4,4.087,4.2529
dentin,Sr6Ca5MgP2O17,153.35,4.198,4.3322
dentin,SrCa5Mg2P2O13,125.27,3.25,3.3206
dentin,SrCa5Mg3(PO7)2,122.41,3.224,3.2312
dentin,SrCa5Mg4P2O15,121.64,3.182,3.2005
dentin,SrCa5Mg5(PO8)2,122.11,3.14,3.2059
dentin,SrCa5Mg6P2O17,115.01,3.128,2.9949
dentin,Sr2Ca10Mg2P6O29,118.36,3.228,3.1133
dentin,Sr4Ca10Mg2P6O31,121.56,3.406,3.2422
dentin,Sr6Ca10Mg2(P2O11)3,132.66,3.613,3.609
dentin,Sr8Ca10Mg2P6O35,135.42,3.791,3.7251
dentin,Sr10Ca10Mg2P6O37,131.63,3.956,3.646
dentin,Sr12Ca10Mg2(P2O13)3,143.27,4.071,4.0108
dentin,Sr2Ca10Mg4P6O31,112.01,3.169,2.9148
dentin,Sr2Ca10Mg6(P2O11)3,116.19,3.134,3.0309
dentin,Sr2Ca10Mg8P6O35,118.43,3.102,3.0905
dentin,Sr2Ca10Mg10P6O37,120.25,3.139,3.1511
dentin,Sr2Ca10Mg12(P2O13)3,125.74,3.136,3.312
dentin,SrCa5MgP4O17,110.1,3.168,2.8585
dentin,Sr2Ca5Mg(P2O9)2,115.7,3.339,3.0567
dentin,Sr3Ca5MgP4O19,114.71,3.492,3.0576
dentin,Sr4Ca5Mg(PO5)4,127.37,3.652,3.4611
dentin,Sr5Ca5MgP4O21,131.37,3.793,3.6066
dentin,Sr6Ca5Mg(P2O11)2,130.65,3.921,3.6104
dentin,SrCa5Mg2(P2O9)2,115.04,3.203,3.0105
dentin,SrCa5Mg3P4O19,114.88,3.164,2.9983
dentin,SrCa5Mg4(PO5)4,117.91,3.136,3.0817
dentin,SrCa5Mg5P4O21,117.17,3.113,3.0554
dentin,SrCa5Mg6(P2O11)2,121.55,3.095,3.1807
dentin,Sr2Ca10Mg2P10O39,108.1,3.111,2.7886
dentin,Sr4Ca10Mg2P10O41,109.92,3.218,2.8631
dentin,Sr6Ca10Mg2P10O43,119.33,3.403,3.1758
dentin,Sr8Ca10Mg2(P2O9)5,122.4,3.539,3.2929
dentin,Sr10Ca10Mg2P10O47,122.07,3.702,3.3154
dentin,Sr12Ca10Mg2P10O49,127.72,3.801,3.5008
dentin,Sr2Ca10Mg4P10O41,108.35,3.115,2.7966
dentin,Sr2Ca10Mg6P10O43,116.3,3.117,3.0309
dentin,Sr2Ca10Mg8(P2O9)5,116.67,3.114,3.0409
dentin,Sr2Ca10Mg10P10O47,116.78,3.094,3.0403
dentin,Sr2Ca10Mg12P10O49,121.16,3.082,3.1668
dentin,SrCa5Mg(P3O11)2,113.4,3.056,2.9335
dentin,Sr2Ca5MgP6O23,110.42,3.235,2.881
dentin,Sr3Ca5Mg(PO4)6,112.2,3.297,2.9454
dentin,Sr4Ca5MgP6O25,119.82,3.457,3.2009
dentin,Sr5Ca5Mg(P3O13)2,123.2,3.562,3.3211
dentin,Sr6Ca5Mg(P2O9)3,123.4,3.71,3.3559
dentin,SrCa5Mg2P6O23,118.43,3.141,3.0982
dentin,SrCa5Mg3(PO4)6,114.99,3.131,2.995
dentin,SrCa5Mg4P6O25,120.08,3.155,3.1494
dentin,SrCa5Mg5(P3O13)2,122.24,3.151,3.2121
dentin,SrCa5Mg6(P2O9)3,147.16,3.152,3.945
dentin,Sr2Ca12Mg2P2O21,139.57,3.408,3.7719
dentin,Sr4Ca12Mg2P2O23,152.61,3.655,4.2038
dentin,Sr6Ca12Mg2P2O25,150.03,3.804,4.1572
dentin,Sr8Ca12Mg2P2O27,140.76,3.902,3.9038
dentin,Sr10Ca12Mg2P2O29,144.65,4.026,4.0425
dentin,Sr12Ca12Mg2P2O31,114.23,3.883,3.1202
dentin,Sr2Ca12Mg4P2O23,130.74,3.321,3.4952
dentin,Sr4Ca12Mg4P2O25,145.67,3.559,3.9809
dentin,Sr6Ca12Mg4P2O27,150.39,3.731,4.1533
dentin,Sr8Ca12Mg4P2O29,145.81,3.859,4.0441
dentin,Sr10Ca12Mg4P2O31,139.69,3.953,3.8824
dentin,Sr12Ca12Mg4P2O33,154.0,4.037,4.3196
dentin,Sr2Ca12Mg6P2O25,133.37,3.25,3.5588
dentin,Sr4Ca12Mg6P2O27,135.89,3.473,3.6765
dentin,Sr6Ca12Mg6P2O29,152.4,3.671,4.2009
dentin,Sr8Ca12Mg6P2O31,151.39,3.794,4.1952
dentin,Sr10Ca12Mg6P2O33,152.14,3.911,4.2403
dentin,Sr12Ca12Mg6P2O35,158.47,4.0,4.4438
dentin,Sr2Ca12Mg8P2O27,131.34,3.199,3.4889
dentin,Sr4Ca12Mg8P2O29,137.05,3.412,3.6988
dentin,Sr6Ca12Mg8P2O31,151.4,3.593,4.1559
dentin,Sr8Ca12Mg8P2O33,153.05,3.749,4.2353
dentin,Sr10Ca12Mg8P2O35,146.88,3.856,4.0749
dentin,Sr12Ca12Mg8P2O37,154.83,3.941,4.3251
dentin,Sr2Ca12Mg10P2O29,133.73,3.153,3.5503
dentin,Sr4Ca12Mg10P2O31,136.32,3.351,3.6653
dentin,Sr6Ca12Mg10P2O33,142.29,3.521,3.8739
dentin,Sr8Ca12Mg10P2O35,152.37,3.687,4.203
dentin,Sr10Ca12Mg10P2O37,152.92,3.785,4.2384
dentin,Sr12Ca12Mg10P2O39,149.95,3.891,4.1721
dentin,Sr2Ca12Mg12P2O31,133.75,3.117,3.5437
dentin,Sr4Ca12Mg12P2O33,133.93,3.297,3.5845
dentin,Sr6Ca12Mg12P2O35,137.23,3.473,3.716
dentin,Sr8Ca12Mg12P2O37,153.67,3.611,4.2262
dentin,Sr10Ca12Mg12P2O39,154.37,3.749,4.2741
dentin,Sr12Ca12Mg12P2O41,154.1,3.827,4.2813
dentin,SrCa6MgP2O13,124.88,3.307,3.3203
dentin,Sr2Ca6Mg(PO7)2,127.25,3.539,3.4354
dentin,Sr3Ca6MgP2O15,136.43,3.731,3.7431
dentin,Sr4Ca6Mg(PO8)2,133.22,3.895,3.6807
dentin,Sr5Ca6MgP2O17,151.49,4.03,4.2443
dentin,Sr6Ca6Mg(PO9)2,152.47,4.133,4.2936
dentin,SrCa6Mg2(PO7)2,120.68,3.242,3.1841
dentin,SrCa6Mg3P2O15,121.47,3.193,3.1978
dentin,SrCa6Mg4(PO8)2,122.19,3.173,3.2148
dentin,SrCa6Mg5P2O17,120.28,3.152,3.1546
dentin,SrCa6Mg6(PO9)2,119.99,3.159,3.1474
dentin,Sr2Ca12Mg2P6O31,118.01,3.244,3.106
dentin,Sr4Ca12Mg2(P2O11)3,123.28,3.409,3.2933
dentin,Sr6Ca12Mg2P6O35,130.76,3.613,3.5534
dentin,Sr8Ca12Mg2P6O37,136.46,3.773,3.7521
dentin,Sr10Ca12Mg2(P2O13)3,131.52,3.916,3.635
dentin,Sr12Ca12Mg2P6O41,148.64,4.029,4.1606
dentin,Sr2Ca12Mg4(P2O11)3,121.16,3.19,3.1879
dentin,Sr2Ca12Mg6P6O35,121.86,3.17,3.2045
dentin,Sr2Ca12Mg8P6O37,118.4,3.136,3.0961
dentin,Sr2Ca12Mg10(P2O13)3,119.38,3.098,3.1175
dentin,Sr2Ca12Mg12P6O41,118.74,3.094,3.0981
dentin,SrCa6Mg(P2O9)2,110.17,3.156,2.8583
dentin,Sr2Ca6MgP4O19,118.24,3.356,3.1348
dentin,Sr3Ca6Mg(PO5)4,118.42,3.488,3.1659
dentin,Sr4Ca6MgP4O21,129.48,3.643,3.5213
dentin,Sr5Ca6Mg(P2O11)2,134.09,3.768,3.6815
dentin,Sr6Ca6MgP4O23,130.63,3.909,3.6075
dentin,SrCa6Mg2P4O19,110.49,3.121,2.8606
dentin,SrCa6Mg3(PO5)4,110.22,3.129,2.8544
dentin,SrCa6Mg4P4O21,116.12,3.148,3.0317
dentin,SrCa6Mg5(P2O11)2,121.43,3.14,3.186
dentin,SrCa6Mg6P4O23,123.11,3.115,3.2307
dentin,Sr2Ca12Mg2P10O41,108.61,3.172,2.8155
dentin,Sr4Ca12Mg2P10O43,111.95,3.248,2.9285
dentin,Sr6Ca12Mg2(P2O9)5,120.21,3.425,3.2062
dentin,Sr8Ca12Mg2P10O47,119.16,3.556,3.201
dentin,Sr10Ca12Mg2P10O49,126.37,3.667,3.4349
dentin,Sr12Ca12Mg2P10O51,128.16,3.789,3.5112
dentin,Sr2Ca12Mg4P10O43,110.37,3.152,2.8633
dentin,Sr2Ca12Mg6(P2O9)5,115.78,3.146,3.0213
dentin,Sr2Ca12Mg8P10O47,115.09,3.122,2.9963
dentin,Sr2Ca12Mg10P10O49,117.58,3.095,3.064
dentin,Sr2Ca12Mg12P10O51,119.34,3.086,3.114
dentin,SrCa6MgP6O23,109.73,3.08,2.8304
dentin,Sr2Ca6Mg(PO4)6,110.51,3.212,2.8789
dentin,Sr3Ca6MgP6O25,112.95,3.318,2.9715
dentin,Sr4Ca6Mg(P3O13)2,119.33,3.466,3.1881
dentin,Sr5Ca6Mg(P2O9)3,123.09,3.578,3.3207
dentin,Sr6Ca6Mg(P3O14)2,122.07,3.71,3.3169
dentin,SrCa6Mg2(PO4)6,105.64,3.065,2.7071
dentin,SrCa6Mg3P6O25,113.74,3.087,2.9496
dentin,SrCa6Mg4(P3O13)2,117.19,3.089,3.0515
dentin,SrCa6Mg5(P2O9)3,119.57,3.112,3.1257
dentin,SrCa6Mg6(P3O14)2,119.14,3.115,3.1138
dentin,KCaMgPO5,96.18,2.994,2.415
dentin,K4Ca2Mg2P2O11,62.69,2.594,1.3521
dentin,K3CaMgPO6,66.62,2.586,1.4659
dentin,K8Ca2Mg2P2O13,63.21,2.586,1.3658
dentin,K5CaMgPO7,64.05,2.605,1.3943
dentin,K12Ca2Mg2P2O15,67.11,2.637,1.4902
dentin,KCaMg2PO6,92.7,2.923,2.2988
dentin,K4Ca2Mg4P2O13,84.33,2.838,2.0361
dentin,K3CaMg2PO7,64.33,2.537,1.389
dentin,K8Ca2Mg4P2O15,65.19,2.546,1.4161
dentin,K5CaMg2PO8,66.9,2.562,1.4695
dentin,K12Ca2Mg4P2O17,70.33,2.566,1.5711
dentin,KCaMg3PO7,93.96,2.89,2.3293
dentin,K4Ca2Mg6P2O15,106.35,2.958,2.7072
dentin,K3CaMg3PO8,65.9,2.576,1.4427
dentin,K8Ca2Mg6P2O17,70.25,2.51,1.5579
dentin,K5CaMg3PO9,65.68,2.503,1.422
dentin,K12Ca2Mg6P2O19,78.82,2.51,1.8097
dentin,KCaMg4PO8,96.09,2.849,2.3839
dentin,K4Ca2Mg8P2O17,98.09,2.916,2.456
dentin,K3CaMg4PO9,71.28,2.6,1.6059
dentin,K8Ca2Mg8P2O19,76.49,2.51,1.7412
dentin,K5CaMg4PO10,74.89,2.51,1.6941
dentin,K12Ca2Mg8P2O21,76.62,2.491,1.7414
dentin,KCaMg5PO9,102.69,2.837,2.5756
dentin,K4Ca2Mg10P2O19,105.97,2.899,2.6843
dentin,K3CaMg5PO10,113.93,2.968,2.9318
dentin,K8Ca2Mg10P2O21,79.73,2.539,1.8422
dentin,K5CaMg5PO11,74.54,2.494,1.6807
dentin,K12Ca2Mg10P2O23,74.89,2.507,1.6934
dentin,KCaMg6PO10,106.71,2.804,2.6872
dentin,K4Ca2Mg12P2O21,102.22,2.861,2.5665
dentin,K3CaMg6PO11,108.39,2.908,2.7572
dentin,K8Ca2Mg12P2O23,79.56,2.539,1.8373
dentin,K5CaMg6PO12,78.82,2.526,1.8127
dentin,K12Ca2Mg12P2O25,72.98,2.481,1.6324
dentin,K2Ca2Mg2P4O15,90.06,2.956,2.2277
dentin,K2CaMg(PO4)2,85.93,3.019,2.1186
dentin,K6Ca2Mg2P4O17,53.09,2.57,1.0651
dentin,K4CaMgP2O9,56.6,2.583,1.1708
dentin,K10Ca2Mg2P4O19,56.21,2.578,1.1585
dentin,K6CaMg(PO5)2,59.29,2.585,1.2501
dentin,K2Ca2Mg4P4O17,97.01,2.896,2.4201
dentin,K2CaMg2P2O9,95.67,2.971,2.3957
dentin,K6Ca2Mg4P4O19,82.06,2.82,1.9658
dentin,K4CaMg2(PO5)2,62.38,2.564,1.3368
dentin,K10Ca2Mg4P4O21,62.71,2.562,1.3463
dentin,K6CaMg2P2O11,60.14,2.551,1.2687
dentin,K2Ca2Mg6P4O19,99.03,2.854,2.4715
dentin,K2CaMg3(PO5)2,98.04,2.928,2.4569
dentin,K6Ca2Mg6P4O21,89.65,2.978,2.2199
dentin,K4CaMg3P2O11,64.9,2.573,1.4128
dentin,K10Ca2Mg6P4O23,61.07,2.551,1.2961
dentin,K6CaMg3(PO6)2,59.13,2.532,1.2352
dentin,K2Ca2Mg8P4O21,102.07,2.82,2.554
dentin,K2CaMg4P2O11,94.08,2.887,2.3322
dentin,K6Ca2Mg8P4O23,93.59,2.937,2.3278
dentin,K4CaMg4(PO6)2,67.31,2.705,1.5096
dentin,K10Ca2Mg8P4O25,63.67,2.554,1.3732
dentin,K6CaMg4P2O13,64.61,2.514,1.3928
dentin,K2Ca2Mg10P4O23,98.18,2.78,2.4318
dentin,K2CaMg5(PO6)2,97.95,2.852,2.4391
dentin,K6Ca2Mg10P4O25,94.05,2.93,2.3397
dentin,K4CaMg5P2O13,89.09,2.987,2.2051
dentin,K10Ca2Mg10P4O27,65.36,2.563,1.4243
dentin,K6CaMg5(PO7)2,66.16,2.532,1.4417
dentin,K2Ca2Mg12P4O25,106.17,2.809,2.6725
dentin,K2CaMg6P2O13,98.59,2.825,2.4529
dentin,K6Ca2Mg12P4O27,99.68,2.919,2.5033
dentin,K4CaMg6(PO7)2,92.62,2.935,2.2987
dentin,K10Ca2Mg12P4O29,67.9,2.573,1.501
dentin,K6CaMg6P2O15,68.81,2.582,1.5295
dentin,KCaMgP3O10,75.09,2.796,1.7563
dentin,K4Ca2Mg2(P2O7)3,79.01,3.054,1.9222
dentin,K3CaMgP3O11,65.0,3.016,1.5027
dentin,K8Ca2Mg2P6O23,51.46,2.573,1.0176
dentin,K5CaMg(PO4)3,48.38,2.582,0.9289
dentin,K12Ca2Mg2P6O25,48.96,2.585,0.9466
dentin,KCaMg2P3O11,82.28,2.781,1.9646
dentin,K4Ca2Mg4P6O23,88.13,2.928,2.1654
dentin,K3CaMg2(PO4)3,90.68,3.037,2.2618
dentin,K8Ca2Mg4P6O25,73.17,2.854,1.7112
dentin,K5CaMg2P3O13,55.0,2.542,1.1158
dentin,K12Ca2Mg4(P2O9)3,56.27,2.556,1.1557
dentin,KCaMg3(PO4)3,93.92,2.802,2.3108
dentin,K4Ca2Mg6P6O25,94.95,2.88,2.3565
dentin,K3CaMg3P3O13,100.33,2.962,2.531
dentin,K8Ca2Mg6(P2O9)3,86.75,2.987,2.1365
dentin,K5CaMg3P3O14,63.16,2.546,1.3565
dentin,K12Ca2Mg6P6O29,60.33,2.544,1.2728
dentin,KCaMg4P3O13,96.46,2.809,2.387
dentin,K4Ca2Mg8(P2O9)3,92.38,2.851,2.2754
dentin,K3CaMg4P3O14,96.19,2.913,2.3996
dentin,K8Ca2Mg8P6O29,97.0,2.973,2.4349
dentin,K5CaMg4(PO5)3,81.17,2.802,1.9361
dentin,K12Ca2Mg8P6O31,64.38,2.563,1.3956
dentin,KCaMg5P3O14,96.83,2.788,2.3936
dentin,K4Ca2Mg10P6O29,99.38,2.843,2.4793
dentin,K3CaMg5(PO5)3,94.86,2.879,2.3538
dentin,K8Ca2Mg10P6O31,92.75,2.94,2.3036
dentin,K5CaMg5P3O16,88.93,2.981,2.1994
dentin,K12Ca2Mg10(P2O11)3,64.21,2.545,1.3872
dentin,KCaMg6(PO5)3,100.68,2.764,2.5024
dentin,K4Ca2Mg12P6O31,99.38,2.821,2.4751
dentin,K3CaMg6P3O16,95.67,2.857,2.3732
dentin,K8Ca2Mg12(P2O11)3,94.43,2.929,2.3509
dentin,K5CaMg6P3O17,95.76,2.956,2.3953
dentin,K12Ca2Mg12P6O35,66.37,2.573,1.4561
dentin,K2Ca2Mg2P8O25,78.56,2.674,1.8341
dentin,K2CaMgP4O13,75.27,2.954,1.7925
dentin,K6Ca2Mg2P8O27,84.8,3.078,2.0968
dentin,K4CaMg(P2O7)2,70.96,3.117,1.6976
dentin,K10Ca2Mg2P8O29,47.31,2.556,0.8924
dentin,K6CaMgP4O15,45.54,2.564,0.8419
dentin,K2Ca2Mg4P8O27,80.85,2.673,1.9013
dentin,K2CaMg2(P2O7)2,83.6,2.944,2.0354
dentin,K6Ca2Mg4P8O29,79.17,2.998,1.9158
dentin,K4CaMg2P4O15,78.5,3.033,1.903
dentin,K10Ca2Mg4P8O31,69.83,2.95,1.6317
dentin,K6CaMg2(PO4)4,50.97,2.526,0.9941
dentin,K2Ca2Mg6P8O29,89.74,2.785,2.1848
dentin,K2CaMg3P4O15,86.6,2.875,2.11
dentin,K6Ca2Mg6P8O31,88.67,2.919,2.1795
dentin,K4CaMg3(PO4)4,91.41,3.006,2.2772
dentin,K10Ca2Mg6P8O33,77.43,3.01,1.8668
dentin,K6CaMg3P4O17,55.67,2.552,1.1374
dentin,K2Ca2Mg8P8O31,98.48,2.83,2.4503
dentin,K2CaMg4(PO4)4,99.93,2.832,2.4937
dentin,K6Ca2Mg8P8O33,94.11,2.893,2.3344
dentin,K4CaMg4P4O17,100.9,2.959,2.5471
dentin,K10Ca2Mg8P8O35,86.94,2.987,2.142
dentin,K6CaMg4(P2O9)2,77.82,2.812,1.8396
dentin,K2Ca2Mg10P8O33,95.68,2.825,2.3673
dentin,K2CaMg5P4O17,97.49,2.822,2.4199
dentin,K6Ca2Mg10P8O35,94.99,2.864,2.3547
dentin,K4CaMg5(P2O9)2,96.22,2.913,2.4001
dentin,K10Ca2Mg10P8O37,102.11,2.97,2.5846
dentin,K6CaMg5P4O19,86.12,2.99,2.1186
dentin,K2Ca2Mg12P8O35,96.75,2.811,2.396
dentin,K2CaMg6(P2O9)2,96.63,2.795,2.3893
dentin,K6Ca2Mg12P8O37,99.01,2.848,2.4697
dentin,K4CaMg6P4O19,93.57,2.881,2.3161
dentin,K10Ca2Mg12P8O39,99.97,2.949,2.5176
dentin,K6CaMg6(PO5)4,87.61,2.964,2.1572
dentin,KCaMg(PO3)5,71.07,2.656,1.6105
dentin,K4Ca2Mg2P10O31,66.91,2.879,1.5321
dentin,K3CaMgP5O16,70.82,2.976,1.666
dentin,K8Ca2Mg2P10O33,78.19,3.091,1.9051
dentin,K5CaMgP5O17,68.38,3.136,1.6256
dentin,K12Ca2Mg2(P2O7)5,50.41,2.577,0.9876
dentin,KCaMg2P5O16,79.35,2.672,1.857
dentin,K4Ca2Mg4P10O33,77.23,2.858,1.8313
dentin,K3CaMg2P5O17,83.33,3.012,2.0408
dentin,K8Ca2Mg4(P2O7)5,84.44,3.072,2.0853
dentin,K5CaMg2P5O18,67.72,3.058,1.591
dentin,K12Ca2Mg4P10O37,65.73,2.96,1.5133
dentin,KCaMg3P5O17,80.68,2.681,1.8981
dentin,K4Ca2Mg6(P2O7)5,83.07,2.854,2.0021
dentin,K3CaMg3P5O18,81.95,2.944,1.9867
dentin,K8Ca2Mg6P10O37,78.49,2.956,1.8876
dentin,K5CaMg3P5O19,80.66,3.024,1.9646
dentin,K12Ca2Mg6P10O39,81.0,3.024,1.9746
dentin,KCaMg4P5O18,89.98,2.747,2.1844
dentin,K4Ca2Mg8P10O37,82.66,2.773,1.9741
dentin,K3CaMg4P5O19,89.46,2.859,2.1909
dentin,K8Ca2Mg8P10O39,88.92,2.922,2.1877
dentin,K5CaMg4(PO4)5,91.41,2.981,2.2723
dentin,K12Ca2Mg8P10O41,77.07,2.994,1.8532
dentin,KCaMg5P5O19,98.94,2.793,2.457
dentin,K4Ca2Mg10P10O39,93.36,2.786,2.2913
dentin,K3CaMg5(PO4)5,96.34,2.853,2.392
dentin,K8Ca2Mg10P10O41,92.91,2.896,2.2998
dentin,K5CaMg5P5O21,99.03,2.957,2.4916
dentin,K12Ca2Mg10P10O43,95.58,2.985,2.3958
dentin,KCaMg6(PO4)5,99.63,2.811,2.4804
dentin,K4Ca2Mg12P10O41,96.28,2.785,2.3771
dentin,K3CaMg6P5O21,97.14,2.832,2.4116
dentin,K8Ca2Mg12P10O43,93.72,2.873,2.3191
dentin,K5CaMg6P5O22,100.54,2.921,2.5291
dentin,K12Ca2Mg12(P2O9)5,96.69,2.952,2.4217
dentin,K2Ca2Mg2P12O35,54.85,2.653,1.1331
dentin,K2CaMg(PO3)6,56.68,2.682,1.1924
dentin,K6Ca2Mg2P12O37,57.3,2.935,1.2604
dentin,K4CaMgP6O19,71.7,2.997,1.6958
dentin,K10Ca2Mg2(P4O13)3,74.49,3.099,1.7981
dentin,K6CaMg(P3O10)2,72.27,3.154,1.7434
dentin,K2Ca2Mg4P12O37,72.72,2.651,1.658
dentin,K2CaMg2P6O19,79.33,2.68,1.858
dentin,K6Ca2Mg4(P4O13)3,75.32,2.911,1.7855
dentin,K4CaMg2(P3O10)2,83.33,3.022,2.0428
dentin,K10Ca2Mg4P12O41,86.86,3.1,2.1618
dentin,K6CaMg2(P2O7)3,70.93,3.112,1.696
dentin,K2Ca2Mg6(P4O13)3,77.94,2.651,1.8117
dentin,K2CaMg3(P3O10)2,76.2,2.674,1.765
dentin,K6Ca2Mg6P12O41,84.05,2.92,2.0441
dentin,K4CaMg3(P2O7)3,83.91,3.0,2.0556
dentin,K10Ca2Mg6P12O43,84.44,3.054,2.0816
dentin,K6CaMg3(P3O11)2,66.95,3.032,1.5634
dentin,K2Ca2Mg8P12O41,81.62,2.672,1.9238
dentin,K2CaMg4(P2O7)3,80.56,2.692,1.8967
dentin,K6Ca2Mg8P12O43,84.39,2.924,2.0549
dentin,K4CaMg4(P3O11)2,76.14,2.89,1.8053
dentin,K10Ca2Mg8(P4O15)3,88.97,2.939,2.1922
dentin,K6CaMg4P6O23,92.65,3.0,2.3126
dentin,K2Ca2Mg10P12O43,98.23,2.77,2.4313
dentin,K2CaMg5(P3O11)2,83.99,2.718,2.0025
dentin,K6Ca2Mg10(P4O15)3,86.15,2.834,2.0889
dentin,K4CaMg5P6O23,87.48,2.868,2.1346
dentin,K10Ca2Mg10P12O47,89.32,2.914,2.1976
dentin,K6CaMg5(PO4)6,91.41,2.974,2.271
dentin,K2Ca2Mg12(P4O15)3,103.51,2.811,2.5945
dentin,K2CaMg6P6O23,89.55,2.74,2.1704
dentin,K6Ca2Mg12P12O47,97.03,2.816,2.4051
dentin,K4CaMg6(PO4)6,96.84,2.858,2.4078
dentin,K10Ca2Mg12P12O49,92.91,2.894,2.2994
dentin,K6CaMg6P6O25,98.34,2.952,2.4702
dentin,KCa2MgPO6,104.74,3.018,2.6716
dentin,K4Ca4Mg2P2O13,63.74,2.66,1.3958
dentin,K3Ca2MgPO7,68.86,2.617,1.5378
dentin,K8Ca4Mg2P2O15,65.42,2.619,1.4371
dentin,K5Ca2MgPO8,71.33,2.62,1.6112
dentin,K12Ca4Mg2P2O17,72.14,2.654,1.6416
dentin,KCa2Mg2PO7,104.3,2.983,2.6516
dentin,K4Ca4Mg4P2O15,100.5,2.973,2.5381
dentin,K3Ca2Mg2PO8,71.19,2.586,1.6004
dentin,K8Ca4Mg4P2O17,68.97,2.598,1.5374
dentin,K5Ca2Mg2PO9,65.94,2.587,1.4463
dentin,K12Ca4Mg4P2O19,78.13,2.587,1.8044
dentin,KCa2Mg3PO8,97.29,2.942,2.4375
dentin,K4Ca4Mg6P2O17,108.34,3.007,2.7751
dentin,K3Ca2Mg3PO9,69.85,2.587,1.5612
dentin,K8Ca4Mg6P2O19,73.17,2.557,1.6529
dentin,K5Ca2Mg3PO10,73.15,2.545,1.6498
dentin,K12Ca4Mg6P2O21,76.12,2.542,1.7365
dentin,KCa2Mg4PO9,96.18,2.912,2.399
dentin,K4Ca4Mg8P2O19,115.7,2.968,2.984
dentin,K3Ca2Mg4PO10,81.68,2.775,1.9457
dentin,K8Ca4Mg8P2O21,76.99,2.567,1.7672
dentin,K5Ca2Mg4PO11,74.87,2.536,1.6988
dentin,K12Ca4Mg8P2O23,76.47,2.527,1.7441
dentin,KCa2Mg5PO10,100.89,2.888,2.5328
dentin,K4Ca4Mg10P2O21,106.93,2.945,2.7216
dentin,K3Ca2Mg5PO11,115.2,2.998,2.9749
dentin,K8Ca4Mg10P2O23,79.52,2.537,1.8357
dentin,K5Ca2Mg5PO12,76.24,2.529,1.7374
dentin,K12Ca4Mg10P2O25,74.36,2.527,1.6821
dentin,KCa2Mg6PO11,106.85,2.88,2.7063
dentin,K4Ca4Mg12P2O23,107.85,2.906,2.7411
dentin,K3Ca2Mg6PO12,110.21,2.954,2.8198
dentin,K8Ca4Mg12P2O25,83.9,2.578,1.9725
dentin,K5Ca2Mg6PO13,79.22,2.537,1.8269
dentin,K12Ca4Mg12P2O27,73.72,2.51,1.6596
dentin,K2Ca4Mg2P4O17,92.94,3.009,2.3227
dentin,K2Ca2MgP2O9,98.56,3.018,2.4896
dentin,K6Ca4Mg2P4O19,63.26,2.625,1.3749
dentin,K4Ca2Mg(PO5)2,60.33,2.62,1.2877
dentin,K10Ca4Mg2P4O21,62.51,2.601,1.3481
dentin,K6Ca2MgP2O11,62.11,2.611,1.3383
dentin,K2Ca4Mg4P4O19,106.07,2.98,2.703
dentin,K2Ca4Mg6P4O21,108.34,2.936,2.7613
dentin,K2Ca4Mg8P4O23,103.93,2.89,2.6226
dentin,K2Ca4Mg10P4O25,103.27,2.86,2.5973
dentin,K2Ca4Mg12P4O27,100.47,2.825,2.508
dentin,KCa2MgP3O11,87.49,2.942,2.1493
dentin,K4Ca4Mg2P6O23,89.4,3.019,2.2206
dentin,K3Ca2Mg(PO4)3,78.75,3.0,1.9038
dentin,K8Ca4Mg2P6O25,55.93,2.61,1.1564
dentin,K5Ca2MgP3O13,55.44,2.58,1.1361
dentin,K12Ca4Mg2(P2O9)3,56.76,2.603,1.1793
dentin,KCa2Mg2(PO4)3,98.09,2.918,2.4563
dentin,KCa2Mg3P3O13,97.72,2.881,2.4381
dentin,KCa2Mg4P3O14,101.66,2.887,2.5554
dentin,KCa2Mg5(PO5)3,102.49,2.858,2.574
dentin,KCa2Mg6P3O16,103.29,2.848,2.5955
dentin,K2Ca4Mg2P8O27,76.56,2.79,1.7983
dentin,K2Ca2Mg(P2O7)2,81.68,3.028,1.9954
dentin,K6Ca4Mg2P8O29,82.13,3.085,2.0198
dentin,K4Ca2MgP4O15,69.57,3.026,1.6392
dentin,K10Ca4Mg2P8O31,55.16,2.637,1.1392
dentin,K6Ca2Mg(PO4)4,50.56,2.589,0.9945
dentin,K2Ca4Mg4P8O29,83.69,2.81,2.0118
dentin,K2Ca4Mg6P8O31,97.15,2.833,2.4118
dentin,K2Ca4Mg8P8O33,94.53,2.841,2.3365
dentin,K2Ca4Mg10P8O35,99.25,2.844,2.4761
dentin,K2Ca4Mg12P8O37,102.85,2.834,2.5797
dentin,KCa2MgP5O16,78.58,2.714,1.8427
dentin,K4Ca4Mg2P10O33,78.43,2.951,1.8849
dentin,K3Ca2MgP5O17,83.63,3.072,2.0614
dentin,K8Ca4Mg2(P2O7)5,84.57,3.148,2.1039
dentin,K5Ca2MgP5O18,65.03,3.059,1.5121
dentin,K12Ca4Mg2P10O37,53.27,2.619,1.0798
dentin,KCa2Mg2P5O17,77.4,2.74,1.8132
dentin,KCa2Mg3P5O18,89.16,2.809,2.1724
dentin,KCa2Mg4P5O19,94.46,2.847,2.3355
dentin,KCa2Mg5(PO4)5,98.75,2.868,2.466
dentin,KCa2Mg6P5O21,95.68,2.849,2.372
dentin,K2Ca4Mg2P12O37,75.51,2.691,1.7479
dentin,K2Ca2MgP6O19,77.96,2.904,1.8615
dentin,K6Ca4Mg2(P4O13)3,77.43,2.987,1.8625
dentin,K4Ca2Mg(P3O10)2,78.93,3.066,1.9221
dentin,K10Ca4Mg2P12O41,87.7,3.159,2.198
dentin,K6Ca2Mg(P2O7)3,67.14,3.105,1.5832
dentin,K2Ca4Mg4(P4O13)3,79.13,2.703,1.8567
dentin,K2Ca4Mg6P12O41,80.81,2.71,1.9074
dentin,K2Ca4Mg8P12O43,90.01,2.777,2.1913
dentin,K2Ca4Mg10(P4O15)3,98.16,2.808,2.4366
dentin,K2Ca4Mg12P12O47,97.14,2.81,2.4074
dentin,KCa3MgPO7,104.56,3.047,2.6719
dentin,K4Ca6Mg2P2O15,68.54,2.668,1.5383
dentin,K3Ca3MgPO8,67.19,2.654,1.4961
dentin,K8Ca6Mg2P2O17,67.21,2.654,1.4966
dentin,K5Ca3MgPO9,69.9,2.64,1.5731
dentin,K12Ca6Mg2P2O19,77.4,2.661,1.7975
dentin,KCa3Mg2PO8,106.22,3.002,2.7118
dentin,K4Ca6Mg4P2O17,102.53,3.033,2.6095
dentin,K3Ca3Mg2PO9,72.1,2.652,1.6402
dentin,K8Ca6Mg4P2O19,75.84,2.616,1.7428
dentin,K5Ca3Mg2PO10,73.02,2.619,1.6607
dentin,K12Ca6Mg4P2O21,75.67,2.613,1.7373
dentin,KCa3Mg3PO9,107.06,2.984,2.7332
dentin,K4Ca6Mg6P2O19,115.41,2.996,2.9809
dentin,K3Ca3Mg3PO10,83.14,2.601,1.9546
dentin,K8Ca6Mg6P2O21,76.54,2.621,1.7644
dentin,K5Ca3Mg3PO11,75.32,2.581,1.7208
dentin,K12Ca6Mg6P2O23,77.01,2.568,1.768
dentin,KCa3Mg4PO10,109.81,2.944,2.806
dentin,K4Ca6Mg8P2O21,115.78,3.006,2.9935
dentin,K3Ca3Mg4PO11,81.62,2.821,1.953
dentin,K8Ca6Mg8P2O23,77.63,2.59,1.7906
dentin,K5Ca3Mg4PO12,74.87,2.559,1.7033
dentin,K12Ca6Mg8P2O25,70.2,2.552,1.5646
dentin,KCa3Mg5PO11,105.24,2.93,2.669
dentin,K4Ca6Mg10P2O23,115.2,2.984,2.9723
dentin,K3Ca3Mg5PO12,115.59,2.975,2.982
dentin,K8Ca6Mg10P2O25,77.39,2.547,1.7749
dentin,K5Ca3Mg5PO13,76.87,2.581,1.7663
dentin,K12Ca6Mg10P2O27,74.87,2.546,1.7008
dentin,KCa3Mg6PO12,102.5,2.896,2.5816
dentin,K4Ca6Mg12P2O25,111.57,2.948,2.8585
dentin,K3Ca3Mg6PO13,115.17,2.962,2.9671
dentin,K8Ca6Mg12P2O27,88.62,2.689,2.1328
dentin,K5Ca3Mg6PO14,77.1,2.552,1.7674
dentin,K12Ca6Mg12P2O29,73.27,2.535,1.6515
dentin,K2Ca6Mg2P4O19,94.98,3.008,2.3826
dentin,K2Ca3Mg(PO5)2,105.55,3.048,2.7012
dentin,K6Ca6Mg2P4O21,62.99,2.658,1.3733
dentin,K4Ca3MgP2O11,61.2,2.643,1.3178
dentin,K10Ca6Mg2P4O23,59.72,2.63,1.2717
dentin,K6Ca3Mg(PO6)2,66.03,2.637,1.4587
dentin,K2Ca6Mg4P4O21,100.88,2.98,2.5506
dentin,K2Ca6Mg6P4O23,100.58,2.947,2.5352
dentin,K2Ca6Mg8P4O25,106.71,2.958,2.7176
dentin,K2Ca6Mg10P4O27,105.28,2.93,2.6699
dentin,K2Ca6Mg12P4O29,103.81,2.893,2.6198
dentin,KCa3Mg(PO4)3,98.73,3.02,2.4951
dentin,K4Ca6Mg2P6O25,92.92,2.996,2.3198
dentin,K3Ca3MgP3O13,90.59,3.042,2.2603
dentin,K8Ca6Mg2(P2O9)3,65.91,2.665,1.4604
dentin,K5Ca3MgP3O14,62.8,2.599,1.3563
dentin,K12Ca6Mg2P6O29,58.7,2.621,1.2399
dentin,KCa3Mg2P3O13,102.09,2.995,2.5892
dentin,KCa3Mg3P3O14,102.2,2.949,2.5833
dentin,KCa3Mg4(PO5)3,105.31,2.917,2.6683
dentin,KCa3Mg5P3O16,104.68,2.894,2.6455
dentin,KCa3Mg6P3O17,104.96,2.873,2.6495
dentin,K2Ca6Mg2P8O29,86.33,2.944,2.1157
dentin,K2Ca3MgP4O15,86.77,3.026,2.1445
dentin,K6Ca6Mg2P8O31,85.03,3.021,2.0925
dentin,K4Ca3Mg(PO4)4,78.54,3.015,1.9004
dentin,K10Ca6Mg2P8O33,60.99,2.679,1.3188
dentin,K6Ca3MgP4O17,55.01,2.596,1.1266
dentin,K2Ca6Mg4P8O31,99.42,2.911,2.494
dentin,K2Ca6Mg6P8O33,97.79,2.931,2.4502
dentin,K2Ca6Mg8P8O35,105.63,2.917,2.6779
dentin,K2Ca6Mg10P8O37,101.24,2.889,2.5434
dentin,K2Ca6Mg12P8O39,102.01,2.866,2.5614
dentin,KCa3MgP5O17,76.56,2.801,1.8005
dentin,K4Ca6Mg2(P2O7)5,84.2,3.018,2.0676
dentin,K3Ca3MgP5O18,78.0,3.063,1.8943
dentin,K8Ca6Mg2P10O37,73.23,3.02,1.7453
dentin,K5Ca3MgP5O19,68.78,3.015,1.6137
dentin,K12Ca6Mg2P10O39,64.85,2.766,1.4493
dentin,KCa3Mg2P5O18,86.56,2.822,2.0986
dentin,KCa3Mg3P5O19,90.14,2.826,2.2044
dentin,KCa3Mg4(PO4)5,95.52,2.865,2.3703
dentin,KCa3Mg5P5O21,97.46,2.871,2.4285
dentin,KCa3Mg6P5O22,103.52,2.889,2.6102
dentin,K2Ca6Mg2(P4O13)3,75.9,2.773,1.7756
dentin,K2Ca3Mg(P3O10)2,81.48,2.952,1.9746
dentin,K6Ca6Mg2P12O41,80.09,3.044,1.9518
dentin,K4Ca3Mg(P2O7)3,81.9,3.106,2.0172
dentin,K10Ca6Mg2P12O43,78.01,3.099,1.9015
dentin,K6Ca3Mg(P3O11)2,67.8,3.027,1.5871
dentin,K2Ca6Mg4P12O41,78.1,2.773,1.8401
dentin,K2Ca6Mg6P12O43,90.62,2.836,2.2207
dentin,K2Ca6Mg8(P4O15)3,95.71,2.87,2.3769
dentin,K2Ca6Mg10P12O47,98.94,2.869,2.4717
dentin,K2Ca6Mg12P12O49,96.4,2.875,2.3983
dentin,KCa4MgPO8,104.49,3.038,2.6682
dentin,K4Ca8Mg2P2O17,68.57,2.693,1.5441
dentin,K3Ca4MgPO9,70.73,2.723,1.6136
dentin,K8Ca8Mg2P2O19,72.37,2.672,1.6518
dentin,K5Ca4MgPO10,76.73,2.657,1.7771
dentin,K12Ca8Mg2P2O21,74.67,2.678,1.7207
dentin,KCa4Mg2PO9,106.69,3.039,2.7329
dentin,K4Ca8Mg4P2O19,113.49,3.031,2.9313
dentin,K3Ca4Mg2PO10,80.16,2.666,1.8798
dentin,K8Ca8Mg4P2O21,75.41,2.64,1.7351
dentin,K5Ca4Mg2PO11,73.19,2.644,1.6705
dentin,K12Ca8Mg4P2O23,76.73,2.63,1.7716
dentin,KCa4Mg3PO10,112.94,3.004,2.9099
dentin,K4Ca8Mg6P2O21,116.91,3.01,3.0276
dentin,K3Ca4Mg3PO11,80.6,2.618,1.8831
dentin,K8Ca8Mg6P2O23,77.11,2.655,1.788
dentin,K5Ca4Mg3PO12,75.24,2.598,1.7218
dentin,K12Ca8Mg6P2O25,77.62,2.584,1.789
dentin,KCa4Mg4PO11,114.46,2.983,2.9504
dentin,K4Ca8Mg8P2O23,117.17,2.998,3.0331
dentin,K3Ca4Mg4PO12,111.53,2.915,2.851
dentin,K8Ca8Mg8P2O25,77.16,2.606,1.7797
dentin,K5Ca4Mg4PO13,74.91,2.629,1.718
dentin,K12Ca8Mg8P2O27,73.49,2.569,1.6646
dentin,KCa4Mg5PO12,109.91,2.949,2.8099
dentin,K4Ca8Mg10P2O25,118.8,2.986,3.0786
dentin,K3Ca4Mg5PO13,110.19,2.955,2.8191
dentin,K8Ca8Mg10P2O27,81.18,2.569,1.8908
dentin,K5Ca4Mg5PO14,76.68,2.604,1.7653
dentin,K12Ca8Mg10P2O29,75.72,2.562,1.7288
dentin,KCa4Mg6PO13,105.29,2.932,2.6708
dentin,K4Ca8Mg12P2O27,118.31,2.978,3.0625
dentin,K3Ca4Mg6PO14,115.59,2.957,2.9784
dentin,K8Ca8Mg12P2O29,88.09,2.8,2.1394
dentin,K5Ca4Mg6PO15,77.34,2.547,1.7736
dentin,K12Ca8Mg12P2O31,76.87,2.589,1.7678
dentin,K2Ca8Mg2P4O21,100.71,3.041,2.5575
dentin,K2Ca4MgP2O11,105.71,3.047,2.7055
dentin,K6Ca8Mg2P4O23,67.12,2.703,1.5036
dentin,K4Ca4Mg(PO6)2,63.7,2.701,1.4028
dentin,K10Ca8Mg2P4O25,60.78,2.643,1.3055
dentin,K6Ca4MgP2O13,66.3,2.664,1.472
dentin,K2Ca8Mg4P4O23,100.69,3.006,2.5499
dentin,K2Ca8Mg6P4O25,101.39,2.986,2.5667
dentin,K2Ca8Mg8P4O27,99.57,2.965,2.5092
dentin,K2Ca8Mg10P4O29,100.51,2.957,2.5352
dentin,K2Ca8Mg12P4O31,100.83,2.943,2.5416
dentin,KCa4MgP3O13,95.35,3.008,2.3934
dentin,K4Ca8Mg2(P2O9)3,97.18,3.018,2.4492
dentin,K3Ca4MgP3O14,98.94,3.06,2.5092
dentin,K8Ca8Mg2P6O29,67.02,2.68,1.4961
dentin,K5Ca4Mg(PO5)3,63.08,2.637,1.3719
dentin,K12Ca8Mg2P6O31,62.95,2.638,1.3682
dentin,KCa4Mg2P3O14,97.51,3.006,2.4565
dentin,KCa4Mg3(PO5)3,108.47,3.013,2.7801
dentin,KCa4Mg4P3O16,109.54,2.99,2.807
dentin,KCa4Mg5P3O17,105.36,2.935,2.6734
dentin,KCa4Mg6(PO6)3,105.31,2.908,2.6667
dentin,K2Ca8Mg2P8O31,101.4,2.997,2.5693
dentin,K2Ca4Mg(PO4)4,91.74,2.995,2.2848
dentin,K6Ca8Mg2P8O33,92.57,3.02,2.3141
dentin,K4Ca4MgP4O17,89.68,3.043,2.2336
dentin,K10Ca8Mg2P8O35,66.18,2.793,1.4936
dentin,K6Ca4Mg(P2O9)2,59.82,2.591,1.2671
dentin,K2Ca8Mg4P8O33,102.97,2.986,2.613
dentin,K2Ca8Mg6P8O35,104.01,2.967,2.6401
dentin,K2Ca8Mg8P8O37,100.9,2.924,2.5403
dentin,K2Ca8Mg10P8O39,103.86,2.924,2.6272
dentin,K2Ca8Mg12P8O41,105.83,2.911,2.6824
dentin,KCa4MgP5O18,84.03,2.909,2.0411
dentin,K4Ca8Mg2P10O37,88.11,3.015,2.1819
dentin,K3Ca4MgP5O19,83.54,3.011,2.0467
dentin,K8Ca8Mg2P10O39,85.44,3.023,2.1049
dentin,K5Ca4Mg(PO4)5,78.54,3.031,1.9036
dentin,K12Ca8Mg2P10O41,69.1,2.898,1.6002
dentin,KCa4Mg2P5O19,91.28,2.902,2.253
dentin,KCa4Mg3(PO4)5,95.93,2.935,2.3961
dentin,KCa4Mg4P5O21,101.19,2.919,2.5477
dentin,KCa4Mg5P5O22,104.56,2.927,2.6484
dentin,KCa4Mg6P5O23,104.97,2.905,2.656
dentin,K2Ca8Mg2P12O41,77.21,2.811,1.8214
dentin,K2Ca4Mg(P2O7)3,79.89,3.0,1.9374
dentin,K6Ca8Mg2P12O43,80.8,3.097,1.983
dentin,K4Ca4Mg(P3O11)2,74.14,3.026,1.7734
dentin,K10Ca8Mg2(P4O15)3,85.1,3.023,2.0951
dentin,K6Ca4MgP6O23,78.07,3.016,1.8872
dentin,K2Ca8Mg4P12O43,87.74,2.834,2.1356
dentin,K2Ca8Mg6(P4O15)3,88.94,2.853,2.1745
dentin,K2Ca8Mg8P12O47,97.15,2.861,2.4174
dentin,K2Ca8Mg10P12O49,96.71,2.894,2.4109
dentin,K2Ca8Mg12(P4O17)3,110.1,2.948,2.8152
dentin,KCa5MgPO9,101.94,3.043,2.5941
dentin,K4Ca10Mg2P2O19,77.19,2.746,1.808
dentin,K3Ca5MgPO10,77.27,2.741,1.8096
dentin,K8Ca10Mg2P2O21,72.86,2.686,1.6691
dentin,K5Ca5MgPO11,76.81,2.679,1.7836
dentin,K12Ca10Mg2P2O23,76.14,2.688,1.766
dentin,KCa5Mg2PO10,115.46,3.044,2.9918
dentin,K4Ca10Mg4P2O21,116.21,3.002,3.0057
dentin,K3Ca5Mg2PO11,79.92,2.665,1.8726
dentin,K8Ca10Mg4P2O23,72.68,2.704,1.6673
dentin,K5Ca5Mg2PO12,73.42,2.655,1.6794
dentin,K12Ca10Mg4P2O25,76.73,2.643,1.7742
dentin,KCa5Mg3PO11,112.93,3.018,2.9123
dentin,K4Ca10Mg6P2O23,115.28,3.003,2.9784
dentin,K3Ca5Mg3PO12,80.6,2.638,1.887
dentin,K8Ca10Mg6P2O25,77.11,2.661,1.7891
dentin,K5Ca5Mg3PO13,74.82,2.618,1.7133
dentin,K12Ca10Mg6P2O27,77.45,2.599,1.7869
dentin,KCa5Mg4PO12,113.45,3.006,2.9252
dentin,K4Ca10Mg8P2O25,116.85,2.998,3.0234
dentin,K3Ca5Mg4PO13,117.87,2.973,3.0486
dentin,K8Ca10Mg8P2O27,80.99,2.614,1.8939
dentin,K5Ca5Mg4PO14,74.91,2.659,1.7238
dentin,K12Ca10Mg8P2O29,70.13,2.58,1.5679
dentin,KCa5Mg5PO13,114.88,2.987,2.9634
dentin,K4Ca10Mg10P2O27,117.68,2.98,3.0443
dentin,K3Ca5Mg5PO14,119.3,2.972,3.0904
dentin,K8Ca10Mg10P2O29,80.75,2.576,1.8794
dentin,K5Ca5Mg5PO15,76.68,2.611,1.7667
dentin,K12Ca10Mg10P2O31,74.91,2.624,1.7171
dentin,KCa5Mg6PO14,116.05,2.963,2.9932
dentin,K4Ca10Mg12P2O29,117.7,2.973,3.0435
dentin,K3Ca5Mg6PO15,112.41,2.946,2.8827
dentin,K8Ca10Mg12P2O31,87.89,2.806,2.1344
dentin,K5Ca5Mg6PO16,81.18,2.567,1.8904
dentin,K12Ca10Mg12P2O33,76.68,2.604,1.7655
dentin,K2Ca10Mg2P4O23,103.61,3.056,2.6458
dentin,K2Ca5Mg(PO6)2,104.66,3.013,2.6681
dentin,K6Ca10Mg2P4O25,68.3,2.732,1.544
dentin,K4Ca5MgP2O13,65.29,2.726,1.4542
dentin,K10Ca10Mg2P4O27,61.82,2.657,1.3388
dentin,K6Ca5Mg(PO7)2,66.3,2.678,1.4746
dentin,K2Ca10Mg4P4O25,102.18,3.021,2.5967
dentin,K2Ca10Mg6P4O27,102.99,2.996,2.6155
dentin,K2Ca10Mg8P4O29,100.13,2.984,2.5291
dentin,K2Ca10Mg10P4O31,100.82,2.969,2.5464
dentin,K2Ca10Mg12P4O33,101.5,2.961,2.5651
dentin,KCa5MgP3O14,96.7,3.009,2.4334
dentin,K4Ca10Mg2P6O29,104.0,3.047,2.6556
dentin,K3Ca5Mg(PO5)3,105.43,2.999,2.6881
dentin,K8Ca10Mg2P6O31,69.47,2.799,1.5916
dentin,K5Ca5MgP3O16,61.58,2.699,1.3401
dentin,K12Ca10Mg2(P2O11)3,63.42,2.652,1.3847
dentin,KCa5Mg2(PO5)3,99.59,3.001,2.5168
dentin,KCa5Mg3P3O16,100.87,3.0,2.5542
dentin,KCa5Mg4P3O17,103.16,2.988,2.6189
dentin,KCa5Mg5(PO6)3,106.26,2.981,2.7088
dentin,KCa5Mg6P3O19,109.67,2.963,2.8056
dentin,K2Ca10Mg2P8O33,96.75,3.028,2.4383
dentin,K2Ca5MgP4O17,89.82,3.017,2.2328
dentin,K6Ca10Mg2P8O35,97.78,3.025,2.4682
dentin,K4Ca5Mg(P2O9)2,90.67,3.066,2.2674
dentin,K10Ca10Mg2P8O37,68.8,2.863,1.5846
dentin,K6Ca5MgP4O19,62.78,2.648,1.365
dentin,K2Ca10Mg4P8O35,103.16,3.031,2.6276
dentin,K2Ca10Mg6P8O37,102.79,3.001,2.6109
dentin,K2Ca10Mg8P8O39,106.41,2.974,2.712
dentin,K2Ca10Mg10P8O41,103.97,2.945,2.6345
dentin,K2Ca10Mg12P8O43,106.18,2.93,2.6967
dentin,KCa5MgP5O19,91.73,2.961,2.278
dentin,K4Ca10Mg2P10O39,91.32,3.005,2.2743
dentin,K3Ca5Mg(PO4)5,90.55,3.006,2.252
dentin,K8Ca10Mg2P10O41,90.83,3.013,2.2616
dentin,K5Ca5MgP5O21,88.36,3.054,2.1971
dentin,K12Ca10Mg2P10O43,79.25,2.905,1.9001
dentin,KCa5Mg2(PO4)5,99.34,2.965,2.5023
dentin,KCa5Mg3P5O21,103.51,2.986,2.6289
dentin,KCa5Mg4P5O22,105.07,2.984,2.6744
dentin,KCa5Mg5P5O23,101.38,2.952,2.5599
dentin,KCa5Mg6P5O24,102.38,2.921,2.5831
dentin,K2Ca10Mg2P12O43,86.24,2.902,2.1046
dentin,K2Ca5Mg(P3O11)2,83.59,2.985,2.0432
dentin,K6Ca10Mg2(P4O15)3,82.02,3.02,2.0039
dentin,K4Ca5MgP6O23,84.75,3.013,2.0827
dentin,K10Ca10Mg2P12O47,84.76,3.038,2.0881
dentin,K6Ca5Mg(PO4)6,78.54,3.034,1.9042
dentin,K2Ca10Mg4(P4O15)3,90.3,2.9,2.2237
dentin,K2Ca10Mg6P12O47,94.88,2.9,2.3586
dentin,K2Ca10Mg8P12O49,98.42,2.917,2.4658
dentin,K2Ca10Mg10(P4O17)3,100.77,2.921,2.5358
dentin,K2Ca10Mg12P12O53,103.56,2.931,2.6196
dentin,KCa6MgPO10,112.86,3.069,2.9202
dentin,K4Ca12Mg2P2O21,82.66,2.841,1.9875
dentin,K3Ca6MgPO11,78.69,2.747,1.8526
dentin,K8Ca12Mg2P2O23,74.37,2.699,1.7161
dentin,K5Ca6MgPO12,73.47,2.711,1.6918
dentin,K12Ca12Mg2P2O25,71.13,2.696,1.6202
dentin,KCa6Mg2PO11,116.29,3.014,3.0103
dentin,K4Ca12Mg4P2O23,114.69,3.019,2.9641
dentin,K3Ca6Mg2PO12,81.04,2.68,1.9082
dentin,K8Ca12Mg4P2O25,72.68,2.719,1.6702
dentin,K5Ca6Mg2PO13,72.86,2.665,1.665
dentin,K12Ca12Mg4P2O27,76.73,2.649,1.7754
dentin,KCa6Mg3PO12,116.26,3.019,3.0104
dentin,K4Ca12Mg6P2O25,115.4,3.004,2.982
dentin,K3Ca6Mg3PO13,83.39,2.676,1.9766
dentin,K8Ca12Mg6P2O27,79.37,2.677,1.8587
dentin,K5Ca6Mg3PO14,71.12,2.661,1.6129
dentin,K12Ca12Mg6P2O29,76.23,2.632,1.7575
dentin,KCa6Mg4PO13,113.37,2.997,2.9212
dentin,K4Ca12Mg8P2O27,116.16,3.008,3.0054
dentin,K3Ca6Mg4PO14,118.02,2.99,3.0564
dentin,K8Ca12Mg8P2O29,81.87,2.617,1.9205
dentin,K5Ca6Mg4PO15,74.32,2.655,1.7057
dentin,K12Ca12Mg8P2O31,73.49,2.601,1.6709
dentin,KCa6Mg5PO14,115.42,2.99,2.98
dentin,K4Ca12Mg10P2O29,116.32,2.983,3.005
dentin,K3Ca6Mg5PO15,117.18,2.977,3.0293
dentin,K8Ca12Mg10P2O31,81.91,2.62,1.9223
dentin,K5Ca6Mg5PO16,80.04,2.63,1.8692
dentin,K12Ca12Mg10P2O33,74.32,2.647,1.7043
dentin,KCa6Mg6PO15,116.05,2.985,2.9975
dentin,K4Ca12Mg12P2O31,116.13,2.988,3.0003
dentin,K3Ca6Mg6PO16,118.61,2.956,3.0669
dentin,K8Ca12Mg12P2O33,91.12,2.872,2.2422
dentin,K5Ca6Mg6PO17,80.99,2.581,1.8875
dentin,K12Ca12Mg12P2O35,74.91,2.618,1.7157
dentin,K2Ca12Mg2P4O25,105.41,3.015,2.6905
dentin,K2Ca6MgP2O13,103.81,3.03,2.6465
dentin,K6Ca12Mg2P4O27,73.73,2.916,1.7399
dentin,K4Ca6Mg(PO7)2,66.25,2.713,1.4802
dentin,K10Ca12Mg2P4O29,65.3,2.685,1.4466
dentin,K6Ca6MgP2O15,67.79,2.687,1.5202
dentin,K2Ca12Mg4P4O27,104.91,3.025,2.6778
dentin,K2Ca12Mg6P4O29,104.67,3.009,2.6677
dentin,K2Ca12Mg8P4O31,105.45,2.988,2.6863
dentin,K2Ca12Mg10P4O33,103.23,2.987,2.621
dentin,K2Ca12Mg12P4O35,99.74,2.976,2.5162
dentin,KCa6Mg(PO5)3,100.14,3.038,2.5402
dentin,K4Ca12Mg2P6O31,106.01,3.013,2.7079
dentin,K3Ca6MgP3O16,105.1,3.006,2.6797
dentin,K8Ca12Mg2(P2O11)3,71.55,2.889,1.6702
dentin,K5Ca6MgP3O17,62.67,2.701,1.3726
dentin,K12Ca12Mg2P6O35,63.13,2.663,1.3785
dentin,KCa6Mg2P3O16,99.08,3.01,2.5036
dentin,KCa6Mg3P3O17,101.1,3.001,2.5611
dentin,KCa6Mg4(PO6)3,101.96,3.002,2.5866
dentin,KCa6Mg5P3O19,102.37,2.995,2.5971
dentin,KCa6Mg6P3O20,101.29,2.972,2.561
dentin,K2Ca12Mg2P8O35,96.49,3.031,2.4316
dentin,K2Ca6Mg(P2O9)2,93.4,3.028,2.3398
dentin,K6Ca12Mg2P8O37,103.79,3.061,2.652
dentin,K4Ca6MgP4O19,93.07,3.011,2.3269
dentin,K10Ca12Mg2P8O39,70.77,2.879,1.6456
dentin,K6Ca6Mg(PO5)4,63.3,2.667,1.3843
dentin,K2Ca12Mg4P8O37,96.64,3.004,2.4306
dentin,K2Ca12Mg6P8O39,99.66,3.008,2.5201
dentin,K2Ca12Mg8P8O41,107.89,3.008,2.7622
dentin,K2Ca12Mg10P8O43,108.66,2.991,2.7814
dentin,K2Ca12Mg12P8O45,110.26,2.972,2.8246
dentin,KCa6Mg(PO4)5,97.08,3.003,2.4434
dentin,K4Ca12Mg2P10O41,92.67,3.001,2.3133
dentin,K3Ca6MgP5O21,92.19,3.019,2.3027
dentin,K8Ca12Mg2P10O43,96.52,3.033,2.4328
dentin,K5Ca6MgP5O22,89.5,3.064,2.2324
dentin,K12Ca12Mg2(P2O9)5,68.6,2.861,1.5782
dentin,KCa6Mg2P5O21,102.44,3.011,2.6024
dentin,KCa6Mg3P5O22,101.9,3.005,2.5852
dentin,KCa6Mg4P5O23,102.21,2.971,2.5879
dentin,KCa6Mg5P5O24,104.33,2.949,2.6458
dentin,KCa6Mg6(PO5)5,106.18,2.953,2.7008
dentin,K2Ca12Mg2(P4O15)3,90.85,2.969,2.2537
dentin,K2Ca6MgP6O23,93.54,3.015,2.3415
dentin,K6Ca12Mg2P12O47,90.35,3.009,2.2464
dentin,K4Ca6Mg(PO4)6,90.29,3.02,2.2468
dentin,K10Ca12Mg2P12O49,91.41,3.02,2.28
dentin,K6Ca6MgP6O25,88.36,3.057,2.1976
dentin,K2Ca12Mg4P12O47,102.13,2.977,2.5866
dentin,K2Ca12Mg6P12O49,103.37,2.981,2.6238
dentin,K2Ca12Mg8(P4O17)3,102.19,2.961,2.5853
dentin,K2Ca12Mg10P12O53,103.69,2.966,2.6303
dentin,K2Ca12Mg12P12O55,104.83,2.946,2.6599
dentin,CaMgAlPO6,141.3,3.014,3.7455
dentin,Ca2Mg2Al4P2O15,154.31,3.104,4.1457
dentin,CaMgAl3PO9,155.72,3.057,4.1779
dentin,Ca2Mg2Al8P2O21,162.78,3.089,4.3917
dentin,CaMgAl5PO12,153.03,3.049,4.0973
dentin,Ca2Mg2Al12P2O27,142.96,2.975,3.7866
dentin,CaMg2AlPO7,135.68,2.921,3.5619
dentin,Ca2Mg4Al4P2O17,144.52,2.988,3.835
dentin,CaMg2Al3PO10,153.34,3.057,4.108
dentin,Ca2Mg4Al8P2O23,144.51,3.021,3.8413
dentin,CaMg2Al5PO13,148.25,3.04,3.9549
dentin,Ca2Mg4Al12P2O29,153.47,3.058,4.1119
dentin,CaMg3AlPO8,143.4,2.914,3.7877
dentin,Ca2Mg6Al4P2O19,144.42,2.954,3.8255
dentin,CaMg3Al3PO11,145.47,3.027,3.8706
dentin,Ca2Mg6Al8P2O25,147.6,3.033,3.9346
dentin,CaMg3Al5PO14,140.47,3.017,3.7219
dentin,Ca2Mg6Al12P2O31,148.67,3.032,3.9656
dentin,CaMg4AlPO9,143.17,2.91,3.7801
dentin,Ca2Mg8Al4P2O21,141.06,2.964,3.7287
dentin,CaMg4Al3PO12,145.97,2.983,3.8767
dentin,Ca2Mg8Al8P2O27,159.14,3.051,4.2774
dentin,CaMg4Al5PO15,155.34,3.065,4.1683
dentin,Ca2Mg8Al12P2O33,137.78,3.01,3.6414
dentin,CaMg5AlPO10,140.93,2.884,3.7092
dentin,Ca2Mg10Al4P2O23,141.14,2.941,3.7267
dentin,CaMg5Al3PO13,143.95,3.02,3.8246
dentin,Ca2Mg10Al8P2O29,160.12,3.039,4.3038
dentin,CaMg5Al5PO16,154.69,3.038,4.1438
dentin,Ca2Mg10Al12P2O35,156.23,3.052,4.192
dentin,CaMg6AlPO11,144.04,2.899,3.8033
dentin,Ca2Mg12Al4P2O25,143.02,2.923,3.7783
dentin,CaMg6Al3PO14,140.7,3.012,3.7276
dentin,Ca2Mg12Al8P2O31,158.93,3.031,4.2674
dentin,CaMg6Al5PO17,157.94,3.033,4.2386
dentin,Ca2Mg12Al12P2O37,149.33,3.054,3.9896
dentin,Ca2Mg2Al2P4O17,112.57,2.873,2.8733
dentin,CaMgAl2(PO5)2,129.73,2.884,3.3797
dentin,Ca2Mg2Al6P4O23,134.85,2.873,3.5283
dentin,CaMgAl4P2O13,134.06,2.896,3.5095
dentin,Ca2Mg2Al10P4O29,128.66,2.86,3.3437
dentin,CaMgAl6(PO8)2,117.22,2.82,2.9996
dentin,Ca2Mg4Al2P4O19,132.19,2.904,3.4561
dentin,CaMg2Al2P2O11,132.75,2.906,3.4729
dentin,Ca2Mg4Al6P4O25,138.17,2.93,3.637
dentin,CaMg2Al4(PO7)2,137.33,2.945,3.6152
dentin,Ca2Mg4Al10P4O31,137.92,2.976,3.6386
dentin,CaMg2Al6P2O17,140.76,2.94,3.7153
dentin,Ca2Mg6Al2P4O21,141.34,2.971,3.7383
dentin,CaMg3Al2(PO6)2,142.3,2.976,3.7676
dentin,Ca2Mg6Al6P4O27,130.73,3.008,3.4336
dentin,CaMg3Al4P2O15,150.49,3.072,4.0271
dentin,Ca2Mg6Al10P4O33,153.83,3.047,4.1205
dentin,CaMg3Al6(PO9)2,155.24,3.047,4.162
dentin,Ca2Mg8Al2P4O23,147.1,2.932,3.9
dentin,CaMg4Al2P2O13,141.48,2.957,3.7399
dentin,Ca2Mg8Al6P4O29,137.85,2.971,3.6359
dentin,CaMg4Al4(PO8)2,130.77,3.025,3.4381
dentin,Ca2Mg8Al10P4O35,143.42,3.074,3.8198
dentin,CaMg4Al6P2O19,148.28,3.052,3.9581
dentin,Ca2Mg10Al2P4O25,146.84,2.93,3.8921
dentin,CaMg5Al2(PO7)2,141.06,2.947,3.7253
dentin,Ca2Mg10Al6P4O31,142.34,2.968,3.7669
dentin,CaMg5Al4P2O17,140.26,2.975,3.7075
dentin,Ca2Mg10Al10P4O37,147.91,3.03,3.9431
dentin,CaMg5Al6(PO10)2,145.5,3.046,3.8754
dentin,Ca2Mg12Al2P4O27,137.9,2.895,3.6223
dentin,CaMg6Al2P2O15,143.69,2.942,3.8016
dentin,Ca2Mg12Al6P4O33,142.71,2.964,3.7772
dentin,CaMg6Al4(PO9)2,138.6,2.971,3.6579
dentin,Ca2Mg12Al10P4O39,136.51,2.988,3.5996
dentin,CaMg6Al6P2O21,153.01,3.032,4.0934
dentin,CaMgAlP3O11,92.69,2.717,2.2581
dentin,Ca2Mg2Al4P6O25,114.97,2.705,2.9109
dentin,CaMgAl3P3O14,107.56,2.723,2.6967
dentin,Ca2Mg2Al8P6O31,119.46,2.817,3.0648
dentin,CaMgAl5P3O17,119.51,2.831,3.0691
dentin,Ca2Mg2Al12P6O37,121.73,2.846,3.1373
dentin,CaMg2Al(PO4)3,110.49,2.831,2.8039
dentin,Ca2Mg4Al4(P2O9)3,113.0,2.849,2.881
dentin,CaMg2Al3(PO5)3,116.23,2.849,2.9761
dentin,Ca2Mg4Al8(P2O11)3,124.8,2.85,3.2284
dentin,CaMg2Al5(PO6)3,135.29,2.859,3.5384
dentin,Ca2Mg4Al12(P2O13)3,133.79,2.871,3.4968
dentin,CaMg3AlP3O13,107.99,2.83,2.7302
dentin,Ca2Mg6Al4P6O29,112.31,2.856,2.8621
dentin,CaMg3Al3P3O16,126.01,2.86,3.2658
dentin,Ca2Mg6Al8P6O35,128.9,2.883,3.3554
dentin,CaMg3Al5P3O19,133.9,2.904,3.5065
dentin,Ca2Mg6Al12P6O41,134.51,2.906,3.5247
dentin,CaMg4AlP3O14,126.27,2.889,3.2791
dentin,Ca2Mg8Al4P6O31,130.02,2.906,3.3929
dentin,CaMg4Al3P3O17,129.02,2.917,3.3656
dentin,Ca2Mg8Al8P6O37,132.15,2.933,3.4605
dentin,CaMg4Al5P3O20,131.97,2.978,3.4641
dentin,Ca2Mg8Al12P6O43,136.12,2.958,3.5823
dentin,CaMg5Al(PO5)3,144.56,2.948,3.8283
dentin,Ca2Mg10Al4(P2O11)3,139.68,2.969,3.689
dentin,CaMg5Al3(PO6)3,135.49,2.978,3.5677
dentin,Ca2Mg10Al8(P2O13)3,129.67,3.006,3.4021
dentin,CaMg5Al5(PO7)3,147.68,3.052,3.9405
dentin,Ca2Mg10Al12(P2O15)3,149.51,3.087,4.0012
dentin,CaMg6AlP3O16,142.25,2.936,3.7584
dentin,Ca2Mg12Al4P6O35,140.11,2.939,3.6958
dentin,CaMg6Al3P3O19,137.55,2.968,3.6264
dentin,Ca2Mg12Al8P6O41,127.93,2.987,3.3473
dentin,CaMg6Al5P3O22,135.69,3.019,3.5818
dentin,Ca2Mg12Al12P6O47,143.18,3.069,3.8115
dentin,Ca2Mg2Al2P8O27,94.53,2.673,2.3036
dentin,CaMgAl2P4O15,121.61,2.66,3.0972
dentin,Ca2Mg2Al6P8O33,124.21,2.638,3.1693
dentin,CaMgAl4(P2O9)2,117.73,2.635,2.9783
dentin,Ca2Mg2Al10P8O39,120.94,2.662,3.0778
dentin,CaMgAl6P4O21,119.86,2.758,3.0651
dentin,Ca2Mg4Al2P8O29,92.69,2.709,2.2566
dentin,CaMg2Al2(PO4)4,110.04,2.703,2.7655
dentin,Ca2Mg4Al6P8O35,105.74,2.755,2.6493
dentin,CaMg2Al4P4O19,115.78,2.78,2.9494
dentin,Ca2Mg4Al10P8O41,118.49,2.796,3.0321
dentin,CaMg2Al6(P2O11)2,124.46,2.84,3.2163
dentin,Ca2Mg6Al2P8O31,109.56,2.795,2.7694
dentin,CaMg3Al2P4O17,109.37,2.809,2.7664
dentin,Ca2Mg6Al6P8O37,110.94,2.84,2.8188
dentin,CaMg3Al4(PO5)4,114.88,2.852,2.9369
dentin,Ca2Mg6Al10P8O43,124.8,2.833,3.2251
dentin,CaMg3Al6P4O23,122.8,2.853,3.1702
dentin,Ca2Mg8Al2P8O33,112.58,2.817,2.8627
dentin,CaMg4Al2(P2O9)2,102.17,2.825,2.5581
dentin,Ca2Mg8Al6P8O39,114.5,2.843,2.9241
dentin,CaMg4Al4P4O21,117.44,2.858,3.0133
dentin,Ca2Mg8Al10P8O45,128.45,2.869,3.3392
dentin,CaMg4Al6(PO6)4,131.5,2.883,3.4318
dentin,Ca2Mg10Al2P8O35,111.71,2.821,2.8377
dentin,CaMg5Al2P4O19,124.96,2.863,3.2355
dentin,Ca2Mg10Al6P8O41,126.55,2.87,3.2837
dentin,CaMg5Al4(P2O11)2,126.74,2.9,3.2951
dentin,Ca2Mg10Al10P8O47,125.05,2.898,3.2451
dentin,CaMg5Al6P4O25,134.0,2.927,3.5139
dentin,Ca2Mg12Al2P8O37,126.5,2.873,3.2826
dentin,CaMg6Al2(PO5)4,128.86,2.886,3.3548
dentin,Ca2Mg12Al6P8O43,131.63,2.904,3.4397
dentin,CaMg6Al4P4O23,133.42,2.924,3.4962
dentin,Ca2Mg12Al10P8O49,131.65,2.95,3.4494
dentin,CaMg6Al6(P2O13)2,132.63,2.98,3.484
dentin,CaMgAlP5O16,85.57,2.638,2.0332
dentin,Ca2Mg2Al4(P2O7)5,97.67,2.652,2.3917
dentin,CaMgAl3P5O19,113.16,2.62,2.8408
dentin,Ca2Mg2Al8P10O41,122.4,2.62,3.1127
dentin,CaMgAl5P5O22,116.95,2.621,2.9526
dentin,Ca2Mg2Al12P10O47,116.03,2.616,2.9245
dentin,CaMg2AlP5O17,93.99,2.68,2.289
dentin,Ca2Mg4Al4P10O37,104.79,2.681,2.6066
dentin,CaMg2Al3(PO4)5,124.59,2.656,3.184
dentin,Ca2Mg4Al8P10O43,122.01,2.632,3.1035
dentin,CaMg2Al5P5O23,119.9,2.655,3.0459
dentin,Ca2Mg4Al12P10O49,115.59,2.739,2.9356
dentin,CaMg3AlP5O18,93.63,2.703,2.283
dentin,Ca2Mg6Al4P10O39,100.76,2.699,2.4919
dentin,CaMg3Al3P5O21,119.19,2.754,3.0446
dentin,Ca2Mg6Al8(P2O9)5,111.55,2.801,2.8289
dentin,CaMg3Al5P5O24,116.09,2.781,2.9584
dentin,Ca2Mg6Al12P10O51,117.19,2.803,2.9952
dentin,CaMg4AlP5O19,109.83,2.784,2.7754
dentin,Ca2Mg8Al4P10O41,112.74,2.796,2.8631
dentin,CaMg4Al3P5O22,112.72,2.813,2.8659
dentin,Ca2Mg8Al8P10O47,110.94,2.836,2.8181
dentin,CaMg4Al5(PO5)5,114.88,2.841,2.9348
dentin,Ca2Mg8Al12P10O53,124.8,2.849,3.2281
dentin,CaMg5Al(PO4)5,113.78,2.808,2.8961
dentin,Ca2Mg10Al4P10O43,104.13,2.821,2.6148
dentin,CaMg5Al3P5O23,110.2,2.824,2.794
dentin,Ca2Mg10Al8P10O49,113.8,2.839,2.9026
dentin,CaMg5Al5P5O26,117.44,2.85,3.0118
dentin,Ca2Mg10Al12(P2O11)5,117.23,2.849,3.0056
dentin,CaMg6AlP5O21,111.44,2.804,2.8264
dentin,Ca2Mg12Al4(P2O9)5,108.42,2.819,2.7408
dentin,CaMg6Al3P5O24,107.53,2.839,2.7184
dentin,Ca2Mg12Al8P10O51,116.59,2.858,2.9884
dentin,CaMg6Al5P5O27,126.95,2.861,3.2937
dentin,Ca2Mg12Al12P10O57,126.11,2.874,3.2716
dentin,Ca2Mg2Al2P12O37,87.17,2.613,2.0756
dentin,CaMgAl2(P3O10)2,88.97,2.611,2.128
dentin,Ca2Mg2Al6P12O43,108.16,2.583,2.6867
dentin,CaMgAl4P6O23,108.51,2.594,2.6991
dentin,Ca2Mg2Al10P12O49,117.82,2.615,2.9771
dentin,CaMgAl6(P3O13)2,119.63,2.594,3.0261
dentin,Ca2Mg4Al2(P4O13)3,92.49,2.641,2.2374
dentin,CaMg2Al2(P2O7)3,84.72,2.654,2.0113
dentin,Ca2Mg4Al6(P4O15)3,120.56,2.637,3.062
dentin,CaMg2Al4(PO4)6,119.29,2.61,3.0192
dentin,Ca2Mg4Al10(P4O17)3,125.29,2.617,3.197
dentin,CaMg2Al6(P2O9)3,118.36,2.625,2.9947
dentin,Ca2Mg6Al2P12O41,92.38,2.674,2.2404
dentin,CaMg3Al2(P3O11)2,98.06,2.674,2.4074
dentin,Ca2Mg6Al6P12O47,116.24,2.665,2.9404
dentin,CaMg3Al4P6O25,121.93,2.661,3.1068
dentin,Ca2Mg6Al10P12O53,112.27,2.646,2.8199
dentin,CaMg3Al6(P3O14)2,108.79,2.709,2.7299
dentin,Ca2Mg8Al2P12O43,92.14,2.695,2.2376
dentin,CaMg4Al2P6O23,93.02,2.705,2.2654
dentin,Ca2Mg8Al6P12O49,117.92,2.756,3.0076
dentin,CaMg4Al4(P3O13)2,112.73,2.782,2.8602
dentin,Ca2Mg8Al10P12O55,112.37,2.792,2.8516
dentin,CaMg4Al6P6O29,114.89,2.8,2.9272
dentin,Ca2Mg10Al2(P4O15)3,109.25,2.785,2.7585
dentin,CaMg5Al2(PO4)6,111.16,2.79,2.8155
dentin,Ca2Mg10Al6(P4O17)3,114.02,2.801,2.9016
dentin,CaMg5Al4(P2O9)3,112.54,2.82,2.8619
dentin,Ca2Mg10Al10(P4O19)3,110.94,2.84,2.8188
dentin,CaMg5Al6(PO5)6,113.68,2.83,2.8975
dentin,Ca2Mg12Al2P12O47,113.22,2.805,2.8791
dentin,CaMg6Al2P6O25,112.47,2.809,2.8579
dentin,Ca2Mg12Al6P12O53,103.96,2.814,2.6085
dentin,CaMg6Al4(P3O14)2,110.2,2.828,2.7948
dentin,Ca2Mg12Al10P12O59,112.65,2.845,2.8701
dentin,CaMg6Al6P6O31,117.44,2.842,3.0102
dentin,Ca2MgAlPO7,116.48,3.016,3.0164
dentin,Ca4Mg2Al4P2O17,157.79,3.083,4.2438
dentin,Ca2MgAl3PO10,157.77,3.086,4.2437
dentin,Ca4Mg2Al8P2O23,157.84,3.093,4.2474
dentin,Ca2MgAl5PO13,161.98,3.12,4.3742
dentin,Ca4Mg2Al12P2O29,155.27,3.132,4.1795
dentin,Ca2Mg2AlPO8,126.31,2.993,3.3007
dentin,Ca4Mg4Al4P2O19,143.0,3.018,3.7964
dentin,Ca2Mg2Al3PO11,154.34,3.036,4.1332
dentin,Ca4Mg4Al8P2O25,153.79,3.099,4.1295
dentin,Ca2Mg2Al5PO14,156.06,3.04,4.1846
dentin,Ca4Mg4Al12P2O31,157.45,3.063,4.23
dentin,Ca2Mg3AlPO9,129.83,2.976,3.4009
dentin,Ca4Mg6Al4P2O21,141.66,2.99,3.7515
dentin,Ca2Mg3Al3PO12,146.57,3.003,3.8984
dentin,Ca4Mg6Al8P2O27,153.29,3.07,4.109
dentin,Ca2Mg3Al5PO15,153.62,3.086,4.1218
dentin,Ca4Mg6Al12P2O33,152.95,3.031,4.0912
dentin,Ca2Mg4AlPO10,133.89,2.949,3.5149
dentin,Ca4Mg8Al4P2O23,147.63,2.99,3.9268
dentin,Ca2Mg4Al3PO13,145.96,2.99,3.8777
dentin,Ca4Mg8Al8P2O29,154.06,3.034,4.1247
dentin,Ca2Mg4Al5PO16,155.17,3.039,4.1582
dentin,Ca4Mg8Al12P2O35,153.69,3.047,4.1163
dentin,Ca2Mg5AlPO11,149.33,2.942,3.9675
dentin,Ca4Mg10Al4P2O25,151.98,2.973,4.0515
dentin,Ca2Mg5Al3PO14,144.94,2.963,3.8425
dentin,Ca4Mg10Al8P2O31,142.71,2.997,3.7838
dentin,Ca2Mg5Al5PO17,143.96,3.027,3.8262
dentin,Ca4Mg10Al12P2O37,153.39,3.03,4.1042
dentin,Ca2Mg6AlPO12,144.37,2.922,3.8178
dentin,Ca4Mg12Al4P2O27,151.98,2.964,4.0498
dentin,Ca2Mg6Al3PO15,149.33,2.947,3.9686
dentin,Ca4Mg12Al8P2O33,141.89,2.948,3.7501
dentin,Ca2Mg6Al5PO18,143.11,2.992,3.7945
dentin,Ca4Mg12Al12P2O39,145.57,3.018,3.8719
dentin,Ca4Mg2Al2P4O19,139.55,3.026,3.6963
dentin,Ca2MgAl2P2O11,140.39,2.998,3.7158
dentin,Ca4Mg2Al6P4O25,144.19,3.002,3.8281
dentin,Ca2MgAl4(PO7)2,148.41,2.977,3.9473
dentin,Ca4Mg2Al10P4O31,143.19,2.986,3.7957
dentin,Ca2MgAl6P2O17,144.86,2.95,3.8375
dentin,Ca4Mg4Al2P4O21,155.11,3.046,4.1578
dentin,Ca4Mg6Al2P4O23,142.29,2.978,3.7675
dentin,Ca4Mg8Al2P4O25,141.3,2.945,3.732
dentin,Ca4Mg10Al2P4O27,141.19,2.93,3.7258
dentin,Ca4Mg12Al2P4O29,150.22,2.93,3.9913
dentin,Ca2MgAl(PO4)3,95.43,2.888,2.3724
dentin,Ca4Mg2Al4(P2O9)3,123.19,2.92,3.1945
dentin,Ca2MgAl3(PO5)3,135.16,2.914,3.5454
dentin,Ca4Mg2Al8(P2O11)3,125.3,2.862,3.2455
dentin,Ca2MgAl5(PO6)3,132.26,2.885,3.4546
dentin,Ca4Mg2Al12(P2O13)3,133.63,2.898,3.4972
dentin,Ca2Mg2AlP3O13,115.21,2.904,2.957
dentin,Ca2Mg3AlP3O14,139.89,2.932,3.688
dentin,Ca2Mg4Al(PO5)3,144.32,2.949,3.8216
dentin,Ca2Mg5AlP3O16,148.16,2.924,3.9296
dentin,Ca2Mg6AlP3O17,137.33,2.9,3.6065
dentin,Ca4Mg2Al2P8O29,93.85,2.74,2.2969
dentin,Ca2MgAl2(PO4)4,111.62,2.763,2.8237
dentin,Ca4Mg2Al6P8O35,107.78,2.788,2.7156
dentin,Ca2MgAl4P4O19,112.26,2.821,2.8539
dentin,Ca4Mg2Al10P8O41,119.91,2.826,3.0798
dentin,Ca2MgAl6(P2O11)2,123.58,2.858,3.194
dentin,Ca4Mg4Al2P8O31,112.72,2.863,2.8757
dentin,Ca4Mg6Al2P8O33,111.32,2.875,2.837
dentin,Ca4Mg8Al2P8O35,132.0,2.889,3.4476
dentin,Ca4Mg10Al2P8O37,135.37,2.907,3.5502
dentin,Ca4Mg12Al2P8O39,137.57,2.944,3.622
dentin,Ca2MgAlP5O17,89.56,2.735,2.1696
dentin,Ca4Mg2Al4P10O37,98.68,2.736,2.4379
dentin,Ca2MgAl3(PO4)5,114.0,2.712,2.8837
dentin,Ca4Mg2Al8P10O43,111.22,2.682,2.7959
dentin,Ca2MgAl5P5O23,113.7,2.684,2.8694
dentin,Ca4Mg2Al12P10O49,110.49,2.751,2.788
dentin,Ca2Mg2AlP5O18,95.43,2.748,2.3448
dentin,Ca2Mg3AlP5O19,111.26,2.847,2.8296
dentin,Ca2Mg4Al(PO4)5,115.58,2.855,2.9582
dentin,Ca2Mg5AlP5O21,114.41,2.854,2.9235
dentin,Ca2Mg6AlP5O22,132.02,2.882,3.4467
dentin,Ca4Mg2Al2(P4O13)3,94.46,2.699,2.3068
dentin,Ca2MgAl2(P2O7)3,91.98,2.719,2.2376
dentin,Ca4Mg2Al6(P4O15)3,119.32,2.684,3.0346
dentin,Ca2MgAl4(PO4)6,123.59,2.658,3.1551
dentin,Ca4Mg2Al10(P4O17)3,115.24,2.65,2.9081
dentin,Ca2MgAl6(P2O9)3,111.59,2.658,2.8022
dentin,Ca4Mg4Al2P12O41,88.81,2.727,2.1458
dentin,Ca4Mg6Al2P12O43,93.91,2.742,2.2989
dentin,Ca4Mg8Al2(P4O15)3,111.26,2.833,2.8269
dentin,Ca4Mg10Al2P12O47,113.33,2.856,2.8921
dentin,Ca4Mg12Al2P12O49,118.39,2.846,3.0391
dentin,Ca3MgAlPO8,123.55,3.077,3.2362
dentin,Ca6Mg2Al4P2O19,125.15,3.089,3.2854
dentin,Ca3MgAl3PO11,154.64,3.142,4.1626
dentin,Ca6Mg2Al8P2O25,155.98,3.116,4.197
dentin,Ca3MgAl5PO14,156.72,3.049,4.2056
dentin,Ca6Mg2Al12P2O31,161.47,3.121,4.3595
dentin,Ca3Mg2AlPO9,125.98,3.05,3.3023
dentin,Ca6Mg4Al4P2O21,127.38,3.04,3.3413
dentin,Ca3Mg2Al3PO12,155.27,3.077,4.1688
dentin,Ca6Mg4Al8P2O27,155.1,3.095,4.167
dentin,Ca3Mg2Al5PO15,153.88,3.082,4.1289
dentin,Ca6Mg4Al12P2O33,152.9,3.094,4.1023
dentin,Ca3Mg3AlPO10,128.24,2.999,3.3587
dentin,Ca6Mg6Al4P2O23,127.14,3.005,3.3274
dentin,Ca3Mg3Al3PO13,155.51,3.059,4.1722
dentin,Ca6Mg6Al8P2O29,153.94,3.057,4.1255
dentin,Ca3Mg3Al5PO16,153.06,3.057,4.0996
dentin,Ca6Mg6Al12P2O35,154.54,3.109,4.1535
dentin,Ca3Mg4AlPO11,129.12,2.991,3.3829
dentin,Ca6Mg8Al4P2O25,132.8,2.984,3.4899
dentin,Ca3Mg4Al3PO14,144.84,3.022,3.8512
dentin,Ca6Mg8Al8P2O31,146.92,3.03,3.9138
dentin,Ca3Mg4Al5PO17,145.11,3.03,3.8607
dentin,Ca6Mg8Al12P2O37,152.58,3.066,4.0874
dentin,Ca3Mg5AlPO12,130.19,3.009,3.4179
dentin,Ca6Mg10Al4P2O27,130.73,2.972,3.4265
dentin,Ca3Mg5Al3PO15,144.41,2.995,3.8334
dentin,Ca6Mg10Al8P2O33,145.56,3.003,3.8686
dentin,Ca3Mg5Al5PO18,143.93,3.008,3.8216
dentin,Ca6Mg10Al12P2O39,152.12,3.037,4.0681
dentin,Ca3Mg6AlPO13,142.5,2.978,3.7737
dentin,Ca6Mg12Al4P2O29,131.13,2.949,3.4337
dentin,Ca3Mg6Al3PO16,153.21,2.982,4.0895
dentin,Ca6Mg12Al8P2O35,142.71,2.963,3.777
dentin,Ca3Mg6Al5PO19,147.46,2.99,3.922
dentin,Ca6Mg12Al12P2O41,143.35,3.011,3.8051
dentin,Ca6Mg2Al2P4O21,152.35,3.159,4.0988
dentin,Ca3MgAl2(PO6)2,152.98,3.142,4.114
dentin,Ca6Mg2Al6P4O27,154.61,3.13,4.1598
dentin,Ca3MgAl4P2O15,161.25,3.16,4.3607
dentin,Ca6Mg2Al10P4O33,160.52,3.154,4.3381
dentin,Ca3MgAl6(PO9)2,164.34,3.145,4.4487
dentin,Ca6Mg4Al2P4O23,123.35,3.012,3.2175
dentin,Ca6Mg6Al2P4O25,128.94,2.969,3.3734
dentin,Ca6Mg8Al2P4O27,128.28,2.964,3.3528
dentin,Ca6Mg10Al2P4O29,130.73,2.959,3.424
dentin,Ca6Mg12Al2P4O31,130.93,2.932,3.4245
dentin,Ca3MgAlP3O13,141.74,3.051,3.7656
dentin,Ca6Mg2Al4P6O29,140.58,3.015,3.7247
dentin,Ca3MgAl3P3O16,141.55,2.988,3.7477
dentin,Ca6Mg2Al8P6O35,140.68,2.977,3.7199
dentin,Ca3MgAl5P3O19,144.13,2.968,3.8198
dentin,Ca6Mg2Al12P6O41,148.41,2.961,3.9441
dentin,Ca3Mg2AlP3O14,148.52,3.048,3.9643
dentin,Ca3Mg3Al(PO5)3,156.44,3.049,4.1976
dentin,Ca3Mg4AlP3O16,147.88,3.006,3.9374
dentin,Ca3Mg5AlP3O17,140.45,2.965,3.7111
dentin,Ca3Mg6Al(PO6)3,141.83,2.941,3.7468
dentin,Ca6Mg2Al2P8O31,104.15,2.918,2.6347
dentin,Ca3MgAl2P4O17,115.39,2.907,2.9627
dentin,Ca6Mg2Al6P8O37,124.16,2.944,3.2278
dentin,Ca3MgAl4(PO5)4,122.72,2.931,3.1828
dentin,Ca6Mg2Al10P8O43,127.43,2.884,3.3124
dentin,Ca3MgAl6P4O23,125.64,2.902,3.263
dentin,Ca6Mg4Al2P8O33,116.29,2.942,2.9962
dentin,Ca6Mg6Al2P8O35,124.22,2.945,3.2299
dentin,Ca6Mg8Al2P8O37,140.86,2.97,3.724
dentin,Ca6Mg10Al2P8O39,138.64,2.988,3.6624
dentin,Ca6Mg12Al2P8O41,147.62,2.945,3.9179
dentin,Ca3MgAlP5O18,94.3,2.764,2.3147
dentin,Ca6Mg2Al4P10O39,104.22,2.77,2.6076
dentin,Ca3MgAl3P5O21,109.4,2.83,2.7715
dentin,Ca6Mg2Al8(P2O9)5,111.98,2.869,2.8553
dentin,Ca3MgAl5P5O24,117.38,2.835,3.0074
dentin,Ca6Mg2Al12P10O51,122.56,2.842,3.161
dentin,Ca3Mg2AlP5O19,103.09,2.864,2.5928
dentin,Ca3Mg3Al(PO4)5,103.41,2.884,2.6061
dentin,Ca3Mg4AlP5O21,119.64,2.886,3.0837
dentin,Ca3Mg5AlP5O22,137.11,2.91,3.6017
dentin,Ca3Mg6AlP5O23,137.39,2.916,3.6115
dentin,Ca6Mg2Al2P12O41,89.58,2.728,2.1688
dentin,Ca3MgAl2(P3O11)2,92.8,2.741,2.266
dentin,Ca6Mg2Al6P12O47,111.91,2.763,2.832
dentin,Ca3MgAl4P6O25,105.52,2.743,2.6405
dentin,Ca6Mg2Al10P12O53,106.74,2.71,2.6699
dentin,Ca3MgAl6(P3O14)2,108.94,2.76,2.7443
dentin,Ca6Mg4Al2P12O43,92.31,2.741,2.2516
dentin,Ca6Mg6Al2(P4O15)3,111.29,2.867,2.8342
dentin,Ca6Mg8Al2P12O47,114.95,2.89,2.9464
dentin,Ca6Mg10Al2P12O49,113.98,2.873,2.9146
dentin,Ca6Mg12Al2(P4O17)3,132.0,2.882,3.4461
dentin,Ca4MgAlPO9,118.63,3.04,3.084
dentin,Ca8Mg2Al4P2O21,120.85,3.085,3.1584
dentin,Ca4MgAl3PO12,147.27,3.146,3.947
dentin,Ca8Mg2Al8P2O27,153.56,3.134,4.1295
dentin,Ca4MgAl5PO15,156.43,3.156,4.2184
dentin,Ca8Mg2Al12P2O33,153.28,3.083,4.1112
dentin,Ca4Mg2AlPO10,125.06,3.076,3.2803
dentin,Ca8Mg4Al4P2O23,121.21,3.06,3.1639
dentin,Ca4Mg2Al3PO13,127.87,3.086,3.365
dentin,Ca8Mg4Al8P2O29,154.79,3.111,4.1613
dentin,Ca4Mg2Al5PO16,153.28,3.1,4.1147
dentin,Ca8Mg4Al12P2O35,152.61,3.114,4.0976
dentin,Ca4Mg3AlPO11,123.6,3.051,3.2323
dentin,Ca8Mg6Al4P2O25,127.64,3.035,3.3479
dentin,Ca4Mg3Al3PO14,125.91,3.023,3.2946
dentin,Ca8Mg6Al8P2O31,151.37,3.08,4.0546
dentin,Ca4Mg3Al5PO17,155.01,3.082,4.1619
dentin,Ca8Mg6Al12P2O37,152.8,3.077,4.0961
dentin,Ca4Mg4AlPO12,123.91,3.024,3.2362
dentin,Ca8Mg8Al4P2O27,123.68,3.013,3.2273
dentin,Ca4Mg4Al3PO15,128.53,3.006,3.3685
dentin,Ca8Mg8Al8P2O33,149.72,3.039,3.9982
dentin,Ca4Mg4Al5PO18,153.64,3.067,4.1188
dentin,Ca8Mg8Al12P2O39,154.68,3.046,4.1452
dentin,Ca4Mg5AlPO13,136.59,2.993,3.603
dentin,Ca8Mg10Al4P2O29,130.45,3.03,3.4297
dentin,Ca4Mg5Al3PO16,132.19,3.0,3.4751
dentin,Ca8Mg10Al8P2O35,142.83,3.025,3.7927
dentin,Ca4Mg5Al5PO19,147.8,3.028,3.9395
dentin,Ca8Mg10Al12P2O41,154.21,3.036,4.1292
dentin,Ca4Mg6AlPO14,135.85,2.977,3.5779
dentin,Ca8Mg12Al4P2O31,143.4,3.009,3.8064
dentin,Ca4Mg6Al3PO17,132.83,2.98,3.4897
dentin,Ca8Mg12Al8P2O37,150.52,3.017,4.0171
dentin,Ca4Mg6Al5PO20,147.8,3.0,3.934
dentin,Ca8Mg12Al12P2O43,146.85,3.019,3.9097
dentin,Ca8Mg2Al2P4O23,119.67,3.078,3.122
dentin,Ca4MgAl2P2O13,144.67,3.125,3.8664
dentin,Ca8Mg2Al6P4O29,152.52,3.132,4.0985
dentin,Ca4MgAl4(PO8)2,158.27,3.167,4.2744
dentin,Ca8Mg2Al10P4O35,158.87,3.176,4.2937
dentin,Ca4MgAl6P2O19,158.67,3.125,4.2778
dentin,Ca8Mg4Al2P4O25,119.67,3.046,3.116
dentin,Ca8Mg6Al2P4O27,123.48,3.028,3.2244
dentin,Ca8Mg8Al2P4O29,127.94,3.027,3.3552
dentin,Ca8Mg10Al2P4O31,128.53,3.01,3.3693
dentin,Ca8Mg12Al2P4O33,130.85,2.991,3.4339
dentin,Ca4MgAlP3O14,149.06,3.132,3.9968
dentin,Ca8Mg2Al4P6O31,155.14,3.127,4.1745
dentin,Ca4MgAl3P3O17,152.4,3.107,4.0901
dentin,Ca8Mg2Al8P6O37,151.39,3.081,4.0552
dentin,Ca4MgAl5P3O20,154.38,3.07,4.1411
dentin,Ca8Mg2Al12P6O43,157.92,3.053,4.2419
dentin,Ca4Mg2Al(PO5)3,146.44,3.091,3.9117
dentin,Ca4Mg3AlP3O16,123.59,3.031,3.2283
dentin,Ca4Mg4AlP3O17,123.61,2.978,3.2185
dentin,Ca4Mg5Al(PO6)3,126.77,2.948,3.3052
dentin,Ca4Mg6AlP3O19,127.54,2.945,3.3273
dentin,Ca8Mg2Al2P8O33,143.56,3.055,3.8203
dentin,Ca4MgAl2(P2O9)2,124.73,3.047,3.2649
dentin,Ca8Mg2Al6P8O39,140.66,3.017,3.7273
dentin,Ca4MgAl4P4O21,141.47,2.994,3.7464
dentin,Ca8Mg2Al10P8O45,140.53,2.981,3.7163
dentin,Ca4MgAl6(PO6)4,143.73,2.976,3.8096
dentin,Ca8Mg4Al2P8O35,147.53,3.041,3.934
dentin,Ca8Mg6Al2P8O37,149.36,3.046,3.9888
dentin,Ca8Mg8Al2P8O39,149.24,3.057,3.9876
dentin,Ca8Mg10Al2P8O41,145.35,3.01,3.8638
dentin,Ca8Mg12Al2P8O43,138.84,2.983,3.6672
dentin,Ca4MgAlP5O19,103.73,2.943,2.6272
dentin,Ca8Mg2Al4P10O41,105.43,2.923,2.6732
dentin,Ca4MgAl3P5O22,121.39,2.927,3.1431
dentin,Ca8Mg2Al8P10O47,138.6,2.966,3.6566
dentin,Ca4MgAl5(PO5)5,122.72,2.938,3.1843
dentin,Ca8Mg2Al12P10O53,129.25,2.93,3.3747
dentin,Ca4Mg2Al(PO4)5,109.88,2.972,2.8134
dentin,Ca4Mg3AlP5O21,124.36,2.976,3.24
dentin,Ca4Mg4AlP5O22,140.57,2.99,3.7194
dentin,Ca4Mg5AlP5O23,140.82,2.992,3.7272
dentin,Ca4Mg6AlP5O24,139.24,3.01,3.6842
dentin,Ca8Mg2Al2P12O43,93.38,2.783,2.2915
dentin,Ca4MgAl2P6O23,95.21,2.783,2.3453
dentin,Ca8Mg2Al6P12O49,105.84,2.839,2.6685
dentin,Ca4MgAl4(P3O13)2,115.22,2.886,2.9535
dentin,Ca8Mg2Al10P12O55,122.08,2.9,3.1581
dentin,Ca4MgAl6P6O29,123.4,2.891,3.1951
dentin,Ca8Mg4Al2(P4O15)3,102.88,2.894,2.5923
dentin,Ca8Mg6Al2P12O47,110.79,2.926,2.8314
dentin,Ca8Mg8Al2P12O49,118.05,2.911,3.0417
dentin,Ca8Mg10Al2(P4O17)3,123.54,2.915,3.2038
dentin,Ca8Mg12Al2P12O53,141.27,2.938,3.7298
dentin,Ca5MgAlPO10,117.55,3.077,3.0596
dentin,Ca10Mg2Al4P2O23,115.95,3.107,3.0183
dentin,Ca5MgAl3PO13,117.68,3.095,3.0668
dentin,Ca10Mg2Al8P2O29,145.77,3.175,3.9086
dentin,Ca5MgAl5PO16,148.4,3.147,3.9805
dentin,Ca10Mg2Al12P2O35,156.55,3.161,4.2229
dentin,Ca5Mg2AlPO11,120.73,3.039,3.1459
dentin,Ca10Mg4Al4P2O25,124.78,3.092,3.2752
dentin,Ca5Mg2Al3PO14,118.41,3.067,3.0832
dentin,Ca10Mg4Al8P2O31,147.36,3.122,3.945
dentin,Ca5Mg2Al5PO17,149.65,3.098,4.0073
dentin,Ca10Mg4Al12P2O37,156.15,3.132,4.2053
dentin,Ca5Mg3AlPO12,115.72,3.0,2.9908
dentin,Ca10Mg6Al4P2O27,123.63,3.07,3.2369
dentin,Ca5Mg3Al3PO15,121.82,3.045,3.1791
dentin,Ca10Mg6Al8P2O33,127.39,3.064,3.3464
dentin,Ca5Mg3Al5PO18,125.98,3.058,3.3037
dentin,Ca10Mg6Al12P2O39,154.47,3.101,4.1498
dentin,Ca5Mg4AlPO13,132.62,3.006,3.4887
dentin,Ca10Mg8Al4P2O29,124.0,3.04,3.242
dentin,Ca5Mg4Al3PO16,129.03,3.037,3.3892
dentin,Ca10Mg8Al8P2O35,127.21,3.027,3.3338
dentin,Ca5Mg4Al5PO19,126.89,3.018,3.3226
dentin,Ca10Mg8Al12P2O41,155.57,3.087,4.1792
dentin,Ca5Mg5AlPO14,137.85,3.047,3.6507
dentin,Ca10Mg10Al4P2O31,139.23,3.015,3.6849
dentin,Ca5Mg5Al3PO17,130.45,3.051,3.4338
dentin,Ca10Mg10Al8P2O37,129.95,3.017,3.4123
dentin,Ca5Mg5Al5PO20,127.4,2.995,3.3333
dentin,Ca10Mg10Al12P2O43,157.62,3.054,4.2332
dentin,Ca5Mg6AlPO15,138.09,3.026,3.6535
dentin,Ca10Mg12Al4P2O33,138.47,2.99,3.6576
dentin,Ca5Mg6Al3PO18,130.35,3.024,3.4255
dentin,Ca10Mg12Al8P2O39,129.86,3.0,3.4063
dentin,Ca5Mg6Al5PO21,140.6,3.024,3.7269
dentin,Ca10Mg12Al12P2O45,157.62,3.032,4.2287
dentin,Ca10Mg2Al2P4O25,119.88,3.094,3.1316
dentin,Ca5MgAl2(PO7)2,119.01,3.076,3.1024
dentin,Ca10Mg2Al6P4O31,123.75,3.127,3.2515
dentin,Ca5MgAl4P2O17,130.49,3.095,3.4438
dentin,Ca10Mg2Al10P4O37,160.16,3.148,4.3264
dentin,Ca5MgAl6(PO10)2,161.35,3.138,4.3593
dentin,Ca10Mg4Al2P4O27,123.18,3.076,3.2251
dentin,Ca10Mg6Al2P4O29,128.32,3.06,3.3729
dentin,Ca10Mg8Al2P4O31,127.55,3.041,3.3467
dentin,Ca10Mg10Al2P4O33,125.98,3.011,3.2946
dentin,Ca10Mg12Al2P4O35,127.58,2.986,3.3367
dentin,Ca5MgAl(PO5)3,125.47,3.124,3.3019
dentin,Ca10Mg2Al4(P2O11)3,157.48,3.201,4.258
dentin,Ca5MgAl3(PO6)3,155.12,3.148,4.1782
dentin,Ca10Mg2Al8(P2O13)3,156.92,3.168,4.235
dentin,Ca5MgAl5(PO7)3,163.06,3.183,4.4185
dentin,Ca10Mg2Al12(P2O15)3,161.83,3.195,4.3846
dentin,Ca5Mg2AlP3O16,123.97,3.104,3.2537
dentin,Ca5Mg3AlP3O17,123.9,3.071,3.2451
dentin,Ca5Mg4Al(PO6)3,126.43,3.012,3.3079
dentin,Ca5Mg5AlP3O19,126.61,3.0,3.3111
dentin,Ca5Mg6AlP3O20,128.48,2.989,3.3637
dentin,Ca10Mg2Al2P8O35,120.21,3.098,3.142
dentin,Ca5MgAl2P4O19,147.53,3.103,3.9463
dentin,Ca10Mg2Al6P8O41,153.47,3.083,4.117
dentin,Ca5MgAl4(P2O11)2,153.03,3.079,4.103
dentin,Ca10Mg2Al10P8O47,152.01,3.06,4.0695
dentin,Ca5MgAl6P4O25,153.16,3.046,4.1006
dentin,Ca10Mg4Al2P8O37,149.25,3.112,3.9986
dentin,Ca10Mg6Al2P8O39,144.94,3.073,3.864
dentin,Ca10Mg8Al2P8O41,122.95,3.023,3.2078
dentin,Ca10Mg10Al2P8O43,124.46,2.982,3.2442
dentin,Ca10Mg12Al2P8O45,124.26,2.958,3.2336
dentin,Ca5MgAl(PO4)5,108.84,3.056,2.7993
dentin,Ca10Mg2Al4P10O43,125.17,3.062,3.2809
dentin,Ca5MgAl3P5O23,147.49,3.031,3.931
dentin,Ca10Mg2Al8P10O49,138.27,3.026,3.6586
dentin,Ca5MgAl5P5O26,136.5,2.995,3.6007
dentin,Ca10Mg2Al12(P2O11)5,138.38,2.985,3.6538
dentin,Ca5Mg2AlP5O21,147.73,3.054,3.9423
dentin,Ca5Mg3AlP5O22,148.03,3.059,3.952
dentin,Ca5Mg4AlP5O23,149.89,3.046,4.0044
dentin,Ca5Mg5AlP5O24,148.54,3.066,3.9687
dentin,Ca5Mg6Al(PO5)5,145.39,3.014,3.8658
dentin,Ca10Mg2Al2(P4O15)3,99.84,2.959,2.5157
dentin,Ca5MgAl2(PO4)6,96.56,2.946,2.4168
dentin,Ca10Mg2Al6(P4O17)3,115.96,2.948,2.9875
dentin,Ca5MgAl4(P2O9)3,122.33,2.979,3.1808
dentin,Ca10Mg2Al10(P4O19)3,138.02,2.973,3.6409
dentin,Ca5MgAl6(PO5)6,122.81,2.947,3.1888
dentin,Ca10Mg4Al2P12O47,105.52,2.992,2.6893
dentin,Ca10Mg6Al2P12O49,120.68,2.993,3.1352
dentin,Ca10Mg8Al2(P4O17)3,140.57,2.989,3.7193
dentin,Ca10Mg10Al2P12O53,141.63,3.001,3.7529
dentin,Ca10Mg12Al2P12O55,140.28,3.0,3.7127
dentin,Ca6MgAlPO11,120.05,3.077,3.1331
dentin,Ca12Mg2Al4P2O25,117.42,3.056,3.0517
dentin,Ca6MgAl3PO14,113.03,3.099,2.9312
dentin,Ca12Mg2Al8P2O31,116.84,3.102,3.0438
dentin,Ca6MgAl5PO17,150.7,3.182,4.0548
dentin,Ca12Mg2Al12P2O37,153.17,3.165,4.1241
dentin,Ca6Mg2AlPO12,121.35,3.052,3.1664
dentin,Ca12Mg4Al4P2O27,119.7,3.021,3.1119
dentin,Ca6Mg2Al3PO15,118.79,3.085,3.0977
dentin,Ca12Mg4Al8P2O33,117.17,3.075,3.0481
dentin,Ca6Mg2Al5PO18,147.93,3.134,3.9641
dentin,Ca12Mg4Al12P2O39,149.65,3.125,4.0127
dentin,Ca6Mg3AlPO13,131.0,3.037,3.4471
dentin,Ca12Mg6Al4P2O29,115.29,3.02,2.982
dentin,Ca6Mg3Al3PO16,125.95,3.067,3.3045
dentin,Ca12Mg6Al8P2O35,119.37,3.055,3.1088
dentin,Ca6Mg3Al5PO19,129.37,3.103,3.4122
dentin,Ca12Mg6Al12P2O41,126.6,3.069,3.3241
dentin,Ca6Mg4AlPO14,131.22,2.999,3.4462
dentin,Ca12Mg8Al4P2O31,135.71,3.059,3.5899
dentin,Ca6Mg4Al3PO17,124.59,3.056,3.2623
dentin,Ca12Mg8Al8P2O37,127.15,3.09,3.3443
dentin,Ca6Mg4Al5PO20,128.54,3.047,3.377
dentin,Ca12Mg8Al12P2O43,127.38,3.052,3.3437
dentin,Ca6Mg5AlPO15,125.91,2.975,3.2853
dentin,Ca12Mg10Al4P2O33,137.35,3.05,3.6364
dentin,Ca6Mg5Al3PO18,124.9,3.03,3.2665
dentin,Ca12Mg10Al8P2O39,129.8,3.066,3.4176
dentin,Ca6Mg5Al5PO21,125.22,3.034,3.2766
dentin,Ca12Mg10Al12P2O45,126.89,3.021,3.3232
dentin,Ca6Mg6AlPO16,127.5,2.97,3.3311
dentin,Ca12Mg12Al4P2O35,136.66,3.035,3.6134
dentin,Ca6Mg6Al3PO19,138.47,3.001,3.6597
dentin,Ca12Mg12Al8P2O41,130.3,3.04,3.4271
dentin,Ca6Mg6Al5PO22,130.03,3.021,3.4157
dentin,Ca12Mg12Al12P2O47,125.21,2.999,3.2694
dentin,Ca12Mg2Al2P4O27,113.56,3.072,2.9412
dentin,Ca6MgAl2P2O15,121.58,3.085,3.1797
dentin,Ca12Mg2Al6P4O33,117.29,3.066,3.0497
dentin,Ca6MgAl4(PO9)2,121.29,3.125,3.179
dentin,Ca12Mg2Al10P4O39,149.25,3.119,3.9999
dentin,Ca6MgAl6P2O21,156.92,3.149,4.2314
dentin,Ca12Mg4Al2P4O29,118.77,3.052,3.0907
dentin,Ca12Mg6Al2P4O31,127.23,3.082,3.3454
dentin,Ca12Mg8Al2P4O33,124.35,3.062,3.2566
dentin,Ca12Mg10Al2P4O35,126.31,3.038,3.3095
dentin,Ca12Mg12Al2P4O37,127.54,3.033,3.3449
dentin,Ca6MgAlP3O16,119.58,3.096,3.123
dentin,Ca12Mg2Al4P6O35,124.47,3.11,3.2695
dentin,Ca6MgAl3P3O19,149.85,3.175,4.0286
dentin,Ca12Mg2Al8P6O41,152.93,3.15,4.1142
dentin,Ca6MgAl5P3O22,155.7,3.174,4.2003
dentin,Ca12Mg2Al12P6O47,164.88,3.213,4.4777
dentin,Ca6Mg2AlP3O17,119.16,3.076,3.1068
dentin,Ca6Mg3Al(PO6)3,120.65,3.054,3.1463
dentin,Ca6Mg4AlP3O19,121.29,3.032,3.1609
dentin,Ca6Mg5AlP3O20,125.06,3.018,3.2687
dentin,Ca6Mg6Al(PO7)3,125.1,3.003,3.2671
dentin,Ca12Mg2Al2P8O37,151.51,3.161,4.0744
dentin,Ca6MgAl2(PO5)4,153.87,3.174,4.1464
dentin,Ca12Mg2Al6P8O43,153.14,3.138,4.1181
dentin,Ca6MgAl4P4O23,154.91,3.145,4.1712
dentin,Ca12Mg2Al10P8O49,157.32,3.131,4.2396
dentin,Ca6MgAl6(P2O13)2,159.57,3.126,4.3047
dentin,Ca12Mg4Al2P8O39,152.67,3.188,4.1139
dentin,Ca12Mg6Al2P8O41,145.57,3.108,3.8894
dentin,Ca12Mg8Al2P8O43,123.23,3.042,3.2199
dentin,Ca12Mg10Al2P8O45,124.75,3.005,3.2572
dentin,Ca12Mg12Al2P8O47,120.85,2.977,3.137
dentin,Ca6MgAlP5O21,121.3,3.1,3.1744
dentin,Ca12Mg2Al4(P2O9)5,118.94,3.071,3.0994
dentin,Ca6MgAl3P5O24,143.46,3.079,3.8219
dentin,Ca12Mg2Al8P10O51,149.96,3.071,4.0112
dentin,Ca6MgAl5P5O27,150.25,3.056,4.0167
dentin,Ca12Mg2Al12P10O57,148.14,3.041,3.952
dentin,Ca6Mg2AlP5O22,147.01,3.105,3.9312
dentin,Ca6Mg3AlP5O23,123.89,3.06,3.2426
dentin,Ca6Mg4AlP5O24,145.88,3.061,3.8895
dentin,Ca6Mg5Al(PO5)5,122.99,3.018,3.2079
dentin,Ca6Mg6AlP5O26,127.51,2.989,3.3353
dentin,Ca12Mg2Al2P12O47,105.88,3.03,2.7076
dentin,Ca6MgAl2P6O25,125.36,3.065,3.287
dentin,Ca12Mg2Al6P12O53,125.17,3.046,3.2778
dentin,Ca6MgAl4(P3O14)2,146.82,3.032,3.9114
dentin,Ca12Mg2Al10P12O59,138.27,3.023,3.6582
dentin,Ca6MgAl6P6O31,136.5,2.996,3.6007
dentin,Ca12Mg4Al2P12O49,119.18,3.03,3.0984
dentin,Ca12Mg6Al2(P4O17)3,143.36,3.046,3.8124
dentin,Ca12Mg8Al2P12O53,148.29,3.055,3.9592
dentin,Ca12Mg10Al2P12O55,149.87,3.047,4.0038
dentin,Ca12Mg12Al2(P4O19)3,148.54,3.063,3.9681
dentin,NaSrCaPO5,107.4,3.568,2.8574
dentin,NaSr2CaPO6,135.51,4.019,3.7723
dentin,NaSr3CaPO7,124.91,4.268,3.5098
dentin,NaSr4CaPO8,95.84,4.005,2.6033
dentin,NaSr5CaPO9,97.94,4.101,2.6839
dentin,NaSr6CaPO10,108.82,4.244,3.032
dentin,Na4Sr2Ca2P2O11,102.32,3.399,2.6751
dentin,Na4Sr4Ca2P2O13,114.08,3.784,3.0963
dentin,Na4Sr6Ca2P2O15,130.58,4.007,3.6252
dentin,Na4Sr8Ca2P2O17,85.18,3.933,2.2758
dentin,Na4Sr10Ca2P2O19,91.55,3.929,2.4623
dentin,Na4Sr12Ca2P2O21,110.65,4.071,3.0517
dentin,Na3SrCaPO6,98.62,3.242,2.5354
dentin,Na3Sr2CaPO7,107.94,3.598,2.8793
dentin,Na3Sr3CaPO8,92.64,3.797,2.4686
dentin,Na3Sr4CaPO9,92.6,3.88,2.4836
dentin,Na3Sr5CaPO10,81.93,3.796,2.1534
dentin,Na3Sr6CaPO11,75.0,3.864,1.963
dentin,Na8Sr2Ca2P2O13,89.47,3.136,2.2457
dentin,Na8Sr4Ca2P2O15,102.23,3.437,2.68
dentin,Na8Sr6Ca2P2O17,87.99,3.683,2.3094
dentin,Na8Sr8Ca2P2O19,92.95,3.815,2.4814
dentin,Na8Sr10Ca2P2O21,86.13,3.662,2.2505
dentin,Na8Sr12Ca2P2O23,77.86,3.739,2.0228
dentin,Na5SrCaPO7,81.66,3.027,1.9946
dentin,Na5Sr2CaPO8,93.48,3.337,2.4031
dentin,Na5Sr3CaPO9,83.77,3.545,2.1584
dentin,Na5Sr4CaPO10,92.54,3.663,2.4394
dentin,Na5Sr5CaPO11,82.71,3.52,2.1222
dentin,Na5Sr6CaPO12,84.7,3.593,2.1951
dentin,Na12Sr2Ca2P2O15,81.44,2.989,1.9807
dentin,Na12Sr4Ca2P2O17,83.84,3.237,2.1
dentin,Na12Sr6Ca2P2O19,86.6,3.392,2.2116
dentin,Na12Sr8Ca2P2O21,86.91,3.565,2.2546
dentin,Na12Sr10Ca2P2O23,91.8,3.613,2.4077
dentin,Na12Sr12Ca2P2O25,80.18,3.506,2.0451
dentin,Na2Sr2Ca2P4O15,85.67,3.304,2.1669
dentin,Na2Sr4Ca2P4O17,103.68,3.688,2.7718
dentin,Na2Sr6Ca2P4O19,128.28,3.994,3.555
dentin,Na2Sr8Ca2P4O21,134.29,4.243,3.7806
dentin,Na2Sr10Ca2P4O23,117.13,4.368,3.3007
dentin,Na2Sr12Ca2P4O25,118.93,4.527,3.3846
dentin,Na2SrCa(PO4)2,87.77,3.254,2.2188
dentin,Na2Sr2CaP2O9,104.54,3.6,2.7798
dentin,Na2Sr3Ca(PO5)2,115.91,3.872,3.1676
dentin,Na2Sr4CaP2O11,136.87,4.093,3.827
dentin,Na2Sr5Ca(PO6)2,139.45,4.254,3.9344
dentin,Na2Sr6CaP2O13,117.62,4.341,3.3098
dentin,Na6Sr2Ca2P4O17,84.95,3.205,2.1264
dentin,Na6Sr4Ca2P4O19,102.34,3.503,2.6962
dentin,Na6Sr6Ca2P4O21,112.08,3.765,3.0338
dentin,Na6Sr8Ca2P4O23,112.74,3.976,3.0946
dentin,Na6Sr10Ca2P4O25,133.33,4.097,3.7237
dentin,Na6Sr12Ca2P4O27,135.77,4.21,3.8177
dentin,Na4SrCaP2O9,84.43,3.118,2.0938
dentin,Na4Sr2Ca(PO5)2,100.61,3.415,2.6279
dentin,Na4Sr3CaP2O11,110.29,3.684,2.9651
dentin,Na4Sr4Ca(PO6)2,109.11,3.858,2.9647
dentin,Na4Sr5CaP2O13,112.45,3.974,3.0857
dentin,Na4Sr6Ca(PO7)2,129.74,4.068,3.6125
dentin,Na10Sr2Ca2P4O19,82.76,3.119,2.0451
dentin,Na10Sr4Ca2P4O21,99.28,3.343,2.5746
dentin,Na10Sr6Ca2P4O23,109.38,3.582,2.9186
dentin,Na10Sr8Ca2P4O25,110.47,3.739,2.9814
dentin,Na10Sr10Ca2P4O27,110.35,3.859,3.0015
dentin,Na10Sr12Ca2P4O29,102.64,3.952,2.793
dentin,Na6SrCa(PO5)2,76.87,3.076,1.8635
dentin,Na6Sr2CaP2O11,97.01,3.277,2.4949
dentin,Na6Sr3Ca(PO6)2,102.17,3.477,2.6861
dentin,Na6Sr4CaP2O13,110.84,3.657,2.9761
dentin,Na6Sr5Ca(PO7)2,108.7,3.751,2.9317
dentin,Na6Sr6CaP2O15,92.65,3.86,2.4811
dentin,NaSrCaP3O10,79.94,3.096,1.9578
dentin,NaSr2CaP3O11,87.31,3.439,2.2416
dentin,NaSr3Ca(PO4)3,103.09,3.727,2.7622
dentin,NaSr4CaP3O13,105.59,3.958,2.8808
dentin,NaSr5CaP3O14,128.81,4.143,3.5999
dentin,NaSr6Ca(PO5)3,128.93,4.32,3.6381
dentin,Na4Sr2Ca2(P2O7)3,74.72,3.156,1.816
dentin,Na4Sr4Ca2P6O23,89.71,3.415,2.3076
dentin,Na4Sr6Ca2P6O25,102.95,3.646,2.7421
dentin,Na4Sr8Ca2(P2O9)3,110.28,3.884,3.0044
dentin,Na4Sr10Ca2P6O29,130.12,4.082,3.6265
dentin,Na4Sr12Ca2P6O31,134.29,4.223,3.7766
dentin,Na3SrCaP3O11,73.89,3.126,1.7857
dentin,Na3Sr2Ca(PO4)3,90.95,3.373,2.3356
dentin,Na3Sr3CaP3O13,104.55,3.604,2.7808
dentin,Na3Sr4CaP3O14,109.28,3.822,2.9625
dentin,Na3Sr5Ca(PO5)3,112.5,3.979,3.0883
dentin,Na3Sr6CaP3O16,134.26,4.116,3.7548
dentin,Na8Sr2Ca2P6O23,81.98,3.121,2.0226
dentin,Na8Sr4Ca2P6O25,88.4,3.315,2.2492
dentin,Na8Sr6Ca2(P2O9)3,107.39,3.542,2.8521
dentin,Na8Sr8Ca2P6O29,112.7,3.744,3.0481
dentin,Na8Sr10Ca2P6O31,109.15,3.904,2.9748
dentin,Na8Sr12Ca2(P2O11)3,133.2,4.023,3.7056
dentin,Na5SrCa(PO4)3,80.34,3.107,1.9715
dentin,Na5Sr2CaP3O13,87.28,3.27,2.2075
dentin,Na5Sr3CaP3O14,102.55,3.492,2.7001
dentin,Na5Sr4Ca(PO5)3,111.33,3.666,2.9923
dentin,Na5Sr5CaP3O16,111.7,3.834,3.0362
dentin,Na5Sr6CaP3O17,111.16,3.96,3.0451
dentin,Na12Sr2Ca2P6O25,77.57,3.086,1.8859
dentin,Na12Sr4Ca2(P2O9)3,84.82,3.219,2.1252
dentin,Na12Sr6Ca2P6O29,99.69,3.433,2.6042
dentin,Na12Sr8Ca2P6O31,109.89,3.605,2.9381
dentin,Na12Sr10Ca2(P2O11)3,110.98,3.767,3.0018
dentin,Na12Sr12Ca2P6O35,112.29,3.876,3.0617
dentin,Na2Sr2Ca2P8O25,73.97,3.014,1.766
dentin,Na2Sr4Ca2P8O27,81.28,3.307,2.0385
dentin,Na2Sr6Ca2P8O29,90.91,3.558,2.3707
dentin,Na2Sr8Ca2P8O31,106.61,3.73,2.8662
dentin,Na2Sr10Ca2P8O33,104.57,3.943,2.8479
dentin,Na2Sr12Ca2P8O35,126.63,4.106,3.5283
dentin,Na2SrCaP4O13,74.75,3.028,1.7916
dentin,Na2Sr2Ca(P2O7)2,75.75,3.345,1.8831
dentin,Na2Sr3CaP4O15,90.05,3.523,2.3387
dentin,Na2Sr4Ca(PO4)4,102.17,3.696,2.729
dentin,Na2Sr5CaP4O17,103.73,3.881,2.8112
dentin,Na2Sr6Ca(P2O9)2,123.67,4.008,3.4222
dentin,Na6Sr2Ca2P8O27,72.09,3.042,1.7163
dentin,Na6Sr4Ca2P8O29,76.18,3.314,1.8899
dentin,Na6Sr6Ca2P8O31,87.33,3.483,2.2508
dentin,Na6Sr8Ca2P8O33,104.23,3.634,2.7773
dentin,Na6Sr10Ca2P8O35,106.61,3.827,2.8853
dentin,Na6Sr12Ca2P8O37,109.28,3.981,2.9939
dentin,Na4SrCa(P2O7)2,76.15,3.051,1.8373
dentin,Na4Sr2CaP4O15,76.9,3.271,1.9028
dentin,Na4Sr3Ca(PO4)4,90.44,3.425,2.3308
dentin,Na4Sr4CaP4O17,104.07,3.61,2.7678
dentin,Na4Sr5Ca(P2O9)2,104.69,3.774,2.8184
dentin,Na4Sr6CaP4O19,107.05,3.92,2.9164
dentin,Na10Sr2Ca2P8O29,77.43,3.06,1.8769
dentin,Na10Sr4Ca2P8O31,77.23,3.228,1.9039
dentin,Na10Sr6Ca2P8O33,91.23,3.382,2.3456
dentin,Na10Sr8Ca2P8O35,105.62,3.578,2.8073
dentin,Na10Sr10Ca2P8O37,108.07,3.716,2.9062
dentin,Na10Sr12Ca2P8O39,110.36,3.853,3.0004
dentin,Na6SrCaP4O15,79.63,3.013,1.9324
dentin,Na6Sr2Ca(PO4)4,76.01,3.201,1.8628
dentin,Na6Sr3CaP4O17,89.33,3.356,2.2848
dentin,Na6Sr4Ca(P2O9)2,105.67,3.526,2.7986
dentin,Na6Sr5CaP4O19,109.71,3.661,2.9436
dentin,Na6Sr6Ca(PO5)4,111.56,3.792,3.0237
dentin,NaSrCa(PO3)5,77.63,2.925,1.8561
dentin,NaSr2CaP5O16,74.89,3.161,1.8219
dentin,NaSr3CaP5O17,80.71,3.448,2.0494
dentin,NaSr4CaP5O18,93.55,3.608,2.4582
dentin,NaSr5CaP5O19,105.14,3.721,2.821
dentin,NaSr6Ca(PO4)5,102.14,3.923,2.7727
dentin,Na4Sr2Ca2P10O31,71.76,2.952,1.6888
dentin,Na4Sr4Ca2P10O33,76.97,3.155,1.8819
dentin,Na4Sr6Ca2(P2O7)5,77.82,3.434,1.9615
dentin,Na4Sr8Ca2P10O37,92.64,3.563,2.4227
dentin,Na4Sr10Ca2P10O39,104.58,3.726,2.8056
dentin,Na4Sr12Ca2P10O41,101.82,3.881,2.7547
dentin,Na3SrCaP5O16,72.83,2.958,1.7213
dentin,Na3Sr2CaP5O17,74.95,3.196,1.8307
dentin,Na3Sr3CaP5O18,77.14,3.409,1.9368
dentin,Na3Sr4CaP5O19,91.84,3.552,2.3969
dentin,Na3Sr5Ca(PO4)5,101.49,3.677,2.7052
dentin,Na3Sr6CaP5O21,104.15,3.819,2.8112
dentin,Na8Sr2Ca2P10O33,75.97,2.996,1.8212
dentin,Na8Sr4Ca2(P2O7)5,78.28,3.225,1.9343
dentin,Na8Sr6Ca2P10O37,76.34,3.338,1.8993
dentin,Na8Sr8Ca2P10O39,87.77,3.505,2.268
dentin,Na8Sr10Ca2P10O41,103.68,3.628,2.76
dentin,Na8Sr12Ca2P10O43,106.75,3.785,2.881
dentin,Na5SrCaP5O17,75.88,2.968,1.8133
dentin,Na5Sr2CaP5O18,76.03,3.186,1.8603
dentin,Na5Sr3CaP5O19,76.49,3.326,1.9014
dentin,Na5Sr4Ca(PO4)5,90.11,3.455,2.327
dentin,Na5Sr5CaP5O21,104.83,3.622,2.7927
dentin,Na5Sr6CaP5O22,103.98,3.755,2.7936
dentin,Na12Sr2Ca2(P2O7)5,76.67,2.965,1.8357
dentin,Na12Sr4Ca2P10O37,74.98,3.128,1.8181
dentin,Na12Sr6Ca2P10O39,90.07,3.296,2.2947
dentin,Na12Sr8Ca2P10O41,90.56,3.431,2.3355
dentin,Na12Sr10Ca2P10O43,106.08,3.582,2.8215
dentin,Na12Sr12Ca2(P2O9)5,105.52,3.711,2.8303
dentin,Na2Sr2Ca2P12O35,74.73,2.866,1.7592
dentin,Na2Sr4Ca2P12O37,77.29,3.105,1.8816
dentin,Na2Sr6Ca2(P4O13)3,81.09,3.287,2.0289
dentin,Na2Sr8Ca2P12O41,85.04,3.523,2.1913
dentin,Na2Sr10Ca2P12O43,93.43,3.685,2.4698
dentin,Na2Sr12Ca2(P4O15)3,103.93,3.73,2.7873
dentin,Na2SrCa(PO3)6,66.7,2.884,1.5268
dentin,Na2Sr2CaP6O19,76.85,3.104,1.8685
dentin,Na2Sr3Ca(P3O10)2,81.76,3.281,2.0474
dentin,Na2Sr4Ca(P2O7)3,77.22,3.506,1.9579
dentin,Na2Sr5Ca(P3O11)2,94.84,3.598,2.4942
dentin,Na2Sr6CaP6O23,104.44,3.724,2.8011
dentin,Na6Sr2Ca2P12O37,64.09,2.888,1.4509
dentin,Na6Sr4Ca2(P4O13)3,74.8,3.053,1.7983
dentin,Na6Sr6Ca2P12O41,75.95,3.315,1.8833
dentin,Na6Sr8Ca2P12O43,77.37,3.505,1.9624
dentin,Na6Sr10Ca2(P4O15)3,92.65,3.603,2.431
dentin,Na6Sr12Ca2P12O47,103.44,3.695,2.7659
dentin,Na4SrCaP6O19,63.44,2.891,1.4322
dentin,Na4Sr2Ca(P3O10)2,72.06,3.09,1.7247
dentin,Na4Sr3Ca(P2O7)3,75.95,3.34,1.8882
dentin,Na4Sr4Ca(P3O11)2,77.68,3.433,1.9573
dentin,Na4Sr5CaP6O23,91.49,3.559,2.3881
dentin,Na4Sr6Ca(PO4)6,102.34,3.675,2.7297
dentin,Na10Sr2Ca2(P4O13)3,63.27,2.924,1.4339
dentin,Na10Sr4Ca2P12O41,73.19,3.111,1.7622
dentin,Na10Sr6Ca2P12O43,80.44,3.334,2.0191
dentin,Na10Sr8Ca2(P4O15)3,89.91,3.389,2.3084
dentin,Na10Sr10Ca2P12O47,92.41,3.518,2.4071
dentin,Na10Sr12Ca2P12O49,104.17,3.636,2.7759
dentin,Na6SrCa(P3O10)2,70.84,2.918,1.6552
dentin,Na6Sr2Ca(P2O7)3,74.39,3.116,1.7985
dentin,Na6Sr3Ca(P3O11)2,75.69,3.252,1.8634
dentin,Na6Sr4CaP6O23,89.12,3.369,2.2811
dentin,Na6Sr5Ca(PO4)6,90.11,3.488,2.3334
dentin,Na6Sr6CaP6O25,104.83,3.624,2.7931
dentin,NaSrCa2PO6,105.47,3.508,2.7891
dentin,NaSr2Ca2PO7,117.63,3.897,3.2229
dentin,NaSr3Ca2PO8,134.01,4.09,3.7423
dentin,NaSr4Ca2PO9,95.31,3.99,2.5849
dentin,NaSr5Ca2PO10,90.04,3.971,2.4261
dentin,NaSr6Ca2PO11,108.0,4.118,2.9832
dentin,Na4Sr2Ca4P2O13,102.62,3.364,2.6772
dentin,Na4Sr4Ca4P2O15,115.06,3.703,3.1093
dentin,Na4Sr6Ca4P2O17,104.52,3.886,2.8353
dentin,Na4Sr8Ca4P2O19,106.49,3.928,2.9014
dentin,Na4Sr10Ca4P2O21,86.28,3.834,2.2889
dentin,Na4Sr12Ca4P2O23,91.99,3.949,2.4794
dentin,Na3SrCa2PO7,98.9,3.242,2.5438
dentin,Na3Sr2Ca2PO8,109.98,3.551,2.9303
dentin,Na3Sr3Ca2PO9,91.8,3.724,2.4293
dentin,Na3Sr4Ca2PO10,101.86,3.894,2.7587
dentin,Na3Sr5Ca2PO11,89.47,3.751,2.3663
dentin,Na3Sr6Ca2PO12,78.1,3.781,2.038
dentin,Na8Sr2Ca4P2O15,97.65,3.146,2.488
dentin,Na8Sr4Ca4P2O17,95.25,3.404,2.4684
dentin,Na8Sr6Ca4P2O19,95.81,3.615,2.5262
dentin,Na8Sr8Ca4P2O21,97.02,3.766,2.5913
dentin,Na8Sr10Ca4P2O23,86.13,3.611,2.2406
dentin,Na8Sr12Ca4P2O25,82.85,3.669,2.1556
dentin,Na5SrCa2PO8,93.24,3.038,2.3372
dentin,Na5Sr2Ca2PO9,83.25,3.307,2.0963
dentin,Na5Sr3Ca2PO10,89.25,3.507,2.3119
dentin,Na5Sr4Ca2PO11,91.27,3.608,2.3914
dentin,Na5Sr5Ca2PO12,93.63,3.652,2.4693
dentin,Na5Sr6Ca2PO13,86.51,3.559,2.2414
dentin,Na12Sr2Ca4P2O17,93.21,2.985,2.3261
dentin,Na12Sr4Ca4P2O19,88.17,3.218,2.2236
dentin,Na12Sr6Ca4P2O21,85.01,3.364,2.1594
dentin,Na12Sr8Ca4P2O23,88.84,3.52,2.3026
dentin,Na12Sr10Ca4P2O25,90.13,3.563,2.3487
dentin,Na12Sr12Ca4P2O27,81.14,3.5,2.0722
dentin,Na2Sr2Ca4P4O17,99.55,3.334,2.581
dentin,Na2Sr4Ca4P4O19,111.0,3.656,2.9806
dentin,Na2Sr6Ca4P4O21,112.91,3.937,3.0919
dentin,Na2Sr8Ca4P4O23,136.26,4.132,3.8167
dentin,Na2Sr10Ca4P4O25,139.18,4.3,3.9357
dentin,Na2Sr12Ca4P4O27,119.73,4.413,3.3858
dentin,Na2SrCa2P2O9,98.04,3.256,2.5212
dentin,Na6Sr2Ca4P4O19,98.97,3.188,2.5352
dentin,Na4SrCa2(PO5)2,96.11,3.131,2.44
dentin,Na10Sr2Ca4P4O21,92.81,3.087,2.3344
dentin,Na6SrCa2P2O11,90.24,3.088,2.2587
dentin,NaSrCa2P3O11,84.76,3.229,2.1253
dentin,NaSr2Ca2(PO4)3,99.09,3.479,2.5958
dentin,NaSr3Ca2P3O13,106.39,3.714,2.8566
dentin,NaSr4Ca2P3O14,111.55,3.897,3.044
dentin,NaSr5Ca2(PO5)3,129.78,4.096,3.6191
dentin,NaSr6Ca2P3O16,132.04,4.263,3.7185
dentin,Na4Sr2Ca4P6O23,85.86,3.161,2.1443
dentin,Na3SrCa2(PO4)3,86.08,3.15,2.1488
dentin,Na8Sr2Ca4P6O25,85.32,3.115,2.1194
dentin,Na5SrCa2P3O13,88.75,3.133,2.2239
dentin,Na12Sr2Ca4(P2O9)3,87.94,3.107,2.1949
dentin,Na2Sr2Ca4P8O27,79.2,3.034,1.9239
dentin,Na2Sr4Ca4P8O29,85.01,3.316,2.1499
dentin,Na2Sr6Ca4P8O31,107.76,3.539,2.8624
dentin,Na2Sr8Ca4P8O33,106.93,3.735,2.8765
dentin,Na2Sr10Ca4P8O35,105.28,3.923,2.8647
dentin,Na2Sr12Ca4P8O37,126.86,4.045,3.5234
dentin,Na2SrCa2(P2O7)2,74.79,3.071,1.8014
dentin,Na6Sr2Ca4P8O29,78.21,3.129,1.9133
dentin,Na4SrCa2P4O15,79.76,3.105,1.9542
dentin,Na10Sr2Ca4P8O31,82.41,3.081,2.0274
dentin,Na6SrCa2(PO4)4,81.57,3.063,1.9992
dentin,NaSrCa2P5O16,77.67,2.977,1.8675
dentin,NaSr2Ca2P5O17,79.44,3.198,1.963
dentin,NaSr3Ca2P5O18,85.99,3.407,2.1966
dentin,NaSr4Ca2P5O19,103.61,3.566,2.7459
dentin,NaSr5Ca2(PO4)5,108.11,3.747,2.9137
dentin,NaSr6Ca2P5O21,104.19,3.909,2.83
dentin,Na4Sr2Ca4P10O33,79.4,3.006,1.9243
dentin,Na3SrCa2P5O17,75.2,3.026,1.8046
dentin,Na8Sr2Ca4(P2O7)5,79.07,3.05,1.9231
dentin,Na5SrCa2P5O18,79.31,3.033,1.9268
dentin,Na12Sr2Ca4P10O37,81.49,3.037,1.9918
dentin,Na2Sr2Ca4P12O37,77.77,2.935,1.8622
dentin,Na2Sr4Ca4(P4O13)3,79.79,3.101,1.9542
dentin,Na2Sr6Ca4P12O41,81.96,3.322,2.0614
dentin,Na2Sr8Ca4P12O43,90.57,3.515,2.3523
dentin,Na2Sr10Ca4(P4O15)3,104.85,3.611,2.7911
dentin,Na2Sr12Ca4P12O47,107.69,3.727,2.8972
dentin,Na2SrCa2P6O19,76.98,2.942,1.8402
dentin,Na6Sr2Ca4(P4O13)3,74.3,2.947,1.7626
dentin,Na4SrCa2(P3O10)2,75.28,2.973,1.7965
dentin,Na10Sr2Ca4P12O41,78.05,2.972,1.8779
dentin,Na6SrCa2(P2O7)3,75.43,2.964,1.7993
dentin,NaSrCa3PO7,106.41,3.475,2.8103
dentin,NaSr2Ca3PO8,114.85,3.775,3.1173
dentin,NaSr3Ca3PO9,107.53,3.955,2.9373
dentin,NaSr4Ca3PO10,104.52,3.983,2.8541
dentin,NaSr5Ca3PO11,85.53,3.869,2.2738
dentin,NaSr6Ca3PO12,89.73,3.99,2.4207
dentin,Na4Sr2Ca6P2O15,105.43,3.343,2.7556
dentin,Na4Sr4Ca6P2O17,115.13,3.648,3.1007
dentin,Na4Sr6Ca6P2O19,103.96,3.779,2.7979
dentin,Na4Sr8Ca6P2O21,108.61,3.922,2.9625
dentin,Na4Sr10Ca6P2O23,88.17,3.753,2.3284
dentin,Na4Sr12Ca6P2O25,82.53,3.86,2.1837
dentin,Na3SrCa3PO8,105.46,3.256,2.7392
dentin,Na3Sr2Ca3PO9,109.26,3.494,2.8978
dentin,Na3Sr3Ca3PO10,99.36,3.672,2.6414
dentin,Na3Sr4Ca3PO11,102.99,3.841,2.7815
dentin,Na3Sr5Ca3PO12,91.27,3.694,2.4081
dentin,Na3Sr6Ca3PO13,82.29,3.713,2.1476
dentin,Na8Sr2Ca6P2O17,100.9,3.14,2.5826
dentin,Na8Sr4Ca6P2O19,101.86,3.387,2.6592
dentin,Na8Sr6Ca6P2O21,95.17,3.565,2.4975
dentin,Na8Sr8Ca6P2O23,97.02,3.713,2.581
dentin,Na8Sr10Ca6P2O25,88.64,3.644,2.3211
dentin,Na8Sr12Ca6P2O27,85.85,3.607,2.2316
dentin,Na5SrCa3PO9,99.76,3.05,2.5312
dentin,Na5Sr2Ca3PO10,91.51,3.298,2.3375
dentin,Na5Sr3Ca3PO11,89.71,3.477,2.3196
dentin,Na5Sr4Ca3PO12,90.26,3.57,2.3538
dentin,Na5Sr5Ca3PO13,93.63,3.6,2.4592
dentin,Na5Sr6Ca3PO14,86.51,3.518,2.2335
dentin,Na12Sr2Ca6P2O19,99.54,2.999,2.5148
dentin,Na12Sr4Ca6P2O21,83.99,3.21,2.0992
dentin,Na12Sr6Ca6P2O23,88.11,3.34,2.2456
dentin,Na12Sr8Ca6P2O25,87.97,3.481,2.2691
dentin,Na12Sr10Ca6P2O27,94.15,3.565,2.4674
dentin,Na12Sr12Ca6P2O29,81.14,3.457,2.0638
dentin,Na2Sr2Ca6P4O19,103.71,3.312,2.6991
dentin,Na2Sr4Ca6P4O21,111.76,3.642,3.0004
dentin,Na2Sr6Ca6P4O23,115.31,3.865,3.1483
dentin,Na2Sr8Ca6P4O25,140.54,4.063,3.9292
dentin,Na2Sr10Ca6P4O27,142.22,4.213,4.008
dentin,Na2Sr12Ca6P4O29,128.58,4.302,3.6242
dentin,Na2SrCa3(PO5)2,103.59,3.253,2.6838
dentin,Na6Sr2Ca6P4O21,97.34,3.197,2.4892
dentin,Na4SrCa3P2O11,97.69,3.157,2.4913
dentin,Na10Sr2Ca6P4O23,96.89,3.104,2.4576
dentin,Na6SrCa3(PO6)2,96.94,3.098,2.4578
dentin,NaSrCa3(PO4)3,92.99,3.207,2.3631
dentin,NaSr2Ca3P3O13,102.01,3.461,2.6781
dentin,NaSr3Ca3P3O14,108.56,3.679,2.9135
dentin,NaSr4Ca3(PO5)3,114.12,3.873,3.1149
dentin,NaSr5Ca3P3O16,132.51,4.057,3.6917
dentin,NaSr6Ca3P3O17,135.83,4.188,3.8151
dentin,Na4Sr2Ca6P6O25,93.06,3.175,2.3589
dentin,Na3SrCa3P3O13,92.94,3.161,2.3526
dentin,Na8Sr2Ca6(P2O9)3,93.27,3.129,2.3559
dentin,Na5SrCa3P3O14,93.19,3.131,2.3543
dentin,Na12Sr2Ca6P6O29,90.95,3.081,2.2784
dentin,Na2Sr2Ca6P8O29,82.82,3.14,2.051
dentin,Na2Sr4Ca6P8O31,97.07,3.317,2.5046
dentin,Na2Sr6Ca6P8O33,104.14,3.536,2.7554
dentin,Na2Sr8Ca6P8O35,106.09,3.731,2.8509
dentin,Na2Sr10Ca6P8O37,107.68,3.855,2.9219
dentin,Na2Sr12Ca6P8O39,130.69,4.002,3.6275
dentin,Na2SrCa3P4O15,90.03,3.206,2.2758
dentin,Na6Sr2Ca6P8O31,83.37,3.099,2.0591
dentin,Na4SrCa3(PO4)4,91.4,3.12,2.2993
dentin,Na10Sr2Ca6P8O33,91.13,3.104,2.2882
dentin,Na6SrCa3P4O17,89.21,3.101,2.2312
dentin,NaSrCa3P5O17,79.2,2.992,1.9156
dentin,NaSr2Ca3P5O18,84.82,3.274,2.136
dentin,NaSr3Ca3P5O19,96.78,3.394,2.5112
dentin,NaSr4Ca3(PO4)5,109.03,3.584,2.9088
dentin,NaSr5Ca3P5O21,106.54,3.748,2.8677
dentin,NaSr6Ca3P5O22,105.81,3.888,2.8737
dentin,Na4Sr2Ca6(P2O7)5,74.78,3.011,1.7891
dentin,Na3SrCa3P5O18,78.9,3.107,1.9292
dentin,Na8Sr2Ca6P10O37,78.65,3.1,1.9204
dentin,Na5SrCa3P5O19,81.02,3.075,1.9852
dentin,Na12Sr2Ca6P10O39,93.55,3.052,2.3493
dentin,Na2Sr2Ca6(P4O13)3,77.67,2.983,1.8688
dentin,Na2Sr4Ca6P12O41,79.87,3.141,1.9645
dentin,Na2Sr6Ca6P12O43,87.35,3.352,2.2257
dentin,Na2Sr8Ca6(P4O15)3,99.78,3.464,2.6132
dentin,Na2Sr10Ca6P12O47,108.65,3.59,2.8987
dentin,Na2Sr12Ca6P12O49,109.26,3.729,2.9438
dentin,Na2SrCa3(P3O10)2,80.42,2.985,1.95
dentin,Na6Sr2Ca6P12O41,74.02,2.969,1.7586
dentin,Na4SrCa3(P2O7)3,79.31,3.018,1.924
dentin,Na10Sr2Ca6P12O43,79.07,3.032,1.9196
dentin,Na6SrCa3(P3O11)2,78.68,3.026,1.9067
dentin,NaSrCa4PO8,108.08,3.436,2.8518
dentin,NaSr2Ca4PO9,115.15,3.713,3.114
dentin,NaSr3Ca4PO10,111.33,3.871,3.0325
dentin,NaSr4Ca4PO11,106.56,3.951,2.908
dentin,NaSr5Ca4PO12,87.15,3.783,2.3044
dentin,NaSr6Ca4PO13,89.98,3.899,2.4103
dentin,Na4Sr2Ca8P2O17,103.65,3.324,2.6993
dentin,Na4Sr4Ca8P2O19,124.03,3.581,3.349
dentin,Na4Sr6Ca8P2O21,103.15,3.714,2.7612
dentin,Na4Sr8Ca8P2O23,102.69,3.895,2.7832
dentin,Na4Sr10Ca8P2O25,91.21,3.742,2.4157
dentin,Na4Sr12Ca8P2O27,89.38,3.792,2.3718
dentin,Na3SrCa4PO9,102.16,3.227,2.6367
dentin,Na3Sr2Ca4PO10,117.01,3.464,3.1195
dentin,Na3Sr3Ca4PO11,101.06,3.632,2.6837
dentin,Na3Sr4Ca4PO12,101.23,3.786,2.7188
dentin,Na3Sr5Ca4PO13,96.73,3.73,2.5756
dentin,Na3Sr6Ca4PO14,86.39,3.659,2.2576
dentin,Na8Sr2Ca8P2O19,110.83,3.133,2.8729
dentin,Na8Sr4Ca8P2O21,102.72,3.372,2.6816
dentin,Na8Sr6Ca8P2O23,94.95,3.53,2.484
dentin,Na8Sr8Ca8P2O25,97.02,3.67,2.5724
dentin,Na8Sr10Ca8P2O27,96.73,3.666,2.563
dentin,Na8Sr12Ca8P2O29,86.77,3.549,2.2474
dentin,Na5SrCa4PO10,109.37,3.068,2.8174
dentin,Na5Sr2Ca4PO11,93.12,3.29,2.3832
dentin,Na5Sr3Ca4PO12,90.82,3.444,2.3456
dentin,Na5Sr4Ca4PO13,90.04,3.535,2.3407
dentin,Na5Sr5Ca4PO14,90.85,3.572,2.3718
dentin,Na5Sr6Ca4PO15,83.14,3.512,2.1333
dentin,Na12Sr2Ca8P2O21,100.34,3.011,2.5407
dentin,Na12Sr4Ca8P2O23,87.06,3.206,2.1888
dentin,Na12Sr6Ca8P2O25,89.65,3.32,2.2871
dentin,Na12Sr8Ca8P2O27,90.06,3.449,2.3244
dentin,Na12Sr10Ca8P2O29,94.15,3.567,2.4679
dentin,Na12Sr12Ca8P2O31,81.14,3.425,2.0574
dentin,Na2Sr2Ca8P4O21,106.06,3.325,2.7704
dentin,Na2Sr4Ca8P4O23,115.66,3.59,3.1048
dentin,Na2Sr6Ca8P4O25,118.06,3.819,3.2203
dentin,Na2Sr8Ca8P4O27,137.68,3.999,3.8324
dentin,Na2Sr10Ca8P4O29,143.15,4.136,4.0202
dentin,Na2Sr12Ca8P4O31,126.54,4.205,3.5453
dentin,Na2SrCa4P2O11,102.96,3.25,2.6646
dentin,Na6Sr2Ca8P4O23,98.11,3.195,2.5114
dentin,Na4SrCa4(PO6)2,97.35,3.141,2.4781
dentin,Na10Sr2Ca8P4O25,96.89,3.102,2.4571
dentin,Na6SrCa4P2O13,98.18,3.075,2.4898
dentin,NaSrCa4P3O13,94.3,3.24,2.4082
dentin,NaSr2Ca4P3O14,102.5,3.437,2.6879
dentin,NaSr3Ca4(PO5)3,110.14,3.655,2.9551
dentin,NaSr4Ca4P3O16,112.4,3.855,3.0608
dentin,NaSr5Ca4P3O17,130.9,4.002,3.6336
dentin,NaSr6Ca4(PO6)3,137.55,4.127,3.8536
dentin,Na4Sr2Ca8(P2O9)3,96.11,3.2,2.4536
dentin,Na3SrCa4P3O14,95.21,3.175,2.422
dentin,Na8Sr2Ca8P6O29,95.49,3.116,2.4188
dentin,Na5SrCa4(PO5)3,94.67,3.079,2.3875
dentin,Na12Sr2Ca8P6O31,92.9,3.091,2.3377
dentin,Na2Sr2Ca8P8O31,95.78,3.183,2.4403
dentin,Na2Sr4Ca8P8O33,101.95,3.354,2.6554
dentin,Na2Sr6Ca8P8O35,103.24,3.538,2.7292
dentin,Na2Sr8Ca8P8O37,108.56,3.69,2.9157
dentin,Na2Sr10Ca8P8O39,115.56,3.826,3.1481
dentin,Na2Sr12Ca8P8O41,111.46,3.982,3.0582
dentin,Na2SrCa4(PO4)4,91.85,3.118,2.312
dentin,Na6Sr2Ca8P8O33,91.29,3.104,2.2928
dentin,Na4SrCa4P4O17,91.71,3.101,2.3049
dentin,Na10Sr2Ca8P8O35,94.21,3.11,2.3798
dentin,Na6SrCa4(P2O9)2,94.46,3.096,2.3844
dentin,NaSrCa4P5O18,84.19,3.074,2.0783
dentin,NaSr2Ca4P5O19,94.55,3.211,2.4098
dentin,NaSr3Ca4(PO4)5,102.86,3.432,2.6974
dentin,NaSr4Ca4P5O21,105.6,3.571,2.8054
dentin,NaSr5Ca4P5O22,106.68,3.735,2.869
dentin,NaSr6Ca4P5O23,108.92,3.843,2.9562
dentin,Na4Sr2Ca8P10O37,88.28,3.135,2.2104
dentin,Na3SrCa4P5O19,90.32,3.147,2.2727
dentin,Na8Sr2Ca8P10O39,89.81,3.101,2.2489
dentin,Na5SrCa4(PO4)5,93.22,3.09,2.3471
dentin,Na12Sr2Ca8P10O41,91.07,3.069,2.2795
dentin,Na2Sr2Ca8P12O41,79.87,3.007,1.938
dentin,Na2Sr4Ca8P12O43,84.33,3.213,2.1095
dentin,Na2Sr6Ca8(P4O15)3,94.48,3.3,2.4253
dentin,Na2Sr8Ca8P12O47,105.76,3.469,2.7899
dentin,Na2Sr10Ca8P12O49,109.73,3.586,2.9298
dentin,Na2Sr12Ca8(P4O17)3,106.37,3.749,2.8629
dentin,Na2SrCa4(P2O7)3,74.87,2.997,1.7892
dentin,Na6Sr2Ca8P12O43,79.07,3.065,1.9261
dentin,Na4SrCa4(P3O11)2,78.94,3.084,1.9257
dentin,Na10Sr2Ca8(P4O15)3,90.79,3.073,2.272
dentin,Na6SrCa4P6O23,92.76,3.066,2.3286
dentin,NaSrCa5PO9,108.09,3.425,2.8497
dentin,NaSr2Ca5PO10,125.71,3.666,3.4152
dentin,NaSr3Ca5PO11,103.64,3.791,2.7907
dentin,NaSr4Ca5PO12,109.87,3.921,2.9995
dentin,NaSr5Ca5PO13,88.91,3.766,2.3529
dentin,NaSr6Ca5PO14,89.38,3.822,2.3777
dentin,Na4Sr2Ca10P2O19,112.43,3.317,2.9564
dentin,Na4Sr4Ca10P2O21,122.07,3.543,3.2841
dentin,Na4Sr6Ca10P2O23,101.58,3.663,2.7051
dentin,Na4Sr8Ca10P2O25,103.94,3.839,2.8091
dentin,Na4Sr10Ca10P2O27,97.62,3.769,2.6095
dentin,Na4Sr12Ca10P2O29,89.38,3.727,2.3591
dentin,Na3SrCa5PO10,112.02,3.236,2.9282
dentin,Na3Sr2Ca5PO11,108.56,3.439,2.8664
dentin,Na3Sr3Ca5PO12,101.06,3.586,2.6746
dentin,Na3Sr4Ca5PO13,101.23,3.734,2.7086
dentin,Na3Sr5Ca5PO14,97.5,3.757,2.6035
dentin,Na3Sr6Ca5PO15,84.06,3.593,2.1762
dentin,Na8Sr2Ca10P2O21,102.28,3.129,2.621
dentin,Na8Sr4Ca10P2O23,102.72,3.363,2.6799
dentin,Na8Sr6Ca10P2O25,90.7,3.502,2.3538
dentin,Na8Sr8Ca10P2O27,99.33,3.63,2.6325
dentin,Na8Sr10Ca10P2O29,96.73,3.621,2.5542
dentin,Na8Sr12Ca10P2O31,89.74,3.552,2.3352
dentin,Na5SrCa5PO11,101.82,3.07,2.596
dentin,Na5Sr2Ca5PO12,93.46,3.287,2.3926
dentin,Na5Sr3Ca5PO13,90.96,3.421,2.3453
dentin,Na5Sr4Ca5PO14,87.51,3.499,2.2592
dentin,Na5Sr5Ca5PO15,96.69,3.601,2.5491
dentin,Na5Sr6Ca5PO16,85.69,3.475,2.2011
dentin,Na12Sr2Ca10P2O23,102.08,3.023,2.5943
dentin,Na12Sr4Ca10P2O25,88.59,3.204,2.2333
dentin,Na12Sr6Ca10P2O27,90.4,3.31,2.307
dentin,Na12Sr8Ca10P2O29,90.06,3.421,2.3189
dentin,Na12Sr10Ca10P2O31,92.39,3.553,2.4133
dentin,Na12Sr12Ca10P2O33,89.91,3.533,2.3363
dentin,Na2Sr2Ca10P4O23,103.92,3.319,2.7062
dentin,Na2Sr4Ca10P4O25,111.03,3.57,2.9648
dentin,Na2Sr6Ca10P4O27,118.44,3.77,3.2219
dentin,Na2Sr8Ca10P4O29,121.59,3.943,3.3484
dentin,Na2Sr10Ca10P4O31,137.18,4.05,3.8278
dentin,Na2Sr12Ca10P4O33,131.35,4.132,3.6722
dentin,Na2SrCa5(PO6)2,102.48,3.251,2.6508
dentin,Na6Sr2Ca10P4O25,98.57,3.204,2.5267
dentin,Na4SrCa5P2O13,97.53,3.147,2.4849
dentin,Na10Sr2Ca10P4O27,97.61,3.104,2.4789
dentin,Na6SrCa5(PO7)2,96.85,3.053,2.4465
dentin,NaSrCa5P3O14,100.01,3.24,2.576
dentin,NaSr2Ca5(PO5)3,103.87,3.431,2.727
dentin,NaSr3Ca5P3O16,111.72,3.662,3.0032
dentin,NaSr4Ca5P3O17,117.34,3.816,3.1984
dentin,NaSr5Ca5(PO6)3,117.99,3.947,3.2431
dentin,NaSr6Ca5P3O19,140.54,4.08,3.9325
dentin,Na4Sr2Ca10P6O29,100.07,3.21,2.5718
dentin,Na3SrCa5(PO5)3,101.43,3.156,2.6013
dentin,Na8Sr2Ca10P6O31,100.59,3.123,2.57
dentin,Na5SrCa5P3O16,96.93,3.089,2.456
dentin,Na12Sr2Ca10(P2O11)3,96.59,3.12,2.4518
dentin,Na2Sr2Ca10P8O33,94.57,3.163,2.4011
dentin,Na2Sr4Ca10P8O35,103.38,3.378,2.7021
dentin,Na2Sr6Ca10P8O37,102.08,3.508,2.6893
dentin,Na2Sr8Ca10P8O39,114.19,3.669,3.0771
dentin,Na2Sr10Ca10P8O41,113.1,3.815,3.0737
dentin,Na2Sr12Ca10P8O43,112.87,3.967,3.0967
dentin,Na2SrCa5P4O17,93.77,3.155,2.3759
dentin,Na6Sr2Ca10P8O35,92.77,3.131,2.3416
dentin,Na4SrCa5(P2O9)2,92.17,3.119,2.3219
dentin,Na10Sr2Ca10P8O37,93.68,3.125,2.3672
dentin,Na6SrCa5P4O19,93.9,3.105,2.3697
dentin,NaSrCa5P5O19,91.99,3.143,2.3212
dentin,NaSr2Ca5(PO4)5,97.62,3.263,2.5101
dentin,NaSr3Ca5P5O21,103.14,3.45,2.7091
dentin,NaSr4Ca5P5O22,106.41,3.579,2.8306
dentin,NaSr5Ca5P5O23,108.1,3.704,2.9049
dentin,NaSr6Ca5P5O24,111.93,3.809,3.0381
dentin,Na4Sr2Ca10P10O39,98.83,3.165,2.5266
dentin,Na3SrCa5(PO4)5,89.96,3.094,2.2519
dentin,Na8Sr2Ca10P10O41,96.56,3.119,2.4509
dentin,Na5SrCa5P5O21,98.26,3.097,2.4965
dentin,Na12Sr2Ca10P10O43,97.36,3.091,2.4688
dentin,Na2Sr2Ca10P12O43,84.52,3.037,2.0808
dentin,Na2Sr4Ca10(P4O15)3,91.36,3.205,2.3149
dentin,Na2Sr6Ca10P12O47,100.85,3.324,2.6172
dentin,Na2Sr8Ca10P12O49,104.02,3.488,2.7426
dentin,Na2Sr10Ca10(P4O17)3,105.79,3.616,2.8196
dentin,Na2Sr12Ca10P12O53,106.19,3.738,2.8555
dentin,Na2SrCa5(P3O11)2,83.69,3.059,2.0607
dentin,Na6Sr2Ca10(P4O15)3,89.6,3.141,2.2506
dentin,Na4SrCa5P6O23,90.57,3.111,2.2731
dentin,Na10Sr2Ca10P12O47,91.66,3.086,2.3001
dentin,Na6SrCa5(PO4)6,92.96,3.066,2.3347
dentin,NaSrCa6PO10,116.76,3.39,3.0978
dentin,NaSr2Ca6PO11,125.32,3.601,3.3908
dentin,NaSr3Ca6PO12,102.73,3.728,2.7515
dentin,NaSr4Ca6PO13,102.13,3.874,2.7626
dentin,NaSr5Ca6PO14,99.19,3.797,2.6611
dentin,NaSr6Ca6PO15,89.38,3.757,2.365
dentin,Na4Sr2Ca12P2O21,115.09,3.311,3.0333
dentin,Na4Sr4Ca12P2O23,117.77,3.509,3.1509
dentin,Na4Sr6Ca12P2O25,101.99,3.624,2.7096
dentin,Na4Sr8Ca12P2O27,103.94,3.789,2.7991
dentin,Na4Sr10Ca12P2O29,98.88,3.809,2.6542
dentin,Na4Sr12Ca12P2O31,88.87,3.664,2.3317
dentin,Na3SrCa6PO11,115.77,3.222,3.0357
dentin,Na3Sr2Ca6PO12,107.3,3.414,2.8244
dentin,Na3Sr3Ca6PO13,98.71,3.548,2.5983
dentin,Na3Sr4Ca6PO14,102.03,3.696,2.7248
dentin,Na3Sr5Ca6PO15,97.5,3.706,2.5935
dentin,Na3Sr6Ca6PO16,89.96,3.597,2.3504
dentin,Na8Sr2Ca12P2O23,101.72,3.133,2.6052
dentin,Na8Sr4Ca12P2O25,106.14,3.35,2.7778
dentin,Na8Sr6Ca12P2O27,94.64,3.476,2.4643
dentin,Na8Sr8Ca12P2O29,96.34,3.593,2.5374
dentin,Na8Sr10Ca12P2O31,97.5,3.644,2.5814
dentin,Na8Sr12Ca12P2O33,88.13,3.509,2.2794
dentin,Na5SrCa6PO12,103.01,3.084,2.6335
dentin,Na5Sr2Ca6PO13,91.98,3.281,2.3479
dentin,Na5Sr3Ca6PO14,90.43,3.396,2.3249
dentin,Na5Sr4Ca6PO15,89.02,3.468,2.2977
dentin,Na5Sr5Ca6PO16,98.61,3.581,2.6018
dentin,Na5Sr6Ca6PO17,92.4,3.522,2.4074
dentin,Na12Sr2Ca12P2O25,93.93,3.028,2.3557
dentin,Na12Sr4Ca12P2O27,89.99,3.2,2.2736
dentin,Na12Sr6Ca12P2O29,89.35,3.297,2.2737
dentin,Na12Sr8Ca12P2O31,90.06,3.407,2.316
dentin,Na12Sr10Ca12P2O33,92.17,3.528,2.4021
dentin,Na12Sr12Ca12P2O35,93.85,3.536,2.4531
dentin,Na2Sr2Ca12P4O25,101.59,3.323,2.6387
dentin,Na2Sr4Ca12P4O27,112.39,3.549,3.0005
dentin,Na2Sr6Ca12P4O29,118.99,3.734,3.2309
dentin,Na2Sr8Ca12P4O31,115.79,3.89,3.1676
dentin,Na2Sr10Ca12P4O33,115.21,3.957,3.1637
dentin,Na2Sr12Ca12P4O35,138.33,4.063,3.864
dentin,Na2SrCa6P2O13,101.42,3.263,2.622
dentin,Na6Sr2Ca12P4O27,99.85,3.186,2.5606
dentin,Na4SrCa6(PO7)2,99.88,3.16,2.5566
dentin,Na10Sr2Ca12P4O29,97.89,3.108,2.4878
dentin,Na6SrCa6P2O15,97.92,3.067,2.4805
dentin,NaSrCa6(PO5)3,101.61,3.217,2.6186
dentin,NaSr2Ca6P3O16,104.29,3.458,2.7445
dentin,NaSr3Ca6P3O17,115.23,3.629,3.0997
dentin,NaSr4Ca6(PO6)3,118.49,3.775,3.2243
dentin,NaSr5Ca6P3O19,117.74,3.92,3.2305
dentin,NaSr6Ca6P3O20,138.14,4.039,3.8538
dentin,Na4Sr2Ca12P6O31,103.1,3.206,2.6603
dentin,Na3SrCa6P3O16,104.42,3.163,2.6905
dentin,Na8Sr2Ca12(P2O11)3,98.49,3.125,2.5088
dentin,Na5SrCa6P3O17,97.87,3.105,2.4866
dentin,Na12Sr2Ca12P6O35,97.9,3.074,2.4812
dentin,Na2Sr2Ca12P8O35,96.51,3.199,2.465
dentin,Na2Sr4Ca12P8O37,103.78,3.352,2.7088
dentin,Na2Sr6Ca12P8O39,102.68,3.502,2.7058
dentin,Na2Sr8Ca12P8O41,110.14,3.659,2.956
dentin,Na2Sr10Ca12P8O43,115.68,3.811,3.1487
dentin,Na2Sr12Ca12P8O45,115.04,3.936,3.1544
dentin,Na2SrCa6(P2O9)2,95.34,3.162,2.4232
dentin,Na6Sr2Ca12P8O37,96.28,3.149,2.4484
dentin,Na4SrCa6P4O19,97.19,3.128,2.4711
dentin,Na10Sr2Ca12P8O39,94.75,3.105,2.3948
dentin,Na6SrCa6(PO5)4,93.28,3.093,2.3492
dentin,NaSrCa6(PO4)5,96.01,3.152,2.4411
dentin,NaSr2Ca6P5O21,99.0,3.289,2.5561
dentin,NaSr3Ca6P5O22,102.56,3.437,2.6896
dentin,NaSr4Ca6P5O23,104.67,3.558,2.7752
dentin,NaSr5Ca6P5O24,110.63,3.686,2.9758
dentin,NaSr6Ca6(PO5)5,114.01,3.796,3.0966
dentin,Na4Sr2Ca12P10O41,94.92,3.105,2.3997
dentin,Na3SrCa6P5O21,91.39,3.086,2.2922
dentin,Na8Sr2Ca12P10O43,91.91,3.092,2.3089
dentin,Na5SrCa6P5O22,99.1,3.119,2.5256
dentin,Na12Sr2Ca12(P2O9)5,95.1,3.096,2.4032
dentin,Na2Sr2Ca12(P4O15)3,89.52,3.109,2.2419
dentin,Na2Sr4Ca12P12O47,99.07,3.177,2.536
dentin,Na2Sr6Ca12P12O49,103.48,3.353,2.7001
dentin,Na2Sr8Ca12(P4O17)3,103.25,3.49,2.7203
dentin,Na2Sr10Ca12P12O53,105.93,3.61,2.8225
dentin,Na2Sr12Ca12P12O55,109.41,3.71,2.9446
dentin,Na2SrCa6P6O23,97.64,3.141,2.4869
dentin,Na6Sr2Ca12P12O47,97.27,3.112,2.4702
dentin,Na4SrCa6(PO4)6,95.23,3.099,2.4079
dentin,Na10Sr2Ca12P12O49,96.76,3.082,2.4495
dentin,Na6SrCa6P6O25,98.5,3.067,2.4975
dentin,K2Na2Ca2P2O9,84.99,3.008,2.0887
dentin,K2NaCaPO5,58.71,2.551,1.2265
dentin,K6Na2Ca2P2O11,59.16,2.57,1.2434
dentin,K4NaCaPO6,57.92,2.573,1.2075
dentin,K10Na2Ca2P2O13,53.91,2.617,1.0982
dentin,K6NaCaPO7,46.47,2.532,0.8629
dentin,KNa2CaPO5,74.66,2.912,1.7663
dentin,K4Na4Ca2P2O11,60.58,2.541,1.2796
dentin,K3Na2CaPO6,59.81,2.479,1.2447
dentin,K8Na4Ca2P2O13,51.73,2.522,1.0157
dentin,K5Na2CaPO7,54.83,2.56,1.1142
dentin,K12Na4Ca2P2O15,46.72,2.484,0.8611
dentin,K2Na6Ca2P2O11,75.6,2.821,1.7761
dentin,K2Na3CaPO6,58.52,2.399,1.1911
dentin,K6Na6Ca2P2O13,52.4,2.456,1.0225
dentin,K4Na3CaPO7,53.77,2.484,1.0684
dentin,K10Na6Ca2P2O15,54.35,2.506,1.0894
dentin,K6Na3CaPO8,45.48,2.442,0.8161
dentin,KNa4CaPO6,70.45,2.748,1.6103
dentin,K4Na8Ca2P2O13,51.76,2.368,0.9862
dentin,K3Na4CaPO7,52.93,2.42,1.0309
dentin,K8Na8Ca2P2O15,54.07,2.433,1.0669
dentin,K5Na4CaPO8,54.35,2.474,1.0831
dentin,K12Na8Ca2P2O17,51.6,2.411,0.99
dentin,K2Na10Ca2P2O13,63.24,2.698,1.3888
dentin,K2Na5CaPO7,52.77,2.33,1.0087
dentin,K6Na10Ca2P2O15,52.49,2.385,1.0111
dentin,K4Na5CaPO8,53.33,2.424,1.0436
dentin,K10Na10Ca2P2O17,54.72,2.437,1.0869
dentin,K6Na5CaPO9,52.01,2.379,0.9961
dentin,KNa6CaPO7,62.03,2.6,1.3337
dentin,K4Na12Ca2P2O15,50.08,2.302,0.9241
dentin,K3Na6CaPO8,54.59,2.374,1.0706
dentin,K8Na12Ca2P2O17,52.49,2.408,1.0158
dentin,K5Na6CaPO9,54.5,2.417,1.0766
dentin,K12Na12Ca2P2O19,56.31,2.352,1.1169
dentin,KNaCaP2O7,83.33,3.072,2.0525
dentin,K4Na2Ca2P4O15,67.12,3.021,1.566
dentin,K3NaCa(PO4)2,46.94,2.551,0.8804
dentin,K8Na2Ca2P4O17,44.29,2.579,0.8081
dentin,K5NaCaP2O9,49.36,2.569,0.9551
dentin,K12Na2Ca2P4O19,49.84,2.58,0.9713
dentin,K2Na4Ca2P4O15,76.19,2.924,1.8137
dentin,K2Na2Ca(PO4)2,72.03,3.002,1.7067
dentin,K6Na4Ca2P4O17,44.95,2.597,0.8309
dentin,K4Na2CaP2O9,45.15,2.521,0.8221
dentin,K10Na4Ca2P4O19,50.26,2.548,0.9775
dentin,K6Na2Ca(PO5)2,49.84,2.548,0.9651
dentin,KNa3Ca(PO4)2,71.44,2.879,1.6652
dentin,K4Na6Ca2P4O17,56.36,2.954,1.2364
dentin,K3Na3CaP2O9,48.84,2.53,0.9321
dentin,K8Na6Ca2P4O19,50.56,2.523,0.9813
dentin,K5Na3Ca(PO5)2,50.08,2.489,0.9607
dentin,K12Na6Ca2P4O21,49.59,2.478,0.9441
dentin,K2Na8Ca2P4O17,59.54,2.857,1.3109
dentin,K2Na4CaP2O9,63.42,2.902,1.4338
dentin,K6Na8Ca2P4O19,55.38,2.465,1.1118
dentin,K4Na4Ca(PO5)2,53.51,2.525,1.0686
dentin,K10Na8Ca2P4O21,43.72,2.421,0.7603
dentin,K6Na4CaP2O11,52.33,2.447,1.0186
dentin,KNa5CaP2O9,62.85,2.828,1.4026
dentin,K4Na10Ca2P4O19,65.21,2.842,1.4748
dentin,K3Na5Ca(PO5)2,56.27,2.444,1.1339
dentin,K8Na10Ca2P4O21,52.58,2.484,1.0331
dentin,K5Na5CaP2O11,52.11,2.417,1.0061
dentin,K12Na10Ca2P4O23,52.08,2.432,1.0083
dentin,K2Na12Ca2P4O19,65.12,2.781,1.4602
dentin,K2Na6Ca(PO5)2,64.76,2.786,1.4505
dentin,K6Na12Ca2P4O21,48.3,2.418,0.8944
dentin,K4Na6CaP2O11,51.45,2.368,0.9773
dentin,K10Na12Ca2P4O23,49.96,2.4,0.9398
dentin,K6Na6Ca(PO6)2,52.65,2.427,1.0241
dentin,K2Na2Ca2P6O19,69.57,2.925,1.6192
dentin,K2NaCaP3O10,79.51,3.106,1.9471
dentin,K6Na2Ca2(P2O7)3,66.22,3.089,1.5529
dentin,K4NaCaP3O11,45.93,2.553,0.8512
dentin,K10Na2Ca2P6O23,46.74,2.572,0.8788
dentin,K6NaCa(PO4)3,45.36,2.581,0.8398
dentin,KNa2CaP3O10,79.91,2.984,1.935
dentin,K4Na4Ca2(P2O7)3,76.88,3.044,1.8573
dentin,K3Na2CaP3O11,60.52,3.019,1.3716
dentin,K8Na4Ca2P6O23,50.54,2.576,0.9912
dentin,K5Na2Ca(PO4)3,44.1,2.546,0.7962
dentin,K12Na4Ca2P6O25,46.65,2.543,0.8703
dentin,K2Na6Ca2(P2O7)3,82.1,2.947,1.9918
dentin,K2Na3CaP3O11,69.77,2.945,1.6289
dentin,K6Na6Ca2P6O23,65.24,2.985,1.5036
dentin,K4Na3Ca(PO4)3,46.49,2.555,0.8682
dentin,K10Na6Ca2P6O25,48.97,2.546,0.9392
dentin,K6Na3CaP3O13,46.3,2.52,0.8554
dentin,KNa4CaP3O11,70.94,2.84,1.643
dentin,K4Na8Ca2P6O23,67.02,2.906,1.5405
dentin,K3Na4Ca(PO4)3,57.58,2.947,1.271
dentin,K8Na8Ca2P6O25,48.79,2.534,0.9315
dentin,K5Na4CaP3O13,48.86,2.551,0.9369
dentin,K12Na8Ca2(P2O9)3,50.55,2.495,0.9757
dentin,K2Na10Ca2P6O23,67.86,2.823,1.5491
dentin,K2Na5Ca(PO4)3,57.83,2.889,1.2671
dentin,K6Na10Ca2P6O25,61.5,2.924,1.3817
dentin,K4Na5CaP3O13,47.69,2.49,0.8907
dentin,K10Na10Ca2(P2O9)3,51.52,2.522,1.0095
dentin,K6Na5CaP3O14,50.58,2.524,0.9823
dentin,KNa6Ca(PO4)3,58.88,2.813,1.2828
dentin,K4Na12Ca2P6O25,61.77,2.867,1.3785
dentin,K3Na6CaP3O13,59.34,2.896,1.3129
dentin,K8Na12Ca2(P2O9)3,55.12,2.517,1.1143
dentin,K5Na6CaP3O14,52.1,2.49,1.0202
dentin,K12Na12Ca2P6O29,46.78,2.509,0.8675
dentin,KNaCa(PO3)4,53.62,2.695,1.1051
dentin,K4Na2Ca2P8O25,58.9,2.984,1.317
dentin,K3NaCaP4O13,76.26,3.112,1.8525
dentin,K8Na2Ca2P8O27,70.0,3.114,1.669
dentin,K5NaCa(P2O7)2,47.56,2.524,0.8936
dentin,K12Na2Ca2P8O29,46.26,2.566,0.8635
dentin,K2Na4Ca2P8O25,53.39,2.761,1.1114
dentin,K2Na2CaP4O13,76.54,3.018,1.8423
dentin,K6Na4Ca2P8O27,80.93,3.086,1.9848
dentin,K4Na2Ca(P2O7)2,66.43,3.083,1.5579
dentin,K10Na4Ca2P8O29,49.39,2.582,0.9587
dentin,K6Na2CaP4O15,48.56,2.544,0.9268
dentin,KNa3CaP4O13,76.93,2.92,1.8345
dentin,K4Na6Ca2P8O27,81.29,2.992,1.977
dentin,K3Na3Ca(P2O7)2,76.79,3.04,1.8539
dentin,K8Na6Ca2P8O29,63.38,3.033,1.4585
dentin,K5Na3CaP4O15,52.11,2.565,1.0354
dentin,K12Na6Ca2P8O31,45.53,2.559,0.8407
dentin,K2Na8Ca2P8O27,83.08,2.907,2.0127
dentin,K2Na4Ca(P2O7)2,75.71,2.945,1.8036
dentin,K6Na8Ca2P8O29,69.77,2.969,1.6338
dentin,K4Na4CaP4O15,66.73,2.968,1.544
dentin,K10Na8Ca2P8O31,47.95,2.56,0.9121
dentin,K6Na4Ca(PO4)4,47.55,2.583,0.9048
dentin,KNa5Ca(P2O7)2,80.46,2.88,1.9305
dentin,K4Na10Ca2P8O29,68.96,2.894,1.5951
dentin,K3Na5CaP4O15,68.59,2.91,1.5875
dentin,K8Na10Ca2P8O31,59.03,2.957,1.3158
dentin,K5Na5Ca(PO4)4,47.42,2.522,0.889
dentin,K12Na10Ca2P8O33,49.44,2.565,0.9568
dentin,K2Na12Ca2P8O29,75.71,2.835,1.7821
dentin,K2Na6CaP4O15,68.05,2.844,1.5587
dentin,K6Na12Ca2P8O31,59.37,2.902,1.3147
dentin,K4Na6Ca(PO4)4,57.79,2.919,1.2716
dentin,K10Na12Ca2P8O33,49.31,2.55,0.9499
dentin,K6Na6CaP4O17,50.3,2.53,0.9753
dentin,K2Na2Ca2P10O29,60.69,2.681,1.3104
dentin,K2NaCa(PO3)5,55.39,2.903,1.1981
dentin,K6Na2Ca2P10O31,55.32,3.028,1.2205
dentin,K4NaCaP5O16,65.19,3.116,1.528
dentin,K10Na2Ca2P10O33,59.09,3.123,1.35
dentin,K6NaCaP5O17,43.28,2.508,0.7644
dentin,KNa2Ca(PO3)5,51.91,2.661,1.0483
dentin,K4Na4Ca2P10O31,54.62,2.943,1.1832
dentin,K3Na2CaP5O16,65.18,3.036,1.5118
dentin,K8Na4Ca2P10O33,68.5,3.096,1.6213
dentin,K5Na2CaP5O17,61.06,3.096,1.4026
dentin,K12Na4Ca2(P2O7)5,50.13,2.579,0.9798
dentin,K2Na6Ca2P10O31,46.95,2.703,0.9106
dentin,K2Na3CaP5O16,64.84,2.96,1.487
dentin,K6Na6Ca2P10O33,68.81,3.014,1.6143
dentin,K4Na3CaP5O17,80.59,3.071,1.9718
dentin,K10Na6Ca2(P2O7)5,67.15,3.074,1.5771
dentin,K6Na3CaP5O18,49.56,2.573,0.9618
dentin,KNa4CaP5O16,53.79,2.752,1.1212
dentin,K4Na8Ca2P10O33,68.45,2.932,1.5878
dentin,K3Na4CaP5O17,80.59,2.993,1.9566
dentin,K8Na8Ca2(P2O7)5,74.26,3.032,1.778
dentin,K5Na4CaP5O18,63.74,3.011,1.4645
dentin,K12Na8Ca2P10O37,51.4,2.557,1.013
dentin,K2Na10Ca2P10O33,70.15,2.783,1.6086
dentin,K2Na5CaP5O17,81.69,2.933,1.9772
dentin,K6Na10Ca2(P2O7)5,74.42,2.95,1.7668
dentin,K4Na5CaP5O18,70.16,2.97,1.6454
dentin,K10Na10Ca2P10O37,68.97,2.973,1.611
dentin,K6Na5CaP5O19,49.43,2.593,0.9619
dentin,KNa6CaP5O17,80.48,2.872,1.9296
dentin,K4Na12Ca2(P2O7)5,74.59,2.884,1.7586
dentin,K3Na6CaP5O18,70.16,2.913,1.6341
dentin,K8Na12Ca2P10O37,69.78,2.926,1.6255
dentin,K5Na6CaP5O19,60.72,2.955,1.3647
dentin,K12Na12Ca2P10O39,48.65,2.559,0.9325
dentin,KNaCaP6O17,58.38,2.638,1.2338
dentin,K4Na2Ca2P12O35,54.18,2.846,1.1514
dentin,K3NaCa(PO3)6,56.14,2.945,1.2285
dentin,K8Na2Ca2P12O37,59.51,3.064,1.3508
dentin,K5NaCaP6O19,54.8,3.091,1.2176
dentin,K12Na2Ca2(P4O13)3,61.16,3.153,1.4167
dentin,K2Na4Ca2P12O35,55.55,2.661,1.1553
dentin,K2Na2Ca(PO3)6,54.91,2.845,1.1725
dentin,K6Na4Ca2P12O37,58.5,2.987,1.3061
dentin,K4Na2CaP6O19,63.41,3.05,1.4626
dentin,K10Na4Ca2(P4O13)3,66.11,3.117,1.5551
dentin,K6Na2Ca(P3O10)2,61.22,3.106,1.4092
dentin,KNa3Ca(PO3)6,53.26,2.665,1.0887
dentin,K4Na6Ca2P12O37,52.18,2.904,1.1039
dentin,K3Na3CaP6O19,62.89,2.976,1.4328
dentin,K8Na6Ca2(P4O13)3,66.34,3.046,1.5481
dentin,K5Na3Ca(P3O10)2,70.85,3.094,1.69
dentin,K12Na6Ca2P12O41,59.62,3.098,1.3605
dentin,K2Na8Ca2P12O37,47.47,2.691,0.9234
dentin,K2Na4CaP6O19,62.01,2.922,1.3962
dentin,K6Na8Ca2(P4O13)3,66.06,2.979,1.5265
dentin,K4Na4Ca(P3O10)2,69.94,3.017,1.648
dentin,K10Na8Ca2P12O41,68.98,3.055,1.6275
dentin,K6Na4Ca(P2O7)3,58.78,3.069,1.3304
dentin,KNa5CaP6O19,50.08,2.707,1.0035
dentin,K4Na10Ca2(P4O13)3,65.71,2.925,1.5058
dentin,K3Na5Ca(P3O10)2,70.25,2.958,1.6457
dentin,K8Na10Ca2P12O41,64.99,2.987,1.4969
dentin,K5Na5Ca(P2O7)3,64.23,3.023,1.4815
dentin,K12Na10Ca2P12O43,62.11,3.039,1.4225
dentin,K2Na12Ca2(P4O13)3,56.55,2.731,1.1984
dentin,K2Na6Ca(P3O10)2,70.15,2.908,1.633
dentin,K6Na12Ca2P12O41,64.71,2.928,1.477
dentin,K4Na6Ca(P2O7)3,72.97,2.968,1.7275
dentin,K10Na12Ca2P12O43,73.09,3.001,1.7378
dentin,K6Na6Ca(P3O11)2,61.77,2.966,1.3979
dentin,K2Na2Ca4P2O11,97.67,3.014,2.4628
dentin,K2NaCa2PO6,65.95,2.643,1.4573
dentin,K6Na2Ca4P2O13,65.95,2.62,1.4529
dentin,K4NaCa2PO7,65.23,2.597,1.4274
dentin,K10Na2Ca4P2O15,68.34,2.635,1.5261
dentin,K6NaCa2PO8,62.8,2.658,1.3677
dentin,KNa2Ca2PO6,93.56,2.939,2.3273
dentin,K4Na4Ca4P2O13,65.46,2.589,1.4324
dentin,K3Na2Ca2PO7,65.73,2.531,1.4289
dentin,K8Na4Ca4P2O15,67.49,2.553,1.4852
dentin,K5Na2Ca2PO8,62.02,2.59,1.3315
dentin,K12Na4Ca4P2O17,57.93,2.618,1.217
dentin,K2Na6Ca4P2O13,83.36,2.854,2.0106
dentin,K2Na3Ca2PO7,65.96,2.457,1.4214
dentin,K6Na6Ca4P2O15,65.95,2.497,1.4289
dentin,K4Na3Ca2PO8,61.59,2.518,1.3049
dentin,K10Na6Ca4P2O17,57.32,2.549,1.1854
dentin,K6Na3Ca2PO9,58.0,2.564,1.2083
dentin,KNa4Ca2PO7,75.88,2.789,1.7781
dentin,K4Na8Ca4P2O15,62.53,2.406,1.3104
dentin,K3Na4Ca2PO8,60.61,2.458,1.2641
dentin,K8Na8Ca4P2O17,56.85,2.495,1.161
dentin,K5Na4Ca2PO9,58.1,2.505,1.1997
dentin,K12Na8Ca4P2O19,62.44,2.533,1.3326
dentin,K2Na10Ca4P2O15,74.43,2.766,1.7309
dentin,K2Na5Ca2PO8,57.68,2.373,1.1613
dentin,K6Na10Ca4P2O17,59.27,2.436,1.2204
dentin,K4Na5Ca2PO9,57.93,2.464,1.1866
dentin,K10Na10Ca4P2O19,62.54,2.471,1.3235
dentin,K6Na5Ca2PO10,58.22,2.497,1.2016
dentin,KNa6Ca2PO8,71.45,2.661,1.6226
dentin,K4Na12Ca4P2O17,55.1,2.348,1.0807
dentin,K3Na6Ca2PO9,59.76,2.416,1.231
dentin,K8Na12Ca4P2O19,62.36,2.441,1.3122
dentin,K5Na6Ca2PO10,61.69,2.461,1.2965
dentin,K12Na12Ca4P2O21,58.62,2.461,1.2062
dentin,KNaCa2(PO4)2,84.16,2.998,2.0625
dentin,K4Na2Ca4P4O17,79.14,3.028,1.9208
dentin,K3NaCa2P2O9,62.55,2.674,1.3636
dentin,K8Na2Ca4P4O19,54.12,2.589,1.0992
dentin,K5NaCa2(PO5)2,61.54,2.613,1.3219
dentin,K12Na2Ca4P4O21,60.7,2.605,1.2956
dentin,K2Na4Ca4P4O17,82.27,2.969,2.0012
dentin,KNa3Ca2P2O9,80.7,2.931,1.9474
dentin,K2Na8Ca4P4O19,81.69,2.903,1.9712
dentin,KNa5Ca2(PO5)2,74.76,2.86,1.7592
dentin,K2Na12Ca4P4O21,77.44,2.821,1.8304
dentin,K2Na2Ca4(P2O7)3,90.81,3.099,2.2777
dentin,K2NaCa2P3O11,74.19,3.028,1.7754
dentin,K6Na2Ca4P6O23,69.97,3.036,1.6528
dentin,K4NaCa2(PO4)3,54.66,2.637,1.1243
dentin,K10Na2Ca4P6O25,52.06,2.605,1.0417
dentin,K6NaCa2P3O13,53.79,2.59,1.0897
dentin,KNa2Ca2P3O11,79.36,2.987,1.9193
dentin,K2Na6Ca4P6O23,80.68,2.917,1.9444
dentin,KNa4Ca2(PO4)3,79.79,2.902,1.9152
dentin,K2Na10Ca4P6O25,75.24,2.875,1.7763
dentin,KNa6Ca2P3O13,71.3,2.848,1.655
dentin,KNaCa2P4O13,79.17,2.949,1.9062
dentin,K4Na2Ca4P8O27,85.15,3.077,2.1072
dentin,K3NaCa2(P2O7)2,79.06,3.121,1.9365
dentin,K8Na2Ca4P8O29,66.6,3.054,1.5573
dentin,K5NaCa2P4O15,52.16,2.62,1.0476
dentin,K12Na2Ca4P8O31,49.65,2.581,0.9661
dentin,K2Na4Ca4P8O27,87.25,2.999,2.1535
dentin,KNa3Ca2(P2O7)2,85.02,2.987,2.0855
dentin,K2Na8Ca4P8O29,80.87,2.94,1.9544
dentin,KNa5Ca2P4O15,77.85,2.864,1.8509
dentin,K2Na12Ca4P8O31,75.95,2.859,1.7938
dentin,K2Na2Ca4P10O31,71.08,2.737,1.6267
dentin,K2NaCa2P5O16,79.94,2.981,1.9351
dentin,K6Na2Ca4P10O33,85.69,3.083,2.1243
dentin,K4NaCa2P5O17,80.07,3.13,1.9679
dentin,K10Na2Ca4(P2O7)5,65.28,3.104,1.5282
dentin,K6NaCa2P5O18,48.99,2.605,0.9514
dentin,KNa2Ca2P5O16,72.91,2.746,1.6821
dentin,K2Na6Ca4P10O33,72.68,2.813,1.6888
dentin,KNa4Ca2P5O17,86.39,2.94,2.1164
dentin,K2Na10Ca4(P2O7)5,86.43,2.931,2.1161
dentin,KNa6Ca2P5O18,80.93,2.872,1.9426
dentin,KNaCa2(PO3)6,70.3,2.718,1.6
dentin,K4Na2Ca4P12O37,67.14,2.914,1.5455
dentin,K3NaCa2P6O19,70.7,3.005,1.6683
dentin,K8Na2Ca4(P4O13)3,75.53,3.092,1.827
dentin,K5NaCa2(P3O10)2,67.99,3.125,1.612
dentin,K12Na2Ca4P12O41,66.02,3.113,1.5515
dentin,K2Na4Ca4P12O37,64.95,2.693,1.4378
dentin,KNa3Ca2P6O19,64.08,2.715,1.4166
dentin,K2Na8Ca4(P4O13)3,60.7,2.766,1.3273
dentin,KNa5Ca2(P3O10)2,68.1,2.79,1.5494
dentin,K2Na12Ca4P12O41,70.77,2.806,1.6311
dentin,K2Na2Ca6P2O13,94.78,2.968,2.3688
dentin,K2NaCa3PO7,68.6,2.68,1.5426
dentin,K6Na2Ca6P2O15,69.48,2.648,1.5623
dentin,K4NaCa3PO8,71.33,2.619,1.611
dentin,K10Na2Ca6P2O17,73.46,2.647,1.679
dentin,K6NaCa3PO9,73.4,2.67,1.6817
dentin,KNa2Ca3PO7,94.09,2.949,2.3446
dentin,K4Na4Ca6P2O15,65.91,2.615,1.4508
dentin,K3Na2Ca3PO8,72.28,2.563,1.628
dentin,K8Na4Ca6P2O17,72.6,2.581,1.6406
dentin,K5Na2Ca3PO9,69.85,2.608,1.5653
dentin,K12Na4Ca6P2O19,74.76,2.627,1.7135
dentin,K2Na6Ca6P2O15,91.63,2.869,2.2568
dentin,K2Na3Ca3PO8,72.29,2.491,1.6141
dentin,K6Na6Ca6P2O17,71.52,2.526,1.5983
dentin,K4Na3Ca3PO9,70.38,2.56,1.5715
dentin,K10Na6Ca6P2O19,75.47,2.57,1.7229
dentin,K6Na3Ca3PO10,68.22,2.59,1.5137
dentin,KNa4Ca3PO8,87.1,2.823,2.1147
dentin,K4Na8Ca6P2O17,74.37,2.439,1.665
dentin,K3Na4Ca3PO9,71.48,2.501,1.5923
dentin,K8Na8Ca6P2O19,75.76,2.524,1.7226
dentin,K5Na4Ca3PO10,68.69,2.527,1.5152
dentin,K12Na8Ca6P2O21,62.83,2.551,1.3476
dentin,K2Na10Ca6P2O17,85.57,2.784,2.0619
dentin,K2Na5Ca3PO9,64.95,2.414,1.3832
dentin,K6Na10Ca6P2O19,77.08,2.47,1.7507
dentin,K4Na5Ca3PO10,68.4,2.492,1.4997
dentin,K10Na10Ca6P2O21,62.32,2.512,1.325
dentin,K6Na5Ca3PO11,62.79,2.514,1.3391
dentin,KNa6Ca3PO9,80.05,2.689,1.881
dentin,K4Na12Ca6P2O19,74.39,2.426,1.6629
dentin,K3Na6Ca3PO10,70.8,2.447,1.5614
dentin,K8Na12Ca6P2O21,62.99,2.461,1.3349
dentin,K5Na6Ca3PO11,62.32,2.488,1.3202
dentin,K12Na12Ca6P2O23,62.54,2.496,1.3284
dentin,KNaCa3P2O9,96.21,3.009,2.419
dentin,K4Na2Ca6P4O19,93.9,3.054,2.36
dentin,K3NaCa3(PO5)2,61.67,2.655,1.3341
dentin,K8Na2Ca6P4O21,59.5,2.614,1.2623
dentin,K5NaCa3P2O11,60.66,2.639,1.3014
dentin,K12Na2Ca6P4O23,63.07,2.627,1.3696
dentin,K2Na4Ca6P4O19,97.88,2.986,2.4636
dentin,KNa3Ca3(PO5)2,96.61,2.965,2.422
dentin,K2Na8Ca6P4O21,89.78,2.933,2.215
dentin,KNa5Ca3P2O11,88.38,2.911,2.1694
dentin,K2Na12Ca6P4O23,84.54,2.867,2.048
dentin,K2Na2Ca6P6O23,92.99,3.028,2.328
dentin,K2NaCa3(PO4)3,86.73,3.006,2.1396
dentin,K6Na2Ca6P6O25,78.81,3.039,1.9132
dentin,K4NaCa3P3O13,57.99,2.631,1.2212
dentin,K10Na2Ca6(P2O9)3,57.85,2.615,1.2139
dentin,K6NaCa3P3O14,56.01,2.612,1.1592
dentin,KNa2Ca3(PO4)3,93.34,3.006,2.3338
dentin,K2Na6Ca6P6O25,89.22,2.968,2.2052
dentin,KNa4Ca3P3O13,81.93,2.942,1.9858
dentin,K2Na10Ca6(P2O9)3,81.05,2.912,1.9542
dentin,KNa6Ca3P3O14,79.01,2.881,1.888
dentin,KNaCa3(P2O7)2,85.2,3.033,2.0997
dentin,K4Na2Ca6P8O29,78.37,3.068,1.9061
dentin,K3NaCa3P4O15,74.83,3.022,1.793
dentin,K8Na2Ca6P8O31,70.44,3.047,1.6686
dentin,K5NaCa3(PO4)4,53.56,2.647,1.094
dentin,K12Na2Ca6P8O33,56.71,2.596,1.1766
dentin,K2Na4Ca6P8O29,84.89,3.033,2.091
dentin,KNa3Ca3P4O15,82.91,2.983,2.0227
dentin,K2Na8Ca6P8O31,82.18,2.934,1.9917
dentin,KNa5Ca3(PO4)4,80.47,2.921,1.939
dentin,K2Na12Ca6P8O33,84.51,2.901,2.0539
dentin,K2Na2Ca6P10O33,80.24,2.824,1.9131
dentin,K2NaCa3P5O17,88.4,3.089,2.205
dentin,K6Na2Ca6(P2O7)5,89.04,3.132,2.2324
dentin,K4NaCa3P5O18,74.34,3.061,1.7861
dentin,K10Na2Ca6P10O37,69.02,3.042,1.626
dentin,K6NaCa3P5O19,55.68,2.633,1.1536
dentin,KNa2Ca3P5O17,81.34,2.917,1.9636
dentin,K2Na6Ca6(P2O7)5,89.45,3.022,2.2226
dentin,KNa4Ca3P5O18,84.6,2.959,2.0679
dentin,K2Na10Ca6P10O37,80.7,2.918,1.945
dentin,KNa6Ca3P5O19,80.67,2.875,1.9357
dentin,KNaCa3P6O19,76.08,2.763,1.7787
dentin,K4Na2Ca6(P4O13)3,83.02,2.989,2.0274
dentin,K3NaCa3(P3O10)2,84.41,3.082,2.0862
dentin,K8Na2Ca6P12O41,88.28,3.145,2.2123
dentin,K5NaCa3(P2O7)3,69.01,3.094,1.6357
dentin,K12Na2Ca6P12O43,67.77,3.102,1.6009
dentin,K2Na4Ca6(P4O13)3,73.87,2.765,1.7142
dentin,KNa3Ca3(P3O10)2,72.13,2.821,1.6742
dentin,K2Na8Ca6P12O41,77.85,2.851,1.8481
dentin,KNa5Ca3(P2O7)3,74.48,2.878,1.7543
dentin,K2Na12Ca6P12O43,84.74,2.946,2.0692
dentin,K2Na2Ca8P2O15,104.21,2.998,2.652
dentin,K2NaCa4PO8,68.95,2.702,1.5572
dentin,K6Na2Ca8P2O17,69.91,2.681,1.5814
dentin,K4NaCa4PO9,70.38,2.639,1.587
dentin,K10Na2Ca8P2O19,77.4,2.662,1.7979
dentin,K6NaCa4PO10,80.69,2.682,1.8985
dentin,KNa2Ca4PO8,101.69,2.975,2.5734
dentin,K4Na4Ca8P2O17,66.9,2.619,1.4809
dentin,K3Na2Ca4PO9,69.99,2.591,1.5661
dentin,K8Na4Ca8P2O19,77.59,2.611,1.7932
dentin,K5Na2Ca4PO10,80.16,2.619,1.8706
dentin,K12Na4Ca8P2O21,80.16,2.642,1.875
dentin,K2Na6Ca8P2O17,95.02,2.902,2.363
dentin,K2Na3Ca4PO9,71.02,2.517,1.5819
dentin,K6Na6Ca8P2O19,80.58,2.563,1.8719
dentin,K4Na3Ca4PO10,81.23,2.58,1.8943
dentin,K10Na6Ca8P2O21,80.36,2.588,1.8702
dentin,K6Na3Ca4PO11,75.46,2.612,1.731
dentin,KNa4Ca4PO9,85.78,2.852,2.0816
dentin,K4Na8Ca8P2O19,76.29,2.476,1.7286
dentin,K3Na4Ca4PO10,82.6,2.529,1.9246
dentin,K8Na8Ca8P2O21,81.23,2.543,1.8871
dentin,K5Na4Ca4PO11,75.21,2.568,1.7151
dentin,K12Na8Ca8P2O23,76.25,2.577,1.7475
dentin,K2Na10Ca8P2O19,91.98,2.814,2.2562
dentin,K2Na5Ca4PO10,84.42,2.48,1.9685
dentin,K6Na10Ca8P2O21,82.8,2.497,1.9242
dentin,K4Na5Ca4PO11,75.93,2.513,1.7256
dentin,K10Na10Ca8P2O23,75.21,2.539,1.7094
dentin,K6Na5Ca4PO12,68.69,2.539,1.5175
dentin,KNa6Ca4PO10,80.74,2.732,1.9099
dentin,K4Na12Ca8P2O21,79.17,2.468,1.8119
dentin,K3Na6Ca4PO11,78.6,2.469,1.7951
dentin,K8Na12Ca8P2O23,75.93,2.487,1.7203
dentin,K5Na6Ca4PO12,68.48,2.515,1.5069
dentin,K12Na12Ca8P2O25,67.75,2.525,1.4872
dentin,KNaCa4(PO5)2,103.13,3.047,2.6298
dentin,K4Na2Ca8P4O21,96.09,3.007,2.4148
dentin,K3NaCa4P2O11,61.86,2.665,1.3415
dentin,K8Na2Ca8P4O23,63.75,2.65,1.3941
dentin,K5NaCa4(PO6)2,65.75,2.653,1.4535
dentin,K12Na2Ca8P4O25,64.69,2.65,1.4216
dentin,K2Na4Ca8P4O21,99.46,3.018,2.5162
dentin,KNa3Ca4P2O11,97.79,2.987,2.4612
dentin,K2Na8Ca8P4O23,97.42,2.971,2.4469
dentin,KNa5Ca4(PO6)2,96.04,2.937,2.3999
dentin,K2Na12Ca8P4O25,95.06,2.905,2.3647
dentin,K2Na2Ca8P6O25,91.32,2.992,2.2717
dentin,K2NaCa4P3O13,96.07,3.037,2.4204
dentin,K6Na2Ca8(P2O9)3,91.74,3.045,2.2946
dentin,K4NaCa4P3O14,63.78,2.645,1.3942
dentin,K10Na2Ca8P6O29,61.11,2.652,1.317
dentin,K6NaCa4(PO5)3,58.38,2.623,1.231
dentin,KNa2Ca4P3O13,93.93,2.992,2.3487
dentin,K2Na6Ca8(P2O9)3,92.76,2.969,2.3098
dentin,KNa4Ca4P3O14,89.77,2.955,2.2189
dentin,K2Na10Ca8P6O29,87.81,2.93,2.1564
dentin,KNa6Ca4(PO5)3,88.8,2.914,2.1823
dentin,KNaCa4P4O15,91.08,3.049,2.2761
dentin,K4Na2Ca8P8O31,82.86,3.016,2.0277
dentin,K3NaCa4(PO4)4,86.5,3.028,2.1372
dentin,K8Na2Ca8P8O33,77.58,3.065,1.8823
dentin,K5NaCa4P4O17,57.71,2.644,1.2154
dentin,K12Na2Ca8P8O35,58.58,2.624,1.2368
dentin,K2Na4Ca8P8O31,92.71,3.03,2.3201
dentin,KNa3Ca4(PO4)4,94.58,3.003,2.3697
dentin,K2Na8Ca8P8O33,91.01,2.972,2.2588
dentin,KNa5Ca4P4O17,85.49,2.948,2.092
dentin,K2Na12Ca8P8O35,86.12,2.934,2.1074
dentin,K2Na2Ca8(P2O7)5,85.3,3.026,2.1015
dentin,K2NaCa4P5O18,81.74,3.087,2.0087
dentin,K6Na2Ca8P10O37,74.66,3.019,1.7873
dentin,K4NaCa4P5O19,75.41,3.016,1.8087
dentin,K10Na2Ca8P10O39,79.82,3.06,1.9471
dentin,K6NaCa4(PO4)5,59.84,2.655,1.2803
dentin,KNa2Ca4P5O18,90.81,3.052,2.2685
dentin,K2Na6Ca8P10O37,84.16,2.993,2.0615
dentin,KNa4Ca4P5O19,85.99,2.981,2.1129
dentin,K2Na10Ca8P10O39,92.47,2.94,2.2954
dentin,KNa6Ca4(PO4)5,91.15,2.927,2.2541
dentin,KNaCa4(P3O10)2,80.03,2.82,1.9062
dentin,K4Na2Ca8P12O41,83.28,3.056,2.0481
dentin,K3NaCa4(P2O7)3,87.71,3.12,2.1907
dentin,K8Na2Ca8P12O43,79.13,3.09,1.9327
dentin,K5NaCa4(P3O11)2,74.12,3.023,1.7724
dentin,K12Na2Ca8(P4O15)3,69.48,3.045,1.6403
dentin,K2Na4Ca8P12O41,74.59,2.851,1.7523
dentin,KNa3Ca4(P2O7)3,80.82,2.928,1.9506
dentin,K2Na8Ca8P12O43,89.45,3.007,2.2198
dentin,KNa5Ca4(P3O11)2,82.4,2.94,1.9992
dentin,K2Na12Ca8(P4O15)3,80.38,2.909,1.9337
dentin,K2Na2Ca10P2O17,104.17,3.027,2.6567
dentin,K2NaCa5PO9,69.96,2.699,1.5862
dentin,K6Na2Ca10P2O19,74.84,2.701,1.7302
dentin,K4NaCa5PO10,77.25,2.659,1.7928
dentin,K10Na2Ca10P2O21,75.87,2.67,1.7545
dentin,K6NaCa5PO11,80.31,2.693,1.8893
dentin,KNa2Ca5PO9,79.69,2.932,1.9182
dentin,K4Na4Ca10P2O19,72.91,2.648,1.6631
dentin,K3Na2Ca5PO10,76.66,2.615,1.767
dentin,K8Na4Ca10P2O21,77.02,2.634,1.7812
dentin,K5Na2Ca5PO11,78.41,2.637,1.8228
dentin,K12Na4Ca10P2O23,79.78,2.649,1.8651
dentin,K2Na6Ca10P2O19,95.05,2.917,2.3667
dentin,K2Na3Ca5PO10,77.78,2.549,1.787
dentin,K6Na6Ca10P2O21,79.06,2.579,1.8302
dentin,K4Na3Ca5PO11,80.84,2.596,1.8861
dentin,K10Na6Ca10P2O23,79.97,2.607,1.8625
dentin,K6Na3Ca5PO12,81.17,2.614,1.8992
dentin,KNa4Ca5PO10,93.49,2.88,2.3138
dentin,K4Na8Ca10P2O21,78.41,2.513,1.7982
dentin,K3Na4Ca5PO11,82.21,2.548,1.9167
dentin,K8Na8Ca10P2O23,80.84,2.563,1.8795
dentin,K5Na4Ca5PO12,81.23,2.587,1.8957
dentin,K12Na8Ca10P2O25,76.25,2.58,1.7479
dentin,K2Na10Ca10P2O21,91.85,2.837,2.257
dentin,K2Na5Ca5PO11,79.6,2.52,1.8348
dentin,K6Na10Ca10P2O23,82.51,2.518,1.9198
dentin,K4Na5Ca5PO12,81.23,2.532,1.8849
dentin,K10Na10Ca10P2O25,75.21,2.556,1.7126
dentin,K6Na5Ca5PO13,75.21,2.565,1.7144
dentin,KNa6Ca5PO11,81.92,2.767,1.9514
dentin,K4Na12Ca10P2O23,84.79,2.58,1.9992
dentin,K3Na6Ca5PO12,82.8,2.492,1.9233
dentin,K8Na12Ca10P2O25,75.05,2.514,1.6997
dentin,K5Na6Ca5PO13,75.21,2.525,1.7067
dentin,K12Na12Ca10P2O27,75.21,2.541,1.7098
dentin,KNaCa5P2O11,106.86,3.007,2.7317
dentin,K4Na2Ca10P4O23,101.66,3.021,2.5815
dentin,K3NaCa5(PO6)2,65.56,2.69,1.4553
dentin,K8Na2Ca10P4O25,63.2,2.694,1.3865
dentin,K5NaCa5P2O13,62.52,2.668,1.3617
dentin,K12Na2Ca10P4O27,63.96,2.666,1.4035
dentin,K2Na4Ca10P4O23,101.74,3.02,2.5834
dentin,KNa3Ca5(PO6)2,99.73,2.99,2.5187
dentin,K2Na8Ca10P4O25,97.42,2.973,2.4474
dentin,KNa5Ca5P2O13,94.79,2.945,2.3646
dentin,K2Na12Ca10P4O27,95.38,2.927,2.3784
dentin,K2Na2Ca10(P2O9)3,94.32,3.031,2.3675
dentin,K2NaCa5P3O14,99.89,3.055,2.536
dentin,K6Na2Ca10P6O29,95.87,3.022,2.4114
dentin,K4NaCa5(PO5)3,63.56,2.671,1.3928
dentin,K10Na2Ca10P6O31,63.19,2.707,1.3888
dentin,K6NaCa5P3O16,61.85,2.641,1.3366
dentin,KNa2Ca5P3O14,94.53,3.001,2.3679
dentin,K2Na6Ca10P6O29,96.84,2.987,2.4331
dentin,KNa4Ca5(PO5)3,94.12,2.974,2.3507
dentin,K2Na10Ca10P6O31,89.45,2.949,2.2084
dentin,KNa6Ca5P3O16,89.96,2.932,2.2199
dentin,KNaCa5(PO4)4,93.81,3.029,2.3524
dentin,K4Na2Ca10P8O33,90.74,3.016,2.2594
dentin,K3NaCa5P4O17,96.49,3.044,2.4342
dentin,K8Na2Ca10P8O35,89.93,3.071,2.2462
dentin,K5NaCa5(P2O9)2,62.15,2.637,1.3447
dentin,K12Na2Ca10P8O37,62.01,2.694,1.3517
dentin,K2Na4Ca10P8O33,92.52,3.005,2.3096
dentin,KNa3Ca5P4O17,93.3,2.975,2.3267
dentin,K2Na8Ca10P8O35,93.36,2.976,2.3288
dentin,KNa5Ca5(P2O9)2,87.85,2.95,2.1615
dentin,K2Na12Ca10P8O37,89.13,2.922,2.1938
dentin,K2Na2Ca10P10O37,91.35,3.013,2.2767
dentin,K2NaCa5P5O19,84.9,3.02,2.0886
dentin,K6Na2Ca10P10O39,85.72,3.029,2.1144
dentin,K4NaCa5(PO4)5,86.5,3.036,2.1388
dentin,K10Na2Ca10P10O41,77.58,3.069,1.883
dentin,K6NaCa5P5O21,62.04,2.682,1.3502
dentin,KNa2Ca5P5O19,91.8,3.03,2.2934
dentin,K2Na6Ca10P10O39,97.5,3.033,2.4614
dentin,KNa4Ca5(PO4)5,96.07,3.003,2.4137
dentin,K2Na10Ca10P10O41,91.01,2.971,2.2587
dentin,KNa6Ca5P5O21,90.57,2.956,2.2426
dentin,KNaCa5(P2O7)3,75.77,2.916,1.7996
dentin,K4Na2Ca10P12O43,85.98,3.097,2.1354
dentin,K3NaCa5(P3O11)2,74.21,3.029,1.7761
dentin,K8Na2Ca10(P4O15)3,86.04,3.016,2.1212
dentin,K5NaCa5P6O23,86.01,3.019,2.121
dentin,K12Na2Ca10P12O47,80.05,3.061,1.9541
dentin,K2Na4Ca10P12O43,81.36,2.983,1.9773
dentin,KNa3Ca5(P3O11)2,84.47,3.0,2.0718
dentin,K2Na8Ca10(P4O15)3,97.59,2.98,2.4539
dentin,KNa5Ca5P6O23,97.61,2.971,2.4525
dentin,K2Na12Ca10P12O47,92.74,2.937,2.3027
dentin,K2Na2Ca12P2O19,92.72,3.017,2.3177
dentin,K2NaCa6PO10,77.35,2.707,1.8051
dentin,K6Na2Ca12P2O21,70.39,2.716,1.6023
dentin,K4NaCa6PO11,77.33,2.682,1.7997
dentin,K10Na2Ca12P2O23,77.29,2.679,1.7979
dentin,K6NaCa6PO12,72.31,2.696,1.655
dentin,KNa2Ca6PO10,91.37,2.947,2.2645
dentin,K4Na4Ca12P2O21,73.96,2.669,1.6981
dentin,K3Na2Ca6PO11,79.53,2.634,1.855
dentin,K8Na4Ca12P2O23,77.93,2.646,1.8101
dentin,K5Na2Ca6PO12,77.89,2.65,1.8101
dentin,K12Na4Ca12P2O25,79.58,2.654,1.8604
dentin,K2Na6Ca12P2O21,95.05,2.942,2.3715
dentin,K2Na3Ca6PO11,81.33,2.586,1.8984
dentin,K6Na6Ca12P2O23,79.99,2.594,1.8605
dentin,K4Na3Ca6PO12,79.31,2.614,1.8447
dentin,K10Na6Ca12P2O25,80.45,2.63,1.8811
dentin,K6Na3Ca6PO13,80.32,2.621,1.8758
dentin,KNa4Ca6PO11,83.04,2.892,2.0088
dentin,K4Na8Ca12P2O23,83.05,2.569,1.9459
dentin,K3Na4Ca6PO12,80.79,2.573,1.8802
dentin,K8Na8Ca12P2O25,81.2,2.577,1.8929
dentin,K5Na4Ca6PO13,80.84,2.599,1.8866
dentin,K12Na8Ca12P2O27,80.36,2.611,1.8747
dentin,K2Na10Ca12P2O23,81.15,2.861,1.9472
dentin,K2Na5Ca6PO12,83.33,2.632,1.9661
dentin,K6Na10Ca12P2O25,82.88,2.537,1.9343
dentin,K4Na5Ca6PO13,78.79,2.559,1.8185
dentin,K10Na10Ca12P2O27,80.36,2.562,1.8651
dentin,K6Na5Ca6PO14,75.21,2.581,1.7176
dentin,KNa6Ca6PO12,81.08,2.812,1.9355
dentin,K4Na12Ca12P2O25,83.4,2.67,1.9759
dentin,K3Na6Ca6PO13,79.47,2.507,1.8283
dentin,K8Na12Ca12P2O27,79.8,2.532,1.843
dentin,K5Na6Ca6PO14,75.21,2.54,1.7096
dentin,K12Na12Ca12P2O29,75.21,2.559,1.7133
dentin,KNaCa6(PO6)2,104.35,3.016,2.6598
dentin,K4Na2Ca12P4O25,100.34,3.03,2.5444
dentin,K3NaCa6P2O13,64.29,2.694,1.4185
dentin,K8Na2Ca12P4O27,68.6,2.709,1.5483
dentin,K5NaCa6(PO7)2,62.88,2.69,1.3764
dentin,K12Na2Ca12P4O29,69.51,2.679,1.5692
dentin,K2Na4Ca12P4O25,103.61,3.029,2.6403
dentin,KNa3Ca6P2O13,99.9,2.996,2.5248
dentin,K2Na8Ca12P4O27,99.31,2.98,2.5044
dentin,KNa5Ca6(PO7)2,96.46,2.941,2.4129
dentin,K2Na12Ca12P4O29,97.55,2.942,2.4451
dentin,K2Na2Ca12P6O29,99.35,3.048,2.5188
dentin,K2NaCa6(PO5)3,104.34,3.011,2.6583
dentin,K6Na2Ca12P6O31,103.02,3.024,2.622
dentin,K4NaCa6P3O16,61.49,2.687,1.3351
dentin,K10Na2Ca12(P2O11)3,63.32,2.718,1.3949
dentin,K6NaCa6P3O17,62.55,2.651,1.3591
dentin,KNa2Ca6(PO5)3,100.33,3.021,2.5425
dentin,K2Na6Ca12P6O31,99.84,2.996,2.5229
dentin,KNa4Ca6P3O16,97.85,2.982,2.4619
dentin,K2Na10Ca12(P2O11)3,96.99,2.983,2.4367
dentin,KNa6Ca6P3O17,93.4,2.944,2.3237
dentin,KNaCa6P4O17,94.89,3.029,2.384
dentin,K4Na2Ca12P8O35,95.97,3.022,2.4145
dentin,K3NaCa6(P2O9)2,97.71,3.059,2.4728
dentin,K8Na2Ca12P8O37,94.24,3.005,2.3603
dentin,K5NaCa6P4O19,65.85,2.686,1.463
dentin,K12Na2Ca12P8O39,62.21,2.707,1.3601
dentin,K2Na4Ca12P8O35,93.27,2.999,2.3305
dentin,KNa3Ca6(P2O9)2,93.45,2.995,2.335
dentin,K2Na8Ca12P8O37,94.7,2.969,2.3666
dentin,KNa5Ca6P4O19,94.46,2.956,2.3571
dentin,K2Na12Ca12P8O39,90.22,2.942,2.2298
dentin,K2Na2Ca12P10O39,99.75,3.044,2.5301
dentin,K2NaCa6(PO4)5,90.01,3.017,2.2382
dentin,K6Na2Ca12P10O41,92.6,3.017,2.3143
dentin,K4NaCa6P5O21,97.21,3.061,2.4584
dentin,K10Na2Ca12P10O43,87.72,3.07,2.1812
dentin,K6NaCa6P5O22,63.46,2.674,1.3904
dentin,KNa2Ca6(PO4)5,100.57,3.049,2.5548
dentin,K2Na6Ca12P10O41,99.37,3.02,2.514
dentin,KNa4Ca6P5O21,101.54,3.014,2.5768
dentin,K2Na10Ca12P10O43,97.11,2.997,2.443
dentin,KNa6Ca6P5O22,96.01,2.968,2.4049
dentin,KNaCa6(P3O11)2,86.56,2.979,2.1291
dentin,K4Na2Ca12(P4O15)3,90.17,3.033,2.2461
dentin,K3NaCa6P6O23,84.9,3.015,2.0874
dentin,K8Na2Ca12P12O47,86.62,3.028,2.1409
dentin,K5NaCa6(PO4)6,86.54,3.04,2.1409
dentin,K12Na2Ca12P12O49,76.97,3.072,1.8656
dentin,K2Na4Ca12(P4O15)3,91.87,3.035,2.2964
dentin,KNa3Ca6P6O23,93.6,3.015,2.3432
dentin,K2Na8Ca12P12O47,98.75,3.016,2.4949
dentin,KNa5Ca6(PO4)6,96.07,2.998,2.4128
dentin,K2Na12Ca12P12O49,90.39,2.972,2.2404
dentin,Na2Ca2Al2P2O11,105.39,2.931,2.6737
dentin,NaCaAl2PO7,141.42,2.963,3.7392
dentin,Na2Ca2Al6P2O17,137.23,2.909,3.6054
dentin,NaCaAl4PO10,153.32,2.93,4.0825
dentin,Na2Ca2Al10P2O23,147.4,2.935,3.9094
dentin,NaCaAl6PO13,136.75,2.911,3.5916
dentin,Na2CaAlPO6,93.9,2.866,2.3231
dentin,Na4Ca2Al4P2O15,143.83,2.952,3.8075
dentin,Na2CaAl3PO9,147.28,2.953,3.9093
dentin,Na4Ca2Al8P2O21,147.89,2.928,3.9225
dentin,Na2CaAl5PO12,141.4,2.956,3.7371
dentin,Na4Ca2Al12P2O27,140.34,2.943,3.7034
dentin,Na6Ca2Al2P2O13,92.91,2.849,2.2905
dentin,Na3CaAl2PO8,96.92,2.881,2.4146
dentin,Na6Ca2Al6P2O19,125.26,2.916,3.2546
dentin,Na3CaAl4PO11,140.67,2.894,3.7034
dentin,Na6Ca2Al10P2O25,130.46,2.869,3.3985
dentin,Na3CaAl6PO14,141.39,2.919,3.7294
dentin,Na4CaAlPO7,87.53,2.802,2.1232
dentin,Na8Ca2Al4P2O17,92.87,2.798,2.2792
dentin,Na4CaAl3PO10,96.19,2.853,2.3878
dentin,Na8Ca2Al8P2O23,123.13,2.9,3.1891
dentin,Na4CaAl5PO13,121.08,2.884,3.1256
dentin,Na8Ca2Al12P2O29,121.8,2.834,3.1368
dentin,Na10Ca2Al2P2O15,84.9,2.77,2.0396
dentin,Na5CaAl2PO9,88.36,2.796,2.1462
dentin,Na10Ca2Al6P2O21,94.64,2.83,2.3375
dentin,Na5CaAl4PO12,94.9,2.822,2.3438
dentin,Na10Ca2Al10P2O27,120.86,2.896,3.1213
dentin,Na5CaAl6PO15,123.81,2.89,3.2071
dentin,Na6CaAlPO8,82.47,2.745,1.9631
dentin,Na12Ca2Al4P2O19,84.66,2.756,2.0298
dentin,Na6CaAl3PO11,91.06,2.767,2.2199
dentin,Na12Ca2Al8P2O25,94.2,2.81,2.3208
dentin,Na6CaAl5PO14,94.2,2.819,2.3225
dentin,Na12Ca2Al12P2O31,120.98,2.883,3.1222
dentin,NaCaAl(PO4)2,84.63,2.736,2.0249
dentin,Na2Ca2Al4P4O19,103.71,2.848,2.6079
dentin,NaCaAl3P2O11,100.79,2.81,2.5145
dentin,Na2Ca2Al8P4O25,104.61,2.829,2.6303
dentin,NaCaAl5(PO7)2,102.99,2.811,2.5794
dentin,Na2Ca2Al12P4O31,100.31,2.806,2.4998
dentin,Na4Ca2Al2P4O17,95.11,2.856,2.3565
dentin,Na2CaAl2(PO5)2,126.48,2.906,3.2886
dentin,Na4Ca2Al6P4O23,132.05,2.935,3.4582
dentin,Na2CaAl4P2O13,130.75,2.893,3.4116
dentin,Na4Ca2Al10P4O29,133.93,2.898,3.506
dentin,Na2CaAl6(PO8)2,133.7,2.874,3.4945
dentin,Na3CaAlP2O9,85.32,2.821,2.0618
dentin,Na6Ca2Al4P4O21,97.56,2.85,2.4272
dentin,Na3CaAl3(PO6)2,113.9,2.856,2.9091
dentin,Na6Ca2Al8P4O27,133.69,2.873,3.4942
dentin,Na3CaAl5P2O15,109.56,2.831,2.7764
dentin,Na6Ca2Al12P4O33,106.3,2.82,2.6786
dentin,Na8Ca2Al2P4O19,77.86,2.777,1.8338
dentin,Na4CaAl2P2O11,97.64,2.785,2.4171
dentin,Na8Ca2Al6P4O25,105.4,2.815,2.651
dentin,Na4CaAl4(PO7)2,108.36,2.843,2.7437
dentin,Na8Ca2Al10P4O31,103.99,2.822,2.6109
dentin,Na4CaAl6P2O17,106.85,2.791,2.6888
dentin,Na5CaAl(PO5)2,83.63,2.778,2.0039
dentin,Na10Ca2Al4P4O23,97.4,2.812,2.4152
dentin,Na5CaAl3P2O13,96.33,2.796,2.3806
dentin,Na10Ca2Al8P4O29,111.5,2.838,2.8349
dentin,Na5CaAl5(PO8)2,108.39,2.841,2.744
dentin,Na10Ca2Al12P4O35,109.12,2.849,2.7671
dentin,Na12Ca2Al2P4O21,88.07,2.794,2.1373
dentin,Na6CaAl2(PO6)2,88.31,2.782,2.1422
dentin,Na12Ca2Al6P4O27,96.25,2.831,2.3853
dentin,Na6CaAl4P2O15,105.06,2.836,2.645
dentin,Na12Ca2Al10P4O33,122.43,2.887,3.1658
dentin,Na6CaAl6(PO9)2,125.3,2.888,3.2505
dentin,Na2Ca2Al2(P2O7)3,84.23,2.692,2.0044
dentin,NaCaAl2(PO4)3,97.59,2.682,2.3953
dentin,Na2Ca2Al6(P2O9)3,99.52,2.645,2.4448
dentin,NaCaAl4(PO5)3,101.28,2.64,2.4955
dentin,Na2Ca2Al10(P2O11)3,96.98,2.76,2.3928
dentin,NaCaAl6(PO6)3,95.42,2.755,2.3458
dentin,Na2CaAlP3O11,74.43,2.693,1.7166
dentin,Na4Ca2Al4P6O25,94.57,2.741,2.3179
dentin,Na2CaAl3P3O14,100.98,2.795,2.5171
dentin,Na4Ca2Al8P6O31,100.98,2.802,2.5184
dentin,Na2CaAl5P3O17,98.83,2.797,2.4545
dentin,Na4Ca2Al12P6O37,110.39,2.819,2.7985
dentin,Na6Ca2Al2P6O23,69.73,2.716,1.583
dentin,Na3CaAl2P3O13,98.76,2.804,2.4537
dentin,Na6Ca2Al6P6O29,123.17,2.874,3.1852
dentin,Na3CaAl4P3O16,126.56,2.913,3.2924
dentin,Na6Ca2Al10P6O35,124.18,2.859,3.212
dentin,Na3CaAl6P3O19,122.4,2.866,3.1607
dentin,Na4CaAl(PO4)3,79.68,2.76,1.8839
dentin,Na8Ca2Al4(P2O9)3,96.06,2.819,2.3772
dentin,Na4CaAl3(PO5)3,103.32,2.836,2.594
dentin,Na8Ca2Al8(P2O11)3,112.61,2.845,2.8691
dentin,Na4CaAl5(PO6)3,128.71,2.906,3.3541
dentin,Na8Ca2Al12(P2O13)3,108.59,2.834,2.7487
dentin,Na10Ca2Al2P6O25,88.7,2.793,2.1558
dentin,Na5CaAl2P3O14,96.1,2.783,2.3713
dentin,Na10Ca2Al6P6O31,97.65,2.811,2.4224
dentin,Na5CaAl4P3O17,106.87,2.822,2.6958
dentin,Na10Ca2Al10P6O37,107.02,2.834,2.7026
dentin,Na5CaAl6P3O20,133.79,2.882,3.4988
dentin,Na6CaAlP3O13,81.21,2.776,1.9321
dentin,Na12Ca2Al4P6O29,97.01,2.774,2.3962
dentin,Na6CaAl3P3O16,101.5,2.779,2.5293
dentin,Na12Ca2Al8P6O35,97.96,2.775,2.4243
dentin,Na6CaAl5P3O19,108.11,2.816,2.7311
dentin,Na12Ca2Al12P6O41,106.08,2.83,2.6739
dentin,NaCaAlP4O13,73.85,2.66,1.693
dentin,Na2Ca2Al4P8O29,98.38,2.654,2.413
dentin,NaCaAl3(PO4)4,93.77,2.62,2.2708
dentin,Na2Ca2Al8P8O35,91.77,2.615,2.2112
dentin,NaCaAl5P4O19,97.33,2.634,2.3782
dentin,Na2Ca2Al12P8O41,98.4,2.629,2.4086
dentin,Na4Ca2Al2P8O27,82.82,2.679,1.9605
dentin,Na2CaAl2P4O15,91.74,2.698,2.2263
dentin,Na4Ca2Al6P8O33,99.49,2.674,2.4495
dentin,Na2CaAl4(P2O9)2,98.86,2.645,2.4253
dentin,Na4Ca2Al10P8O39,100.04,2.651,2.4613
dentin,Na2CaAl6P4O21,100.73,2.674,2.486
dentin,Na3CaAl(P2O7)2,73.8,2.673,1.6942
dentin,Na6Ca2Al4P8O31,85.5,2.707,2.0448
dentin,Na3CaAl3P4O17,97.29,2.746,2.3991
dentin,Na6Ca2Al8P8O37,99.47,2.724,2.4588
dentin,Na3CaAl5(PO5)4,99.54,2.756,2.4671
dentin,Na6Ca2Al12P8O43,99.51,2.772,2.4696
dentin,Na8Ca2Al2P8O29,71.16,2.672,1.6163
dentin,Na4CaAl2(PO4)4,91.48,2.694,2.2181
dentin,Na8Ca2Al6P8O35,98.21,2.767,2.4303
dentin,Na4CaAl4P4O19,119.19,2.873,3.068
dentin,Na8Ca2Al10P8O41,122.54,2.877,3.1673
dentin,Na4CaAl6(P2O11)2,105.75,2.831,2.6645
dentin,Na5CaAlP4O15,71.8,2.67,1.6349
dentin,Na10Ca2Al4P8O33,87.17,2.767,2.1058
dentin,Na5CaAl3(P2O9)2,93.01,2.766,2.2771
dentin,Na10Ca2Al8P8O39,100.08,2.805,2.4928
dentin,Na5CaAl5P4O21,122.78,2.892,3.1773
dentin,Na10Ca2Al12P8O45,123.12,2.89,3.1867
dentin,Na12Ca2Al2P8O31,80.42,2.763,1.9065
dentin,Na6CaAl2P4O17,78.01,2.762,1.8354
dentin,Na12Ca2Al6P8O37,94.78,2.814,2.3388
dentin,Na6CaAl4(PO5)4,106.03,2.836,2.6738
dentin,Na12Ca2Al10P8O43,105.65,2.832,2.6618
dentin,Na6CaAl6P4O23,131.75,2.881,3.4386
dentin,Na2Ca2Al2P10O31,77.32,2.639,1.791
dentin,NaCaAl2P5O17,85.92,2.619,2.04
dentin,Na2Ca2Al6P10O37,103.36,2.602,2.5492
dentin,NaCaAl4(PO4)5,103.66,2.594,2.5565
dentin,Na2Ca2Al10P10O43,91.99,2.586,2.2117
dentin,NaCaAl6P5O23,94.42,2.611,2.2881
dentin,Na2CaAlP5O16,74.54,2.648,1.711
dentin,Na4Ca2Al4(P2O7)5,85.52,2.656,2.0353
dentin,Na2CaAl3P5O19,94.99,2.633,2.3091
dentin,Na4Ca2Al8P10O41,93.07,2.61,2.2483
dentin,Na2CaAl5P5O22,96.55,2.607,2.3501
dentin,Na4Ca2Al12P10O47,97.8,2.605,2.3865
dentin,Na6Ca2Al2P10O33,80.07,2.655,1.8749
dentin,Na3CaAl2P5O18,84.55,2.672,2.01
dentin,Na6Ca2Al6P10O39,94.16,2.695,2.2972
dentin,Na3CaAl4P5O21,98.04,2.667,2.4056
dentin,Na6Ca2Al10(P2O9)5,97.95,2.632,2.3961
dentin,Na3CaAl6P5O24,97.67,2.63,2.3873
dentin,Na4CaAlP5O17,68.77,2.676,1.547
dentin,Na8Ca2Al4P10O37,75.97,2.656,1.7547
dentin,Na4CaAl3(PO4)5,94.85,2.703,2.3188
dentin,Na8Ca2Al8P10O43,97.29,2.724,2.3949
dentin,Na4CaAl5P5O23,101.54,2.691,2.5133
dentin,Na8Ca2Al12P10O49,98.04,2.728,2.4177
dentin,Na10Ca2Al2(P2O7)5,62.89,2.66,1.371
dentin,Na5CaAl2P5O19,71.3,2.669,1.6197
dentin,Na10Ca2Al6P10O41,98.16,2.675,2.4107
dentin,Na5CaAl4P5O22,97.6,2.767,2.4123
dentin,Na10Ca2Al10P10O47,107.4,2.841,2.7151
dentin,Na5CaAl6(PO5)5,112.65,2.858,2.8724
dentin,Na6CaAlP5O18,64.39,2.662,1.4155
dentin,Na12Ca2Al4P10O39,70.97,2.67,1.6105
dentin,Na6CaAl3P5O21,86.46,2.74,2.0795
dentin,Na12Ca2Al8(P2O9)5,94.94,2.8,2.3405
dentin,Na6CaAl5P5O24,112.37,2.852,2.8632
dentin,Na12Ca2Al12P10O51,122.78,2.873,3.1735
dentin,NaCaAl(PO3)6,61.86,2.609,1.3305
dentin,Na2Ca2Al4(P4O13)3,79.31,2.608,1.8433
dentin,NaCaAl3(P2O7)3,91.9,2.57,2.2061
dentin,Na2Ca2Al8(P4O15)3,98.31,2.566,2.3936
dentin,NaCaAl5(PO4)6,102.87,2.56,2.5267
dentin,Na2Ca2Al12(P4O17)3,96.99,2.578,2.3571
dentin,Na4Ca2Al2P12O37,61.03,2.618,1.3079
dentin,Na2CaAl2(P3O10)2,71.61,2.638,1.6228
dentin,Na4Ca2Al6P12O43,92.69,2.63,2.2411
dentin,Na2CaAl4P6O23,98.8,2.599,2.4147
dentin,Na4Ca2Al10P12O49,90.88,2.599,2.1817
dentin,Na2CaAl6(P3O13)2,91.35,2.587,2.1932
dentin,Na3CaAlP6O19,71.68,2.641,1.6257
dentin,Na6Ca2Al4P12O41,83.75,2.679,1.9876
dentin,Na3CaAl3(P3O11)2,95.75,2.645,2.334
dentin,Na6Ca2Al8P12O47,96.11,2.637,2.343
dentin,Na3CaAl5P6O25,95.18,2.613,2.311
dentin,Na6Ca2Al12P12O53,97.65,2.611,2.3831
dentin,Na8Ca2Al2(P4O13)3,73.43,2.623,1.6734
dentin,Na4CaAl2(P2O7)3,74.6,2.657,1.7144
dentin,Na8Ca2Al6(P4O15)3,83.88,2.687,1.9931
dentin,Na4CaAl4(PO4)6,97.03,2.68,2.3785
dentin,Na8Ca2Al10(P4O17)3,98.05,2.67,2.4064
dentin,Na4CaAl6(P2O9)3,97.96,2.623,2.3946
dentin,Na5CaAl(P3O10)2,66.34,2.66,1.4724
dentin,Na10Ca2Al4P12O43,75.92,2.649,1.7517
dentin,Na5CaAl3P6O23,87.27,2.687,2.0929
dentin,Na10Ca2Al8P12O49,96.72,2.704,2.3741
dentin,Na5CaAl5(P3O13)2,97.89,2.713,2.4104
dentin,Na10Ca2Al12P12O55,101.54,2.683,2.5118
dentin,Na12Ca2Al2P12O41,62.3,2.656,1.3526
dentin,Na6CaAl2(P3O11)2,69.01,2.663,1.5512
dentin,Na12Ca2Al6P12O47,85.51,2.662,2.0361
dentin,Na6CaAl4P6O25,94.42,2.714,2.3084
dentin,Na12Ca2Al10P12O53,99.24,2.763,2.4598
dentin,Na6CaAl6(P3O14)2,107.4,2.846,2.7161
dentin,Na2Ca4Al2P2O13,109.4,3.015,2.8079
dentin,NaCa2Al2PO8,113.75,3.027,2.9381
dentin,Na2Ca4Al6P2O19,159.57,3.096,4.2987
dentin,NaCa2Al4PO11,140.77,2.988,3.7248
dentin,Na2Ca4Al10P2O25,158.27,3.053,4.252
dentin,NaCa2Al6PO14,156.06,3.051,4.1867
dentin,Na2Ca2AlPO7,97.1,2.949,2.4334
dentin,Na4Ca4Al4P2O17,99.49,2.946,2.503
dentin,Na2Ca2Al3PO10,111.37,2.962,2.8553
dentin,Na4Ca4Al8P2O23,147.07,3.012,3.9146
dentin,Na2Ca2Al5PO13,143.22,2.942,3.7878
dentin,Na4Ca4Al12P2O29,149.67,2.992,3.9874
dentin,Na6Ca4Al2P2O15,93.19,2.91,2.3108
dentin,Na3Ca2Al2PO9,97.92,2.917,2.4513
dentin,Na6Ca4Al6P2O21,101.11,2.928,2.5472
dentin,Na3Ca2Al4PO12,104.54,2.923,2.6469
dentin,Na6Ca4Al10P2O27,137.51,2.934,3.6185
dentin,Na3Ca2Al6PO15,110.18,2.875,2.8034
dentin,Na4Ca2AlPO8,89.35,2.889,2.1939
dentin,Na8Ca4Al4P2O19,92.43,2.89,2.2843
dentin,Na4Ca2Al3PO11,92.14,2.868,2.2716
dentin,Na8Ca4Al8P2O25,100.25,2.907,2.5176
dentin,Na4Ca2Al5PO14,121.83,2.923,3.1553
dentin,Na8Ca4Al12P2O31,127.08,2.918,3.3086
dentin,Na10Ca4Al2P2O17,86.18,2.837,2.0903
dentin,Na5Ca2Al2PO10,90.06,2.843,2.2056
dentin,Na10Ca4Al6P2O23,90.67,2.835,2.2218
dentin,Na5Ca2Al4PO13,94.97,2.893,2.3596
dentin,Na10Ca4Al10P2O29,97.85,2.868,2.4393
dentin,Na5Ca2Al6PO16,118.77,2.904,3.0614
dentin,Na6Ca2AlPO9,82.25,2.803,1.968
dentin,Na12Ca4Al4P2O21,87.56,2.803,2.124
dentin,Na6Ca2Al3PO12,90.1,2.844,2.207
dentin,Na12Ca4Al8P2O27,89.69,2.815,2.1893
dentin,Na6Ca2Al5PO15,96.07,2.874,2.3883
dentin,Na12Ca4Al12P2O33,96.36,2.853,2.3928
dentin,NaCa2AlP2O9,114.66,3.044,2.9682
dentin,Na2Ca4Al4P4O21,148.81,3.056,3.9746
dentin,NaCa2Al3(PO6)2,141.15,3.022,3.7426
dentin,Na2Ca4Al8P4O27,142.63,3.011,3.7841
dentin,NaCa2Al5P2O15,151.12,2.968,4.0253
dentin,Na2Ca4Al12P4O33,152.49,2.962,4.0641
dentin,Na4Ca4Al2P4O19,96.49,2.952,2.4159
dentin,Na3Ca2Al(PO5)2,99.96,2.885,2.5048
dentin,Na8Ca4Al2P4O21,95.65,2.902,2.3813
dentin,Na5Ca2AlP2O11,91.79,2.829,2.2535
dentin,Na12Ca4Al2P4O23,90.47,2.816,2.2123
dentin,Na2Ca4Al2P6O23,75.1,2.786,1.7546
dentin,NaCa2Al2P3O13,95.6,2.872,2.3742
dentin,Na2Ca4Al6P6O29,99.32,2.881,2.4851
dentin,NaCa2Al4P3O16,103.27,2.856,2.5966
dentin,Na2Ca4Al10P6O35,102.22,2.845,2.5635
dentin,NaCa2Al6P3O19,103.07,2.845,2.5882
dentin,Na2Ca2Al(PO4)3,82.57,2.902,1.9969
dentin,Na6Ca4Al2P6O25,84.51,2.887,2.0509
dentin,Na4Ca2AlP3O13,83.8,2.851,2.0233
dentin,Na10Ca4Al2(P2O9)3,93.8,2.836,2.3141
dentin,Na6Ca2AlP3O14,86.01,2.823,2.0825
dentin,NaCa2Al(P2O7)2,82.08,2.714,1.9456
dentin,Na2Ca4Al4P8O31,93.59,2.73,2.2873
dentin,NaCa2Al3P4O17,99.68,2.739,2.468
dentin,Na2Ca4Al8P8O37,96.7,2.702,2.3732
dentin,NaCa2Al5(PO5)4,98.71,2.749,2.4413
dentin,Na2Ca4Al12P8O43,98.06,2.772,2.427
dentin,Na4Ca4Al2P8O29,75.68,2.732,1.7609
dentin,Na3Ca2AlP4O15,76.74,2.768,1.7993
dentin,Na8Ca4Al2P8O31,81.41,2.823,1.9472
dentin,Na5Ca2Al(PO4)4,87.7,2.852,2.1379
dentin,Na12Ca4Al2P8O33,83.21,2.821,1.9997
dentin,Na2Ca4Al2P10O33,80.86,2.685,1.904
dentin,NaCa2Al2P5O18,87.04,2.712,2.0912
dentin,Na2Ca4Al6P10O39,96.29,2.691,2.3588
dentin,NaCa2Al4P5O21,96.53,2.651,2.358
dentin,Na2Ca4Al10(P2O9)5,97.58,2.656,2.3899
dentin,NaCa2Al6P5O24,98.19,2.661,2.4087
dentin,Na2Ca2AlP5O17,82.49,2.699,1.9548
dentin,Na6Ca4Al2(P2O7)5,70.74,2.709,1.6114
dentin,Na4Ca2AlP5O18,73.01,2.737,1.6836
dentin,Na10Ca4Al2P10O37,70.53,2.753,1.6138
dentin,Na6Ca2AlP5O19,77.18,2.796,1.8177
dentin,NaCa2AlP6O19,75.66,2.646,1.7437
dentin,Na2Ca4Al4P12O41,77.93,2.681,1.8172
dentin,NaCa2Al3(P3O11)2,97.63,2.676,2.3952
dentin,Na2Ca4Al8P12O47,99.9,2.651,2.4571
dentin,NaCa2Al5P6O25,94.03,2.637,2.2818
dentin,Na2Ca4Al12P12O53,95.95,2.634,2.3377
dentin,Na4Ca4Al2(P4O13)3,81.33,2.684,1.9176
dentin,Na3Ca2Al(P3O10)2,81.92,2.675,1.9334
dentin,Na8Ca4Al2P12O41,70.33,2.697,1.5969
dentin,Na5Ca2Al(P2O7)3,73.0,2.715,1.6789
dentin,Na12Ca4Al2P12O43,70.71,2.726,1.6137
dentin,Na2Ca6Al2P2O15,98.32,3.023,2.4838
dentin,NaCa3Al2PO9,103.78,3.045,2.6483
dentin,Na2Ca6Al6P2O21,113.28,3.073,2.9335
dentin,NaCa3Al4PO12,154.88,3.111,4.1638
dentin,Na2Ca6Al10P2O27,140.06,3.016,3.7096
dentin,NaCa3Al6PO15,137.84,2.992,3.6394
dentin,Na2Ca3AlPO8,96.73,2.982,2.429
dentin,Na4Ca6Al4P2O19,100.77,2.994,2.5501
dentin,Na2Ca3Al3PO11,102.56,2.994,2.6028
dentin,Na4Ca6Al8P2O25,111.04,3.002,2.8535
dentin,Na2Ca3Al5PO14,155.5,3.047,4.1694
dentin,Na4Ca6Al12P2O31,113.0,2.972,2.9054
dentin,Na6Ca6Al2P2O17,93.25,2.958,2.322
dentin,Na3Ca3Al2PO10,89.57,2.922,2.2066
dentin,Na6Ca6Al6P2O23,98.93,2.953,2.4879
dentin,Na3Ca3Al4PO13,107.96,2.979,2.7584
dentin,Na6Ca6Al10P2O29,109.27,2.96,2.7931
dentin,Na3Ca3Al6PO16,138.99,2.971,3.6691
dentin,Na4Ca3AlPO9,87.66,2.908,2.1478
dentin,Na8Ca6Al4P2O21,92.68,2.905,2.2947
dentin,Na4Ca3Al3PO12,93.21,2.932,2.3155
dentin,Na8Ca6Al8P2O27,94.62,2.907,2.3523
dentin,Na4Ca3Al5PO15,107.36,2.96,2.737
dentin,Na8Ca6Al12P2O33,103.97,2.94,2.6335
dentin,Na10Ca6Al2P2O19,89.56,2.866,2.1953
dentin,Na5Ca3Al2PO11,88.79,2.887,2.177
dentin,Na10Ca6Al6P2O25,92.37,2.882,2.2811
dentin,Na5Ca3Al4PO14,90.86,2.877,2.2358
dentin,Na10Ca6Al10P2O31,97.46,2.941,2.4424
dentin,Na5Ca3Al6PO17,99.86,2.918,2.5086
dentin,Na6Ca3AlPO10,88.09,2.818,2.1427
dentin,Na12Ca6Al4P2O23,88.4,2.842,2.1567
dentin,Na6Ca3Al3PO13,91.3,2.86,2.2453
dentin,Na12Ca6Al8P2O29,91.69,2.862,2.2572
dentin,Na6Ca3Al5PO16,90.84,2.854,2.2307
dentin,Na12Ca6Al12P2O35,98.08,2.916,2.4555
dentin,NaCa3Al(PO5)2,102.52,3.035,2.6097
dentin,Na2Ca6Al4P4O23,107.04,3.05,2.7454
dentin,NaCa3Al3P2O13,154.42,3.093,4.1467
dentin,Na2Ca6Al8P4O29,154.02,3.09,4.1346
dentin,NaCa3Al5(PO8)2,145.0,3.019,3.8554
dentin,Na2Ca6Al12P4O35,157.89,3.054,4.2411
dentin,Na4Ca6Al2P4O21,109.44,2.995,2.805
dentin,Na3Ca3AlP2O11,103.75,2.983,2.6355
dentin,Na8Ca6Al2P4O23,95.28,2.904,2.3709
dentin,Na5Ca3Al(PO6)2,91.36,2.886,2.2521
dentin,Na12Ca6Al2P4O25,91.59,2.886,2.2591
dentin,Na2Ca6Al2P6O25,93.08,3.021,2.3291
dentin,NaCa3Al2P3O14,133.08,3.015,3.5041
dentin,Na2Ca6Al6P6O31,139.2,3.025,3.686
dentin,NaCa3Al4P3O17,136.24,2.99,3.592
dentin,Na2Ca6Al10P6O37,138.28,2.971,3.6483
dentin,NaCa3Al6P3O20,138.81,2.963,3.6623
dentin,Na2Ca3AlP3O13,96.96,3.006,2.4405
dentin,Na6Ca6Al2(P2O9)3,94.51,2.927,2.353
dentin,Na4Ca3AlP3O14,101.5,2.909,2.5548
dentin,Na10Ca6Al2P6O29,94.16,2.9,2.3372
dentin,Na6Ca3Al(PO5)3,92.12,2.872,2.2718
dentin,NaCa3AlP4O15,75.77,2.819,1.7808
dentin,Na2Ca6Al4P8O33,91.54,2.894,2.2592
dentin,NaCa3Al3(P2O9)2,96.09,2.888,2.3917
dentin,Na2Ca6Al8P8O39,99.32,2.895,2.4878
dentin,NaCa3Al5P4O21,105.24,2.874,2.6578
dentin,Na2Ca6Al12P8O45,104.46,2.864,2.633
dentin,Na4Ca6Al2P8O31,82.68,2.931,2.0056
dentin,Na3Ca3Al(PO4)4,89.95,2.964,2.2262
dentin,Na8Ca6Al2P8O33,91.56,2.92,2.2647
dentin,Na5Ca3AlP4O17,90.99,2.866,2.2374
dentin,Na12Ca6Al2P8O35,95.47,2.863,2.3685
dentin,Na2Ca6Al2(P2O7)5,84.14,2.754,2.0141
dentin,NaCa3Al2P5O19,86.59,2.742,2.0839
dentin,Na2Ca6Al6P10O41,97.94,2.769,2.4228
dentin,NaCa3Al4P5O22,100.15,2.781,2.4901
dentin,Na2Ca6Al10P10O47,100.68,2.784,2.5062
dentin,NaCa3Al6(PO5)5,99.9,2.796,2.4857
dentin,Na2Ca3AlP5O18,75.43,2.775,1.7621
dentin,Na6Ca6Al2P10O37,76.7,2.806,1.8055
dentin,Na4Ca3AlP5O19,87.76,2.893,2.1478
dentin,Na10Ca6Al2P10O39,81.25,2.86,1.9499
dentin,Na6Ca3Al(PO4)5,90.03,2.883,2.2125
dentin,NaCa3Al(P3O10)2,81.11,2.702,1.9148
dentin,Na2Ca6Al4P12O43,81.86,2.721,1.9406
dentin,NaCa3Al3P6O23,96.79,2.722,2.3795
dentin,Na2Ca6Al8P12O49,96.11,2.713,2.358
dentin,NaCa3Al5(P3O13)2,97.76,2.691,2.4021
dentin,Na2Ca6Al12P12O55,99.39,2.662,2.4445
dentin,Na4Ca6Al2P12O41,82.67,2.727,1.9656
dentin,Na3Ca3Al(P2O7)3,74.6,2.742,1.7313
dentin,Na8Ca6Al2P12O43,75.2,2.762,1.7528
dentin,Na5Ca3Al(P3O11)2,79.66,2.791,1.8896
dentin,Na12Ca6Al2(P4O15)3,80.44,2.835,1.921
dentin,Na2Ca8Al2P2O17,99.92,3.063,2.5387
dentin,NaCa4Al2PO10,100.97,3.089,2.5746
dentin,Na2Ca8Al6P2O23,105.3,3.069,2.6979
dentin,NaCa4Al4PO13,146.23,3.109,3.9092
dentin,Na2Ca8Al10P2O29,153.52,3.121,4.1259
dentin,NaCa4Al6PO16,111.16,3.033,2.8632
dentin,Na2Ca4AlPO9,99.55,3.041,2.5233
dentin,Na4Ca8Al4P2O21,95.89,2.998,2.4073
dentin,Na2Ca4Al3PO12,101.02,3.025,2.5634
dentin,Na4Ca8Al8P2O27,104.09,3.004,2.6495
dentin,Na2Ca4Al5PO15,113.44,3.052,2.9339
dentin,Na4Ca8Al12P2O33,144.35,3.062,3.8448
dentin,Na6Ca8Al2P2O19,97.33,2.972,2.4444
dentin,Na3Ca4Al2PO11,96.34,2.974,2.416
dentin,Na6Ca8Al6P2O25,101.57,2.992,2.5732
dentin,Na3Ca4Al4PO14,102.5,2.98,2.598
dentin,Na6Ca8Al10P2O31,109.05,3.011,2.797
dentin,Na3Ca4Al6PO17,109.63,2.995,2.8107
dentin,Na4Ca4AlPO10,95.34,2.936,2.3791
dentin,Na8Ca8Al4P2O23,91.16,2.949,2.2587
dentin,Na4Ca4Al3PO13,89.17,2.921,2.1945
dentin,Na8Ca8Al8P2O29,96.16,2.948,2.4055
dentin,Na4Ca4Al5PO16,97.2,2.945,2.4355
dentin,Na8Ca8Al12P2O35,108.22,2.98,2.7663
dentin,Na10Ca8Al2P2O21,95.67,2.909,2.3834
dentin,Na5Ca4Al2PO12,91.21,2.915,2.2534
dentin,Na10Ca8Al6P2O27,91.42,2.908,2.2583
dentin,Na5Ca4Al4PO15,91.26,2.928,2.2575
dentin,Na10Ca8Al10P2O33,92.14,2.91,2.2798
dentin,Na5Ca4Al6PO18,107.11,2.965,2.7308
dentin,Na6Ca4AlPO11,93.33,2.87,2.3069
dentin,Na12Ca8Al4P2O25,92.77,2.879,2.2924
dentin,Na6Ca4Al3PO14,89.54,2.892,2.2
dentin,Na12Ca8Al8P2O31,92.37,2.892,2.2831
dentin,Na6Ca4Al5PO17,90.9,2.899,2.2412
dentin,Na12Ca8Al12P2O37,91.49,2.882,2.2553
dentin,NaCa4AlP2O11,102.86,3.069,2.6262
dentin,Na2Ca8Al4P4O25,104.94,3.058,2.6852
dentin,NaCa4Al3(PO7)2,109.2,3.069,2.8125
dentin,Na2Ca8Al8P4O31,151.83,3.104,4.0728
dentin,NaCa4Al5P2O17,156.32,3.123,4.2085
dentin,Na2Ca8Al12P4O37,147.79,3.038,3.941
dentin,Na4Ca8Al2P4O23,104.3,3.005,2.6561
dentin,Na3Ca4Al(PO6)2,101.64,2.974,2.5718
dentin,Na8Ca8Al2P4O25,91.11,2.947,2.2568
dentin,Na5Ca4AlP2O13,92.65,2.949,2.3024
dentin,Na12Ca8Al2P4O27,90.31,2.915,2.2268
dentin,Na2Ca8Al2(P2O9)3,107.0,3.109,2.7559
dentin,NaCa4Al2(PO5)3,144.73,3.111,3.8654
dentin,Na2Ca8Al6(P2O11)3,149.95,3.101,4.0169
dentin,NaCa4Al4(PO6)3,151.75,3.088,4.0671
dentin,Na2Ca8Al10(P2O13)3,153.18,3.088,4.1092
dentin,NaCa4Al6(PO7)3,156.97,3.033,4.2101
dentin,Na2Ca4AlP3O14,102.77,2.994,2.6089
dentin,Na6Ca8Al2P6O29,105.14,2.975,2.6748
dentin,Na4Ca4Al(PO5)3,104.77,2.98,2.6649
dentin,Na10Ca8Al2P6O31,94.34,2.917,2.346
dentin,Na6Ca4AlP3O16,93.61,2.898,2.3206
dentin,NaCa4Al(PO4)4,92.73,3.018,2.3186
dentin,Na2Ca8Al4P8O35,94.04,3.013,2.3559
dentin,NaCa4Al3P4O19,132.89,3.014,3.4982
dentin,Na2Ca8Al8P8O41,131.07,3.003,3.4425
dentin,NaCa4Al5(P2O11)2,136.43,2.974,3.5945
dentin,Na2Ca8Al12P8O47,108.93,2.934,2.7782
dentin,Na4Ca8Al2P8O33,117.68,3.066,3.0614
dentin,Na3Ca4AlP4O17,94.61,2.969,2.3639
dentin,Na8Ca8Al2P8O35,94.51,2.932,2.3539
dentin,Na5Ca4Al(P2O9)2,96.42,2.926,2.4088
dentin,Na12Ca8Al2P8O37,98.03,2.915,2.4541
dentin,Na2Ca8Al2P10O37,75.64,2.844,1.7817
dentin,NaCa4Al2(PO4)5,87.87,2.889,2.1501
dentin,Na2Ca8Al6P10O43,98.25,2.909,2.4594
dentin,NaCa4Al4P5O23,96.88,2.9,2.4172
dentin,Na2Ca8Al10P10O49,106.31,2.933,2.7011
dentin,NaCa4Al6P5O26,105.24,2.887,2.6603
dentin,Na2Ca4AlP5O19,81.67,2.926,1.9752
dentin,Na6Ca8Al2P10O39,88.94,2.975,2.1984
dentin,Na4Ca4Al(PO4)5,90.45,2.959,2.2397
dentin,Na10Ca8Al2P10O41,95.82,2.912,2.3885
dentin,Na6Ca4AlP5O21,90.3,2.884,2.2207
dentin,NaCa4Al(P2O7)3,85.07,2.778,2.046
dentin,Na2Ca8Al4(P4O15)3,82.2,2.771,1.9602
dentin,NaCa4Al3(PO4)6,94.87,2.767,2.332
dentin,Na2Ca8Al8(P4O17)3,98.72,2.848,2.4611
dentin,NaCa4Al5(P2O9)3,102.06,2.861,2.5618
dentin,Na2Ca8Al12(P4O19)3,101.67,2.862,2.5504
dentin,Na4Ca8Al2P12O43,76.04,2.794,1.7839
dentin,Na3Ca4Al(P3O11)2,74.73,2.828,1.752
dentin,Na8Ca8Al2(P4O15)3,88.35,2.917,2.1699
dentin,Na5Ca4AlP6O23,85.23,2.907,2.0761
dentin,Na12Ca8Al2P12O47,89.94,2.909,2.215
dentin,Na2Ca10Al2P2O19,102.98,3.078,2.6313
dentin,NaCa5Al2PO11,99.13,3.047,2.5121
dentin,Na2Ca10Al6P2O25,100.41,3.081,2.5565
dentin,NaCa5Al4PO14,104.19,3.085,2.6685
dentin,Na2Ca10Al10P2O31,144.34,3.138,3.8592
dentin,NaCa5Al6PO17,146.0,3.113,3.903
dentin,Na2Ca5AlPO10,99.64,3.019,2.5216
dentin,Na4Ca10Al4P2O23,98.83,3.035,2.5012
dentin,Na2Ca5Al3PO13,96.95,3.018,2.4424
dentin,Na4Ca10Al8P2O29,102.17,3.039,2.5999
dentin,Na2Ca5Al5PO16,109.36,3.07,2.8173
dentin,Na4Ca10Al12P2O35,114.38,3.071,2.9654
dentin,Na6Ca10Al2P2O21,99.8,2.987,2.5203
dentin,Na3Ca5Al2PO12,101.05,3.018,2.563
dentin,Na6Ca10Al6P2O27,94.9,2.971,2.3728
dentin,Na3Ca5Al4PO15,100.31,3.008,2.5393
dentin,Na6Ca10Al10P2O33,103.36,2.991,2.6257
dentin,Na3Ca5Al6PO18,109.42,3.034,2.8121
dentin,Na4Ca5AlPO11,99.26,2.966,2.4999
dentin,Na8Ca10Al4P2O25,98.5,2.983,2.4811
dentin,Na4Ca5Al3PO14,97.35,2.967,2.4442
dentin,Na8Ca10Al8P2O31,100.13,2.978,2.5281
dentin,Na4Ca5Al5PO17,102.8,2.974,2.6056
dentin,Na8Ca10Al12P2O37,101.71,2.965,2.5719
dentin,Na10Ca10Al2P2O23,94.79,2.928,2.3614
dentin,Na5Ca5Al2PO13,96.32,2.946,2.4099
dentin,Na10Ca10Al6P2O29,92.12,2.937,2.2844
dentin,Na5Ca5Al4PO16,89.67,2.917,2.2084
dentin,Na10Ca10Al10P2O35,96.29,2.945,2.4087
dentin,Na5Ca5Al6PO19,95.84,2.934,2.3933
dentin,Na6Ca5AlPO12,94.58,2.911,2.3517
dentin,Na12Ca10Al4P2O27,97.14,2.903,2.4256
dentin,Na6Ca5Al3PO15,91.35,2.917,2.258
dentin,Na12Ca10Al8P2O33,90.96,2.904,2.244
dentin,Na6Ca5Al5PO18,92.26,2.925,2.2863
dentin,Na12Ca10Al12P2O39,92.3,2.918,2.286
dentin,NaCa5Al(PO6)2,98.36,3.053,2.4908
dentin,Na2Ca10Al4P4O27,106.41,3.058,2.7283
dentin,NaCa5Al3P2O15,107.04,3.083,2.7519
dentin,Na2Ca10Al8P4O33,113.09,3.085,2.93
dentin,NaCa5Al5(PO9)2,112.92,3.073,2.9226
dentin,Na2Ca10Al12P4O39,158.14,3.13,4.2634
dentin,Na4Ca10Al2P4O25,100.84,3.037,2.5605
dentin,Na3Ca5AlP2O13,99.32,3.019,2.5122
dentin,Na8Ca10Al2P4O27,93.83,2.986,2.3444
dentin,Na5Ca5Al(PO7)2,93.88,2.975,2.3437
dentin,Na12Ca10Al2P4O29,88.68,2.923,2.1808
dentin,Na2Ca10Al2P6O29,103.97,3.078,2.6607
dentin,NaCa5Al2P3O16,106.72,3.115,2.7486
dentin,Na2Ca10Al6P6O35,105.68,3.092,2.7137
dentin,NaCa5Al4P3O19,107.64,3.063,2.7654
dentin,Na2Ca10Al10P6O41,152.94,3.159,4.1163
dentin,NaCa5Al6P3O22,154.48,3.165,4.1627
dentin,Na2Ca5Al(PO5)3,103.86,3.069,2.6557
dentin,Na6Ca10Al2P6O31,107.12,3.003,2.7384
dentin,Na4Ca5AlP3O16,102.63,2.973,2.6006
dentin,Na10Ca10Al2(P2O11)3,97.9,2.958,2.4586
dentin,Na6Ca5AlP3O17,93.83,2.94,2.3354
dentin,NaCa5AlP4O17,144.74,3.141,3.8716
dentin,Na2Ca10Al4P8O37,140.27,3.109,3.7338
dentin,NaCa5Al3(PO5)4,144.36,3.076,3.8478
dentin,Na2Ca10Al8P8O43,151.01,3.076,4.0431
dentin,NaCa5Al5P4O23,149.44,3.065,3.9948
dentin,Na2Ca10Al12P8O49,154.08,3.047,4.1277
dentin,Na4Ca10Al2P8O35,99.59,3.019,2.52
dentin,Na3Ca5Al(P2O9)2,99.31,2.976,2.5035
dentin,Na8Ca10Al2P8O37,102.43,2.965,2.5932
dentin,Na5Ca5AlP4O19,105.92,2.963,2.6953
dentin,Na12Ca10Al2P8O39,97.58,2.926,2.4428
dentin,Na2Ca10Al2P10O39,90.18,2.994,2.2386
dentin,NaCa5Al2P5O21,89.28,3.024,2.2182
dentin,Na2Ca10Al6(P2O9)5,105.4,3.017,2.6908
dentin,NaCa5Al4P5O24,132.06,3.012,3.4734
dentin,Na2Ca10Al10P10O51,105.27,2.991,2.6818
dentin,NaCa5Al6P5O27,107.45,2.962,2.7401
dentin,Na2Ca5Al(PO4)5,120.28,3.061,3.137
dentin,Na6Ca10Al2P10O41,97.27,3.018,2.452
dentin,Na4Ca5AlP5O21,94.46,2.957,2.3572
dentin,Na10Ca10Al2P10O43,95.01,2.934,2.3689
dentin,Na6Ca5AlP5O22,93.95,2.926,2.3362
dentin,NaCa5Al(P3O11)2,73.89,2.847,1.7308
dentin,Na2Ca10Al4P12O47,79.3,2.9,1.9005
dentin,NaCa5Al3P6O25,92.69,2.917,2.2974
dentin,Na2Ca10Al8P12O53,98.89,2.913,2.4787
dentin,NaCa5Al5(P3O14)2,100.2,2.909,2.5164
dentin,Na2Ca10Al12P12O59,106.4,2.949,2.7066
dentin,Na4Ca10Al2(P4O15)3,77.62,2.928,1.8563
dentin,Na3Ca5AlP6O23,89.01,2.987,2.203
dentin,Na8Ca10Al2P12O47,89.66,3.004,2.2253
dentin,Na5Ca5Al(PO4)6,96.61,2.945,2.4182
dentin,Na12Ca10Al2P12O49,95.82,2.912,2.3885
dentin,Na2Ca12Al2P2O21,100.09,3.082,2.5471
dentin,NaCa6Al2PO12,102.29,3.067,2.6091
dentin,Na2Ca12Al6P2O27,96.49,3.032,2.4316
dentin,NaCa6Al4PO15,100.91,3.088,2.5725
dentin,Na2Ca12Al10P2O33,104.19,3.076,2.6667
dentin,NaCa6Al6PO18,143.34,3.147,3.8317
dentin,Na2Ca6AlPO11,98.64,3.033,2.4949
dentin,Na4Ca12Al4P2O25,99.81,3.054,2.5335
dentin,Na2Ca6Al3PO14,98.18,3.024,2.48
dentin,Na4Ca12Al8P2O31,99.81,3.061,2.535
dentin,Na2Ca6Al5PO17,102.17,3.05,2.6021
dentin,Na4Ca12Al12P2O37,109.72,3.095,2.8329
dentin,Na6Ca12Al2P2O23,99.07,3.006,2.5025
dentin,Na3Ca6Al2PO13,100.59,3.035,2.5526
dentin,Na6Ca12Al6P2O29,100.71,3.014,2.5524
dentin,Na3Ca6Al4PO16,93.03,2.984,2.3204
dentin,Na6Ca12Al10P2O35,100.75,3.029,2.5564
dentin,Na3Ca6Al6PO19,100.69,2.999,2.5486
dentin,Na4Ca6AlPO12,99.87,2.985,2.5218
dentin,Na8Ca12Al4P2O27,100.79,2.989,2.5496
dentin,Na4Ca6Al3PO15,101.62,3.004,2.5769
dentin,Na8Ca12Al8P2O33,95.79,2.96,2.3969
dentin,Na4Ca6Al5PO18,99.2,2.99,2.503
dentin,Na8Ca12Al12P2O39,99.82,2.975,2.5184
dentin,Na10Ca12Al2P2O25,100.95,2.946,2.5457
dentin,Na5Ca6Al2PO14,96.2,2.948,2.4067
dentin,Na10Ca12Al6P2O31,98.72,2.979,2.4867
dentin,Na5Ca6Al4PO17,98.22,2.957,2.4678
dentin,Na10Ca12Al10P2O37,91.0,2.936,2.2514
dentin,Na5Ca6Al6PO20,99.47,2.965,2.5062
dentin,Na6Ca6AlPO13,100.13,2.926,2.5178
dentin,Na12Ca12Al4P2O29,96.7,2.932,2.4183
dentin,Na6Ca6Al3PO16,96.39,2.943,2.4113
dentin,Na12Ca12Al8P2O35,92.12,2.938,2.2847
dentin,Na6Ca6Al5PO19,90.8,2.918,2.2421
dentin,Na12Ca12Al12P2O41,95.62,2.944,2.3888
dentin,NaCa6AlP2O13,101.41,3.092,2.5881
dentin,Na2Ca12Al4P4O29,97.45,3.063,2.4658
dentin,NaCa6Al3(PO8)2,103.9,3.07,2.657
dentin,Na2Ca12Al8P4O35,107.92,3.089,2.779
dentin,NaCa6Al5P2O19,111.12,3.121,2.8793
dentin,Na2Ca12Al12P4O41,147.17,3.113,3.9375
dentin,Na4Ca12Al2P4O27,102.16,3.058,2.6035
dentin,Na3Ca6Al(PO7)2,99.96,3.021,2.5316
dentin,Na8Ca12Al2P4O29,100.19,3.01,2.5361
dentin,Na5Ca6AlP2O15,96.17,2.978,2.4118
dentin,Na12Ca12Al2P4O31,92.25,2.941,2.2893
dentin,Na2Ca12Al2P6O31,106.33,3.106,2.7356
dentin,NaCa6Al2P3O17,102.72,3.079,2.6241
dentin,Na2Ca12Al6P6O37,109.39,3.12,2.8283
dentin,NaCa6Al4P3O20,141.53,3.124,3.7739
dentin,Na2Ca12Al10P6O43,145.56,3.108,3.8891
dentin,NaCa6Al6P3O23,153.89,3.16,4.1444
dentin,Na2Ca6AlP3O16,99.42,3.022,2.5159
dentin,Na6Ca12Al2(P2O11)3,103.96,3.011,2.6474
dentin,Na4Ca6AlP3O17,100.66,2.999,2.548
dentin,Na10Ca12Al2P6O35,97.09,2.98,2.4392
dentin,Na6Ca6Al(PO6)3,94.88,2.964,2.3711
dentin,NaCa6Al(P2O9)2,102.86,3.086,2.6295
dentin,Na2Ca12Al4P8O39,151.02,3.185,4.065
dentin,NaCa6Al3P4O21,149.76,3.149,4.0209
dentin,Na2Ca12Al8P8O45,142.94,3.097,3.8102
dentin,NaCa6Al5(PO6)4,152.17,3.115,4.0849
dentin,Na2Ca12Al12P8O51,151.87,3.108,4.0747
dentin,Na4Ca12Al2P8O37,101.12,3.059,2.573
dentin,Na3Ca6AlP4O19,104.46,3.027,2.6651
dentin,Na8Ca12Al2P8O39,104.08,2.995,2.6475
dentin,Na5Ca6Al(PO5)4,102.07,2.957,2.581
dentin,Na12Ca12Al2P8O41,94.01,2.949,2.3425
dentin,Na2Ca12Al2P10O41,107.75,3.102,2.7765
dentin,NaCa6Al2P5O22,98.01,3.076,2.4849
dentin,Na2Ca12Al6P10O47,102.55,3.04,2.6113
dentin,NaCa6Al4(PO5)5,140.45,3.054,3.7284
dentin,Na2Ca12Al10P10O53,140.65,3.053,3.7342
dentin,NaCa6Al6P5O28,140.26,3.047,3.7214
dentin,Na2Ca6AlP5O21,103.12,3.067,2.6334
dentin,Na6Ca12Al2P10O43,98.12,3.0,2.4733
dentin,Na4Ca6AlP5O22,99.53,2.978,2.5103
dentin,Na10Ca12Al2(P2O9)5,101.87,2.965,2.5767
dentin,Na6Ca6AlP5O23,105.68,2.962,2.688
dentin,NaCa6AlP6O23,91.69,2.989,2.2821
dentin,Na2Ca12Al4P12O49,87.26,3.008,2.1556
dentin,NaCa6Al3(P3O13)2,99.02,3.029,2.5054
dentin,Na2Ca12Al8P12O55,105.4,3.017,2.6908
dentin,NaCa6Al5P6O29,131.77,3.008,3.4643
dentin,Na2Ca12Al12P12O61,105.32,2.989,2.6827
dentin,Na4Ca12Al2P12O47,95.15,3.045,2.3949
dentin,Na3Ca6Al(PO4)6,116.88,3.08,3.0404
dentin,Na8Ca12Al2P12O49,94.97,2.976,2.3759
dentin,Na5Ca6AlP6O25,94.3,2.96,2.353
dentin,Na12Ca12Al2(P4O17)3,91.98,2.935,2.2801
dentin,KSrCaPO5,69.52,3.237,1.6788
dentin,K4Sr2Ca2P2O11,60.38,3.118,1.3869
dentin,K3SrCaPO6,66.22,3.049,1.5449
dentin,K8Sr2Ca2P2O13,64.26,3.048,1.4873
dentin,K5SrCaPO7,65.47,2.965,1.5065
dentin,K12Sr2Ca2P2O15,54.37,2.874,1.1623
dentin,KSr2CaPO6,75.81,3.545,1.9242
dentin,K4Sr4Ca2P2O13,66.61,3.451,1.6352
dentin,K3Sr2CaPO7,69.86,3.344,1.7101
dentin,K8Sr4Ca2P2O15,69.79,3.31,1.7012
dentin,K5Sr2CaPO8,73.02,3.221,1.7785
dentin,K12Sr4Ca2P2O17,70.31,3.098,1.675
dentin,KSr3CaPO7,69.65,3.774,1.788
dentin,K4Sr6Ca2P2O15,72.58,3.637,1.8473
dentin,K3Sr3CaPO8,74.71,3.57,1.8968
dentin,K8Sr6Ca2P2O17,72.16,3.513,1.8106
dentin,K5Sr3CaPO9,73.76,3.407,1.837
dentin,K12Sr6Ca2P2O19,79.22,3.334,1.9834
dentin,KSr4CaPO8,72.12,3.957,1.8967
dentin,K4Sr8Ca2P2O17,77.27,3.818,2.0208
dentin,K3Sr4CaPO9,77.09,3.741,2.0005
dentin,K8Sr8Ca2P2O19,80.91,3.672,2.0991
dentin,K5Sr4CaPO10,82.4,3.56,2.1208
dentin,K12Sr8Ca2P2O21,78.08,3.478,1.978
dentin,KSr5CaPO9,90.74,4.087,2.4695
dentin,K4Sr10Ca2P2O19,82.21,3.955,2.1928
dentin,K3Sr5CaPO10,82.54,3.876,2.187
dentin,K8Sr10Ca2P2O21,80.91,3.803,2.1247
dentin,K5Sr5CaPO11,86.02,3.684,2.2518
dentin,K12Sr10Ca2P2O23,86.02,3.64,2.2433
dentin,KSr6CaPO10,97.59,4.15,2.6832
dentin,K4Sr12Ca2P2O21,101.99,4.069,2.7967
dentin,K3Sr6CaPO11,83.4,3.987,2.234
dentin,K8Sr12Ca2P2O23,87.17,3.912,2.3303
dentin,K5Sr6CaPO12,86.02,3.792,2.2729
dentin,K12Sr12Ca2P2O25,86.02,3.741,2.2631
dentin,K2Sr2Ca2P4O15,84.48,3.394,2.1495
dentin,K2SrCa(PO4)2,62.95,3.001,1.4395
dentin,K6Sr2Ca2P4O17,57.07,2.948,1.2562
dentin,K4SrCaP2O9,57.41,2.905,1.2579
dentin,K10Sr2Ca2P4O19,55.74,2.902,1.2081
dentin,K6SrCa(PO5)2,62.11,2.877,1.3906
dentin,K2Sr4Ca2P4O17,97.96,3.721,2.6101
dentin,K2Sr2CaP2O9,61.8,3.198,1.4443
dentin,K6Sr4Ca2P4O19,65.33,3.186,1.5459
dentin,K4Sr2Ca(PO5)2,62.58,3.125,1.4531
dentin,K10Sr4Ca2P4O21,58.95,3.097,1.3407
dentin,K6Sr2CaP2O11,63.91,3.069,1.4811
dentin,K2Sr6Ca2P4O19,115.96,4.034,3.2006
dentin,K2Sr3Ca(PO5)2,71.95,3.451,1.7924
dentin,K6Sr6Ca2P4O21,66.44,3.381,1.6168
dentin,K4Sr3CaP2O11,66.28,3.326,1.6011
dentin,K10Sr6Ca2P4O23,65.41,3.26,1.5627
dentin,K6Sr3Ca(PO6)2,67.18,3.238,1.6103
dentin,K2Sr8Ca2P4O21,79.1,3.789,2.0687
dentin,K2Sr4CaP2O11,76.57,3.613,1.9602
dentin,K6Sr8Ca2P4O23,67.31,3.535,1.6723
dentin,K4Sr4Ca(PO6)2,65.1,3.495,1.5995
dentin,K10Sr8Ca2P4O25,70.5,3.406,1.7411
dentin,K6Sr4CaP2O13,69.86,3.384,1.718
dentin,K2Sr10Ca2P4O23,75.48,3.887,1.9816
dentin,K2Sr5Ca(PO6)2,76.45,3.748,1.983
dentin,K6Sr10Ca2P4O25,71.45,3.672,1.8212
dentin,K4Sr5CaP2O13,68.97,3.599,1.7338
dentin,K10Sr10Ca2P4O27,73.31,3.527,1.8474
dentin,K6Sr5Ca(PO7)2,70.34,3.51,1.7565
dentin,K2Sr12Ca2P4O25,73.65,3.961,1.9423
dentin,K2Sr6CaP2O13,63.61,3.856,1.6265
dentin,K6Sr12Ca2P4O27,68.98,3.796,1.7727
dentin,K4Sr6Ca(PO7)2,67.88,3.687,1.719
dentin,K10Sr12Ca2P4O29,76.58,3.645,1.9666
dentin,K6Sr6CaP2O15,76.49,3.618,1.9584
dentin,KSrCaP3O10,77.79,3.223,1.9194
dentin,K4Sr2Ca2(P2O7)3,68.24,3.331,1.6598
dentin,K3SrCaP3O11,53.49,2.863,1.1343
dentin,K8Sr2Ca2P6O23,51.25,2.844,1.0648
dentin,K5SrCa(PO4)3,51.43,2.845,1.0701
dentin,K12Sr2Ca2P6O25,51.73,2.808,1.0718
dentin,KSr2CaP3O11,86.11,3.496,2.2175
dentin,K4Sr4Ca2P6O23,82.37,3.511,2.1106
dentin,K3Sr2Ca(PO4)3,60.1,3.056,1.3664
dentin,K8Sr4Ca2P6O25,58.64,3.041,1.3207
dentin,K5Sr2CaP3O13,58.24,3.015,1.304
dentin,K12Sr4Ca2(P2O9)3,60.57,2.993,1.3681
dentin,KSr3Ca(PO4)3,103.48,3.76,2.7801
dentin,K4Sr6Ca2P6O25,96.95,3.738,2.5837
dentin,K3Sr3CaP3O13,61.28,3.242,1.4376
dentin,K8Sr6Ca2(P2O9)3,64.72,3.23,1.5363
dentin,K5Sr3CaP3O14,65.28,3.184,1.5441
dentin,K12Sr6Ca2P6O29,60.89,3.139,1.406
dentin,KSr4CaP3O13,98.46,3.956,2.6708
dentin,K4Sr8Ca2(P2O9)3,70.9,3.537,1.7783
dentin,K3Sr4CaP3O14,66.2,3.417,1.6169
dentin,K8Sr8Ca2P6O29,68.25,3.361,1.6659
dentin,K5Sr4Ca(PO5)3,65.09,3.317,1.5644
dentin,K12Sr8Ca2P6O31,65.32,3.271,1.562
dentin,KSr5CaP3O14,110.92,4.132,3.0717
dentin,K4Sr10Ca2P6O29,74.09,3.625,1.8896
dentin,K3Sr5Ca(PO5)3,74.19,3.544,1.8764
dentin,K8Sr10Ca2P6O31,70.71,3.493,1.764
dentin,K5Sr5CaP3O16,66.1,3.43,1.6164
dentin,K12Sr10Ca2(P2O11)3,66.28,3.402,1.616
dentin,KSr6Ca(PO5)3,111.97,4.291,3.1338
dentin,K4Sr12Ca2P6O31,73.48,3.679,1.882
dentin,K3Sr6CaP3O16,75.66,3.642,1.939
dentin,K8Sr12Ca2(P2O11)3,68.76,3.584,1.7246
dentin,K5Sr6CaP3O17,68.61,3.539,1.7116
dentin,K12Sr12Ca2P6O35,65.45,3.51,1.6129
dentin,K2Sr2Ca2P8O25,74.23,3.088,1.7881
dentin,K2SrCaP4O13,73.06,3.159,1.7679
dentin,K6Sr2Ca2P8O27,65.95,3.223,1.5713
dentin,K4SrCa(P2O7)2,51.74,2.8,1.0703
dentin,K10Sr2Ca2P8O29,50.56,2.766,1.0291
dentin,K6SrCaP4O15,48.62,2.778,0.9746
dentin,K2Sr4Ca2P8O27,78.09,3.381,1.9593
dentin,K2Sr2Ca(P2O7)2,75.37,3.451,1.893
dentin,K6Sr4Ca2P8O29,69.23,3.437,1.7095
dentin,K4Sr2CaP4O15,52.82,2.911,1.1239
dentin,K10Sr4Ca2P8O31,52.27,2.961,1.1176
dentin,K6Sr2Ca(PO4)4,53.12,2.951,1.1406
dentin,K2Sr6Ca2P8O29,90.69,3.602,2.373
dentin,K2Sr3CaP4O15,83.26,3.611,2.1563
dentin,K6Sr6Ca2P8O31,84.99,3.607,2.2062
dentin,K4Sr3Ca(PO4)4,59.07,3.105,1.3459
dentin,K10Sr6Ca2P8O33,60.05,3.121,1.3778
dentin,K6Sr3CaP4O17,59.57,3.095,1.3586
dentin,K2Sr8Ca2P8O31,107.05,3.773,2.8875
dentin,K2Sr4Ca(PO4)4,96.44,3.752,2.5716
dentin,K6Sr8Ca2P8O33,70.3,3.471,1.7479
dentin,K4Sr4CaP4O17,61.81,3.251,1.4551
dentin,K10Sr8Ca2P8O35,64.52,3.255,1.5355
dentin,K6Sr4Ca(P2O9)2,63.14,3.201,1.4845
dentin,K2Sr10Ca2P8O33,108.4,3.958,2.9637
dentin,K2Sr5CaP4O17,96.59,3.928,2.6102
dentin,K6Sr10Ca2P8O35,65.39,3.449,1.5991
dentin,K4Sr5Ca(P2O9)2,64.03,3.375,1.5448
dentin,K10Sr10Ca2P8O37,66.08,3.366,1.6033
dentin,K6Sr5CaP4O19,70.16,3.318,1.7136
dentin,K2Sr12Ca2P8O35,111.31,4.079,3.0727
dentin,K2Sr6Ca(P2O9)2,109.82,4.058,3.0248
dentin,K6Sr12Ca2P8O37,64.65,3.495,1.5865
dentin,K4Sr6CaP4O19,66.2,3.49,1.6312
dentin,K10Sr12Ca2P8O39,68.17,3.451,1.6814
dentin,K6Sr6Ca(PO5)4,67.81,3.416,1.6637
dentin,KSrCa(PO3)5,74.64,2.924,1.768
dentin,K4Sr2Ca2P10O31,70.47,3.064,1.6729
dentin,K3SrCaP5O16,72.41,3.127,1.7423
dentin,K8Sr2Ca2P10O33,61.59,3.179,1.4346
dentin,K5SrCaP5O17,54.39,2.97,1.1819
dentin,K12Sr2Ca2(P2O7)5,46.99,2.684,0.9082
dentin,KSr2CaP5O16,77.84,3.258,1.9277
dentin,K4Sr4Ca2P10O33,76.02,3.282,1.879
dentin,K3Sr2CaP5O17,73.13,3.379,1.8128
dentin,K8Sr4Ca2(P2O7)5,66.68,3.402,1.6277
dentin,K5Sr2CaP5O18,48.91,2.811,0.9896
dentin,K12Sr4Ca2P10O37,50.35,2.877,1.0446
dentin,KSr3CaP5O17,78.23,3.486,1.984
dentin,K4Sr6Ca2(P2O7)5,79.31,3.529,2.0241
dentin,K3Sr3CaP5O18,71.01,3.522,1.7789
dentin,K8Sr6Ca2P10O37,70.19,3.486,1.7475
dentin,K5Sr3CaP5O19,52.63,2.969,1.1299
dentin,K12Sr6Ca2P10O39,58.87,3.025,1.3243
dentin,KSr4CaP5O18,88.37,3.633,2.3109
dentin,K4Sr8Ca2P10O37,92.01,3.615,2.4144
dentin,K3Sr4CaP5O19,85.39,3.636,2.2236
dentin,K8Sr8Ca2P10O39,71.48,3.439,1.776
dentin,K5Sr4Ca(PO4)5,59.07,3.136,1.352
dentin,K12Sr8Ca2P10O41,59.95,3.15,1.3806
dentin,KSr5CaP5O19,103.14,3.745,2.7671
dentin,K4Sr10Ca2P10O39,95.04,3.791,2.5381
dentin,K3Sr5Ca(PO4)5,96.54,3.782,2.5803
dentin,K8Sr10Ca2P10O41,64.19,3.33,1.5406
dentin,K5Sr5CaP5O21,61.96,3.283,1.4656
dentin,K12Sr10Ca2P10O43,60.78,3.24,1.4227
dentin,KSr6Ca(PO4)5,102.53,3.922,2.7837
dentin,K4Sr12Ca2P10O41,95.07,3.898,2.5598
dentin,K3Sr6CaP5O21,96.47,3.884,2.5981
dentin,K8Sr12Ca2P10O43,62.11,3.353,1.4837
dentin,K5Sr6CaP5O22,62.73,3.347,1.5009
dentin,K12Sr12Ca2(P2O9)5,64.68,3.355,1.5597
dentin,K2Sr2Ca2P12O35,57.74,2.871,1.2609
dentin,K2SrCa(PO3)6,60.15,2.985,1.354
dentin,K6Sr2Ca2P12O37,63.51,3.054,1.4663
dentin,K4SrCaP6O19,64.42,3.104,1.5029
dentin,K10Sr2Ca2(P4O13)3,59.83,3.144,1.3759
dentin,K6SrCa(P3O10)2,59.42,2.978,1.3312
dentin,K2Sr4Ca2P12O37,69.83,3.144,1.6698
dentin,K2Sr2CaP6O19,74.45,3.206,1.8177
dentin,K6Sr4Ca2(P4O13)3,74.1,3.214,1.8091
dentin,K4Sr2Ca(P3O10)2,66.36,3.288,1.5961
dentin,K10Sr4Ca2P12O41,67.83,3.364,1.6544
dentin,K6Sr2Ca(P2O7)3,48.48,2.787,0.9723
dentin,K2Sr6Ca2(P4O13)3,79.3,3.377,1.9941
dentin,K2Sr3Ca(P3O10)2,79.31,3.377,1.9944
dentin,K6Sr6Ca2P12O41,74.87,3.449,1.8778
dentin,K4Sr3Ca(P2O7)3,69.03,3.474,1.711
dentin,K10Sr6Ca2P12O43,70.02,3.491,1.7434
dentin,K6Sr3Ca(P3O11)2,48.75,2.867,0.9957
dentin,K2Sr8Ca2P12O41,81.46,3.552,2.0916
dentin,K2Sr4Ca(P2O7)3,79.45,3.573,2.0368
dentin,K6Sr8Ca2P12O43,80.95,3.61,2.088
dentin,K4Sr4Ca(P3O11)2,71.48,3.526,1.7934
dentin,K10Sr8Ca2(P4O15)3,70.56,3.363,1.7344
dentin,K6Sr4CaP6O23,59.11,3.019,1.3302
dentin,K2Sr10Ca2P12O43,88.43,3.696,2.3249
dentin,K2Sr5Ca(P3O11)2,92.01,3.64,2.4195
dentin,K6Sr10Ca2(P4O15)3,83.31,3.666,2.1684
dentin,K4Sr5CaP6O23,85.64,3.678,2.2394
dentin,K10Sr10Ca2P12O47,64.34,3.244,1.528
dentin,K6Sr5Ca(PO4)6,59.35,3.157,1.3643
dentin,K2Sr12Ca2(P4O15)3,101.66,3.744,2.7233
dentin,K2Sr6CaP6O23,102.98,3.792,2.7715
dentin,K6Sr12Ca2P12O47,96.08,3.776,2.5658
dentin,K4Sr6Ca(PO4)6,96.54,3.775,2.5789
dentin,K10Sr12Ca2P12O49,62.0,3.259,1.4623
dentin,K6Sr6CaP6O25,61.96,3.285,1.4659
dentin,KSrCa2PO6,68.62,3.19,1.6432
dentin,K4Sr2Ca4P2O13,62.75,3.07,1.4471
dentin,K3SrCa2PO7,66.47,3.017,1.5463
dentin,K8Sr2Ca4P2O15,66.31,3.005,1.5392
dentin,K5SrCa2PO8,70.38,2.962,1.6502
dentin,K12Sr2Ca4P2O17,68.32,2.935,1.5844
dentin,KSr2Ca2PO7,73.68,3.496,1.8521
dentin,K4Sr4Ca4P2O15,65.34,3.366,1.5814
dentin,K3Sr2Ca2PO8,70.47,3.289,1.7171
dentin,K8Sr4Ca4P2O17,72.13,3.251,1.7585
dentin,K5Sr2Ca2PO9,72.54,3.167,1.7541
dentin,K12Sr4Ca4P2O19,79.22,3.153,1.9478
dentin,KSr3Ca2PO8,75.66,3.667,1.9438
dentin,K4Sr6Ca4P2O17,72.86,3.55,1.8386
dentin,K3Sr3Ca2PO9,71.13,3.487,1.7752
dentin,K8Sr6Ca4P2O19,77.25,3.442,1.9466
dentin,K5Sr3Ca2PO10,79.85,3.342,2.0033
dentin,K12Sr6Ca4P2O21,78.08,3.323,1.9476
dentin,KSr4Ca2PO9,72.31,3.829,1.877
dentin,K4Sr8Ca4P2O19,84.11,3.723,2.2033
dentin,K3Sr4Ca2PO10,78.93,3.651,2.0366
dentin,K8Sr8Ca4P2O21,81.61,3.597,2.1052
dentin,K5Sr4Ca2PO11,79.85,3.484,2.0311
dentin,K12Sr8Ca4P2O23,79.85,3.461,2.0266
dentin,KSr5Ca2PO10,80.49,3.974,2.1461
dentin,K4Sr10Ca4P2O21,82.84,3.859,2.1927
dentin,K3Sr5Ca2PO11,78.93,3.784,2.0628
dentin,K8Sr10Ca4P2O23,81.61,3.729,2.131
dentin,K5Sr5Ca2PO12,84.35,3.608,2.1879
dentin,K12Sr10Ca4P2O25,82.4,3.575,2.1238
dentin,KSr6Ca2PO11,98.32,4.029,2.6811
dentin,K4Sr12Ca4P2O23,88.35,3.961,2.3746
dentin,K3Sr6Ca2PO12,82.07,3.896,2.1771
dentin,K8Sr12Ca4P2O25,83.23,3.831,2.1984
dentin,K5Sr6Ca2PO13,86.02,3.711,2.2571
dentin,K12Sr12Ca4P2O27,86.74,3.674,2.2709
dentin,K2Sr2Ca4P4O17,104.53,3.353,2.7312
dentin,K2SrCa2P2O9,67.64,3.023,1.5817
dentin,K6Sr2Ca4P4O19,62.44,2.94,1.4125
dentin,K4SrCa2(PO5)2,58.9,2.907,1.302
dentin,K10Sr2Ca4P4O21,59.81,2.89,1.3254
dentin,K6SrCa2P2O11,63.13,2.871,1.4193
dentin,K2Sr4Ca4P4O19,102.39,3.669,2.7299
dentin,K2Sr6Ca4P4O21,103.64,3.96,2.8239
dentin,K2Sr8Ca4P4O23,83.63,3.722,2.1889
dentin,K2Sr10Ca4P4O25,76.02,3.804,1.9813
dentin,K2Sr12Ca4P4O27,81.77,3.903,2.1697
dentin,KSrCa2P3O11,82.26,3.183,2.0428
dentin,K4Sr2Ca4P6O23,84.97,3.244,2.1346
dentin,K3SrCa2(PO4)3,67.05,3.017,1.5631
dentin,K8Sr2Ca4P6O25,56.1,2.812,1.2009
dentin,K5SrCa2P3O13,56.45,2.838,1.2163
dentin,K12Sr2Ca4(P2O9)3,56.3,2.811,1.2066
dentin,KSr2Ca2(PO4)3,97.82,3.489,2.5604
dentin,KSr3Ca2P3O13,111.35,3.722,3.0039
dentin,KSr4Ca2P3O14,102.12,3.881,2.7637
dentin,KSr5Ca2(PO5)3,112.51,4.074,3.1071
dentin,KSr6Ca2P3O16,114.59,4.236,3.2001
dentin,K2Sr2Ca4P8O27,76.71,3.147,1.8726
dentin,K2SrCa2(P2O7)2,73.99,3.193,1.8016
dentin,K6Sr2Ca4P8O29,67.34,3.214,1.6104
dentin,K4SrCa2P4O15,62.25,3.051,1.4285
dentin,K10Sr2Ca4P8O31,51.79,2.781,1.0683
dentin,K6SrCa2(PO4)4,51.39,2.794,1.059
dentin,K2Sr4Ca4P8O29,81.98,3.36,2.0696
dentin,K2Sr6Ca4P8O31,104.98,3.547,2.7823
dentin,K2Sr8Ca4P8O33,109.54,3.743,2.9548
dentin,K2Sr10Ca4P8O35,110.08,3.909,3.0032
dentin,K2Sr12Ca4P8O37,111.75,4.014,3.073
dentin,KSrCa2P5O16,74.37,3.033,1.7814
dentin,K4Sr2Ca4P10O33,74.38,3.11,1.7969
dentin,K3SrCa2P5O17,71.16,3.171,1.7142
dentin,K8Sr2Ca4(P2O7)5,64.62,3.212,1.53
dentin,K5SrCa2P5O18,58.31,3.007,1.3043
dentin,K12Sr2Ca4P10O37,49.81,2.706,0.9954
dentin,KSr2Ca2P5O17,77.92,3.288,1.936
dentin,KSr3Ca2P5O18,82.03,3.443,2.087
dentin,KSr4Ca2P5O19,100.46,3.57,2.6539
dentin,KSr5Ca2(PO4)5,109.51,3.763,2.958
dentin,KSr6Ca2P5O21,109.89,3.895,2.995
dentin,K2Sr2Ca4P12O37,69.12,2.917,1.6045
dentin,K2SrCa2P6O19,74.79,3.032,1.7936
dentin,K6Sr2Ca4(P4O13)3,72.84,3.09,1.7479
dentin,K4SrCa2(P3O10)2,70.81,3.148,1.6994
dentin,K10Sr2Ca4P12O41,66.01,3.183,1.5652
dentin,K6SrCa2(P2O7)3,63.08,2.99,1.4413
dentin,K2Sr4Ca4(P4O13)3,79.72,3.18,1.9676
dentin,K2Sr6Ca4P12O41,78.58,3.387,1.9747
dentin,K2Sr8Ca4P12O43,87.88,3.534,2.2769
dentin,K2Sr10Ca4(P4O15)3,101.04,3.606,2.6779
dentin,K2Sr12Ca4P12O47,106.51,3.738,2.8645
dentin,KSrCa3PO7,68.44,3.163,1.6326
dentin,K4Sr2Ca6P2O15,63.93,3.047,1.4775
dentin,K3SrCa3PO8,68.26,3.007,1.5967
dentin,K8Sr2Ca6P2O17,66.89,2.997,1.5547
dentin,K5SrCa3PO9,68.79,2.938,1.5988
dentin,K12Sr2Ca6P2O19,75.13,2.944,1.7864
dentin,KSr2Ca3PO8,74.51,3.377,1.853
dentin,K4Sr4Ca6P2O17,69.34,3.304,1.6867
dentin,K3Sr2Ca3PO9,72.88,3.245,1.7794
dentin,K8Sr4Ca6P2O19,76.97,3.2,1.8907
dentin,K5Sr2Ca3PO10,79.27,3.129,1.9445
dentin,K12Sr4Ca6P2O21,76.99,3.123,1.8761
dentin,KSr3Ca3PO9,78.65,3.618,2.0221
dentin,K4Sr6Ca6P2O19,77.2,3.467,1.9498
dentin,K3Sr3Ca3PO10,77.95,3.435,1.9657
dentin,K8Sr6Ca6P2O21,77.25,3.38,1.9344
dentin,K5Sr3Ca3PO11,79.85,3.293,1.9937
dentin,K12Sr6Ca6P2O23,79.85,3.281,1.9913
dentin,KSr4Ca3PO10,86.12,3.786,2.2748
dentin,K4Sr8Ca6P2O21,90.65,3.637,2.3786
dentin,K3Sr4Ca3PO11,84.01,3.589,2.1739
dentin,K8Sr8Ca6P2O23,79.72,3.53,2.0362
dentin,K5Sr4Ca3PO12,79.85,3.431,2.0207
dentin,K12Sr8Ca6P2O25,79.85,3.408,2.0162
dentin,KSr5Ca3PO11,79.13,3.881,2.0879
dentin,K4Sr10Ca6P2O23,84.11,3.766,2.2118
dentin,K3Sr5Ca3PO12,84.01,3.713,2.1984
dentin,K8Sr10Ca6P2O25,81.61,3.651,2.1156
dentin,K5Sr5Ca3PO13,82.4,3.549,2.1187
dentin,K12Sr10Ca6P2O27,83.08,3.523,2.1337
dentin,KSr6Ca3PO12,88.38,3.937,2.3709
dentin,K4Sr12Ca6P2O25,85.73,3.875,2.2808
dentin,K3Sr6Ca3PO13,84.01,3.817,2.2188
dentin,K8Sr12Ca6P2O27,82.61,3.756,2.1657
dentin,K5Sr6Ca3PO14,84.35,3.654,2.197
dentin,K12Sr12Ca6P2O29,85.05,3.613,2.2095
dentin,K2Sr2Ca6P4O19,106.55,3.353,2.7906
dentin,K2SrCa3(PO5)2,76.88,3.185,1.8851
dentin,K6Sr2Ca6P4O21,61.58,2.925,1.3841
dentin,K4SrCa3P2O11,59.37,2.902,1.3147
dentin,K10Sr2Ca6P4O23,61.01,2.9,1.3627
dentin,K6SrCa3(PO6)2,61.53,2.865,1.3711
dentin,K2Sr4Ca6P4O21,107.32,3.646,2.8705
dentin,K2Sr6Ca6P4O23,107.45,3.865,2.9173
dentin,K2Sr8Ca6P4O25,87.5,3.892,2.3362
dentin,K2Sr10Ca6P4O27,75.88,3.729,1.9624
dentin,K2Sr12Ca6P4O29,79.51,3.83,2.0889
dentin,KSrCa3(PO4)3,95.58,3.221,2.4421
dentin,K4Sr2Ca6P6O25,96.79,3.219,2.477
dentin,K3SrCa3P3O13,69.28,3.123,1.6496
dentin,K8Sr2Ca6(P2O9)3,60.51,2.823,1.3329
dentin,K5SrCa3P3O14,61.42,2.839,1.3628
dentin,K12Sr2Ca6P6O29,56.2,2.818,1.2052
dentin,KSr2Ca3P3O13,103.62,3.468,2.7269
dentin,KSr3Ca3P3O14,114.27,3.687,3.0829
dentin,KSr4Ca3(PO5)3,100.51,3.865,2.7131
dentin,KSr5Ca3P3O16,113.34,4.025,3.1218
dentin,KSr6Ca3P3O17,117.29,4.162,3.2647
dentin,K2Sr2Ca6P8O29,80.82,3.131,1.9904
dentin,K2SrCa3P4O15,83.53,3.162,2.076
dentin,K6Sr2Ca6P8O31,77.79,3.171,1.9091
dentin,K4SrCa3(PO4)4,68.09,3.054,1.6011
dentin,K10Sr2Ca6P8O33,55.43,2.771,1.1732
dentin,K6SrCa3P4O17,55.96,2.783,1.1913
dentin,K2Sr4Ca6P8O31,98.06,3.34,2.5381
dentin,K2Sr6Ca6P8O33,104.99,3.543,2.782
dentin,K2Sr8Ca6P8O35,112.22,3.72,3.029
dentin,K2Sr10Ca6P8O37,109.49,3.855,2.9754
dentin,K2Sr12Ca6P8O39,104.4,3.987,2.8517
dentin,KSrCa3P5O17,78.02,3.091,1.9003
dentin,K4Sr2Ca6(P2O7)5,72.26,3.143,1.7412
dentin,K3SrCa3P5O18,74.24,3.158,1.8021
dentin,K8Sr2Ca6P10O37,67.76,3.128,1.6059
dentin,K5SrCa3P5O19,62.26,3.006,1.4202
dentin,K12Sr2Ca6P10O39,57.73,2.734,1.2336
dentin,KSr2Ca3P5O18,81.86,3.252,2.0447
dentin,KSr3Ca3P5O19,96.36,3.409,2.5016
dentin,KSr4Ca3(PO4)5,109.21,3.599,2.9169
dentin,KSr5Ca3P5O21,110.51,3.729,2.9806
dentin,KSr6Ca3P5O22,111.65,3.873,3.0424
dentin,K2Sr2Ca6(P4O13)3,79.48,2.953,1.916
dentin,K2SrCa3(P3O10)2,78.08,3.078,1.8994
dentin,K6Sr2Ca6P12O41,71.71,3.141,1.7247
dentin,K4SrCa3(P2O7)3,74.24,3.161,1.8026
dentin,K10Sr2Ca6P12O43,68.11,3.181,1.6267
dentin,K6SrCa3(P3O11)2,61.61,2.992,1.3984
dentin,K2Sr4Ca6P12O41,78.92,3.221,1.9522
dentin,K2Sr6Ca6P12O43,83.32,3.374,2.1116
dentin,K2Sr8Ca6(P4O15)3,95.77,3.465,2.4955
dentin,K2Sr10Ca6P12O47,107.32,3.595,2.8606
dentin,K2Sr12Ca6P12O49,109.97,3.737,2.9664
dentin,KSrCa4PO8,81.16,3.3,2.0335
dentin,K4Sr2Ca8P2O17,70.41,3.075,1.6732
dentin,K3SrCa4PO9,72.43,2.991,1.7163
dentin,K8Sr2Ca8P2O19,72.58,2.979,1.7181
dentin,K5SrCa4PO10,75.15,2.926,1.7835
dentin,K12Sr2Ca8P2O21,74.28,2.929,1.7585
dentin,KSr2Ca4PO9,75.1,3.31,1.8573
dentin,K4Sr4Ca8P2O19,83.5,3.291,2.1006
dentin,K3Sr2Ca4PO10,75.78,3.2,1.8557
dentin,K8Sr4Ca8P2O21,76.97,3.171,1.885
dentin,K5Sr2Ca4PO11,78.44,3.098,1.9138
dentin,K12Sr4Ca8P2O23,78.73,3.094,1.9215
dentin,KSr3Ca4PO10,84.58,3.526,2.1785
dentin,K4Sr6Ca8P2O21,80.27,3.422,2.0314
dentin,K3Sr3Ca4PO11,79.52,3.377,2.0005
dentin,K8Sr6Ca8P2O23,75.29,3.338,1.8685
dentin,K5Sr3Ca4PO12,79.85,3.254,1.986
dentin,K12Sr6Ca8P2O25,79.85,3.24,1.9833
dentin,KSr4Ca4PO11,87.12,3.704,2.288
dentin,K4Sr8Ca8P2O23,80.71,3.559,2.0713
dentin,K3Sr4Ca4PO12,82.06,3.525,2.1041
dentin,K8Sr8Ca8P2O25,77.25,3.47,1.9522
dentin,K5Sr4Ca4PO13,79.85,3.38,2.0107
dentin,K12Sr8Ca8P2O27,79.91,3.368,2.0101
dentin,KSr5Ca4PO12,84.65,3.826,2.2394
dentin,K4Sr10Ca8P2O25,84.69,3.687,2.2132
dentin,K3Sr5Ca4PO13,84.01,3.644,2.1847
dentin,K8Sr10Ca8P2O27,82.61,3.59,2.1331
dentin,K5Sr5Ca4PO14,79.25,3.499,2.0166
dentin,K12Sr10Ca8P2O29,80.51,3.469,2.0476
dentin,KSr6Ca4PO13,83.36,3.883,2.2126
dentin,K4Sr12Ca8P2O27,84.69,3.793,2.234
dentin,K3Sr6Ca4PO14,84.01,3.744,2.2043
dentin,K8Sr12Ca8P2O29,82.61,3.682,2.1512
dentin,K5Sr6Ca4PO15,86.05,3.594,2.2352
dentin,K12Sr12Ca8P2O31,83.08,3.568,2.1424
dentin,K2Sr2Ca8P4O21,109.32,3.353,2.8718
dentin,K2SrCa4P2O11,78.33,3.197,1.9302
dentin,K6Sr2Ca8P4O23,70.1,2.978,1.6453
dentin,K4SrCa4(PO6)2,60.48,2.893,1.3459
dentin,K10Sr2Ca8P4O25,62.3,2.899,1.4003
dentin,K6SrCa4P2O13,61.77,2.862,1.3776
dentin,K2Sr4Ca8P4O23,117.32,3.584,3.1523
dentin,K2Sr6Ca8P4O25,110.28,3.822,2.992
dentin,K2Sr8Ca8P4O27,87.24,3.812,2.3128
dentin,K2Sr10Ca8P4O29,76.72,3.654,1.9725
dentin,K2Sr12Ca8P4O31,77.52,3.761,2.0172
dentin,KSrCa4P3O13,97.22,3.244,2.4947
dentin,K4Sr2Ca8(P2O9)3,103.82,3.253,2.6906
dentin,K3SrCa4P3O14,71.74,3.122,1.7216
dentin,K8Sr2Ca8P6O29,62.87,2.889,1.4152
dentin,K5SrCa4(PO5)3,62.24,2.837,1.3866
dentin,K12Sr2Ca8P6O31,58.48,2.818,1.2723
dentin,KSr2Ca4P3O14,106.34,3.448,2.8028
dentin,KSr3Ca4(PO5)3,114.03,3.654,3.0693
dentin,KSr4Ca4P3O16,116.69,3.835,3.1829
dentin,KSr5Ca4P3O17,105.11,3.966,2.8681
dentin,KSr6Ca4(PO6)3,124.48,4.099,3.464
dentin,K2Sr2Ca8P8O31,93.28,3.122,2.355
dentin,K2SrCa4(PO4)4,96.04,3.161,2.4437
dentin,K6Sr2Ca8P8O33,89.39,3.161,2.2483
dentin,K4SrCa4P4O17,83.51,3.128,2.0691
dentin,K10Sr2Ca8P8O35,60.83,2.812,1.34
dentin,K6SrCa4(P2O9)2,58.35,2.784,1.2617
dentin,K2Sr4Ca8P8O33,99.78,3.358,2.5922
dentin,K2Sr6Ca8P8O35,107.56,3.535,2.8559
dentin,K2Sr8Ca8P8O37,111.99,3.676,3.0138
dentin,K2Sr10Ca8P8O39,116.73,3.825,3.1823
dentin,K2Sr12Ca8P8O41,101.68,3.955,2.7652
dentin,KSrCa4P5O18,83.56,3.093,2.0636
dentin,K4Sr2Ca8P10O37,81.88,3.082,2.0119
dentin,K3SrCa4P5O19,83.13,3.131,2.0583
dentin,K8Sr2Ca8P10O39,78.12,3.127,1.9101
dentin,K5SrCa4(PO4)5,76.87,3.102,1.8685
dentin,K12Sr2Ca8P10O41,56.96,2.788,1.2216
dentin,KSr2Ca4P5O19,90.75,3.219,2.2997
dentin,KSr3Ca4(PO4)5,100.58,3.44,2.6319
dentin,KSr4Ca4P5O21,106.81,3.584,2.8435
dentin,KSr5Ca4P5O22,112.85,3.713,3.0462
dentin,KSr6Ca4P5O23,114.94,3.825,3.1296
dentin,K2Sr2Ca8P12O41,79.23,3.053,1.9284
dentin,K2SrCa4(P2O7)3,71.97,3.116,1.7273
dentin,K6Sr2Ca8P12O43,72.62,3.131,1.7493
dentin,K4SrCa4(P3O11)2,72.2,3.103,1.7314
dentin,K10Sr2Ca8(P4O15)3,77.72,3.099,1.8931
dentin,K6SrCa4P6O23,76.97,3.083,1.8677
dentin,K2Sr4Ca8P12O43,84.14,3.203,2.102
dentin,K2Sr6Ca8(P4O15)3,93.72,3.309,2.4047
dentin,K2Sr8Ca8P12O47,104.11,3.465,2.7404
dentin,K2Sr10Ca8P12O49,108.91,3.603,2.9087
dentin,K2Sr12Ca8(P4O17)3,109.65,3.729,2.9552
dentin,KSrCa5PO9,82.81,3.327,2.0873
dentin,K4Sr2Ca10P2O19,82.87,3.049,2.0346
dentin,K3SrCa5PO10,79.01,2.973,1.9061
dentin,K8Sr2Ca10P2O21,73.88,2.969,1.7546
dentin,K5SrCa5PO11,75.15,2.915,1.7814
dentin,K12Sr2Ca10P2O23,75.15,2.915,1.7813
dentin,KSr2Ca5PO10,81.07,3.253,2.0218
dentin,K4Sr4Ca10P2O21,83.5,3.258,2.0941
dentin,K3Sr2Ca5PO11,77.83,3.163,1.9088
dentin,K8Sr4Ca10P2O23,73.96,3.146,1.7917
dentin,K5Sr2Ca5PO12,77.85,3.077,1.8925
dentin,K12Sr4Ca10P2O25,78.73,3.065,1.9159
dentin,KSr3Ca5PO11,82.48,3.446,2.101
dentin,K4Sr6Ca10P2O23,77.2,3.392,1.9351
dentin,K3Sr3Ca5PO12,77.83,3.33,1.9417
dentin,K8Sr6Ca10P2O25,80.14,3.305,2.0046
dentin,K5Sr3Ca5PO13,79.25,3.216,1.961
dentin,K12Sr6Ca10P2O27,80.51,3.204,1.9956
dentin,KSr4Ca5PO12,84.08,3.634,2.1849
dentin,K4Sr8Ca10P2O25,82.84,3.501,2.1223
dentin,K3Sr4Ca5PO13,80.07,3.467,2.0342
dentin,K8Sr8Ca10P2O27,79.52,3.438,2.0124
dentin,K5Sr4Ca5PO14,79.25,3.345,1.9863
dentin,K12Sr8Ca10P2O29,80.51,3.318,2.0181
dentin,KSr5Ca5PO13,88.62,3.749,2.3408
dentin,K4Sr10Ca10P2O27,88.45,3.627,2.3119
dentin,K3Sr5Ca5PO14,84.58,3.592,2.1915
dentin,K8Sr10Ca10P2O29,78.65,3.542,2.0071
dentin,K5Sr5Ca5PO15,80.85,3.45,2.0537
dentin,K12Sr10Ca10P2O31,79.91,3.43,2.0224
dentin,KSr6Ca5PO14,82.81,3.808,2.1816
dentin,K4Sr12Ca10P2O29,84.69,3.73,2.2217
dentin,K3Sr6Ca5PO15,84.01,3.682,2.1921
dentin,K8Sr12Ca10P2O31,82.61,3.625,2.14
dentin,K5Sr6Ca5PO16,82.78,3.545,2.1293
dentin,K12Sr12Ca10P2O33,82.58,3.517,2.1178
dentin,K2Sr2Ca10P4O23,107.74,3.328,2.8206
dentin,K2SrCa5(PO6)2,96.0,3.29,2.468
dentin,K6Sr2Ca10P4O25,70.32,2.973,1.6508
dentin,K4SrCa5P2O13,61.33,2.896,1.3712
dentin,K10Sr2Ca10P4O27,62.38,2.896,1.4022
dentin,K6SrCa5(PO7)2,65.37,2.873,1.4855
dentin,K2Sr4Ca10P4O25,112.82,3.555,3.0145
dentin,K2Sr6Ca10P4O27,110.31,3.767,2.982
dentin,K2Sr8Ca10P4O29,87.61,3.794,2.3199
dentin,K2Sr10Ca10P4O31,79.19,3.648,2.0438
dentin,K2Sr12Ca10P4O33,77.52,3.674,2.0
dentin,KSrCa5P3O14,98.87,3.212,2.5369
dentin,K4Sr2Ca10P6O29,103.88,3.268,2.6953
dentin,K3SrCa5(PO5)3,93.69,3.209,2.3842
dentin,K8Sr2Ca10P6O31,66.01,2.879,1.5055
dentin,K5SrCa5P3O16,62.71,2.828,1.3984
dentin,K12Sr2Ca10(P2O11)3,58.61,2.824,1.277
dentin,KSr2Ca5(PO5)3,105.91,3.437,2.7881
dentin,KSr3Ca5P3O16,116.63,3.643,3.1436
dentin,KSr4Ca5P3O17,116.42,3.786,3.1654
dentin,KSr5Ca5(PO6)3,105.16,3.902,2.8574
dentin,KSr6Ca5P3O19,127.98,4.066,3.5603
dentin,K2Sr2Ca10P8O33,96.86,3.152,2.466
dentin,K2SrCa5P4O17,100.4,3.17,2.5737
dentin,K6Sr2Ca10P8O35,90.68,3.189,2.2918
dentin,K4SrCa5(P2O9)2,89.74,3.199,2.2658
dentin,K10Sr2Ca10P8O37,62.37,2.82,1.3869
dentin,K6SrCa5P4O19,60.37,2.794,1.3231
dentin,K2Sr4Ca10P8O35,102.2,3.361,2.6642
dentin,K2Sr6Ca10P8O37,105.75,3.5,2.7957
dentin,K2Sr8Ca10P8O39,118.8,3.658,3.2104
dentin,K2Sr10Ca10P8O41,112.45,3.797,3.0511
dentin,K2Sr12Ca10P8O43,111.98,3.927,3.0627
dentin,KSrCa5P5O19,93.59,3.052,2.3501
dentin,K4Sr2Ca10P10O39,90.53,3.115,2.2728
dentin,K3SrCa5(PO4)5,93.25,3.134,2.3564
dentin,K8Sr2Ca10P10O41,86.1,3.109,2.1415
dentin,K5SrCa5P5O21,86.59,3.161,2.166
dentin,K12Sr2Ca10P10O43,58.26,2.788,1.26
dentin,KSr2Ca5(PO4)5,98.98,3.27,2.5515
dentin,KSr3Ca5P5O21,99.93,3.434,2.6116
dentin,KSr4Ca5P5O22,106.45,3.562,2.8284
dentin,KSr5Ca5P5O23,113.22,3.676,3.0501
dentin,KSr6Ca5P5O24,116.45,3.803,3.1697
dentin,K2Sr2Ca10P12O43,83.45,3.075,2.0566
dentin,K2SrCa5(P3O11)2,81.88,3.037,2.0032
dentin,K6Sr2Ca10(P4O15)3,83.14,3.087,2.05
dentin,K4SrCa5P6O23,84.27,3.113,2.0883
dentin,K10Sr2Ca10P12O47,78.9,3.101,1.9281
dentin,K6SrCa5(PO4)6,77.95,3.123,1.9042
dentin,K2Sr4Ca10(P4O15)3,93.38,3.159,2.3651
dentin,K2Sr6Ca10P12O47,101.88,3.32,2.6466
dentin,K2Sr8Ca10P12O49,101.19,3.457,2.6532
dentin,K2Sr10Ca10(P4O17)3,106.88,3.611,2.8507
dentin,K2Sr12Ca10P12O53,111.04,3.714,2.9933
dentin,KSrCa6PO10,90.72,3.349,2.3241
dentin,K4Sr2Ca12P2O21,82.8,3.032,2.0294
dentin,K3SrCa6PO11,80.7,2.962,1.9537
dentin,K8Sr2Ca12P2O23,74.39,2.955,1.7668
dentin,K5SrCa6PO12,75.15,2.903,1.779
dentin,K12Sr2Ca12P2O25,75.15,2.911,1.7806
dentin,KSr2Ca6PO11,81.01,3.254,2.0202
dentin,K4Sr4Ca12P2O23,82.49,3.222,2.0573
dentin,K3Sr2Ca6PO12,75.3,3.137,1.8292
dentin,K8Sr4Ca12P2O25,75.89,3.12,1.8433
dentin,K5Sr2Ca6PO13,76.39,3.051,1.8444
dentin,K12Sr4Ca12P2O27,77.31,3.051,1.8715
dentin,KSr3Ca6PO12,82.06,3.392,2.0779
dentin,K4Sr6Ca12P2O25,77.81,3.349,1.9448
dentin,K3Sr3Ca6PO13,77.83,3.288,1.9334
dentin,K8Sr6Ca12P2O27,79.52,3.265,1.9786
dentin,K5Sr3Ca6PO14,80.85,3.191,2.003
dentin,K12Sr6Ca12P2O29,80.51,3.172,1.9895
dentin,KSr4Ca6PO13,86.24,3.558,2.2334
dentin,K4Sr8Ca12P2O27,82.84,3.471,2.1164
dentin,K3Sr4Ca6PO14,78.12,3.423,1.9683
dentin,K8Sr8Ca12P2O29,76.22,3.384,1.9047
dentin,K5Sr4Ca6PO15,80.85,3.305,2.0253
dentin,K12Sr8Ca12P2O31,79.91,3.29,1.9949
dentin,KSr5Ca6PO14,88.62,3.684,2.3281
dentin,K4Sr10Ca12P2O29,88.45,3.591,2.3049
dentin,K3Sr5Ca6PO15,82.62,3.526,2.1207
dentin,K8Sr10Ca12P2O31,76.22,3.493,1.926
dentin,K5Sr5Ca6PO16,80.22,3.412,2.0279
dentin,K12Sr10Ca12P2O33,81.52,3.387,2.0612
dentin,KSr6Ca6PO15,82.81,3.74,2.1683
dentin,K4Sr12Ca12P2O31,82.63,3.669,2.1493
dentin,K3Sr6Ca6PO16,84.58,3.627,2.1983
dentin,K8Sr12Ca12P2O33,82.61,3.585,2.1321
dentin,K5Sr6Ca6PO17,80.22,3.498,2.0448
dentin,K12Sr12Ca12P2O35,82.14,3.474,2.0963
dentin,K2Sr2Ca12P4O25,106.31,3.325,2.7778
dentin,K2SrCa6P2O13,95.48,3.32,2.4585
dentin,K6Sr2Ca12P4O27,67.32,2.94,1.556
dentin,K4SrCa6(PO7)2,64.65,2.9,1.4696
dentin,K10Sr2Ca12P4O29,64.1,2.892,1.4519
dentin,K6SrCa6P2O15,66.7,2.866,1.5232
dentin,K2Sr4Ca12P4O27,107.87,3.521,2.8622
dentin,K2Sr6Ca12P4O29,106.67,3.72,2.8659
dentin,K2Sr8Ca12P4O31,86.17,3.784,2.2759
dentin,K2Sr10Ca12P4O33,79.8,3.604,2.0534
dentin,K2Sr12Ca12P4O35,78.44,3.623,2.0171
dentin,KSrCa6(PO5)3,98.83,3.216,2.5366
dentin,K4Sr2Ca12P6O31,106.71,3.254,2.7759
dentin,K3SrCa6P3O16,101.83,3.25,2.6312
dentin,K8Sr2Ca12(P2O11)3,63.88,2.883,1.4435
dentin,K5SrCa6P3O17,64.98,2.852,1.4701
dentin,K12Sr2Ca12P6O35,59.01,2.823,1.2887
dentin,KSr2Ca6P3O16,108.6,3.446,2.869
dentin,KSr3Ca6P3O17,115.83,3.609,3.1136
dentin,KSr4Ca6(PO6)3,117.85,3.746,3.1997
dentin,KSr5Ca6P3O19,110.28,3.891,3.0057
dentin,KSr6Ca6P3O20,126.45,4.015,3.5052
dentin,K2Sr2Ca12P8O35,98.24,3.187,2.5135
dentin,K2SrCa6(P2O9)2,101.02,3.161,2.5902
dentin,K6Sr2Ca12P8O37,101.42,3.206,2.6106
dentin,K4SrCa6P4O19,91.74,3.223,2.3294
dentin,K10Sr2Ca12P8O39,63.37,2.827,1.4177
dentin,K6SrCa6(PO5)4,62.44,2.826,1.3903
dentin,K2Sr4Ca12P8O37,100.43,3.331,2.6063
dentin,K2Sr6Ca12P8O39,106.03,3.482,2.8004
dentin,K2Sr8Ca12P8O41,114.03,3.643,3.067
dentin,K2Sr10Ca12P8O43,116.63,3.784,3.1712
dentin,K2Sr12Ca12P8O45,115.65,3.893,3.1638
dentin,KSrCa6(PO4)5,97.32,3.103,2.47
dentin,K4Sr2Ca12P10O41,96.64,3.13,2.4554
dentin,K3SrCa6P5O21,96.74,3.127,2.4575
dentin,K8Sr2Ca12P10O43,89.81,3.137,2.2558
dentin,K5SrCa6P5O22,88.57,3.186,2.2291
dentin,K12Sr2Ca12(P2O9)5,60.62,2.793,1.3302
dentin,KSr2Ca6P5O21,98.11,3.27,2.5259
dentin,KSr3Ca6P5O22,101.24,3.434,2.6502
dentin,KSr4Ca6P5O23,107.05,3.532,2.8402
dentin,KSr5Ca6P5O24,115.72,3.661,3.1205
dentin,KSr6Ca6(PO5)5,114.86,3.776,3.1179
dentin,K2Sr2Ca12(P4O15)3,92.01,3.023,2.2982
dentin,K2SrCa6P6O23,89.73,3.061,2.2388
dentin,K6Sr2Ca12P12O47,93.81,3.097,2.3656
dentin,K4SrCa6(PO4)6,94.1,3.103,2.3753
dentin,K10Sr2Ca12P12O49,87.49,3.102,2.1808
dentin,K6SrCa6P6O25,86.59,3.162,2.1661
dentin,K2Sr4Ca12P12O47,98.72,3.177,2.5256
dentin,K2Sr6Ca12P12O49,98.58,3.33,2.5515
dentin,K2Sr8Ca12(P4O17)3,99.52,3.486,2.6097
dentin,K2Sr10Ca12P12O53,107.55,3.586,2.8655
dentin,K2Sr12Ca12P12O55,112.54,3.672,3.029
dentin,SrCaAlPO6,118.54,3.482,3.1682
dentin,Sr2Ca2Al4P2O15,126.44,3.433,3.3907
dentin,SrCaAl3PO9,136.75,3.429,3.693
dentin,Sr2Ca2Al8P2O21,170.17,3.386,4.6672
dentin,SrCaAl5PO12,162.76,3.318,4.4362
dentin,Sr2Ca2Al12P2O27,162.26,3.268,4.4115
dentin,Sr2CaAlPO7,120.51,3.871,3.3024
dentin,Sr4Ca2Al4P2O17,129.91,3.665,3.5385
dentin,Sr2CaAl3PO10,123.24,3.551,3.3198
dentin,Sr4Ca2Al8P2O23,115.13,3.473,3.0663
dentin,Sr2CaAl5PO13,138.86,3.541,3.7771
dentin,Sr4Ca2Al12P2O29,189.71,3.602,5.284
dentin,Sr3CaAlPO8,134.39,4.256,3.7859
dentin,Sr6Ca2Al4P2O19,118.14,3.947,3.2476
dentin,Sr3CaAl3PO11,126.35,3.793,3.4588
dentin,Sr6Ca2Al8P2O25,126.83,3.639,3.4427
dentin,Sr3CaAl5PO14,121.72,3.581,3.2813
dentin,Sr6Ca2Al12P2O31,115.63,3.502,3.0866
dentin,Sr4CaAlPO9,115.93,4.423,3.2759
dentin,Sr8Ca2Al4P2O21,136.62,4.219,3.8444
dentin,Sr4CaAl3PO12,123.12,4.0,3.4046
dentin,Sr8Ca2Al8P2O27,122.98,3.824,3.3658
dentin,Sr4CaAl5PO15,125.54,3.722,3.4209
dentin,Sr8Ca2Al12P2O33,123.8,3.6,3.3461
dentin,Sr5CaAlPO10,128.11,4.649,3.6785
dentin,Sr10Ca2Al4P2O23,119.39,4.374,3.3682
dentin,Sr5CaAl3PO13,135.88,4.207,3.8202
dentin,Sr10Ca2Al8P2O29,127.93,4.02,3.5498
dentin,Sr5CaAl5PO16,119.59,3.876,3.2765
dentin,Sr10Ca2Al12P2O35,125.88,3.788,3.444
dentin,Sr6CaAlPO11,100.12,4.221,2.7717
dentin,Sr12Ca2Al4P2O25,123.07,4.511,3.5032
dentin,Sr6CaAl3PO14,127.15,4.323,3.5865
dentin,Sr12Ca2Al8P2O31,133.27,4.195,3.7412
dentin,Sr6CaAl5PO17,128.97,4.039,3.5841
dentin,Sr12Ca2Al12P2O37,122.33,3.913,3.3641
dentin,Sr2Ca2Al2P4O17,107.82,3.329,2.8231
dentin,SrCaAl2(PO5)2,117.65,3.324,3.1112
dentin,Sr2Ca2Al6P4O23,122.9,3.198,3.2407
dentin,SrCaAl4P2O13,123.79,3.152,3.2577
dentin,Sr2Ca2Al10P4O29,121.08,3.113,3.1705
dentin,SrCaAl6(PO8)2,116.64,3.035,3.0247
dentin,Sr4Ca2Al2P4O19,123.65,3.562,3.3341
dentin,Sr2CaAl2P2O11,120.67,3.53,3.2404
dentin,Sr4Ca2Al6P4O25,114.32,3.416,3.0312
dentin,Sr2CaAl4(PO7)2,123.3,3.439,3.2999
dentin,Sr4Ca2Al10P4O31,132.66,3.445,3.576
dentin,Sr2CaAl6P2O17,138.31,3.373,3.7281
dentin,Sr6Ca2Al2P4O21,121.86,3.896,3.3469
dentin,Sr3CaAl2(PO6)2,127.39,3.756,3.4823
dentin,Sr6Ca2Al6P4O27,127.93,3.582,3.4638
dentin,Sr3CaAl4P2O15,126.38,3.631,3.4281
dentin,Sr6Ca2Al10P4O33,120.32,3.497,3.2234
dentin,Sr3CaAl6(PO9)2,143.74,3.589,3.93
dentin,Sr8Ca2Al2P4O23,130.01,4.113,3.6292
dentin,Sr4CaAl2P2O13,115.52,3.927,3.1667
dentin,Sr8Ca2Al6P4O29,126.19,3.82,3.4592
dentin,Sr4CaAl4(PO8)2,128.46,3.679,3.4986
dentin,Sr8Ca2Al10P4O35,126.86,3.635,3.4427
dentin,Sr4CaAl6P2O19,125.52,3.606,3.3979
dentin,Sr10Ca2Al2P4O25,134.24,4.326,3.7955
dentin,Sr5CaAl2(PO7)2,131.52,4.1,3.6712
dentin,Sr10Ca2Al6P4O31,119.5,3.954,3.289
dentin,Sr5CaAl4P2O17,124.08,3.847,3.4026
dentin,Sr10Ca2Al10P4O37,132.18,3.755,3.6227
dentin,Sr5CaAl6(PO10)2,128.49,3.654,3.4944
dentin,Sr12Ca2Al2P4O27,114.23,4.466,3.2345
dentin,Sr6CaAl2P2O15,131.82,4.303,3.7198
dentin,Sr12Ca2Al6P4O33,128.15,4.103,3.5727
dentin,Sr6CaAl4(PO9)2,116.53,3.992,3.2091
dentin,Sr12Ca2Al10P4O39,119.78,3.88,3.2826
dentin,Sr6CaAl6P2O21,126.45,3.802,3.4637
dentin,SrCaAlP3O11,92.89,3.082,2.3356
dentin,Sr2Ca2Al4P6O25,107.93,3.013,2.7643
dentin,SrCaAl3P3O14,111.14,2.993,2.8547
dentin,Sr2Ca2Al8P6O31,125.63,3.039,3.2898
dentin,SrCaAl5P3O17,122.31,3.022,3.1887
dentin,Sr2Ca2Al12P6O37,119.44,3.014,3.1028
dentin,Sr2CaAl(PO4)3,86.2,3.405,2.2024
dentin,Sr4Ca2Al4(P2O9)3,115.49,3.38,3.0587
dentin,Sr2CaAl3(PO5)3,119.25,3.382,3.1695
dentin,Sr4Ca2Al8(P2O11)3,125.32,3.328,3.3371
dentin,Sr2CaAl5(PO6)3,126.32,3.292,3.3596
dentin,Sr4Ca2Al12(P2O13)3,126.12,3.247,3.3449
dentin,Sr3CaAlP3O13,123.6,3.629,3.3458
dentin,Sr6Ca2Al4P6O29,112.37,3.5,2.9902
dentin,Sr3CaAl3P3O16,115.72,3.513,3.0914
dentin,Sr6Ca2Al8P6O35,113.93,3.426,3.0216
dentin,Sr3CaAl5P3O19,127.19,3.465,3.419
dentin,Sr6Ca2Al12P6O41,122.45,3.416,3.2702
dentin,Sr4CaAlP3O14,120.96,3.868,3.3152
dentin,Sr8Ca2Al4P6O31,128.06,3.743,3.4995
dentin,Sr4CaAl3P3O17,129.13,3.619,3.5064
dentin,Sr8Ca2Al8P6O37,125.52,3.575,3.3918
dentin,Sr4CaAl5P3O20,124.27,3.581,3.3563
dentin,Sr8Ca2Al12P6O43,115.55,3.483,3.0806
dentin,Sr5CaAl(PO5)3,128.65,4.084,3.5836
dentin,Sr10Ca2Al4(P2O11)3,118.78,3.936,3.2644
dentin,Sr5CaAl3(PO6)3,125.92,3.838,3.4549
dentin,Sr10Ca2Al8(P2O13)3,130.54,3.689,3.5617
dentin,Sr5CaAl5(PO7)3,128.68,3.629,3.4952
dentin,Sr10Ca2Al12(P2O15)3,131.72,3.703,3.5993
dentin,Sr6CaAlP3O16,131.44,4.228,3.6939
dentin,Sr12Ca2Al4P6O35,126.01,4.076,3.5044
dentin,Sr6CaAl3P3O19,115.57,3.961,3.1748
dentin,Sr12Ca2Al8P6O41,123.38,3.862,3.3851
dentin,Sr6CaAl5P3O22,128.85,3.777,3.5291
dentin,Sr12Ca2Al12P6O47,129.01,3.692,3.5173
dentin,Sr2Ca2Al2P8O27,92.47,2.972,2.3015
dentin,SrCaAl2P4O15,111.36,2.925,2.8478
dentin,Sr2Ca2Al6P8O33,114.08,2.887,2.9203
dentin,SrCaAl4(P2O9)2,107.65,2.882,2.7301
dentin,Sr2Ca2Al10P8O39,108.02,2.853,2.7354
dentin,SrCaAl6P4O21,116.34,2.905,2.9904
dentin,Sr4Ca2Al2P8O29,89.91,3.251,2.2811
dentin,Sr2CaAl2(PO4)4,106.27,3.203,2.7528
dentin,Sr4Ca2Al6P8O35,108.76,3.211,2.8274
dentin,Sr2CaAl4P4O19,122.26,3.172,3.2167
dentin,Sr4Ca2Al10P8O41,123.51,3.133,3.2459
dentin,Sr2CaAl6(P2O11)2,126.11,3.133,3.3223
dentin,Sr6Ca2Al2P8O31,90.7,3.518,2.3569
dentin,Sr3CaAl2P4O17,110.3,3.444,2.9186
dentin,Sr6Ca2Al6P8O37,114.65,3.403,3.0383
dentin,Sr3CaAl4(PO5)4,118.5,3.427,3.1561
dentin,Sr6Ca2Al10P8O43,118.13,3.339,3.1281
dentin,Sr3CaAl6P4O23,126.02,3.363,3.3647
dentin,Sr8Ca2Al2P8O33,120.73,3.654,3.2665
dentin,Sr4CaAl2(P2O9)2,106.14,3.559,2.8187
dentin,Sr8Ca2Al6P8O39,121.6,3.585,3.2784
dentin,Sr4CaAl4P4O21,111.27,3.501,2.9581
dentin,Sr8Ca2Al10P8O45,112.82,3.433,2.9903
dentin,Sr4CaAl6(PO6)4,131.73,3.514,3.5621
dentin,Sr10Ca2Al2P8O35,124.18,3.839,3.4042
dentin,Sr5CaAl2P4O19,125.98,3.732,3.4359
dentin,Sr10Ca2Al6P8O41,131.26,3.651,3.5753
dentin,Sr5CaAl4(P2O11)2,127.64,3.555,3.4503
dentin,Sr10Ca2Al10P8O47,123.78,3.615,3.3485
dentin,Sr5CaAl6P4O25,119.91,3.533,3.2185
dentin,Sr12Ca2Al2P8O37,124.54,4.043,3.4548
dentin,Sr6CaAl2(PO5)4,119.87,3.94,3.2971
dentin,Sr12Ca2Al6P8O43,127.6,3.821,3.5009
dentin,Sr6CaAl4P4O23,131.96,3.709,3.6074
dentin,Sr12Ca2Al10P8O49,129.96,3.628,3.5326
dentin,Sr6CaAl6(P2O13)2,130.61,3.628,3.5517
dentin,SrCaAlP5O16,85.19,2.9,2.0737
dentin,Sr2Ca2Al4(P2O7)5,98.37,2.878,2.4568
dentin,SrCaAl3P5O19,111.2,2.854,2.8291
dentin,Sr2Ca2Al8P10O41,111.13,2.833,2.8231
dentin,SrCaAl5P5O22,105.53,2.808,2.6533
dentin,Sr2Ca2Al12P10O47,107.44,2.79,2.706
dentin,Sr2CaAlP5O17,90.12,3.139,2.2653
dentin,Sr4Ca2Al4P10O37,99.19,3.119,2.528
dentin,Sr2CaAl3(PO4)5,116.41,3.079,3.0263
dentin,Sr4Ca2Al8P10O43,110.1,3.009,2.8273
dentin,Sr2CaAl5P5O23,111.22,2.997,2.8577
dentin,Sr4Ca2Al12P10O49,112.16,3.018,2.8897
dentin,Sr3CaAlP5O18,91.26,3.34,2.3383
dentin,Sr6Ca2Al4P10O39,98.97,3.278,2.553
dentin,Sr3CaAl3P5O21,109.9,3.301,2.8786
dentin,Sr6Ca2Al8(P2O9)5,109.48,3.301,2.8664
dentin,Sr3CaAl5P5O24,120.87,3.261,3.1934
dentin,Sr6Ca2Al12P10O51,123.89,3.238,3.2776
dentin,Sr4CaAlP5O19,90.17,3.57,2.3514
dentin,Sr8Ca2Al4P10O41,100.17,3.506,2.6328
dentin,Sr4CaAl3P5O22,114.5,3.447,3.0427
dentin,Sr8Ca2Al8P10O47,114.65,3.408,3.0393
dentin,Sr4CaAl5(PO5)5,118.5,3.457,3.162
dentin,Sr8Ca2Al12P10O53,125.15,3.422,3.3509
dentin,Sr5CaAl(PO4)5,106.28,3.679,2.8464
dentin,Sr10Ca2Al4P10O43,109.89,3.595,2.9362
dentin,Sr5CaAl3P5O23,119.33,3.52,3.199
dentin,Sr10Ca2Al8P10O49,117.74,3.577,3.1633
dentin,Sr5CaAl5P5O26,113.76,3.496,3.0304
dentin,Sr10Ca2Al12(P2O11)5,113.64,3.444,3.0169
dentin,Sr6CaAlP5O21,125.16,3.82,3.429
dentin,Sr12Ca2Al4(P2O9)5,123.73,3.736,3.3708
dentin,Sr6CaAl3P5O24,120.17,3.673,3.2536
dentin,Sr12Ca2Al8P10O51,128.95,3.591,3.4957
dentin,Sr6CaAl5P5O27,119.57,3.574,3.2166
dentin,Sr12Ca2Al12P10O57,120.15,3.584,3.2355
dentin,Sr2Ca2Al2P12O37,89.85,2.838,2.1983
dentin,SrCaAl2(P3O10)2,95.71,2.817,2.3667
dentin,Sr2Ca2Al6P12O43,111.17,2.806,2.8188
dentin,SrCaAl4P6O23,118.54,2.789,3.0321
dentin,Sr2Ca2Al10P12O49,117.57,2.786,3.003
dentin,SrCaAl6(P3O13)2,113.06,2.749,2.8633
dentin,Sr4Ca2Al2(P4O13)3,94.06,3.075,2.3689
dentin,Sr2CaAl2(P2O7)3,86.78,3.059,2.1515
dentin,Sr4Ca2Al6(P4O15)3,111.99,3.003,2.8815
dentin,Sr2CaAl4(PO4)6,116.06,2.967,2.9943
dentin,Sr4Ca2Al10(P4O17)3,107.2,2.946,2.7295
dentin,Sr2CaAl6(P2O9)3,108.81,2.926,2.773
dentin,Sr6Ca2Al2P12O41,90.85,3.263,2.311
dentin,Sr3CaAl2(P3O11)2,91.36,3.221,2.3178
dentin,Sr6Ca2Al6P12O47,110.11,3.188,2.8626
dentin,Sr3CaAl4P6O25,107.76,3.167,2.7893
dentin,Sr6Ca2Al10P12O53,111.09,3.117,2.8776
dentin,Sr3CaAl6(P3O14)2,111.65,3.113,2.8931
dentin,Sr8Ca2Al2P12O43,91.81,3.423,2.3709
dentin,Sr4CaAl2P6O23,95.29,3.353,2.4594
dentin,Sr8Ca2Al6P12O49,106.84,3.327,2.7939
dentin,Sr4CaAl4(P3O13)2,112.76,3.379,2.978
dentin,Sr8Ca2Al10P12O55,117.02,3.347,3.097
dentin,Sr4CaAl6P6O29,121.84,3.369,3.243
dentin,Sr10Ca2Al2(P4O15)3,95.8,3.62,2.5268
dentin,Sr5CaAl2(PO4)6,91.76,3.528,2.3899
dentin,Sr10Ca2Al6(P4O17)3,111.66,3.513,2.9719
dentin,Sr5CaAl4(P2O9)3,114.92,3.463,3.058
dentin,Sr10Ca2Al10(P4O19)3,114.65,3.423,3.0424
dentin,Sr5CaAl6(PO5)6,119.06,3.48,3.183
dentin,Sr12Ca2Al2P12O47,102.31,3.699,2.7335
dentin,Sr6CaAl2P6O25,108.84,3.62,2.91
dentin,Sr12Ca2Al6P12O53,107.53,3.545,2.8568
dentin,Sr6CaAl4(P3O14)2,118.59,3.564,3.1859
dentin,Sr12Ca2Al10P12O59,118.63,3.555,3.1851
dentin,Sr6CaAl6P6O31,113.76,3.488,3.0288
dentin,SrCa2AlPO7,117.88,3.43,3.1385
dentin,Sr2Ca4Al4P2O17,117.9,3.388,3.131
dentin,SrCa2Al3PO10,124.7,3.347,3.3229
dentin,Sr2Ca4Al8P2O23,130.38,3.338,3.4881
dentin,SrCa2Al5PO13,169.46,3.367,4.6426
dentin,Sr2Ca4Al12P2O29,169.64,3.348,4.6443
dentin,Sr2Ca2AlPO8,122.48,3.855,3.357
dentin,Sr4Ca4Al4P2O19,124.33,3.623,3.3661
dentin,Sr2Ca2Al3PO11,120.58,3.495,3.2308
dentin,Sr4Ca4Al8P2O25,116.39,3.496,3.1078
dentin,Sr2Ca2Al5PO14,110.76,3.372,2.918
dentin,Sr4Ca4Al12P2O31,127.06,3.434,3.4092
dentin,Sr3Ca2AlPO9,145.51,4.114,4.0853
dentin,Sr6Ca4Al4P2O21,120.71,3.913,3.3164
dentin,Sr3Ca2Al3PO12,123.28,3.73,3.3563
dentin,Sr6Ca4Al8P2O27,123.99,3.614,3.3543
dentin,Sr3Ca2Al5PO15,119.33,3.527,3.2003
dentin,Sr6Ca4Al12P2O33,116.02,3.501,3.0979
dentin,Sr4Ca2AlPO10,139.84,4.314,3.9578
dentin,Sr8Ca4Al4P2O23,141.54,4.12,3.9697
dentin,Sr4Ca2Al3PO13,120.05,3.954,3.3053
dentin,Sr8Ca4Al8P2O29,122.8,3.801,3.3561
dentin,Sr4Ca2Al5PO16,128.38,3.701,3.5005
dentin,Sr8Ca4Al12P2O35,125.2,3.602,3.3876
dentin,Sr5Ca2AlPO11,135.41,4.51,3.8658
dentin,Sr10Ca4Al4P2O25,140.74,4.315,3.9845
dentin,Sr5Ca2Al3PO14,138.26,4.115,3.8721
dentin,Sr10Ca4Al8P2O31,122.48,3.988,3.3834
dentin,Sr5Ca2Al5PO17,118.76,3.848,3.2465
dentin,Sr10Ca4Al12P2O37,125.28,3.769,3.4227
dentin,Sr6Ca2AlPO12,115.28,4.372,3.2468
dentin,Sr12Ca4Al4P2O27,125.9,4.415,3.5678
dentin,Sr6Ca2Al3PO15,143.52,4.28,4.0592
dentin,Sr12Ca4Al8P2O33,137.9,4.123,3.8631
dentin,Sr6Ca2Al5PO18,129.07,4.007,3.5809
dentin,Sr12Ca4Al12P2O39,119.18,3.89,3.267
dentin,Sr2Ca4Al2P4O19,108.81,3.322,2.8508
dentin,SrCa2Al2P2O11,119.57,3.37,3.1764
dentin,Sr2Ca4Al6P4O25,119.74,3.284,3.1646
dentin,SrCa2Al4(PO7)2,131.07,3.26,3.4929
dentin,Sr2Ca4Al10P4O31,131.35,3.219,3.4932
dentin,SrCa2Al6P2O17,133.72,3.169,3.5531
dentin,Sr4Ca4Al2P4O21,128.95,3.582,3.4938
dentin,Sr6Ca4Al2P4O23,124.69,3.817,3.4149
dentin,Sr8Ca4Al2P4O25,134.2,4.056,3.7413
dentin,Sr10Ca4Al2P4O27,136.63,4.259,3.8525
dentin,Sr12Ca4Al2P4O29,129.03,4.397,3.656
dentin,SrCa2Al(PO4)3,84.59,3.204,2.1156
dentin,Sr2Ca4Al4(P2O9)3,114.94,3.209,3.0089
dentin,SrCa2Al3(PO5)3,125.48,3.215,3.3198
dentin,Sr2Ca4Al8(P2O11)3,124.73,3.108,3.2769
dentin,SrCa2Al5(PO6)3,124.71,3.081,3.271
dentin,Sr2Ca4Al12(P2O13)3,124.86,3.075,3.274
dentin,Sr2Ca2AlP3O13,109.72,3.356,2.8844
dentin,Sr3Ca2AlP3O14,125.77,3.623,3.4083
dentin,Sr4Ca2Al(PO5)3,122.81,3.86,3.3678
dentin,Sr5Ca2AlP3O16,125.74,4.011,3.4837
dentin,Sr6Ca2AlP3O17,134.89,4.193,3.7886
dentin,Sr2Ca4Al2P8O29,91.63,3.026,2.2876
dentin,SrCa2Al2(PO4)4,110.43,2.987,2.8328
dentin,Sr2Ca4Al6P8O35,110.25,2.997,2.8293
dentin,SrCa2Al4P4O19,122.43,2.996,3.1871
dentin,Sr2Ca4Al10P8O41,123.58,2.983,3.2184
dentin,SrCa2Al6(P2O11)2,125.86,3.014,3.2917
dentin,Sr4Ca4Al2P8O31,83.98,3.294,2.1153
dentin,Sr6Ca4Al2P8O33,112.26,3.443,2.9759
dentin,Sr8Ca4Al2P8O35,126.79,3.652,3.4442
dentin,Sr10Ca4Al2P8O37,121.0,3.855,3.3136
dentin,Sr12Ca4Al2P8O39,122.29,4.002,3.3807
dentin,SrCa2AlP5O17,91.22,2.939,2.2583
dentin,Sr2Ca4Al4P10O37,100.55,2.916,2.5281
dentin,SrCa2Al3(PO4)5,114.25,2.889,2.9257
dentin,Sr2Ca4Al8P10O43,106.89,2.849,2.7015
dentin,SrCa2Al5P5O23,105.95,2.861,2.6761
dentin,Sr2Ca4Al12P10O49,114.89,2.886,2.944
dentin,Sr2Ca2AlP5O18,89.91,3.193,2.2699
dentin,Sr3Ca2AlP5O19,85.74,3.392,2.1862
dentin,Sr4Ca2Al(PO4)5,102.85,3.499,2.7102
dentin,Sr5Ca2AlP5O21,126.89,3.673,3.4513
dentin,Sr6Ca2AlP5O22,126.06,3.827,3.4571
dentin,Sr2Ca4Al2(P4O13)3,92.61,2.882,2.2883
dentin,SrCa2Al2(P2O7)3,85.74,2.88,2.0857
dentin,Sr2Ca4Al6(P4O15)3,110.43,2.853,2.8064
dentin,SrCa2Al4(PO4)6,113.59,2.824,2.8937
dentin,Sr2Ca4Al10(P4O17)3,104.3,2.825,2.6205
dentin,SrCa2Al6(P2O9)3,106.9,2.812,2.6945
dentin,Sr4Ca4Al2P12O41,90.58,3.098,2.2709
dentin,Sr6Ca4Al2P12O43,89.81,3.262,2.2803
dentin,Sr8Ca4Al2(P4O15)3,90.32,3.468,2.3358
dentin,Sr10Ca4Al2P12O47,105.61,3.543,2.7999
dentin,Sr12Ca4Al2P12O49,123.65,3.678,3.3567
dentin,SrCa3AlPO8,119.06,3.437,3.1746
dentin,Sr2Ca6Al4P2O19,116.44,3.312,3.0731
dentin,SrCa3Al3PO11,115.4,3.309,3.0418
dentin,Sr2Ca6Al8P2O25,118.59,3.309,3.1356
dentin,SrCa3Al5PO14,121.47,3.263,3.2113
dentin,Sr2Ca6Al12P2O31,130.44,3.288,3.4801
dentin,Sr2Ca3AlPO9,131.21,3.757,3.5948
dentin,Sr4Ca6Al4P2O21,119.4,3.605,3.2175
dentin,Sr2Ca3Al3PO12,118.54,3.504,3.1724
dentin,Sr4Ca6Al8P2O27,117.79,3.387,3.1277
dentin,Sr2Ca3Al5PO15,114.46,3.407,3.0334
dentin,Sr4Ca6Al12P2O33,107.39,3.342,2.8129
dentin,Sr3Ca3AlPO10,146.52,4.018,4.096
dentin,Sr6Ca6Al4P2O23,126.26,3.838,3.4652
dentin,Sr3Ca3Al3PO13,120.64,3.702,3.2731
dentin,Sr6Ca6Al8P2O29,123.9,3.617,3.3523
dentin,Sr3Ca3Al5PO16,119.83,3.508,3.2112
dentin,Sr6Ca6Al12P2O35,118.64,3.477,3.1701
dentin,Sr4Ca3AlPO11,148.04,4.22,4.1805
dentin,Sr8Ca6Al4P2O25,147.88,4.058,4.1437
dentin,Sr4Ca3Al3PO14,119.37,3.886,3.2721
dentin,Sr8Ca6Al8P2O31,121.42,3.774,3.3103
dentin,Sr4Ca3Al5PO17,123.07,3.664,3.337
dentin,Sr8Ca6Al12P2O37,125.08,3.593,3.3822
dentin,Sr5Ca3AlPO12,145.17,4.343,4.1201
dentin,Sr10Ca6Al4P2O27,150.52,4.23,4.2551
dentin,Sr5Ca3Al3PO15,144.19,4.056,4.0348
dentin,Sr10Ca6Al8P2O33,124.53,3.923,3.431
dentin,Sr5Ca3Al5PO18,122.43,3.824,3.3499
dentin,Sr10Ca6Al12P2O39,123.01,3.724,3.3471
dentin,Sr6Ca3AlPO13,126.71,4.267,3.5623
dentin,Sr12Ca6Al4P2O29,136.97,4.337,3.8779
dentin,Sr6Ca3Al3PO16,150.47,4.211,4.2499
dentin,Sr12Ca6Al8P2O35,140.72,4.07,3.9355
dentin,Sr6Ca3Al5PO19,126.07,3.956,3.4826
dentin,Sr12Ca6Al12P2O41,119.45,3.865,3.2699
dentin,Sr2Ca6Al2P4O21,114.87,3.272,3.0191
dentin,SrCa3Al2(PO6)2,116.64,3.317,3.0799
dentin,Sr2Ca6Al6P4O27,156.06,3.407,4.2567
dentin,SrCa3Al4P2O15,162.58,3.369,4.4408
dentin,Sr2Ca6Al10P4O33,168.55,3.353,4.6133
dentin,SrCa3Al6(PO9)2,168.49,3.303,4.6017
dentin,Sr4Ca6Al2P4O23,121.4,3.526,3.2609
dentin,Sr6Ca6Al2P4O25,129.19,3.797,3.5433
dentin,Sr8Ca6Al2P4O27,133.58,4.017,3.7155
dentin,Sr10Ca6Al2P4O29,142.56,4.195,4.0143
dentin,Sr12Ca6Al2P4O31,132.89,4.31,3.7524
dentin,SrCa3AlP3O13,104.3,3.214,2.6969
dentin,Sr2Ca6Al4P6O29,117.49,3.27,3.0957
dentin,SrCa3Al3P3O16,114.7,3.22,3.0038
dentin,Sr2Ca6Al8P6O35,125.31,3.24,3.3199
dentin,SrCa3Al5P3O19,131.3,3.164,3.481
dentin,Sr2Ca6Al12P6O41,129.53,3.123,3.4209
dentin,Sr2Ca3AlP3O14,117.87,3.39,3.1306
dentin,Sr3Ca3Al(PO5)3,126.81,3.616,3.4377
dentin,Sr4Ca3AlP3O16,124.3,3.807,3.4012
dentin,Sr5Ca3AlP3O17,122.49,3.977,3.3813
dentin,Sr6Ca3Al(PO6)3,135.71,4.125,3.7992
dentin,Sr2Ca6Al2P8O31,83.76,3.142,2.0791
dentin,SrCa3Al2P4O17,109.49,3.133,2.8337
dentin,Sr2Ca6Al6P8O37,123.08,3.193,3.2451
dentin,SrCa3Al4(PO5)4,123.6,3.149,3.2515
dentin,Sr2Ca6Al10P8O43,125.03,3.06,3.2763
dentin,SrCa3Al6P4O23,124.85,3.044,3.2679
dentin,Sr4Ca6Al2P8O33,110.1,3.348,2.8937
dentin,Sr6Ca6Al2P8O35,117.99,3.47,3.1497
dentin,Sr8Ca6Al2P8O37,124.48,3.66,3.3778
dentin,Sr10Ca6Al2P8O39,123.03,3.832,3.3687
dentin,Sr12Ca6Al2P8O41,118.15,3.963,3.2511
dentin,SrCa3AlP5O18,89.64,3.004,2.225
dentin,Sr2Ca6Al4P10O39,98.15,2.98,2.4702
dentin,SrCa3Al3P5O21,112.22,2.983,2.8847
dentin,Sr2Ca6Al8(P2O9)5,119.36,3.013,3.1003
dentin,SrCa3Al5P5O24,124.35,2.969,3.2383
dentin,Sr2Ca6Al12P10O51,125.57,2.967,3.274
dentin,Sr2Ca3AlP5O19,83.0,3.216,2.0712
dentin,Sr3Ca3Al(PO4)5,101.35,3.371,2.641
dentin,Sr4Ca3AlP5O21,125.71,3.528,3.3881
dentin,Sr5Ca3AlP5O22,126.06,3.662,3.4248
dentin,Sr6Ca3AlP5O23,125.34,3.812,3.4331
dentin,Sr2Ca6Al2P12O41,91.32,2.941,2.2618
dentin,SrCa3Al2(P3O11)2,93.77,2.917,2.3292
dentin,Sr2Ca6Al6P12O47,110.22,2.88,2.8055
dentin,SrCa3Al4P6O25,106.96,2.876,2.7088
dentin,Sr2Ca6Al10P12O53,109.01,2.847,2.7634
dentin,SrCa3Al6(P3O14)2,107.77,2.874,2.7321
dentin,Sr4Ca6Al2P12O43,88.41,3.134,2.2141
dentin,Sr6Ca6Al2(P4O15)3,88.43,3.32,2.2512
dentin,Sr8Ca6Al2P12O47,100.95,3.391,2.6333
dentin,Sr10Ca6Al2P12O49,124.41,3.554,3.355
dentin,Sr12Ca6Al2(P4O17)3,124.65,3.672,3.3852
dentin,SrCa4AlPO9,118.72,3.402,3.1578
dentin,Sr2Ca8Al4P2O21,112.48,3.328,2.9599
dentin,SrCa4Al3PO12,113.44,3.244,2.9715
dentin,Sr2Ca8Al8P2O27,107.2,3.246,2.7886
dentin,SrCa4Al5PO15,118.68,3.29,3.1348
dentin,Sr2Ca8Al12P2O33,117.33,3.268,3.0906
dentin,Sr2Ca4AlPO10,137.72,3.71,3.7769
dentin,Sr4Ca8Al4P2O23,120.56,3.563,3.2435
dentin,Sr2Ca4Al3PO13,115.75,3.489,3.0876
dentin,Sr4Ca8Al8P2O29,118.41,3.404,3.1493
dentin,Sr2Ca4Al5PO16,119.65,3.379,3.1805
dentin,Sr4Ca8Al12P2O35,113.09,3.346,2.9815
dentin,Sr3Ca4AlPO11,140.75,3.953,3.9137
dentin,Sr6Ca8Al4P2O25,134.34,3.794,3.6939
dentin,Sr3Ca4Al3PO14,122.66,3.661,3.3245
dentin,Sr6Ca8Al8P2O31,120.72,3.579,3.2512
dentin,Sr3Ca4Al5PO17,116.66,3.506,3.1177
dentin,Sr6Ca8Al12P2O37,118.85,3.42,3.1652
dentin,Sr4Ca4AlPO12,151.07,4.127,4.2512
dentin,Sr8Ca8Al4P2O27,140.71,3.988,3.9194
dentin,Sr4Ca4Al3PO15,127.25,3.848,3.496
dentin,Sr8Ca8Al8P2O33,122.89,3.732,3.3451
dentin,Sr4Ca4Al5PO18,122.45,3.647,3.3155
dentin,Sr8Ca8Al12P2O39,124.0,3.596,3.3511
dentin,Sr5Ca4AlPO13,155.96,4.221,4.4132
dentin,Sr10Ca8Al4P2O29,149.29,4.163,4.2059
dentin,Sr5Ca4Al3PO16,146.91,4.02,4.1077
dentin,Sr10Ca8Al8P2O35,121.75,3.886,3.3418
dentin,Sr5Ca4Al5PO19,124.07,3.79,3.3914
dentin,Sr10Ca8Al12P2O41,122.92,3.702,3.3403
dentin,Sr6Ca4AlPO14,145.28,4.263,4.1076
dentin,Sr12Ca8Al4P2O31,155.92,4.266,4.4209
dentin,Sr6Ca4Al3PO17,149.86,4.158,4.2217
dentin,Sr12Ca8Al8P2O37,145.3,4.033,4.0631
dentin,Sr6Ca4Al5PO20,128.16,3.917,3.5366
dentin,Sr12Ca8Al12P2O43,124.03,3.835,3.3989
dentin,Sr2Ca8Al2P4O23,114.88,3.291,3.023
dentin,SrCa4Al2P2O13,106.4,3.24,2.7639
dentin,Sr2Ca8Al6P4O29,108.86,3.237,2.8355
dentin,SrCa4Al4(PO8)2,129.89,3.35,3.4759
dentin,Sr2Ca8Al10P4O35,154.15,3.328,4.1848
dentin,SrCa4Al6P2O19,163.75,3.309,4.4633
dentin,Sr4Ca8Al2P4O25,122.22,3.534,3.2866
dentin,Sr6Ca8Al2P4O27,129.18,3.779,3.5394
dentin,Sr8Ca8Al2P4O29,130.24,3.973,3.6084
dentin,Sr10Ca8Al2P4O31,144.65,4.116,4.0603
dentin,Sr12Ca8Al2P4O33,146.24,4.237,4.1306
dentin,SrCa4AlP3O14,110.39,3.26,2.8851
dentin,Sr2Ca8Al4P6O31,109.38,3.22,2.8474
dentin,SrCa4Al3P3O17,124.99,3.32,3.3263
dentin,Sr2Ca8Al8P6O37,122.42,3.251,3.2371
dentin,SrCa4Al5P3O20,158.84,3.296,4.3166
dentin,Sr2Ca8Al12P6O43,157.95,3.217,4.2749
dentin,Sr2Ca4Al(PO5)3,119.63,3.429,3.1899
dentin,Sr3Ca4AlP3O16,123.75,3.599,3.3444
dentin,Sr4Ca4AlP3O17,124.38,3.785,3.3995
dentin,Sr5Ca4Al(PO6)3,124.48,3.937,3.4322
dentin,Sr6Ca4AlP3O19,136.22,4.1,3.8093
dentin,Sr2Ca8Al2P8O33,106.75,3.139,2.7543
dentin,SrCa4Al2(P2O9)2,102.51,3.215,2.6445
dentin,Sr2Ca8Al6P8O39,116.4,3.181,3.0463
dentin,SrCa4Al4P4O21,124.4,3.208,3.2868
dentin,Sr2Ca8Al10P8O45,124.7,3.167,3.2875
dentin,SrCa4Al6(PO6)4,128.33,3.143,3.3896
dentin,Sr4Ca8Al2P8O35,111.95,3.269,2.9326
dentin,Sr6Ca8Al2P8O37,121.35,3.512,3.2565
dentin,Sr8Ca8Al2P8O39,124.9,3.651,3.3884
dentin,Sr10Ca8Al2P8O41,124.36,3.801,3.4018
dentin,Sr12Ca8Al2P8O43,118.28,3.925,3.2473
dentin,SrCa4AlP5O19,83.43,3.102,2.0612
dentin,Sr2Ca8Al4P10O41,99.6,3.087,2.5338
dentin,SrCa4Al3P5O22,115.92,3.131,3.0223
dentin,Sr2Ca8Al8P10O47,122.63,3.149,3.2231
dentin,SrCa4Al5(PO5)5,123.89,3.109,3.2524
dentin,Sr2Ca8Al12P10O53,126.25,3.074,3.3148
dentin,Sr2Ca4Al(PO4)5,98.24,3.268,2.5294
dentin,Sr3Ca4AlP5O21,112.21,3.349,2.9562
dentin,Sr4Ca4AlP5O22,125.73,3.529,3.3889
dentin,Sr5Ca4AlP5O23,125.02,3.659,3.3934
dentin,Sr6Ca4AlP5O24,122.26,3.817,3.3434
dentin,Sr2Ca8Al2P12O43,88.21,2.983,2.1788
dentin,SrCa4Al2P6O23,95.52,2.984,2.3937
dentin,Sr2Ca8Al6P12O49,109.36,2.99,2.8018
dentin,SrCa4Al4(P3O13)2,117.28,2.999,3.0366
dentin,Sr2Ca8Al10P12O55,119.52,2.991,3.1007
dentin,SrCa4Al6P6O29,123.78,2.996,3.227
dentin,Sr4Ca8Al2(P4O15)3,87.76,3.163,2.2007
dentin,Sr6Ca8Al2P12O47,99.54,3.356,2.5848
dentin,Sr8Ca8Al2P12O49,116.56,3.415,3.0969
dentin,Sr10Ca8Al2(P4O17)3,124.62,3.56,3.3623
dentin,Sr12Ca8Al2P12O53,125.49,3.673,3.4099
dentin,SrCa5AlPO10,120.59,3.389,3.2103
dentin,Sr2Ca10Al4P2O23,115.03,3.295,3.0285
dentin,SrCa5Al3PO13,110.08,3.246,2.8731
dentin,Sr2Ca10Al8P2O29,114.57,3.247,3.0054
dentin,SrCa5Al5PO16,108.68,3.229,2.8286
dentin,Sr2Ca10Al12P2O35,119.98,3.273,3.1696
dentin,Sr2Ca5AlPO11,138.46,3.681,3.7929
dentin,Sr4Ca10Al4P2O25,124.83,3.543,3.3652
dentin,Sr2Ca5Al3PO14,115.6,3.438,3.0733
dentin,Sr4Ca10Al8P2O31,115.29,3.401,3.0567
dentin,Sr2Ca5Al5PO17,114.03,3.312,3.0023
dentin,Sr4Ca10Al12P2O37,117.82,3.365,3.1242
dentin,Sr3Ca5AlPO12,136.16,3.892,3.7665
dentin,Sr6Ca10Al4P2O27,137.99,3.758,3.7942
dentin,Sr3Ca5Al3PO15,126.76,3.639,3.4408
dentin,Sr6Ca10Al8P2O33,118.8,3.541,3.1875
dentin,Sr3Ca5Al5PO18,116.31,3.506,3.1075
dentin,Sr6Ca10Al12P2O39,117.14,3.435,3.1178
dentin,Sr4Ca5AlPO13,162.38,4.031,4.5647
dentin,Sr8Ca10Al4P2O29,140.67,3.944,3.9094
dentin,Sr4Ca5Al3PO16,135.06,3.816,3.7195
dentin,Sr8Ca10Al8P2O35,125.34,3.706,3.4121
dentin,Sr4Ca5Al5PO19,123.16,3.619,3.331
dentin,Sr8Ca10Al12P2O41,124.12,3.582,3.3518
dentin,Sr5Ca5AlPO14,159.48,4.136,4.5003
dentin,Sr10Ca10Al4P2O31,169.38,4.096,4.7833
dentin,Sr5Ca5Al3PO17,139.63,3.981,3.8862
dentin,Sr10Ca10Al8P2O37,129.77,3.86,3.5725
dentin,Sr5Ca5Al5PO20,127.24,3.759,3.4784
dentin,Sr10Ca10Al12P2O43,123.84,3.686,3.3641
dentin,Sr6Ca5AlPO15,144.85,4.214,4.0854
dentin,Sr12Ca10Al4P2O33,160.74,4.175,4.545
dentin,Sr6Ca5Al3PO18,150.29,4.109,4.2248
dentin,Sr12Ca10Al8P2O39,146.32,3.999,4.0864
dentin,Sr6Ca5Al5PO21,122.14,3.892,3.3546
dentin,Sr12Ca10Al12P2O45,124.36,3.805,3.4026
dentin,Sr2Ca10Al2P4O25,119.08,3.296,3.1477
dentin,SrCa5Al2(PO7)2,113.04,3.216,2.9545
dentin,Sr2Ca10Al6P4O31,107.37,3.231,2.7904
dentin,SrCa5Al4P2O17,109.78,3.195,2.8545
dentin,Sr2Ca10Al10P4O37,129.02,3.32,3.4447
dentin,SrCa5Al6(PO10)2,127.23,3.289,3.3858
dentin,Sr4Ca10Al2P4O27,123.23,3.537,3.317
dentin,Sr6Ca10Al2P4O29,134.99,3.749,3.7043
dentin,Sr8Ca10Al2P4O31,136.01,3.916,3.767
dentin,Sr10Ca10Al2P4O33,145.94,4.052,4.0855
dentin,Sr12Ca10Al2P4O35,151.59,4.182,4.2772
dentin,SrCa5Al(PO5)3,110.75,3.202,2.8841
dentin,Sr2Ca10Al4(P2O11)3,115.74,3.255,3.0413
dentin,SrCa5Al3(PO6)3,117.23,3.228,3.0797
dentin,Sr2Ca10Al8(P2O13)3,153.51,3.33,4.1666
dentin,SrCa5Al5(PO7)3,150.82,3.313,4.0841
dentin,Sr2Ca10Al12(P2O15)3,163.57,3.305,4.4575
dentin,Sr2Ca5AlP3O16,117.76,3.418,3.1327
dentin,Sr3Ca5AlP3O17,123.47,3.592,3.3347
dentin,Sr4Ca5Al(PO6)3,129.03,3.757,3.5306
dentin,Sr5Ca5AlP3O19,126.63,3.927,3.4935
dentin,Sr6Ca5AlP3O20,142.78,4.057,3.9938
dentin,Sr2Ca10Al2P8O35,109.41,3.179,2.8402
dentin,SrCa5Al2P4O19,108.35,3.158,2.805
dentin,Sr2Ca10Al6P8O41,116.36,3.239,3.0565
dentin,SrCa5Al4(P2O11)2,119.7,3.217,3.1505
dentin,Sr2Ca10Al10P8O47,146.53,3.237,3.9431
dentin,SrCa5Al6P4O25,153.77,3.221,4.1528
dentin,Sr4Ca10Al2P8O37,114.67,3.318,3.0221
dentin,Sr6Ca10Al2P8O39,119.72,3.5,3.2065
dentin,Sr8Ca10Al2P8O41,124.39,3.631,3.3695
dentin,Sr10Ca10Al2P8O43,124.49,3.766,3.3987
dentin,Sr12Ca10Al2P8O45,124.08,3.894,3.4119
dentin,SrCa5Al(PO4)5,98.47,3.1,2.5032
dentin,Sr2Ca10Al4P10O43,104.31,3.177,2.6901
dentin,SrCa5Al3P5O23,115.76,3.16,3.0232
dentin,Sr2Ca10Al8P10O49,118.58,3.199,3.1138
dentin,SrCa5Al5P5O26,125.72,3.169,3.3181
dentin,Sr2Ca10Al12(P2O11)5,123.95,3.131,3.2585
dentin,Sr2Ca5AlP5O21,109.2,3.264,2.8508
dentin,Sr3Ca5AlP5O22,119.32,3.373,3.1698
dentin,Sr4Ca5AlP5O23,121.8,3.531,3.2735
dentin,Sr5Ca5AlP5O24,122.03,3.672,3.3083
dentin,Sr6Ca5Al(PO5)5,124.77,3.799,3.4136
dentin,Sr2Ca10Al2(P4O15)3,88.21,3.081,2.1978
dentin,SrCa5Al2(PO4)6,87.2,3.07,2.166
dentin,Sr2Ca10Al6(P4O17)3,111.67,3.106,2.8924
dentin,SrCa5Al4(P2O9)3,123.0,3.144,3.2331
dentin,Sr2Ca10Al10(P4O19)3,121.53,3.112,3.1834
dentin,SrCa5Al6(PO5)6,124.03,3.083,3.2514
dentin,Sr4Ca10Al2P12O47,97.95,3.215,2.5105
dentin,Sr6Ca10Al2P12O49,110.84,3.279,2.902
dentin,Sr8Ca10Al2(P4O17)3,117.99,3.428,3.1415
dentin,Sr10Ca10Al2P12O53,122.59,3.557,3.3019
dentin,Sr12Ca10Al2P12O55,124.19,3.676,3.3725
dentin,SrCa6AlPO11,122.5,3.389,3.2665
dentin,Sr2Ca12Al4P2O25,122.93,3.287,3.259
dentin,SrCa6Al3PO14,112.62,3.247,2.948
dentin,Sr2Ca12Al8P2O31,110.65,3.203,2.8815
dentin,SrCa6Al5PO17,113.2,3.234,2.9626
dentin,Sr2Ca12Al12P2O37,112.27,3.216,2.9317
dentin,Sr2Ca6AlPO12,139.77,3.65,3.8253
dentin,Sr4Ca12Al4P2O27,126.64,3.527,3.4153
dentin,Sr2Ca6Al3PO15,120.15,3.431,3.2054
dentin,Sr4Ca12Al8P2O33,116.27,3.379,3.0811
dentin,Sr2Ca6Al5PO18,113.69,3.331,2.9958
dentin,Sr4Ca12Al12P2O39,114.26,3.274,3.0015
dentin,Sr3Ca6AlPO13,151.96,3.844,4.2217
dentin,Sr6Ca12Al4P2O29,138.61,3.734,3.8078
dentin,Sr3Ca6Al3PO16,130.19,3.626,3.5388
dentin,Sr6Ca12Al8P2O35,119.83,3.525,3.2145
dentin,Sr3Ca6Al5PO19,119.15,3.488,3.1872
dentin,Sr6Ca12Al12P2O41,117.36,3.433,3.1239
dentin,Sr4Ca6AlPO14,150.03,3.955,4.1868
dentin,Sr8Ca12Al4P2O31,152.74,3.902,4.256
dentin,Sr4Ca6Al3PO17,135.06,3.793,3.7151
dentin,Sr8Ca12Al8P2O37,129.65,3.69,3.5355
dentin,Sr4Ca6Al5PO20,126.31,3.602,3.4201
dentin,Sr8Ca12Al12P2O43,119.55,3.553,3.2118
dentin,Sr5Ca6AlPO15,162.95,4.084,4.592
dentin,Sr10Ca12Al4P2O33,167.49,4.044,4.7174
dentin,Sr5Ca6Al3PO18,140.71,3.944,3.9107
dentin,Sr10Ca12Al8P2O39,134.53,3.836,3.7077
dentin,Sr5Ca6Al5PO21,124.98,3.743,3.4088
dentin,Sr10Ca12Al12P2O45,124.77,3.666,3.3873
dentin,Sr6Ca6AlPO16,162.55,4.155,4.594
dentin,Sr12Ca12Al4P2O35,160.01,4.121,4.5127
dentin,Sr6Ca6Al3PO19,169.38,4.058,4.776
dentin,Sr12Ca12Al8P2O41,139.63,3.969,3.8838
dentin,Sr6Ca6Al5PO22,130.51,3.872,3.5965
dentin,Sr12Ca12Al12P2O47,124.58,3.782,3.4046
dentin,Sr2Ca12Al2P4O27,118.3,3.287,3.1229
dentin,SrCa6Al2P2O15,117.86,3.256,3.1038
dentin,Sr2Ca12Al6P4O33,113.91,3.172,2.9711
dentin,SrCa6Al4(PO9)2,105.71,3.197,2.7349
dentin,Sr2Ca12Al10P4O39,109.74,3.194,2.8531
dentin,SrCa6Al6P2O21,125.78,3.294,3.3442
dentin,Sr4Ca12Al2P4O29,125.81,3.534,3.3921
dentin,Sr6Ca12Al2P4O31,133.2,3.702,3.6424
dentin,Sr8Ca12Al2P4O33,130.87,3.872,3.6072
dentin,Sr10Ca12Al2P4O35,150.2,4.007,4.202
dentin,Sr12Ca12Al2P4O37,153.51,4.13,4.3235
dentin,SrCa6AlP3O16,113.51,3.229,2.9705
dentin,Sr2Ca12Al4P6O35,107.0,3.19,2.7718
dentin,SrCa6Al3P3O19,106.46,3.215,2.7608
dentin,Sr2Ca12Al8P6O41,116.08,3.192,3.0392
dentin,SrCa6Al5P3O22,157.44,3.324,4.2808
dentin,Sr2Ca12Al12P6O47,156.65,3.319,4.2568
dentin,Sr2Ca6AlP3O17,118.72,3.404,3.1582
dentin,Sr3Ca6Al(PO6)3,127.28,3.579,3.4442
dentin,Sr4Ca6AlP3O19,127.91,3.748,3.4959
dentin,Sr5Ca6AlP3O20,133.56,3.891,3.6902
dentin,Sr6Ca6Al(PO7)3,137.89,4.022,3.8428
dentin,Sr2Ca12Al2P8O37,109.31,3.189,2.8394
dentin,SrCa6Al2(PO5)4,114.49,3.201,2.9939
dentin,Sr2Ca12Al6P8O43,116.67,3.195,3.0569
dentin,SrCa6Al4P4O23,125.91,3.277,3.3447
dentin,Sr2Ca12Al10P8O49,123.85,3.25,3.2787
dentin,SrCa6Al6(P2O13)2,127.67,3.203,3.3821
dentin,Sr4Ca12Al2P8O39,115.85,3.331,3.0596
dentin,Sr6Ca12Al2P8O41,114.24,3.469,3.0391
dentin,Sr8Ca12Al2P8O43,123.57,3.624,3.3441
dentin,Sr10Ca12Al2P8O45,127.24,3.754,3.4774
dentin,Sr12Ca12Al2P8O47,127.9,3.871,3.5197
dentin,SrCa6AlP5O21,105.89,3.148,2.7309
dentin,Sr2Ca12Al4(P2O9)5,106.76,3.117,2.7503
dentin,SrCa6Al3P5O24,111.28,3.18,2.8956
dentin,Sr2Ca12Al8P10O51,115.79,3.176,3.0273
dentin,SrCa6Al5P5O27,114.33,3.15,2.9792
dentin,Sr2Ca12Al12P10O57,146.81,3.204,3.9449
dentin,Sr2Ca6AlP5O22,111.09,3.213,2.8965
dentin,Sr3Ca6AlP5O23,118.29,3.398,3.1443
dentin,Sr4Ca6AlP5O24,120.74,3.532,3.2428
dentin,Sr5Ca6Al(PO5)5,123.41,3.661,3.3464
dentin,Sr6Ca6AlP5O26,125.06,3.758,3.4141
dentin,Sr2Ca12Al2P12O47,97.65,3.073,2.474
dentin,SrCa6Al2P6O25,104.67,3.152,2.6958
dentin,Sr2Ca12Al6P12O53,106.88,3.14,2.7583
dentin,SrCa6Al4(P3O14)2,119.31,3.17,3.1296
dentin,Sr2Ca12Al10P12O59,121.6,3.164,3.1959
dentin,SrCa6Al6P6O31,125.09,3.129,3.2918
dentin,Sr4Ca12Al2P12O49,108.89,3.241,2.8372
dentin,Sr6Ca12Al2(P4O17)3,112.48,3.284,2.9511
dentin,Sr8Ca12Al2P12O53,118.78,3.442,3.1674
dentin,Sr10Ca12Al2P12O55,121.33,3.555,3.2645
dentin,Sr12Ca12Al2(P4O19)3,122.03,3.693,3.3124
dentin,K2Ca2Al2P2O11,92.72,3.007,2.3159
dentin,KCaAl2PO7,96.88,2.935,2.424
dentin,K2Ca2Al6P2O17,99.76,2.846,2.4912
dentin,KCaAl4PO10,112.53,2.916,2.8802
dentin,K2Ca2Al10P2O23,109.79,2.902,2.7974
dentin,KCaAl6PO13,116.08,2.926,2.9867
dentin,K2CaAlPO6,62.13,2.629,1.3425
dentin,K4Ca2Al4P2O15,91.77,3.008,2.2882
dentin,K2CaAl3PO9,98.11,2.966,2.4665
dentin,K4Ca2Al8P2O21,97.27,2.931,2.4348
dentin,K2CaAl5PO12,99.08,2.882,2.4785
dentin,K4Ca2Al12P2O27,97.76,2.807,2.425
dentin,K6Ca2Al2P2O13,62.47,2.596,1.3458
dentin,K3CaAl2PO8,61.83,2.53,1.3142
dentin,K6Ca2Al6P2O19,94.14,2.989,2.3541
dentin,K3CaAl4PO11,92.35,2.996,2.3029
dentin,K6Ca2Al10P2O25,98.0,2.94,2.458
dentin,K3CaAl6PO14,97.84,2.903,2.446
dentin,K4CaAlPO7,60.95,2.584,1.2989
dentin,K8Ca2Al4P2O17,60.08,2.579,1.2722
dentin,K4CaAl3PO10,61.83,2.529,1.314
dentin,K8Ca2Al8P2O23,92.81,3.048,2.3267
dentin,K4CaAl5PO13,90.0,3.014,2.2374
dentin,K8Ca2Al12P2O29,96.68,2.993,2.4294
dentin,K10Ca2Al2P2O15,63.84,2.585,1.384
dentin,K5CaAl2PO9,60.03,2.571,1.2692
dentin,K10Ca2Al6P2O21,60.25,2.564,1.2744
dentin,K5CaAl4PO12,61.41,2.526,1.3011
dentin,K10Ca2Al10P2O27,87.13,2.88,2.1265
dentin,K5CaAl6PO15,89.81,3.019,2.2326
dentin,K6CaAlPO8,70.64,2.602,1.5873
dentin,K12Ca2Al4P2O19,60.86,2.559,1.2913
dentin,K6CaAl3PO11,60.78,2.557,1.2884
dentin,K12Ca2Al8P2O25,60.17,2.57,1.2731
dentin,K6CaAl5PO14,61.45,2.54,1.3051
dentin,K12Ca2Al12P2O31,66.94,2.661,1.4901
dentin,KCaAl(PO4)2,89.79,2.975,2.2237
dentin,K2Ca2Al4P4O19,95.96,2.791,2.3688
dentin,KCaAl3P2O11,95.31,2.818,2.3552
dentin,K2Ca2Al8P4O25,104.12,2.869,2.6241
dentin,KCaAl5(PO7)2,105.29,2.832,2.6511
dentin,K2Ca2Al12P4O31,101.65,2.805,2.5389
dentin,K4Ca2Al2P4O17,94.39,3.128,2.3889
dentin,K2CaAl2(PO5)2,98.06,2.992,2.47
dentin,K4Ca2Al6P4O23,97.57,2.926,2.4426
dentin,K2CaAl4P2O13,98.17,2.877,2.4506
dentin,K4Ca2Al10P4O29,96.87,2.837,2.4046
dentin,K2CaAl6(PO8)2,97.28,2.79,2.4074
dentin,K3CaAlP2O9,58.28,2.717,1.2463
dentin,K6Ca2Al4P4O21,86.89,3.017,2.1466
dentin,K3CaAl3(PO6)2,101.84,3.036,2.5898
dentin,K6Ca2Al8P4O27,94.25,2.949,2.3495
dentin,K3CaAl5P2O15,93.67,2.912,2.3252
dentin,K6Ca2Al12P4O33,95.17,2.889,2.3648
dentin,K8Ca2Al2P4O19,51.06,2.57,1.0055
dentin,K4CaAl2P2O11,59.81,2.512,1.2512
dentin,K8Ca2Al6P4O25,89.3,3.016,2.2171
dentin,K4CaAl4(PO7)2,88.05,2.995,2.1763
dentin,K8Ca2Al10P4O31,101.34,2.992,2.5664
dentin,K4CaAl6P2O17,96.58,2.935,2.4154
dentin,K5CaAl(PO5)2,53.14,2.583,1.0691
dentin,K10Ca2Al4P4O23,58.99,2.557,1.2359
dentin,K5CaAl3P2O13,60.67,2.511,1.2764
dentin,K10Ca2Al8P4O29,86.89,3.029,2.1489
dentin,K5CaAl5(PO8)2,88.33,3.002,2.1859
dentin,K10Ca2Al12P4O35,88.3,2.979,2.1805
dentin,K12Ca2Al2P4O21,53.37,2.566,1.0726
dentin,K6CaAl2(PO6)2,52.69,2.566,1.0526
dentin,K12Ca2Al6P4O27,60.29,2.557,1.2742
dentin,K6CaAl4P2O15,60.56,2.518,1.2744
dentin,K12Ca2Al10P4O33,87.38,2.901,2.1379
dentin,K6CaAl6(PO9)2,87.92,3.011,2.1756
dentin,K2Ca2Al2(P2O7)3,79.63,2.717,1.874
dentin,KCaAl2(PO4)3,94.05,2.711,2.2971
dentin,K2Ca2Al6(P2O9)3,99.63,2.673,2.4535
dentin,KCaAl4(PO5)3,102.05,2.665,2.5232
dentin,K2Ca2Al10(P2O11)3,99.43,2.734,2.4597
dentin,KCaAl6(PO6)3,97.12,2.747,2.3942
dentin,K2CaAlP3O11,78.32,3.035,1.8979
dentin,K4Ca2Al4P6O25,98.42,2.995,2.4809
dentin,K2CaAl3P3O14,101.03,2.892,2.5377
dentin,K4Ca2Al8P6O31,95.12,2.757,2.3374
dentin,K2CaAl5P3O17,95.01,2.741,2.3311
dentin,K4Ca2Al12P6O37,99.25,2.834,2.4739
dentin,K6Ca2Al2P6O23,78.09,3.181,1.9199
dentin,K3CaAl2P3O13,103.48,3.136,2.6576
dentin,K6Ca2Al6P6O29,99.92,3.008,2.5278
dentin,K3CaAl4P3O16,98.0,2.931,2.4563
dentin,K6Ca2Al10P6O35,94.7,2.88,2.3492
dentin,K3CaAl6P3O19,95.77,2.839,2.3727
dentin,K4CaAl(PO4)3,64.32,2.85,1.4502
dentin,K8Ca2Al4(P2O9)3,88.93,3.077,2.2182
dentin,K4CaAl3(PO5)3,90.02,3.054,2.2458
dentin,K8Ca2Al8(P2O11)3,102.47,2.982,2.5978
dentin,K4CaAl5(PO6)3,98.32,2.942,2.4678
dentin,K8Ca2Al12(P2O13)3,94.62,2.909,2.3524
dentin,K10Ca2Al2P6O25,47.84,2.544,0.9055
dentin,K5CaAl2P3O14,54.63,2.508,1.098
dentin,K10Ca2Al6P6O31,88.61,3.042,2.2021
dentin,K5CaAl4P3O17,88.58,2.993,2.1914
dentin,K10Ca2Al10P6O37,90.84,3.024,2.264
dentin,K5CaAl6P3O20,102.96,2.968,2.6093
dentin,K6CaAlP3O13,46.9,2.551,0.8792
dentin,K12Ca2Al4P6O29,54.81,2.548,1.1113
dentin,K6CaAl3P3O16,61.1,2.493,1.2855
dentin,K12Ca2Al8P6O35,89.05,3.041,2.2145
dentin,K6CaAl5P3O19,88.98,3.025,2.2094
dentin,K12Ca2Al12P6O41,87.55,2.994,2.1612
dentin,KCaAlP4O13,76.31,2.668,1.767
dentin,K2Ca2Al4P8O29,96.32,2.663,2.3543
dentin,KCaAl3(PO4)4,94.87,2.628,2.3047
dentin,K2Ca2Al8P8O35,93.15,2.613,2.2512
dentin,KCaAl5P4O19,99.31,2.632,2.436
dentin,K2Ca2Al12P8O41,99.24,2.646,2.4367
dentin,K4Ca2Al2P8O27,74.77,2.936,1.7744
dentin,K2CaAl2P4O15,90.97,2.888,2.2413
dentin,K4Ca2Al6P8O33,95.29,2.704,2.332
dentin,K2CaAl4(P2O9)2,98.55,2.661,2.4195
dentin,K4Ca2Al10P8O39,98.2,2.67,2.4108
dentin,K2CaAl6P4O21,98.78,2.691,2.4322
dentin,K3CaAl(P2O7)2,78.69,3.037,1.9095
dentin,K6Ca2Al4P8O31,92.82,3.035,2.3244
dentin,K3CaAl3P4O17,103.75,3.003,2.6393
dentin,K6Ca2Al8P8O37,103.91,2.934,2.6307
dentin,K3CaAl5(PO5)4,100.75,2.898,2.5307
dentin,K6Ca2Al12P8O43,96.09,2.759,2.3663
dentin,K8Ca2Al2P8O29,79.14,3.171,1.9488
dentin,K4CaAl2(PO4)4,121.33,3.165,3.1881
dentin,K8Ca2Al6P8O35,104.33,3.079,2.6715
dentin,K4CaAl4P4O19,103.06,3.029,2.6242
dentin,K8Ca2Al10P8O41,98.04,2.947,2.4607
dentin,K4CaAl6(P2O11)2,96.36,2.894,2.4008
dentin,K5CaAlP4O15,60.26,2.879,1.3363
dentin,K10Ca2Al4P8O33,88.48,3.149,2.219
dentin,K5CaAl3(P2O9)2,91.12,3.104,2.2879
dentin,K10Ca2Al8P8O39,101.58,3.071,2.589
dentin,K5CaAl5P4O21,98.54,2.96,2.4779
dentin,K10Ca2Al12P8O45,96.71,2.931,2.4183
dentin,K12Ca2Al2P8O31,45.01,2.534,0.8205
dentin,K6CaAl2P4O17,49.96,2.513,0.9618
dentin,K12Ca2Al6P8O37,91.4,3.07,2.2894
dentin,K6CaAl4(PO5)4,91.7,3.036,2.2917
dentin,K12Ca2Al10P8O43,92.74,3.038,2.3227
dentin,K6CaAl6P4O23,105.49,2.998,2.6896
dentin,K2Ca2Al2P10O31,71.88,2.651,1.6334
dentin,KCaAl2P5O17,79.58,2.627,1.8552
dentin,K2Ca2Al6P10O37,98.98,2.601,2.4203
dentin,KCaAl4(PO4)5,99.87,2.606,2.4475
dentin,K2Ca2Al10P10O43,92.94,2.594,2.2413
dentin,KCaAl6P5O23,97.62,2.626,2.3852
dentin,K2CaAlP5O16,69.55,2.768,1.5879
dentin,K4Ca2Al4(P2O7)5,86.27,2.69,2.0641
dentin,K2CaAl3P5O19,94.43,2.669,2.2997
dentin,K4Ca2Al8P10O41,98.14,2.656,2.4066
dentin,K2CaAl5P5O22,99.95,2.645,2.4575
dentin,K4Ca2Al12P10O47,100.89,2.644,2.4851
dentin,K6Ca2Al2P10O33,71.28,2.973,1.6789
dentin,K3CaAl2P5O18,81.68,2.942,1.9785
dentin,K6Ca2Al6P10O39,96.7,2.914,2.4145
dentin,K3CaAl4P5O21,97.97,2.87,2.4434
dentin,K6Ca2Al10(P2O9)5,96.71,2.683,2.3696
dentin,K3CaAl6P5O24,97.31,2.665,2.3837
dentin,K4CaAlP5O17,72.66,3.074,1.7392
dentin,K8Ca2Al4P10O37,81.54,3.064,1.9984
dentin,K4CaAl3(PO4)5,101.06,3.032,2.566
dentin,K8Ca2Al8P10O43,102.51,2.992,2.6008
dentin,K4CaAl5P5O23,101.63,2.947,2.5659
dentin,K8Ca2Al12P10O49,102.55,2.903,2.5846
dentin,K10Ca2Al2(P2O7)5,72.7,3.172,1.7596
dentin,K5CaAl2P5O19,99.76,3.181,2.5571
dentin,K10Ca2Al6P10O41,136.91,3.135,3.6402
dentin,K5CaAl4P5O22,103.62,3.052,2.6453
dentin,K10Ca2Al10P10O47,99.56,3.007,2.5169
dentin,K5CaAl6(PO5)5,100.3,2.987,2.5349
dentin,K6CaAlP5O18,60.93,2.887,1.3577
dentin,K12Ca2Al4P10O39,76.55,3.162,1.8711
dentin,K6CaAl3P5O21,88.64,3.168,2.2276
dentin,K12Ca2Al8(P2O9)5,94.51,3.134,2.3936
dentin,K6CaAl5P5O24,101.16,3.037,2.57
dentin,K12Ca2Al12P10O51,100.27,2.993,2.5352
dentin,KCaAl(PO3)6,60.9,2.623,1.3051
dentin,K2Ca2Al4(P4O13)3,78.08,2.615,1.8086
dentin,KCaAl3(P2O7)3,94.19,2.598,2.279
dentin,K2Ca2Al8(P4O15)3,94.28,2.595,2.2811
dentin,KCaAl5(PO4)6,98.77,2.597,2.4135
dentin,K2Ca2Al12(P4O17)3,93.18,2.602,2.25
dentin,K4Ca2Al2P12O37,60.14,2.653,1.2887
dentin,K2CaAl2(P3O10)2,70.52,2.65,1.5933
dentin,K4Ca2Al6P12O43,93.17,2.661,2.2611
dentin,K2CaAl4P6O23,101.82,2.646,2.5125
dentin,K4Ca2Al10P12O49,93.62,2.636,2.2695
dentin,K2CaAl6(P3O13)2,93.71,2.609,2.267
dentin,K3CaAlP6O19,59.16,2.926,1.3134
dentin,K6Ca2Al4P12O41,75.47,2.89,1.7857
dentin,K3CaAl3(P3O11)2,91.32,2.756,2.2257
dentin,K6Ca2Al8P12O47,96.15,2.68,2.3525
dentin,K3CaAl5P6O25,97.41,2.652,2.3842
dentin,K6Ca2Al12P12O53,100.0,2.631,2.4563
dentin,K8Ca2Al2(P4O13)3,65.38,2.996,1.51
dentin,K4CaAl2(P2O7)3,72.78,2.975,1.7236
dentin,K8Ca2Al6(P4O15)3,85.74,2.96,2.1017
dentin,K4CaAl4(PO4)6,95.34,2.92,2.3758
dentin,K8Ca2Al10(P4O17)3,98.33,2.888,2.4576
dentin,K4CaAl6(P2O9)3,98.99,2.857,2.471
dentin,K5CaAl(P3O10)2,76.33,3.09,1.8502
dentin,K10Ca2Al4P12O43,83.86,3.061,2.0661
dentin,K5CaAl3P6O23,91.62,3.049,2.2917
dentin,K10Ca2Al8P12O49,101.34,3.005,2.5691
dentin,K5CaAl5(P3O13)2,100.88,2.99,2.5525
dentin,K10Ca2Al12P12O55,100.45,2.949,2.5319
dentin,K12Ca2Al2P12O41,71.26,3.153,1.7134
dentin,K6CaAl2(P3O11)2,72.44,3.153,1.7483
dentin,K12Ca2Al6P12O47,119.8,3.145,3.1389
dentin,K6CaAl4P6O25,104.45,3.094,2.6778
dentin,K12Ca2Al10P12O53,102.76,3.036,2.6167
dentin,K6CaAl6(P3O14)2,99.56,2.999,2.5154
dentin,K2Ca4Al2P2O13,102.18,3.015,2.5956
dentin,KCa2Al2PO8,98.98,2.998,2.4982
dentin,K2Ca4Al6P2O19,106.91,2.985,2.7288
dentin,KCa2Al4PO11,98.74,2.891,2.47
dentin,K2Ca4Al10P2O25,115.05,2.985,2.9682
dentin,KCa2Al6PO14,114.06,2.968,2.9357
dentin,K2Ca2AlPO7,69.7,2.893,1.6167
dentin,K4Ca4Al4P2O17,98.39,3.002,2.4814
dentin,K2Ca2Al3PO10,100.7,2.991,2.5473
dentin,K4Ca4Al8P2O23,96.41,2.956,2.4144
dentin,K2Ca2Al5PO13,106.14,2.961,2.7014
dentin,K4Ca4Al12P2O29,100.02,2.917,2.5128
dentin,K6Ca4Al2P2O15,61.27,2.63,1.3172
dentin,K3Ca2Al2PO9,62.9,2.617,1.3626
dentin,K6Ca4Al6P2O21,97.44,3.037,2.4606
dentin,K3Ca2Al4PO12,92.68,3.021,2.3174
dentin,K6Ca4Al10P2O27,97.12,3.0,2.4441
dentin,K3Ca2Al6PO15,97.73,2.969,2.4557
dentin,K4Ca2AlPO8,66.11,2.646,1.4628
dentin,K8Ca4Al4P2O19,62.31,2.614,1.3449
dentin,K4Ca2Al3PO11,61.98,2.546,1.3217
dentin,K8Ca4Al8P2O25,97.22,3.048,2.4563
dentin,K4Ca2Al5PO14,96.81,3.001,2.4351
dentin,K8Ca4Al12P2O31,93.06,3.012,2.3269
dentin,K10Ca4Al2P2O17,64.17,2.613,1.3992
dentin,K5Ca2Al2PO10,66.64,2.608,1.4707
dentin,K10Ca4Al6P2O23,62.44,2.594,1.3446
dentin,K5Ca2Al4PO13,62.13,2.547,1.3263
dentin,K10Ca4Al10P2O29,95.9,3.027,2.4135
dentin,K5Ca2Al6PO16,96.29,3.008,2.4209
dentin,K6Ca2AlPO9,69.62,2.616,1.5602
dentin,K12Ca4Al4P2O21,61.27,2.574,1.3063
dentin,K6Ca2Al3PO12,65.89,2.587,1.4447
dentin,K12Ca4Al8P2O27,60.02,2.578,1.2704
dentin,K6Ca2Al5PO15,62.8,2.549,1.3462
dentin,K12Ca4Al12P2O33,68.12,2.811,1.5542
dentin,KCa2AlP2O9,87.77,3.058,2.1804
dentin,K2Ca4Al4P4O21,103.02,2.959,2.6092
dentin,KCa2Al3(PO6)2,101.41,2.917,2.5536
dentin,K2Ca4Al8P4O27,109.29,2.975,2.7967
dentin,KCa2Al5P2O15,108.27,2.93,2.758
dentin,K2Ca4Al12P4O33,115.75,2.968,2.9853
dentin,K4Ca4Al2P4O19,81.95,3.005,1.9988
dentin,K3Ca2Al(PO5)2,78.57,2.895,1.878
dentin,K8Ca4Al2P4O21,58.99,2.601,1.2448
dentin,K5Ca2AlP2O11,62.12,2.611,1.3385
dentin,K12Ca4Al2P4O23,59.23,2.599,1.2511
dentin,K2Ca4Al2P6O23,74.36,2.871,1.7494
dentin,KCa2Al2P3O13,92.66,2.831,2.2797
dentin,K2Ca4Al6P6O29,98.5,2.861,2.4571
dentin,KCa2Al4P3O16,97.77,2.849,2.4333
dentin,K2Ca4Al10P6O35,104.74,2.881,2.6447
dentin,KCa2Al6P3O19,104.63,2.86,2.6374
dentin,K2Ca2Al(PO4)3,80.75,3.089,1.9802
dentin,K6Ca4Al2P6O25,68.94,3.015,1.6183
dentin,K4Ca2AlP3O13,64.78,2.866,1.4667
dentin,K10Ca4Al2(P2O9)3,54.48,2.573,1.1065
dentin,K6Ca2AlP3O14,55.94,2.609,1.1564
dentin,KCa2Al(P2O7)2,78.51,2.747,1.847
dentin,K2Ca4Al4P8O31,90.48,2.75,2.1997
dentin,KCa2Al3P4O17,96.7,2.724,2.3773
dentin,K2Ca4Al8P8O37,99.81,2.711,2.4662
dentin,KCa2Al5(PO5)4,101.16,2.748,2.5134
dentin,K2Ca4Al12P8O43,99.48,2.755,2.4652
dentin,K4Ca4Al2P8O29,82.13,3.013,2.0055
dentin,K3Ca2AlP4O15,88.49,3.139,2.2174
dentin,K8Ca4Al2P8O31,71.8,3.102,1.7194
dentin,K5Ca2Al(PO4)4,68.19,2.932,1.58
dentin,K12Ca4Al2P8O33,49.65,2.554,0.9609
dentin,K2Ca4Al2P10O33,79.65,2.706,1.8725
dentin,KCa2Al2P5O18,85.14,2.712,2.0352
dentin,K2Ca4Al6P10O39,97.36,2.691,2.3902
dentin,KCa2Al4P5O21,99.57,2.652,2.4476
dentin,K2Ca4Al10(P2O9)5,99.5,2.649,2.445
dentin,KCa2Al6P5O24,102.08,2.658,2.5226
dentin,K2Ca2AlP5O17,77.21,2.934,1.8456
dentin,K6Ca4Al2(P2O7)5,77.6,3.026,1.8749
dentin,K4Ca2AlP5O18,85.56,3.157,2.1348
dentin,K10Ca4Al2P10O37,71.14,3.131,1.7058
dentin,K6Ca2AlP5O19,66.2,3.014,1.5375
dentin,KCa2AlP6O19,77.21,2.666,1.7929
dentin,K2Ca4Al4P12O41,76.51,2.668,1.7727
dentin,KCa2Al3(P3O11)2,97.98,2.657,2.4019
dentin,K2Ca4Al8P12O47,103.1,2.628,2.5467
dentin,KCa2Al5P6O25,95.88,2.629,2.3347
dentin,K2Ca4Al12P12O53,97.32,2.626,2.3763
dentin,K4Ca4Al2(P4O13)3,73.39,2.745,1.6962
dentin,K3Ca2Al(P3O10)2,75.56,2.968,1.8037
dentin,K8Ca4Al2P12O41,73.38,3.029,1.7516
dentin,K5Ca2Al(P2O7)3,85.16,3.143,2.1205
dentin,K12Ca4Al2P12O43,72.0,3.132,1.7311
dentin,K2Ca6Al2P2O15,104.9,3.03,2.6783
dentin,KCa3Al2PO9,96.28,3.006,2.4203
dentin,K2Ca6Al6P2O21,99.21,2.993,2.5039
dentin,KCa3Al4PO12,97.11,2.964,2.4365
dentin,K2Ca6Al10P2O27,97.22,2.906,2.4284
dentin,KCa3Al6PO15,109.47,2.975,2.8021
dentin,K2Ca3AlPO8,87.07,2.965,2.1415
dentin,K4Ca6Al4P2O19,98.76,3.028,2.4978
dentin,K2Ca3Al3PO11,101.01,3.022,2.5626
dentin,K4Ca6Al8P2O25,96.46,2.981,2.4208
dentin,K2Ca3Al5PO14,97.52,2.974,2.4504
dentin,K4Ca6Al12P2O31,99.95,2.968,2.5208
dentin,K6Ca6Al2P2O17,63.81,2.66,1.3978
dentin,K3Ca3Al2PO10,64.31,2.712,1.4228
dentin,K6Ca6Al6P2O23,99.36,3.02,2.5137
dentin,K3Ca3Al4PO13,104.79,3.024,2.6742
dentin,K6Ca6Al10P2O29,98.6,3.011,2.4894
dentin,K3Ca3Al6PO16,95.11,2.993,2.3833
dentin,K4Ca3AlPO9,65.16,2.674,1.4404
dentin,K8Ca6Al4P2O21,63.09,2.627,1.3704
dentin,K4Ca3Al3PO12,62.93,2.643,1.3688
dentin,K8Ca6Al8P2O27,95.94,3.051,2.4194
dentin,K4Ca3Al5PO15,100.93,3.016,2.559
dentin,K8Ca6Al12P2O33,103.68,3.019,2.6405
dentin,K10Ca6Al2P2O19,62.87,2.634,1.3653
dentin,K5Ca3Al2PO11,67.04,2.626,1.4862
dentin,K10Ca6Al6P2O25,63.49,2.616,1.38
dentin,K5Ca3Al4PO14,62.37,2.57,1.3379
dentin,K10Ca6Al10P2O31,95.94,3.043,2.4176
dentin,K5Ca3Al6PO17,98.27,3.014,2.4806
dentin,K6Ca3AlPO10,70.02,2.652,1.5788
dentin,K12Ca6Al4P2O23,60.46,2.607,1.2889
dentin,K6Ca3Al3PO13,67.42,2.611,1.4945
dentin,K12Ca6Al8P2O29,63.62,2.603,1.3811
dentin,K6Ca3Al5PO16,62.14,2.566,1.3302
dentin,K12Ca6Al12P2O35,86.23,2.872,2.0988
dentin,KCa3Al(PO5)2,92.85,2.997,2.3179
dentin,K2Ca6Al4P4O23,103.44,3.036,2.6368
dentin,KCa3Al3P2O13,105.42,3.013,2.6903
dentin,K2Ca6Al8P4O29,102.79,2.942,2.5992
dentin,KCa3Al5(PO8)2,107.13,2.996,2.7374
dentin,K2Ca6Al12P4O35,109.27,2.963,2.7938
dentin,K4Ca6Al2P4O21,102.42,3.047,2.6088
dentin,K3Ca3AlP2O11,93.7,2.975,2.3385
dentin,K8Ca6Al2P4O23,62.05,2.614,1.3373
dentin,K5Ca3Al(PO6)2,60.9,2.633,1.3069
dentin,K12Ca6Al2P4O25,62.14,2.638,1.3445
dentin,K2Ca6Al2P6O25,85.3,2.98,2.0925
dentin,KCa3Al2P3O14,98.62,2.949,2.4781
dentin,K2Ca6Al6P6O31,96.44,2.908,2.4057
dentin,KCa3Al4P3O17,109.64,2.987,2.8093
dentin,K2Ca6Al10P6O37,105.07,2.945,2.6667
dentin,KCa3Al6P3O20,109.87,2.971,2.8131
dentin,K2Ca3AlP3O13,84.17,3.01,2.0654
dentin,K6Ca6Al2(P2O9)3,76.96,3.01,1.8529
dentin,K4Ca3AlP3O14,87.82,3.027,2.1759
dentin,K10Ca6Al2P6O29,58.76,2.571,1.232
dentin,K6Ca3Al(PO5)3,58.84,2.619,1.2438
dentin,KCa3AlP4O15,73.21,2.83,1.7078
dentin,K2Ca6Al4P8O33,82.87,2.846,1.9949
dentin,KCa3Al3(P2O9)2,97.42,2.904,2.434
dentin,K2Ca6Al8P8O39,96.35,2.869,2.3955
dentin,KCa3Al5P4O21,105.21,2.904,2.6628
dentin,K2Ca6Al12P8O45,103.58,2.891,2.6125
dentin,K4Ca6Al2P8O31,82.34,3.098,2.0285
dentin,K3Ca3Al(PO4)4,74.4,3.047,1.7852
dentin,K8Ca6Al2P8O33,69.74,3.03,1.645
dentin,K5Ca3AlP4O17,78.63,3.027,1.9058
dentin,K12Ca6Al2P8O35,53.62,2.549,1.0765
dentin,K2Ca6Al2(P2O7)5,79.82,2.763,1.8889
dentin,KCa3Al2P5O19,83.08,2.771,1.9861
dentin,K2Ca6Al6P10O41,95.53,2.766,2.3512
dentin,KCa3Al4P5O22,98.44,2.775,2.4387
dentin,K2Ca6Al10P10O47,99.56,2.772,2.4709
dentin,KCa3Al6(PO5)5,101.32,2.783,2.5248
dentin,K2Ca3AlP5O18,79.71,2.992,1.9303
dentin,K6Ca6Al2P10O37,87.3,3.117,2.1781
dentin,K4Ca3AlP5O19,83.22,3.144,2.0633
dentin,K10Ca6Al2P10O39,67.58,3.059,1.587
dentin,K6Ca3Al(PO4)5,68.86,3.007,1.6145
dentin,KCa3Al(P3O10)2,78.44,2.746,1.8448
dentin,K2Ca6Al4P12O43,80.14,2.731,1.8919
dentin,KCa3Al3P6O23,96.35,2.715,2.3654
dentin,K2Ca6Al8P12O49,97.87,2.7,2.4072
dentin,KCa3Al5(P3O13)2,98.84,2.678,2.4315
dentin,K2Ca6Al12P12O55,101.97,2.662,2.5202
dentin,K4Ca6Al2P12O41,80.84,2.945,1.9545
dentin,K3Ca3Al(P2O7)3,77.85,3.022,1.8818
dentin,K8Ca6Al2P12O43,87.84,3.119,2.1943
dentin,K5Ca3Al(P3O11)2,90.52,3.158,2.2808
dentin,K12Ca6Al2(P4O15)3,71.18,3.104,1.7016
dentin,K2Ca8Al2P2O17,104.01,3.014,2.6494
dentin,KCa4Al2PO10,96.41,3.025,2.428
dentin,K2Ca8Al6P2O23,98.26,3.019,2.4811
dentin,KCa4Al4PO13,98.82,3.003,2.4945
dentin,K2Ca8Al10P2O29,104.49,3.015,2.6636
dentin,KCa4Al6PO16,97.83,2.957,2.4563
dentin,K2Ca4AlPO9,98.9,3.077,2.5114
dentin,K4Ca8Al4P2O21,103.91,3.074,2.6581
dentin,K2Ca4Al3PO12,102.35,3.028,2.603
dentin,K4Ca8Al8P2O27,97.84,3.005,2.4659
dentin,K2Ca4Al5PO15,96.13,2.985,2.4117
dentin,K4Ca8Al12P2O33,99.75,3.003,2.5217
dentin,K6Ca8Al2P2O19,64.69,2.708,1.4331
dentin,K3Ca4Al2PO11,70.12,2.816,1.6141
dentin,K6Ca8Al6P2O25,98.99,3.041,2.5071
dentin,K3Ca4Al4PO14,103.67,3.03,2.6422
dentin,K6Ca8Al10P2O31,104.73,3.028,2.6729
dentin,K3Ca4Al6PO17,95.16,3.0,2.3864
dentin,K4Ca4AlPO10,66.63,2.685,1.4857
dentin,K8Ca8Al4P2O23,60.8,2.633,1.3042
dentin,K4Ca4Al3PO13,63.06,2.669,1.3777
dentin,K8Ca8Al8P2O29,99.94,3.039,2.5345
dentin,K4Ca4Al5PO16,100.21,3.009,2.5364
dentin,K8Ca8Al12P2O35,106.02,3.02,2.7096
dentin,K10Ca8Al2P2O21,64.12,2.656,1.4061
dentin,K5Ca4Al2PO12,69.37,2.649,1.5592
dentin,K10Ca8Al6P2O27,64.09,2.631,1.4005
dentin,K5Ca4Al4PO15,63.02,2.643,1.3713
dentin,K10Ca8Al10P2O33,97.91,3.055,2.4781
dentin,K5Ca4Al6PO18,100.25,3.014,2.5387
dentin,K6Ca4AlPO11,67.63,2.664,1.5111
dentin,K12Ca8Al4P2O25,64.45,2.644,1.4134
dentin,K6Ca4Al3PO14,68.03,2.624,1.5148
dentin,K12Ca8Al8P2O31,63.93,2.611,1.3918
dentin,K6Ca4Al5PO17,62.45,2.579,1.3421
dentin,K12Ca8Al12P2O37,87.13,2.901,2.1307
dentin,KCa4AlP2O11,96.15,3.021,2.4194
dentin,K2Ca8Al4P4O25,97.42,3.013,2.4552
dentin,KCa4Al3(PO7)2,97.07,3.008,2.4439
dentin,K2Ca8Al8P4O31,103.48,3.031,2.6371
dentin,KCa4Al5P2O17,106.23,2.973,2.7064
dentin,K2Ca8Al12P4O37,111.11,3.008,2.8569
dentin,K4Ca8Al2P4O23,104.48,3.012,2.6627
dentin,K3Ca4Al(PO6)2,96.84,3.026,2.4407
dentin,K8Ca8Al2P4O25,59.24,2.665,1.2646
dentin,K5Ca4AlP2O13,60.9,2.656,1.3116
dentin,K12Ca8Al2P4O27,62.81,2.655,1.3674
dentin,K2Ca8Al2(P2O9)3,96.05,3.041,2.4206
dentin,KCa4Al2(PO5)3,100.4,3.046,2.5493
dentin,K2Ca8Al6(P2O11)3,101.0,3.01,2.56
dentin,KCa4Al4(PO6)3,103.35,2.961,2.6194
dentin,K2Ca8Al10(P2O13)3,110.87,3.048,2.8578
dentin,KCa4Al6(PO7)3,109.62,2.988,2.809
dentin,K2Ca4AlP3O14,89.39,3.012,2.2192
dentin,K6Ca8Al2P6O29,99.31,3.057,2.5195
dentin,K4Ca4Al(PO5)3,91.43,3.014,2.2793
dentin,K10Ca8Al2P6O31,60.1,2.627,1.2821
dentin,K6Ca4AlP3O16,60.89,2.635,1.3071
dentin,KCa4Al(PO4)4,82.58,2.924,2.0013
dentin,K2Ca8Al4P8O35,83.77,2.932,2.0381
dentin,KCa4Al3P4O19,96.87,2.905,2.4181
dentin,K2Ca8Al8P8O41,102.29,2.967,2.5894
dentin,KCa4Al5(P2O11)2,104.53,2.948,2.6515
dentin,K2Ca8Al12P8O47,107.4,2.956,2.7375
dentin,K4Ca8Al2P8O33,86.45,3.042,2.1386
dentin,K3Ca4AlP4O17,83.93,3.017,2.0594
dentin,K8Ca8Al2P8O35,76.95,3.001,1.8512
dentin,K5Ca4Al(P2O9)2,77.69,3.087,1.8898
dentin,K12Ca8Al2P8O37,58.64,2.612,1.2365
dentin,K2Ca8Al2P10O37,73.71,2.844,1.725
dentin,KCa4Al2(PO4)5,82.87,2.845,1.9947
dentin,K2Ca8Al6P10O43,98.19,2.904,2.4567
dentin,KCa4Al4P5O23,94.72,2.898,2.3534
dentin,K2Ca8Al10P10O49,107.11,2.952,2.7284
dentin,KCa4Al6P5O26,105.72,2.911,2.6793
dentin,K2Ca4AlP5O19,83.51,3.056,2.0546
dentin,K6Ca8Al2P10O39,77.3,3.086,1.878
dentin,K4Ca4Al(PO4)5,74.04,3.025,1.7702
dentin,K10Ca8Al2P10O41,78.55,3.01,1.8999
dentin,K6Ca4AlP5O21,77.19,3.07,1.8716
dentin,KCa4Al(P2O7)3,80.7,2.784,1.9189
dentin,K2Ca8Al4(P4O15)3,77.4,2.793,1.8237
dentin,KCa4Al3(PO4)6,91.23,2.781,2.2277
dentin,K2Ca8Al8(P4O17)3,95.32,2.836,2.3588
dentin,KCa4Al5(P2O9)3,101.93,2.848,2.5556
dentin,K2Ca8Al12(P4O19)3,101.37,2.839,2.5373
dentin,K4Ca8Al2P12O43,81.08,2.978,1.9681
dentin,K3Ca4Al(P3O11)2,79.75,3.088,1.9505
dentin,K8Ca8Al2(P4O15)3,80.91,3.125,1.9917
dentin,K5Ca4AlP6O23,77.82,3.077,1.8916
dentin,K12Ca8Al2P12O47,68.84,3.026,1.6176
dentin,K2Ca10Al2P2O19,105.48,3.055,2.7005
dentin,KCa5Al2PO11,98.66,3.029,2.4949
dentin,K2Ca10Al6P2O25,98.0,3.016,2.4729
dentin,KCa5Al4PO14,97.99,3.02,2.4734
dentin,K2Ca10Al10P2O31,98.82,3.005,2.4949
dentin,KCa5Al6PO17,106.58,3.028,2.7273
dentin,K2Ca5AlPO10,97.99,3.07,2.4834
dentin,K4Ca10Al4P2O23,103.95,3.042,2.6529
dentin,K2Ca5Al3PO13,103.33,3.043,2.6349
dentin,K4Ca10Al8P2O29,97.56,3.036,2.4639
dentin,K2Ca5Al5PO16,99.66,3.012,2.5208
dentin,K4Ca10Al12P2O35,99.29,3.013,2.5104
dentin,K6Ca10Al2P2O21,66.09,2.723,1.4772
dentin,K3Ca5Al2PO12,74.23,2.905,1.7524
dentin,K6Ca10Al6P2O27,99.55,3.048,2.5248
dentin,K3Ca5Al4PO15,103.35,3.034,2.6336
dentin,K6Ca10Al10P2O33,103.75,3.013,2.6413
dentin,K3Ca5Al6PO18,99.35,3.015,2.5124
dentin,K4Ca5AlPO11,65.3,2.701,1.4496
dentin,K8Ca10Al4P2O25,65.06,2.696,1.4419
dentin,K4Ca5Al3PO14,67.11,2.729,1.5084
dentin,K8Ca10Al8P2O31,98.99,3.065,2.5118
dentin,K4Ca5Al5PO17,99.29,3.027,2.5129
dentin,K8Ca10Al12P2O37,103.69,3.028,2.6425
dentin,K10Ca10Al2P2O23,62.56,2.681,1.365
dentin,K5Ca5Al2PO13,65.86,2.672,1.4604
dentin,K10Ca10Al6P2O29,62.03,2.621,1.338
dentin,K5Ca5Al4PO16,62.5,2.671,1.3614
dentin,K10Ca10Al10P2O35,100.07,3.063,2.5431
dentin,K5Ca5Al6PO19,99.29,3.025,2.5125
dentin,K6Ca5AlPO12,69.52,2.679,1.5695
dentin,K12Ca10Al4P2O27,63.71,2.655,1.3938
dentin,K6Ca5Al3PO15,69.42,2.636,1.5579
dentin,K12Ca10Al8P2O33,64.32,2.627,1.4066
dentin,K6Ca5Al5PO18,62.69,2.644,1.3618
dentin,K12Ca10Al12P2O39,96.59,3.013,2.4308
dentin,KCa5Al(PO6)2,98.4,3.013,2.4842
dentin,K2Ca10Al4P4O27,98.82,3.006,2.495
dentin,KCa5Al3P2O15,99.05,3.018,2.5041
dentin,K2Ca10Al8P4O33,99.07,2.989,2.499
dentin,KCa5Al5(PO9)2,107.03,3.011,2.7375
dentin,K2Ca10Al12P4O39,108.99,2.996,2.7921
dentin,K4Ca10Al2P4O25,105.35,3.009,2.6877
dentin,K3Ca5AlP2O13,98.44,3.043,2.4911
dentin,K8Ca10Al2P4O27,61.12,2.696,1.3258
dentin,K5Ca5Al(PO7)2,63.04,2.666,1.3764
dentin,K12Ca10Al2P4O29,62.33,2.669,1.3561
dentin,K2Ca10Al2P6O29,96.01,3.038,2.4188
dentin,KCa5Al2P3O16,95.53,3.021,2.4012
dentin,K2Ca10Al6P6O35,101.17,3.02,2.567
dentin,KCa5Al4P3O19,101.57,3.023,2.5793
dentin,K2Ca10Al10P6O41,106.3,3.023,2.7181
dentin,KCa5Al6P3O22,145.1,3.093,3.8728
dentin,K2Ca5Al(PO5)3,96.92,3.035,2.4448
dentin,K6Ca10Al2P6O31,102.22,3.022,2.5981
dentin,K4Ca5AlP3O16,94.64,3.034,2.3777
dentin,K10Ca10Al2(P2O11)3,61.73,2.666,1.3377
dentin,K6Ca5AlP3O17,60.02,2.649,1.2842
dentin,KCa5AlP4O17,96.64,3.009,2.4317
dentin,K2Ca10Al4P8O37,103.37,3.052,2.6379
dentin,KCa5Al3(PO5)4,102.24,3.003,2.595
dentin,K2Ca10Al8P8O43,101.29,2.974,2.5615
dentin,KCa5Al5P4O23,108.21,3.037,2.7773
dentin,K2Ca10Al12P8O49,107.87,3.005,2.761
dentin,K4Ca10Al2P8O35,91.65,3.017,2.2865
dentin,K3Ca5Al(P2O9)2,91.57,3.016,2.2838
dentin,K8Ca10Al2P8O37,89.13,3.064,2.2217
dentin,K5Ca5AlP4O19,90.33,3.025,2.249
dentin,K12Ca10Al2P8O39,61.89,2.644,1.3384
dentin,K2Ca10Al2P10O39,82.36,2.953,2.0009
dentin,KCa5Al2P5O21,75.28,2.924,1.7871
dentin,K2Ca10Al6(P2O9)5,97.26,2.926,2.4334
dentin,KCa5Al4P5O24,102.64,2.988,2.6038
dentin,K2Ca10Al10P10O51,102.25,2.956,2.5861
dentin,KCa5Al6P5O27,109.09,2.982,2.7923
dentin,K2Ca5Al(PO4)5,84.56,3.022,2.079
dentin,K6Ca10Al2P10O41,83.42,3.016,2.0443
dentin,K4Ca5AlP5O21,82.39,3.035,2.0178
dentin,K10Ca10Al2P10O43,77.18,3.021,1.8618
dentin,K6Ca5AlP5O22,76.94,3.093,1.869
dentin,KCa5Al(P3O11)2,73.49,2.841,1.718
dentin,K2Ca10Al4P12O47,74.66,2.861,1.7562
dentin,KCa5Al3P6O25,87.34,2.913,2.1393
dentin,K2Ca10Al8P12O53,97.3,2.9,2.4294
dentin,KCa5Al5(P3O14)2,99.75,2.928,2.5071
dentin,K2Ca10Al12P12O59,108.9,2.961,2.7826
dentin,K4Ca10Al2(P4O15)3,78.72,3.027,1.9082
dentin,K3Ca5AlP6O23,77.48,3.056,1.8774
dentin,K8Ca10Al2P12O47,74.3,3.037,1.7801
dentin,K5Ca5Al(PO4)6,83.86,3.032,2.0605
dentin,K12Ca10Al2P12O49,78.55,3.013,1.9005
dentin,K2Ca12Al2P2O21,105.03,3.078,2.6915
dentin,KCa6Al2PO12,99.18,3.007,2.5059
dentin,K2Ca12Al6P2O27,97.0,3.01,2.4424
dentin,KCa6Al4PO15,99.47,3.037,2.5203
dentin,K2Ca12Al10P2O33,98.31,3.01,2.4809
dentin,KCa6Al6PO18,99.65,2.99,2.5162
dentin,K2Ca6AlPO11,97.41,3.08,2.4681
dentin,K4Ca12Al4P2O25,103.82,3.053,2.6512
dentin,K2Ca6Al3PO14,103.17,3.053,2.6322
dentin,K4Ca12Al8P2O31,96.62,3.023,2.4336
dentin,K2Ca6Al5PO17,96.62,3.024,2.4339
dentin,K4Ca12Al12P2O37,100.27,3.019,2.5402
dentin,K6Ca12Al2P2O23,69.57,2.715,1.578
dentin,K3Ca6Al2PO13,74.23,2.92,1.7553
dentin,K6Ca12Al6P2O29,100.58,3.017,2.5488
dentin,K3Ca6Al4PO16,101.95,3.05,2.5957
dentin,K6Ca12Al10P2O35,102.3,3.024,2.6009
dentin,K3Ca6Al6PO19,97.12,3.012,2.4462
dentin,K4Ca6AlPO12,62.61,2.728,1.376
dentin,K8Ca12Al4P2O27,66.06,2.707,1.4732
dentin,K4Ca6Al3PO15,64.76,2.717,1.4368
dentin,K8Ca12Al8P2O33,99.55,3.067,2.5287
dentin,K4Ca6Al5PO18,98.99,3.032,2.5052
dentin,K8Ca12Al12P2O39,102.79,3.023,2.615
dentin,K10Ca12Al2P2O25,69.64,2.685,1.5742
dentin,K5Ca6Al2PO14,65.86,2.684,1.4629
dentin,K10Ca12Al6P2O31,65.87,2.668,1.4601
dentin,K5Ca6Al4PO17,65.32,2.707,1.4516
dentin,K10Ca12Al10P2O37,99.02,3.08,2.5155
dentin,K5Ca6Al6PO20,99.27,3.034,2.5139
dentin,K6Ca6AlPO13,68.87,2.698,1.554
dentin,K12Ca12Al4P2O29,63.22,2.665,1.3815
dentin,K6Ca6Al3PO16,69.74,2.65,1.5702
dentin,K12Ca12Al8P2O35,62.39,2.613,1.3468
dentin,K6Ca6Al5PO19,63.77,2.665,1.3976
dentin,K12Ca12Al12P2O41,99.42,3.044,2.5201
dentin,KCa6AlP2O13,100.67,3.011,2.5505
dentin,K2Ca12Al4P4O29,97.87,3.049,2.4757
dentin,KCa6Al3(PO8)2,97.18,3.017,2.449
dentin,K2Ca12Al8P4O35,100.59,3.014,2.5487
dentin,KCa6Al5P2O19,100.21,3.002,2.5352
dentin,K2Ca12Al12P4O41,107.8,3.017,2.7613
dentin,K4Ca12Al2P4O27,105.46,3.024,2.694
dentin,K3Ca6Al(PO7)2,97.7,3.056,2.4718
dentin,K8Ca12Al2P4O29,62.55,2.702,1.3692
dentin,K5Ca6AlP2O15,60.75,2.672,1.3103
dentin,K12Ca12Al2P4O31,67.55,2.674,1.5107
dentin,K2Ca12Al2P6O31,96.29,3.031,2.4255
dentin,KCa6Al2P3O17,94.98,3.011,2.3832
dentin,K2Ca12Al6P6O37,95.56,3.007,2.3996
dentin,KCa6Al4P3O20,105.0,3.06,2.6873
dentin,K2Ca12Al10P6O43,107.8,3.043,2.7664
dentin,KCa6Al6P3O23,105.68,3.032,2.702
dentin,K2Ca6AlP3O16,103.18,3.006,2.6231
dentin,K6Ca12Al2(P2O11)3,104.62,3.019,2.6681
dentin,K4Ca6AlP3O17,98.17,3.04,2.4826
dentin,K10Ca12Al2P6O35,64.28,2.683,1.4161
dentin,K6Ca6Al(PO6)3,59.86,2.66,1.2817
dentin,KCa6Al(P2O9)2,94.28,3.028,2.3659
dentin,K2Ca12Al4P8O39,101.81,3.032,2.5879
dentin,KCa6Al3P4O21,106.21,3.072,2.7251
dentin,K2Ca12Al8P8O45,103.07,3.015,2.6218
dentin,KCa6Al5(PO6)4,102.9,3.003,2.6143
dentin,K2Ca12Al12P8O51,109.77,3.058,2.8273
dentin,K4Ca12Al2P8O37,90.19,3.031,2.2461
dentin,K3Ca6AlP4O19,98.9,3.033,2.5026
dentin,K8Ca12Al2P8O39,91.76,3.025,2.291
dentin,K5Ca6Al(PO5)4,91.83,3.03,2.2943
dentin,K12Ca12Al2P8O41,61.96,2.657,1.3429
dentin,K2Ca12Al2P10O41,95.66,2.974,2.3958
dentin,KCa6Al2P5O22,92.78,3.001,2.3165
dentin,K2Ca12Al6P10O47,97.8,2.962,2.4564
dentin,KCa6Al4(PO5)5,101.24,2.975,2.5601
dentin,K2Ca12Al10P10O53,105.69,3.026,2.7011
dentin,KCa6Al6P5O28,101.17,2.993,2.5618
dentin,K2Ca6AlP5O21,88.55,3.024,2.1967
dentin,K6Ca12Al2P10O43,87.42,3.028,2.1642
dentin,K4Ca6AlP5O22,94.5,3.024,2.3716
dentin,K10Ca12Al2(P2O9)5,89.5,3.059,2.2315
dentin,K6Ca6AlP5O23,90.68,3.033,2.2612
dentin,KCa6AlP6O23,82.63,2.937,2.0056
dentin,K2Ca12Al4P12O49,75.02,2.919,1.7784
dentin,KCa6Al3(P3O13)2,90.16,2.955,2.2304
dentin,K2Ca12Al8P12O55,103.13,2.986,2.6179
dentin,KCa6Al5P6O29,101.77,2.969,2.5746
dentin,K2Ca12Al12P12O61,101.26,2.946,2.555
dentin,K4Ca12Al2P12O47,85.52,2.997,2.1023
dentin,K3Ca6Al(PO4)6,82.39,3.034,2.0174
dentin,K8Ca12Al2P12O49,82.96,3.025,2.0326
dentin,K5Ca6AlP6O25,82.82,3.035,2.0302
dentin,K12Ca12Al2(P4O17)3,77.82,3.028,1.882
dentin,Na2Ca2Mg2Si2O9,103.64,2.881,2.6123
dentin,Na2CaMgSiO5,91.38,2.805,2.2369
dentin,Na6Ca2Mg2Si2O11,94.18,2.775,2.3134
dentin,Na4CaMgSiO6,89.37,2.728,2.1628
dentin,Na10Ca2Mg2Si2O13,103.52,2.683,2.5698
dentin,Na6CaMgSiO7,105.81,2.611,2.623
dentin,Na2Ca2Mg4Si2O11,102.5,2.849,2.5726
dentin,Na2CaMg2SiO6,100.13,2.832,2.4995
dentin,Na6Ca2Mg4Si2O13,100.63,2.739,2.496
dentin,Na4CaMg2SiO7,100.14,2.727,2.4791
dentin,Na10Ca2Mg4Si2O15,103.28,2.693,2.5649
dentin,Na6CaMg2SiO8,104.17,2.664,2.5851
dentin,Na2Ca2Mg6Si2O13,115.28,2.842,2.9467
dentin,Na2CaMg3SiO7,110.85,2.816,2.8115
dentin,Na6Ca2Mg6Si2O15,103.52,2.748,2.5827
dentin,Na4CaMg3SiO8,100.14,2.702,2.4741
dentin,Na10Ca2Mg6Si2O17,104.47,2.689,2.5991
dentin,Na6CaMg3SiO9,103.61,2.668,2.5696
dentin,Na2Ca2Mg8Si2O15,114.75,2.862,2.9352
dentin,Na2CaMg4SiO8,108.82,2.799,2.7485
dentin,Na6Ca2Mg8Si2O17,104.86,2.785,2.6293
dentin,Na4CaMg4SiO9,105.03,2.718,2.6211
dentin,Na10Ca2Mg8Si2O19,104.28,2.677,2.5912
dentin,Na6CaMg4SiO10,110.25,2.677,2.7667
dentin,Na2Ca2Mg10Si2O17,125.45,2.856,3.2486
dentin,Na2CaMg5SiO9,114.06,2.79,2.9007
dentin,Na6Ca2Mg10Si2O19,104.51,2.776,2.6171
dentin,Na4CaMg5SiO10,104.56,2.753,2.614
dentin,Na10Ca2Mg10Si2O21,105.88,2.667,2.6361
dentin,Na6CaMg5SiO11,104.51,2.666,2.5956
dentin,Na2Ca2Mg12Si2O19,136.95,2.859,3.5873
dentin,Na2CaMg6SiO10,112.85,2.788,2.8647
dentin,Na6Ca2Mg12Si2O21,109.69,2.771,2.7684
dentin,Na4CaMg6SiO11,106.39,2.754,2.6681
dentin,Na10Ca2Mg12Si2O23,105.17,2.706,2.6227
dentin,Na6CaMg6SiO12,105.31,2.658,2.6177
dentin,Na2Ca2Mg2Si4O13,112.22,2.852,2.8588
dentin,Na2CaMgSi2O7,101.25,2.806,2.5272
dentin,Na6Ca2Mg2Si4O15,97.0,2.798,2.4008
dentin,Na4CaMg(SiO4)2,93.82,2.754,2.2987
dentin,Na10Ca2Mg2Si4O17,94.73,2.738,2.3222
dentin,Na6CaMgSi2O9,88.31,2.718,2.1295
dentin,Na2Ca2Mg4Si4O15,109.13,2.799,2.7578
dentin,Na2CaMg2(SiO4)2,109.37,2.851,2.7749
dentin,Na6Ca2Mg4Si4O17,100.68,2.796,2.5085
dentin,Na4CaMg2Si2O9,96.6,2.788,2.3869
dentin,Na10Ca2Mg4Si4O19,96.94,2.734,2.3864
dentin,Na6CaMg2(SiO5)2,94.01,2.708,2.2951
dentin,Na2Ca2Mg6Si4O17,113.79,2.838,2.9023
dentin,Na2CaMg3Si2O9,107.82,2.828,2.7248
dentin,Na6Ca2Mg6Si4O19,98.81,2.786,2.4518
dentin,Na4CaMg3(SiO5)2,98.54,2.779,2.4424
dentin,Na10Ca2Mg6Si4O21,100.82,2.77,2.5074
dentin,Na6CaMg3Si2O11,96.26,2.685,2.357
dentin,Na2Ca2Mg8Si4O19,108.3,2.838,2.7409
dentin,Na2CaMg4(SiO5)2,107.62,2.82,2.7171
dentin,Na6Ca2Mg8Si4O21,105.37,2.789,2.645
dentin,Na4CaMg4Si2O11,97.44,2.764,2.4072
dentin,Na10Ca2Mg8Si4O23,97.82,2.758,2.4168
dentin,Na6CaMg4(SiO6)2,96.24,2.711,2.3613
dentin,Na2Ca2Mg10Si4O21,145.12,2.866,3.8289
dentin,Na2CaMg5Si2O11,116.03,2.828,2.966
dentin,Na6Ca2Mg10Si4O23,114.81,2.836,2.9317
dentin,Na4CaMg5(SiO6)2,101.41,2.765,2.524
dentin,Na10Ca2Mg10Si4O25,104.74,2.746,2.6182
dentin,Na6CaMg5Si2O13,108.11,2.74,2.7159
dentin,Na2Ca2Mg12Si4O23,144.74,2.874,3.8192
dentin,Na2CaMg6(SiO6)2,117.43,2.821,3.0058
dentin,Na6Ca2Mg12Si4O25,125.26,2.824,3.2365
dentin,Na4CaMg6Si2O13,108.39,2.76,2.7284
dentin,Na10Ca2Mg12Si4O27,103.88,2.744,2.5923
dentin,Na6CaMg6(SiO7)2,104.94,2.734,2.6217
dentin,Na2Ca2Mg2Si6O17,136.67,2.875,3.5821
dentin,Na2CaMg(SiO3)3,110.35,2.814,2.7965
dentin,Na6Ca2Mg2Si6O19,105.13,2.81,2.6419
dentin,Na4CaMgSi3O10,100.08,2.751,2.4819
dentin,Na10Ca2Mg2(Si2O7)3,98.42,2.747,2.4325
dentin,Na6CaMgSi3O11,98.98,2.758,2.451
dentin,Na2Ca2Mg4Si6O19,122.79,2.849,3.1691
dentin,Na2CaMg2Si3O10,113.33,2.802,2.8816
dentin,Na6Ca2Mg4(Si2O7)3,107.14,2.796,2.6986
dentin,Na4CaMg2Si3O11,106.28,2.778,2.6696
dentin,Na10Ca2Mg4Si6O23,99.14,2.769,2.4581
dentin,Na6CaMg2(SiO4)3,96.31,2.77,2.375
dentin,Na2Ca2Mg6(Si2O7)3,113.76,2.822,2.8984
dentin,Na2CaMg3Si3O11,110.84,2.794,2.807
dentin,Na6Ca2Mg6Si6O23,108.93,2.812,2.7542
dentin,Na4CaMg3(SiO4)3,105.16,2.82,2.645
dentin,Na10Ca2Mg6Si6O25,104.57,2.765,2.617
dentin,Na6CaMg3Si3O13,95.88,2.757,2.3597
dentin,Na2Ca2Mg8Si6O23,125.69,2.836,3.2517
dentin,Na2CaMg4(SiO4)3,116.38,2.822,2.9752
dentin,Na6Ca2Mg8Si6O25,108.52,2.805,2.7407
dentin,Na4CaMg4Si3O13,104.3,2.81,2.6176
dentin,Na10Ca2Mg8(Si2O9)3,102.36,2.762,2.5512
dentin,Na6CaMg4Si3O14,96.18,2.748,2.367
dentin,Na2Ca2Mg10Si6O25,135.65,2.842,3.5457
dentin,Na2CaMg5Si3O13,115.35,2.832,2.947
dentin,Na6Ca2Mg10(Si2O9)3,106.59,2.795,2.6822
dentin,Na4CaMg5Si3O14,115.07,2.814,2.9352
dentin,Na10Ca2Mg10Si6O29,102.45,2.764,2.5543
dentin,Na6CaMg5(SiO5)3,96.82,2.742,2.3845
dentin,Na2Ca2Mg12(Si2O9)3,145.92,2.86,3.851
dentin,Na2CaMg6Si3O14,123.17,2.843,3.1789
dentin,Na6Ca2Mg12Si6O29,106.31,2.798,2.6746
dentin,Na4CaMg6(SiO5)3,115.84,2.806,2.9562
dentin,Na10Ca2Mg12Si6O31,101.58,2.775,2.531
dentin,Na6CaMg6Si3O16,96.95,2.741,2.3881
dentin,Na2Ca2Mg2Si8O21,153.61,2.936,4.0921
dentin,Na2CaMgSi4O11,119.05,2.829,3.0552
dentin,Na6Ca2Mg2Si8O23,113.27,2.793,2.8782
dentin,Na4CaMg(SiO3)4,109.01,2.784,2.751
dentin,Na10Ca2Mg2Si8O25,102.24,2.761,2.5476
dentin,Na6CaMgSi4O13,99.27,2.731,2.4542
dentin,Na2Ca2Mg4Si8O23,142.07,2.875,3.741
dentin,Na2CaMg2(SiO3)4,121.81,2.822,3.135
dentin,Na6Ca2Mg4Si8O25,113.26,2.802,2.8797
dentin,Na4CaMg2Si4O13,105.96,2.781,2.661
dentin,Na10Ca2Mg4Si8O27,106.82,2.781,2.6861
dentin,Na6CaMg2(Si2O7)2,101.16,2.738,2.5115
dentin,Na2Ca2Mg6Si8O25,133.66,2.849,3.4885
dentin,Na2CaMg3Si4O13,114.31,2.806,2.9112
dentin,Na6Ca2Mg6Si8O27,111.16,2.802,2.8176
dentin,Na4CaMg3(Si2O7)2,106.08,2.786,2.6654
dentin,Na10Ca2Mg6Si8O29,106.58,2.786,2.6801
dentin,Na6CaMg3Si4O15,105.0,2.758,2.6281
dentin,Na2Ca2Mg8Si8O27,122.59,2.825,3.1583
dentin,Na2CaMg4(Si2O7)2,124.01,2.814,3.198
dentin,Na6Ca2Mg8Si8O29,106.62,2.787,2.6814
dentin,Na4CaMg4Si4O15,110.35,2.793,2.7924
dentin,Na10Ca2Mg8Si8O31,105.31,2.797,2.6448
dentin,Na6CaMg4(SiO4)4,103.69,2.786,2.5952
dentin,Na2Ca2Mg10Si8O29,122.94,2.813,3.1661
dentin,Na2CaMg5Si4O15,133.64,2.834,3.485
dentin,Na6Ca2Mg10Si8O31,115.92,2.82,2.9613
dentin,Na4CaMg5(SiO4)4,106.94,2.794,2.6921
dentin,Na10Ca2Mg10Si8O33,105.51,2.786,2.6487
dentin,Na6CaMg5Si4O17,113.65,2.809,2.8923
dentin,Na2Ca2Mg12Si8O31,131.54,2.846,3.4256
dentin,Na2CaMg6(SiO4)4,132.51,2.841,3.4533
dentin,Na6Ca2Mg12Si8O33,122.24,2.825,3.148
dentin,Na4CaMg6Si4O17,105.87,2.787,2.6596
dentin,Na10Ca2Mg12Si8O35,108.36,2.78,2.7311
dentin,Na6CaMg6(Si2O9)2,111.01,2.792,2.8116
dentin,Na2Ca2Mg2(Si2O5)5,121.14,2.825,3.1159
dentin,Na2CaMgSi5O13,141.69,2.879,3.7306
dentin,Na6Ca2Mg2Si10O27,112.48,2.791,2.8544
dentin,Na4CaMgSi5O14,106.31,2.773,2.6696
dentin,Na10Ca2Mg2Si10O29,108.94,2.756,2.7436
dentin,Na6CaMg(SiO3)5,100.8,2.738,2.5007
dentin,Na2Ca2Mg4Si10O27,139.38,2.89,3.6648
dentin,Na2CaMg2Si5O14,120.25,2.814,3.0873
dentin,Na6Ca2Mg4Si10O29,111.31,2.787,2.8192
dentin,Na4CaMg2(SiO3)5,124.16,2.823,3.2044
dentin,Na10Ca2Mg4Si10O31,104.26,2.767,2.6081
dentin,Na6CaMg2Si5O16,105.05,2.764,2.6307
dentin,Na2Ca2Mg6Si10O29,141.04,2.9,3.7155
dentin,Na2CaMg3(SiO3)5,124.38,2.846,3.2153
dentin,Na6Ca2Mg6Si10O31,122.44,2.806,3.1503
dentin,Na4CaMg3Si5O16,120.97,2.797,3.1053
dentin,Na10Ca2Mg6Si10O33,105.4,2.768,2.6418
dentin,Na6CaMg3Si5O17,105.57,2.764,2.6462
dentin,Na2Ca2Mg8Si10O31,146.44,2.912,3.8766
dentin,Na2CaMg4Si5O16,123.02,2.821,3.1702
dentin,Na6Ca2Mg8Si10O33,123.43,2.796,3.1775
dentin,Na4CaMg4Si5O17,115.22,2.8,2.9369
dentin,Na10Ca2Mg8(Si2O7)5,105.28,2.772,2.6391
dentin,Na6CaMg4Si5O18,104.88,2.768,2.6264
dentin,Na2Ca2Mg10Si10O33,139.37,2.872,3.661
dentin,Na2CaMg5Si5O17,132.44,2.818,3.4468
dentin,Na6Ca2Mg10(Si2O7)5,113.82,2.771,2.89
dentin,Na4CaMg5Si5O18,105.81,2.783,2.657
dentin,Na10Ca2Mg10Si10O37,108.42,2.775,2.7321
dentin,Na6CaMg5Si5O19,113.48,2.786,2.8829
dentin,Na2Ca2Mg12(Si2O7)5,142.77,2.873,3.7612
dentin,Na2CaMg6Si5O18,123.04,2.807,3.1682
dentin,Na6Ca2Mg12Si10O37,122.19,2.795,3.1409
dentin,Na4CaMg6Si5O19,115.31,2.81,2.9415
dentin,Na10Ca2Mg12Si10O39,105.91,2.781,2.6594
dentin,Na6CaMg6(SiO4)5,103.25,2.781,2.5813
dentin,Na2Ca2Mg2Si12O29,111.51,2.785,2.8247
dentin,Na2CaMg(Si2O5)3,142.29,2.923,3.7568
dentin,Na6Ca2Mg2Si12O31,128.72,2.83,3.3397
dentin,Na4CaMg(Si3O8)2,111.96,2.783,2.8378
dentin,Na10Ca2Mg2(Si4O11)3,104.86,2.766,2.6254
dentin,Na6CaMgSi6O17,106.58,2.733,2.6696
dentin,Na2Ca2Mg4Si12O31,127.64,2.834,3.3088
dentin,Na2CaMg2(Si3O8)2,147.41,2.904,3.9035
dentin,Na6Ca2Mg4(Si4O11)3,117.78,2.795,3.0111
dentin,Na4CaMg2Si6O17,111.32,2.775,2.8172
dentin,Na10Ca2Mg4Si12O35,105.4,2.775,2.6433
dentin,Na6CaMg2(SiO3)6,109.98,2.762,2.7754
dentin,Na2Ca2Mg6(Si4O11)3,139.35,2.89,3.664
dentin,Na2CaMg3Si6O17,143.63,2.859,3.7834
dentin,Na6Ca2Mg6Si12O35,117.09,2.802,2.9923
dentin,Na4CaMg3(SiO3)6,121.26,2.812,3.1166
dentin,Na10Ca2Mg6Si12O37,121.73,2.79,3.1261
dentin,Na6CaMg3Si6O19,104.57,2.767,2.6172
dentin,Na2Ca2Mg8Si12O35,143.47,2.904,3.7876
dentin,Na2CaMg4(SiO3)6,141.76,2.865,3.7299
dentin,Na6Ca2Mg8Si12O37,129.88,2.818,3.3712
dentin,Na4CaMg4Si6O19,123.44,2.798,3.178
dentin,Na10Ca2Mg8(Si4O13)3,120.95,2.79,3.1034
dentin,Na6CaMg4(Si3O10)2,104.94,2.754,2.6255
dentin,Na2Ca2Mg10Si12O37,147.62,2.916,3.9121
dentin,Na2CaMg5Si6O19,128.63,2.836,3.3382
dentin,Na6Ca2Mg10(Si4O13)3,121.38,2.807,3.1193
dentin,Na4CaMg5(Si3O10)2,113.42,2.766,2.8773
dentin,Na10Ca2Mg10Si12O41,115.72,2.789,2.9495
dentin,Na6CaMg5(Si2O7)3,105.28,2.758,2.6364
dentin,Na2Ca2Mg12(Si4O13)3,142.19,2.895,3.7484
dentin,Na2CaMg6(Si3O10)2,129.85,2.813,3.3695
dentin,Na6Ca2Mg12Si12O41,122.73,2.79,3.1556
dentin,Na4CaMg6(Si2O7)3,111.0,2.768,2.8064
dentin,Na10Ca2Mg12Si12O43,105.81,2.774,2.6552
dentin,Na6CaMg6(Si3O11)2,106.89,2.76,2.6841
dentin,Na2Ca4Mg2Si2O11,97.08,2.951,2.4332
dentin,Na2Ca2MgSiO6,90.9,2.895,2.2404
dentin,Na6Ca4Mg2Si2O13,102.14,2.834,2.5591
dentin,Na4Ca2MgSiO7,99.2,2.769,2.4597
dentin,Na10Ca4Mg2Si2O15,97.17,2.724,2.3912
dentin,Na6Ca2MgSiO8,104.31,2.667,2.5899
dentin,Na2Ca4Mg4Si2O13,103.95,2.883,2.6217
dentin,Na2Ca2Mg2SiO7,104.79,2.86,2.6418
dentin,Na6Ca4Mg4Si2O15,101.44,2.82,2.5355
dentin,Na4Ca2Mg2SiO8,101.69,2.784,2.5358
dentin,Na10Ca4Mg4Si2O17,101.68,2.726,2.5242
dentin,Na6Ca2Mg2SiO9,105.74,2.68,2.6347
dentin,Na2Ca4Mg6Si2O15,115.41,2.922,2.9663
dentin,Na2Ca2Mg3SiO8,108.18,2.841,2.7378
dentin,Na6Ca4Mg6Si2O17,98.25,2.79,2.4359
dentin,Na4Ca2Mg3SiO9,102.04,2.769,2.5432
dentin,Na10Ca4Mg6Si2O19,101.63,2.737,2.5251
dentin,Na6Ca2Mg3SiO10,101.9,2.709,2.5274
dentin,Na2Ca4Mg8Si2O17,113.41,2.906,2.9043
dentin,Na2Ca2Mg4SiO9,109.84,2.827,2.7839
dentin,Na6Ca4Mg8Si2O19,99.75,2.782,2.4785
dentin,Na4Ca2Mg4SiO10,103.14,2.759,2.5737
dentin,Na10Ca4Mg8Si2O21,101.11,2.752,2.5124
dentin,Na6Ca2Mg4SiO11,102.06,2.721,2.5344
dentin,Na2Ca4Mg10Si2O19,110.52,2.874,2.813
dentin,Na2Ca2Mg5SiO10,110.65,2.87,2.8163
dentin,Na6Ca4Mg10Si2O21,109.37,2.788,2.7625
dentin,Na4Ca2Mg5SiO11,102.86,2.745,2.5625
dentin,Na10Ca4Mg10Si2O23,100.79,2.738,2.5004
dentin,Na6Ca2Mg5SiO12,101.7,2.73,2.5255
dentin,Na2Ca4Mg12Si2O21,110.14,2.866,2.8005
dentin,Na2Ca2Mg6SiO11,110.95,2.853,2.8218
dentin,Na6Ca4Mg12Si2O23,113.33,2.838,2.8885
dentin,Na4Ca2Mg6SiO12,101.9,2.744,2.534
dentin,Na10Ca4Mg12Si2O25,102.11,2.719,2.5355
dentin,Na6Ca2Mg6SiO13,101.38,2.717,2.5137
dentin,Na2Ca4Mg2Si4O15,110.66,2.935,2.8293
dentin,Na2Ca2Mg(SiO4)2,106.21,2.928,2.697
dentin,Na6Ca4Mg2Si4O17,93.71,2.844,2.313
dentin,Na4Ca2MgSi2O9,94.36,2.837,2.3309
dentin,Na10Ca4Mg2Si4O19,96.24,2.818,2.3822
dentin,Na6Ca2Mg(SiO5)2,91.49,2.781,2.2353
dentin,Na2Ca4Mg4Si4O17,103.84,2.902,2.6222
dentin,Na2Ca4Mg6Si4O19,105.13,2.894,2.6586
dentin,Na2Ca4Mg8Si4O21,109.7,2.9,2.7941
dentin,Na2Ca4Mg10Si4O23,106.7,2.888,2.7035
dentin,Na2Ca4Mg12Si4O25,116.33,2.883,2.9857
dentin,Na2Ca4Mg2Si6O19,114.52,2.931,2.9419
dentin,Na2Ca2MgSi3O10,105.94,2.87,2.6777
dentin,Na6Ca4Mg2(Si2O7)3,99.84,2.846,2.4938
dentin,Na4Ca2MgSi3O11,97.74,2.843,2.4314
dentin,Na10Ca4Mg2Si6O23,94.93,2.804,2.3409
dentin,Na6Ca2Mg(SiO4)3,96.24,2.802,2.3793
dentin,Na2Ca4Mg4(Si2O7)3,109.35,2.856,2.7751
dentin,Na2Ca4Mg6Si6O23,108.91,2.847,2.7606
dentin,Na2Ca4Mg8Si6O25,110.93,2.845,2.8196
dentin,Na2Ca4Mg10(Si2O9)3,112.71,2.845,2.8717
dentin,Na2Ca4Mg12Si6O29,115.47,2.842,2.9523
dentin,Na2Ca4Mg2Si8O23,150.97,2.965,4.0203
dentin,Na2Ca2Mg(SiO3)4,113.33,2.884,2.8976
dentin,Na6Ca4Mg2Si8O25,111.86,2.866,2.8511
dentin,Na4Ca2MgSi4O13,101.44,2.805,2.5326
dentin,Na10Ca4Mg2Si8O27,96.61,2.787,2.3872
dentin,Na6Ca2Mg(Si2O7)2,95.82,2.789,2.3643
dentin,Na2Ca4Mg4Si8O25,142.64,2.924,3.7673
dentin,Na2Ca4Mg6Si8O27,112.7,2.869,2.8763
dentin,Na2Ca4Mg8Si8O29,113.86,2.861,2.9089
dentin,Na2Ca4Mg10Si8O31,114.7,2.862,2.9337
dentin,Na2Ca4Mg12Si8O33,140.16,2.862,3.6821
dentin,Na2Ca4Mg2Si10O27,156.95,2.952,4.1936
dentin,Na2Ca2MgSi5O14,138.14,2.903,3.6309
dentin,Na6Ca4Mg2Si10O29,106.04,2.813,2.6695
dentin,Na4Ca2Mg(SiO3)5,115.7,2.856,2.962
dentin,Na10Ca4Mg2Si10O31,103.0,2.819,2.5814
dentin,Na6Ca2MgSi5O16,99.2,2.764,2.4587
dentin,Na2Ca4Mg4Si10O29,153.26,2.931,4.0808
dentin,Na2Ca4Mg6Si10O31,152.49,2.926,4.0573
dentin,Na2Ca4Mg8Si10O33,133.48,2.869,3.4873
dentin,Na2Ca4Mg10(Si2O7)5,112.45,2.851,2.8654
dentin,Na2Ca4Mg12Si10O37,123.53,2.851,3.1911
dentin,Na2Ca4Mg2Si12O31,135.19,2.878,3.5393
dentin,Na2Ca2Mg(Si3O8)2,154.81,2.946,4.1295
dentin,Na6Ca4Mg2(Si4O11)3,135.32,2.869,3.5412
dentin,Na4Ca2MgSi6O17,104.96,2.793,2.6337
dentin,Na10Ca4Mg2Si12O35,105.28,2.795,2.6437
dentin,Na6Ca2Mg(SiO3)6,105.29,2.793,2.6433
dentin,Na2Ca4Mg4(Si4O11)3,135.11,2.886,3.5384
dentin,Na2Ca4Mg6Si12O35,148.3,2.902,3.9294
dentin,Na2Ca4Mg8Si12O37,147.19,2.908,3.898
dentin,Na2Ca4Mg10(Si4O13)3,144.65,2.87,3.816
dentin,Na2Ca4Mg12Si12O41,121.68,2.858,3.1382
dentin,Na2Ca6Mg2Si2O13,113.39,3.005,2.9231
dentin,Na2Ca3MgSiO7,109.79,2.936,2.804
dentin,Na6Ca6Mg2Si2O15,104.37,2.883,2.6342
dentin,Na4Ca3MgSiO8,106.24,2.846,2.6817
dentin,Na10Ca6Mg2Si2O17,104.71,2.776,2.6231
dentin,Na6Ca3MgSiO9,98.62,2.728,2.4346
dentin,Na2Ca6Mg4Si2O15,114.54,2.972,2.9505
dentin,Na2Ca3Mg2SiO8,106.96,2.912,2.7158
dentin,Na6Ca6Mg4Si2O17,106.65,2.864,2.6973
dentin,Na4Ca3Mg2SiO9,107.1,2.81,2.6999
dentin,Na10Ca6Mg4Si2O19,101.09,2.788,2.5189
dentin,Na6Ca3Mg2SiO10,102.91,2.73,2.5613
dentin,Na2Ca6Mg6Si2O17,106.15,2.92,2.6938
dentin,Na2Ca3Mg3SiO9,102.17,2.887,2.5701
dentin,Na6Ca6Mg6Si2O19,101.38,2.842,2.5382
dentin,Na4Ca3Mg3SiO10,104.46,2.817,2.6237
dentin,Na10Ca6Mg6Si2O21,104.03,2.761,2.6
dentin,Na6Ca3Mg3SiO11,102.45,2.743,2.5502
dentin,Na2Ca6Mg8Si2O19,104.44,2.89,2.6377
dentin,Na2Ca3Mg4SiO10,103.58,2.87,2.6085
dentin,Na6Ca6Mg8Si2O21,104.32,2.837,2.6238
dentin,Na4Ca3Mg4SiO11,104.46,2.806,2.6215
dentin,Na10Ca6Mg8Si2O23,103.63,2.787,2.5936
dentin,Na6Ca3Mg4SiO12,101.32,2.75,2.5182
dentin,Na2Ca6Mg10Si2O21,110.96,2.892,2.8295
dentin,Na2Ca3Mg5SiO11,103.21,2.85,2.5934
dentin,Na6Ca6Mg10Si2O23,107.18,2.824,2.705
dentin,Na4Ca3Mg5SiO12,102.34,2.799,2.5578
dentin,Na10Ca6Mg10Si2O25,103.63,2.777,2.5915
dentin,Na6Ca3Mg5SiO13,101.58,2.763,2.5287
dentin,Na2Ca6Mg12Si2O23,112.94,2.933,2.8958
dentin,Na2Ca3Mg6SiO12,110.33,2.858,2.8044
dentin,Na6Ca6Mg12Si2O25,108.82,2.811,2.7509
dentin,Na4Ca3Mg6SiO13,108.62,2.777,2.7382
dentin,Na10Ca6Mg12Si2O27,102.82,2.767,2.5659
dentin,Na6Ca3Mg6SiO14,100.72,2.751,2.5008
dentin,Na2Ca6Mg2Si4O17,103.12,2.979,2.6163
dentin,Na2Ca3MgSi2O9,97.62,2.926,2.4439
dentin,Na6Ca6Mg2Si4O19,92.11,2.9,2.277
dentin,Na4Ca3Mg(SiO5)2,91.81,2.871,2.2625
dentin,Na10Ca6Mg2Si4O21,95.48,2.85,2.3663
dentin,Na6Ca3MgSi2O11,93.34,2.805,2.2944
dentin,Na2Ca6Mg4Si4O19,113.19,2.99,2.9145
dentin,Na2Ca6Mg6Si4O21,112.08,2.962,2.8761
dentin,Na2Ca6Mg8Si4O23,105.78,2.921,2.683
dentin,Na2Ca6Mg10Si4O25,113.35,2.901,2.9015
dentin,Na2Ca6Mg12Si4O27,112.53,2.887,2.8747
dentin,Na2Ca6Mg2(Si2O7)3,111.01,2.957,2.844
dentin,Na2Ca3MgSi3O11,108.45,2.948,2.7667
dentin,Na6Ca6Mg2Si6O23,105.69,2.937,2.6834
dentin,Na4Ca3Mg(SiO4)3,95.07,2.857,2.3555
dentin,Na10Ca6Mg2Si6O25,95.85,2.861,2.3792
dentin,Na6Ca3MgSi3O13,95.91,2.855,2.3799
dentin,Na2Ca6Mg4Si6O23,109.72,2.926,2.7998
dentin,Na2Ca6Mg6Si6O25,114.86,2.941,2.954
dentin,Na2Ca6Mg8(Si2O9)3,117.79,2.925,3.0368
dentin,Na2Ca6Mg10Si6O29,112.97,2.913,2.8927
dentin,Na2Ca6Mg12Si6O31,109.81,2.895,2.7962
dentin,Na2Ca6Mg2Si8O25,112.3,2.967,2.8838
dentin,Na2Ca3MgSi4O13,114.6,2.958,2.9495
dentin,Na6Ca6Mg2Si8O27,107.76,2.888,2.7349
dentin,Na4Ca3Mg(Si2O7)2,98.58,2.863,2.4599
dentin,Na10Ca6Mg2Si8O29,99.41,2.861,2.4841
dentin,Na6Ca3MgSi4O15,95.16,2.832,2.3534
dentin,Na2Ca6Mg4Si8O27,112.41,2.918,2.8774
dentin,Na2Ca6Mg6Si8O29,108.77,2.879,2.7625
dentin,Na2Ca6Mg8Si8O31,108.91,2.873,2.7657
dentin,Na2Ca6Mg10Si8O33,114.18,2.883,2.9225
dentin,Na2Ca6Mg12Si8O35,115.32,2.869,2.9532
dentin,Na2Ca6Mg2Si10O29,151.89,3.021,4.0582
dentin,Na2Ca3Mg(SiO3)5,115.13,2.938,2.9613
dentin,Na6Ca6Mg2Si10O31,119.19,2.921,3.0772
dentin,Na4Ca3MgSi5O16,106.29,2.856,2.6853
dentin,Na10Ca6Mg2Si10O33,97.56,2.831,2.4236
dentin,Na6Ca3MgSi5O17,96.73,2.822,2.3975
dentin,Na2Ca6Mg4Si10O31,149.35,2.989,3.9774
dentin,Na2Ca6Mg6Si10O33,111.62,2.903,2.8511
dentin,Na2Ca6Mg8(Si2O7)5,113.42,2.887,2.9009
dentin,Na2Ca6Mg10Si10O37,113.16,2.893,2.8944
dentin,Na2Ca6Mg12Si10O39,115.35,2.89,2.9582
dentin,Na2Ca6Mg2(Si4O11)3,155.05,3.011,4.1493
dentin,Na2Ca3MgSi6O17,140.94,2.952,3.7229
dentin,Na6Ca6Mg2Si12O35,107.91,2.86,2.7337
dentin,Na4Ca3Mg(SiO3)6,114.09,2.879,2.9191
dentin,Na10Ca6Mg2Si12O37,114.66,2.875,2.9351
dentin,Na6Ca3MgSi6O19,96.6,2.807,2.3908
dentin,Na2Ca6Mg4Si12O35,153.58,2.988,4.1015
dentin,Na2Ca6Mg6Si12O37,150.65,2.965,4.011
dentin,Na2Ca6Mg8(Si4O13)3,139.9,2.909,3.6838
dentin,Na2Ca6Mg10Si12O41,111.16,2.88,2.8331
dentin,Na2Ca6Mg12Si12O43,112.33,2.866,2.8648
dentin,Na2Ca8Mg2Si2O15,112.95,3.01,2.9112
dentin,Na2Ca4MgSiO8,115.1,2.969,2.9665
dentin,Na6Ca8Mg2Si2O17,105.93,2.916,2.6865
dentin,Na4Ca4MgSiO9,106.14,2.856,2.6809
dentin,Na10Ca8Mg2Si2O19,104.56,2.817,2.6267
dentin,Na6Ca4MgSiO10,101.62,2.77,2.531
dentin,Na2Ca8Mg4Si2O17,114.2,2.991,2.9444
dentin,Na2Ca4Mg2SiO9,109.33,2.932,2.7895
dentin,Na6Ca8Mg4Si2O19,106.12,2.905,2.6899
dentin,Na4Ca4Mg2SiO10,107.27,2.863,2.7154
dentin,Na10Ca8Mg4Si2O21,108.31,2.821,2.7378
dentin,Na6Ca4Mg2SiO11,106.7,2.778,2.682
dentin,Na2Ca8Mg6Si2O19,113.84,2.966,2.9289
dentin,Na2Ca4Mg3SiO10,107.26,2.923,2.7268
dentin,Na6Ca8Mg6Si2O21,109.39,2.884,2.7818
dentin,Na4Ca4Mg3SiO11,109.7,2.842,2.7828
dentin,Na10Ca8Mg6Si2O23,108.77,2.814,2.7499
dentin,Na6Ca4Mg3SiO12,105.97,2.777,2.6603
dentin,Na2Ca8Mg8Si2O21,106.44,2.947,2.7075
dentin,Na2Ca4Mg4SiO11,103.58,2.915,2.617
dentin,Na6Ca8Mg8Si2O23,105.01,2.873,2.6511
dentin,Na4Ca4Mg4SiO12,105.05,2.851,2.6478
dentin,Na10Ca8Mg8Si2O25,105.16,2.804,2.6418
dentin,Na6Ca4Mg4SiO13,103.01,2.774,2.5726
dentin,Na2Ca8Mg10Si2O23,106.63,2.918,2.7073
dentin,Na2Ca4Mg5SiO12,104.43,2.895,2.6382
dentin,Na6Ca8Mg10Si2O25,109.64,2.857,2.7841
dentin,Na4Ca4Mg5SiO13,110.39,2.83,2.8007
dentin,Na10Ca8Mg10Si2O27,104.46,2.811,2.6225
dentin,Na6Ca4Mg5SiO14,103.82,2.785,2.5988
dentin,Na2Ca8Mg12Si2O25,104.54,2.892,2.6409
dentin,Na2Ca4Mg6SiO13,105.11,2.883,2.6559
dentin,Na6Ca8Mg12Si2O27,109.44,2.855,2.7777
dentin,Na4Ca4Mg6SiO14,108.18,2.822,2.7341
dentin,Na10Ca8Mg12Si2O29,103.57,2.804,2.5949
dentin,Na6Ca4Mg6SiO15,103.07,2.792,2.5781
dentin,Na2Ca8Mg2Si4O19,106.13,3.013,2.7114
dentin,Na2Ca4Mg(SiO5)2,103.58,2.983,2.6304
dentin,Na6Ca8Mg2Si4O21,94.25,2.948,2.3492
dentin,Na4Ca4MgSi2O11,94.47,2.916,2.3496
dentin,Na10Ca8Mg2Si4O23,94.84,2.873,2.3521
dentin,Na6Ca4Mg(SiO6)2,94.41,2.851,2.3349
dentin,Na2Ca8Mg4Si4O21,100.59,2.959,2.5379
dentin,Na2Ca8Mg6Si4O23,101.36,2.954,2.5595
dentin,Na2Ca8Mg8Si4O25,121.28,2.995,3.1533
dentin,Na2Ca8Mg10Si4O27,120.67,2.97,3.1306
dentin,Na2Ca8Mg12Si4O29,114.98,2.941,2.9574
dentin,Na2Ca8Mg2Si6O23,110.55,3.029,2.8444
dentin,Na2Ca4Mg(SiO4)3,105.52,2.96,2.683
dentin,Na6Ca8Mg2Si6O25,98.02,2.909,2.4526
dentin,Na4Ca4MgSi3O13,92.03,2.898,2.2744
dentin,Na10Ca8Mg2(Si2O9)3,89.66,2.889,2.203
dentin,Na6Ca4MgSi3O14,92.42,2.878,2.2817
dentin,Na2Ca8Mg4Si6O25,112.44,3.006,2.8954
dentin,Na2Ca8Mg6(Si2O9)3,109.94,2.971,2.815
dentin,Na2Ca8Mg8Si6O29,106.81,2.949,2.7188
dentin,Na2Ca8Mg10Si6O31,106.52,2.924,2.7054
dentin,Na2Ca8Mg12(Si2O11)3,107.22,2.909,2.7229
dentin,Na2Ca8Mg2Si8O27,109.71,2.971,2.8082
dentin,Na2Ca4Mg(Si2O7)2,111.2,2.962,2.8502
dentin,Na6Ca8Mg2Si8O29,106.11,2.949,2.6982
dentin,Na4Ca4MgSi4O15,102.06,2.893,2.5681
dentin,Na10Ca8Mg2Si8O31,96.33,2.876,2.3965
dentin,Na6Ca4Mg(SiO4)4,96.14,2.875,2.3906
dentin,Na2Ca8Mg4Si8O29,109.16,2.958,2.7895
dentin,Na2Ca8Mg6Si8O31,114.9,2.968,2.9602
dentin,Na2Ca8Mg8Si8O33,118.25,2.949,3.055
dentin,Na2Ca8Mg10Si8O35,118.15,2.927,3.0479
dentin,Na2Ca8Mg12Si8O37,116.16,2.918,2.9876
dentin,Na2Ca8Mg2Si10O31,145.9,3.041,3.8861
dentin,Na2Ca4MgSi5O16,115.78,2.994,2.9912
dentin,Na6Ca8Mg2Si10O33,109.44,2.918,2.7901
dentin,Na4Ca4MgSi5O17,102.98,2.901,2.5967
dentin,Na10Ca8Mg2(Si2O7)5,100.0,2.88,2.5051
dentin,Na6Ca4MgSi5O18,99.09,2.88,2.4782
dentin,Na2Ca8Mg4Si10O33,110.95,2.932,2.8371
dentin,Na2Ca8Mg6(Si2O7)5,113.58,2.907,2.9096
dentin,Na2Ca8Mg8Si10O37,110.42,2.9,2.8152
dentin,Na2Ca8Mg10Si10O39,109.12,2.89,2.7752
dentin,Na2Ca8Mg12Si10O41,113.66,2.895,2.9096
dentin,Na2Ca8Mg2Si12O35,162.84,3.059,4.3875
dentin,Na2Ca4Mg(SiO3)6,112.89,2.968,2.9013
dentin,Na6Ca8Mg2Si12O37,116.71,2.948,3.0096
dentin,Na4Ca4MgSi6O19,108.56,2.902,2.761
dentin,Na10Ca8Mg2(Si4O13)3,105.66,2.863,2.668
dentin,Na6Ca4Mg(Si3O10)2,99.56,2.846,2.4855
dentin,Na2Ca8Mg4Si12O37,112.79,2.971,2.8987
dentin,Na2Ca8Mg6(Si4O13)3,107.46,2.9,2.7283
dentin,Na2Ca8Mg8Si12O41,114.9,2.917,2.9504
dentin,Na2Ca8Mg10Si12O43,115.28,2.899,2.958
dentin,Na2Ca8Mg12(Si4O15)3,115.19,2.901,2.9557
dentin,Na2Ca10Mg2Si2O17,114.34,3.031,2.9561
dentin,Na2Ca5MgSiO9,115.39,2.996,2.9802
dentin,Na6Ca10Mg2Si2O19,110.91,2.96,2.8415
dentin,Na4Ca5MgSiO10,106.98,2.9,2.7143
dentin,Na10Ca10Mg2Si2O21,104.03,2.835,2.6146
dentin,Na6Ca5MgSiO11,103.49,2.805,2.5928
dentin,Na2Ca10Mg4Si2O19,114.18,2.988,2.9432
dentin,Na2Ca5Mg2SiO10,112.56,2.968,2.8915
dentin,Na6Ca10Mg4Si2O21,111.17,2.928,2.8428
dentin,Na4Ca5Mg2SiO11,107.39,2.894,2.7251
dentin,Na10Ca10Mg4Si2O23,106.94,2.844,2.7022
dentin,Na6Ca5Mg2SiO12,105.57,2.81,2.6551
dentin,Na2Ca10Mg6Si2O21,114.41,2.995,2.9513
dentin,Na2Ca5Mg3SiO11,109.66,2.937,2.8002
dentin,Na6Ca10Mg6Si2O23,111.31,2.907,2.8427
dentin,Na4Ca5Mg3SiO12,107.27,2.874,2.7177
dentin,Na10Ca10Mg6Si2O25,107.27,2.85,2.7128
dentin,Na6Ca5Mg3SiO13,108.31,2.814,2.7365
dentin,Na2Ca10Mg8Si2O23,113.08,2.977,2.9085
dentin,Na2Ca5Mg4SiO12,110.85,2.942,2.8361
dentin,Na6Ca10Mg8Si2O25,112.12,2.896,2.8647
dentin,Na4Ca5Mg4SiO13,115.82,2.863,2.9668
dentin,Na10Ca10Mg8Si2O27,109.17,2.832,2.765
dentin,Na6Ca5Mg4SiO14,107.12,2.818,2.7022
dentin,Na2Ca10Mg10Si2O25,115.92,2.959,2.9885
dentin,Na2Ca5Mg5SiO13,110.62,2.926,2.8265
dentin,Na6Ca10Mg10Si2O27,111.37,2.89,2.8415
dentin,Na4Ca5Mg5SiO14,114.05,2.874,2.9167
dentin,Na10Ca10Mg10Si2O29,109.11,2.838,2.7647
dentin,Na6Ca5Mg5SiO15,108.55,2.805,2.7418
dentin,Na2Ca10Mg12Si2O27,107.61,2.938,2.7403
dentin,Na2Ca5Mg6SiO14,108.09,2.912,2.7492
dentin,Na6Ca10Mg12Si2O29,109.17,2.883,2.7753
dentin,Na4Ca5Mg6SiO15,107.43,2.856,2.7187
dentin,Na10Ca10Mg12Si2O31,104.48,2.836,2.6281
dentin,Na6Ca5Mg6SiO16,104.59,2.815,2.6272
dentin,Na2Ca10Mg2Si4O21,104.45,3.034,2.666
dentin,Na2Ca5MgSi2O11,103.43,3.011,2.6318
dentin,Na6Ca10Mg2Si4O23,102.48,2.96,2.5936
dentin,Na4Ca5Mg(SiO6)2,97.94,2.934,2.4551
dentin,Na10Ca10Mg2Si4O25,106.77,2.908,2.7097
dentin,Na6Ca5MgSi2O13,104.43,2.873,2.6339
dentin,Na2Ca10Mg4Si4O23,104.28,3.001,2.6546
dentin,Na2Ca10Mg6Si4O25,111.18,2.964,2.8504
dentin,Na2Ca10Mg8Si4O27,105.63,2.941,2.6824
dentin,Na2Ca10Mg10Si4O29,105.99,2.916,2.6881
dentin,Na2Ca10Mg12Si4O31,110.98,2.925,2.8366
dentin,Na2Ca10Mg2Si6O25,100.48,3.006,2.5438
dentin,Na2Ca5MgSi3O13,101.03,2.979,2.5547
dentin,Na6Ca10Mg2(Si2O9)3,100.75,2.962,2.5431
dentin,Na4Ca5MgSi3O14,94.3,2.949,2.351
dentin,Na10Ca10Mg2Si6O29,92.14,2.92,2.2817
dentin,Na6Ca5Mg(SiO5)3,93.5,2.899,2.3177
dentin,Na2Ca10Mg4(Si2O9)3,104.68,2.99,2.6641
dentin,Na2Ca10Mg6Si6O29,111.89,3.019,2.8818
dentin,Na2Ca10Mg8Si6O31,112.23,3.0,2.8881
dentin,Na2Ca10Mg10(Si2O11)3,111.72,2.976,2.8685
dentin,Na2Ca10Mg12Si6O35,111.72,2.961,2.8657
dentin,Na2Ca10Mg2Si8O29,107.12,3.025,2.7429
dentin,Na2Ca5MgSi4O15,109.91,3.011,2.822
dentin,Na6Ca10Mg2Si8O31,101.13,2.943,2.5508
dentin,Na4Ca5Mg(SiO4)4,96.38,2.901,2.4028
dentin,Na10Ca10Mg2Si8O33,92.03,2.894,2.2736
dentin,Na6Ca5MgSi4O17,93.11,2.897,2.3058
dentin,Na2Ca10Mg4Si8O31,110.91,3.006,2.8504
dentin,Na2Ca10Mg6Si8O33,112.52,2.986,2.8938
dentin,Na2Ca10Mg8Si8O35,112.52,2.958,2.8885
dentin,Na2Ca10Mg10Si8O37,109.78,2.938,2.8038
dentin,Na2Ca10Mg12Si8O39,111.21,2.921,2.8427
dentin,Na2Ca10Mg2Si10O33,105.62,2.98,2.6898
dentin,Na2Ca5MgSi5O17,109.81,2.972,2.8114
dentin,Na6Ca10Mg2(Si2O7)5,109.75,2.957,2.8067
dentin,Na4Ca5MgSi5O18,106.36,2.95,2.7057
dentin,Na10Ca10Mg2Si10O37,104.73,2.904,2.6489
dentin,Na6Ca5MgSi5O19,95.32,2.881,2.3676
dentin,Na2Ca10Mg4(Si2O7)5,107.04,2.953,2.7264
dentin,Na2Ca10Mg6Si10O37,113.76,2.99,2.9311
dentin,Na2Ca10Mg8Si10O39,115.37,2.966,2.974
dentin,Na2Ca10Mg10Si10O41,117.47,2.954,3.0331
dentin,Na2Ca10Mg12Si10O43,112.96,2.927,2.8954
dentin,Na2Ca10Mg2Si12O37,144.84,3.067,3.86
dentin,Na2Ca5MgSi6O19,114.82,3.01,2.9662
dentin,Na6Ca10Mg2(Si4O13)3,109.55,2.931,2.7957
dentin,Na4Ca5Mg(Si3O10)2,109.45,2.921,2.7908
dentin,Na10Ca10Mg2Si12O41,104.81,2.91,2.6523
dentin,Na6Ca5Mg(Si2O7)3,101.19,2.896,2.5431
dentin,Na2Ca10Mg4(Si4O13)3,109.26,2.957,2.7923
dentin,Na2Ca10Mg6Si12O41,111.3,2.924,2.8459
dentin,Na2Ca10Mg8Si12O43,110.8,2.91,2.8285
dentin,Na2Ca10Mg10(Si4O15)3,111.32,2.915,2.8445
dentin,Na2Ca10Mg12Si12O47,109.86,2.898,2.7984
dentin,Na2Ca12Mg2Si2O19,114.56,3.058,2.968
dentin,Na2Ca6MgSiO10,117.73,3.021,3.0539
dentin,Na6Ca12Mg2Si2O21,116.26,2.984,3.0034
dentin,Na4Ca6MgSiO11,107.71,2.918,2.7392
dentin,Na10Ca12Mg2Si2O23,104.03,2.87,2.6214
dentin,Na6Ca6MgSiO12,104.34,2.841,2.6249
dentin,Na2Ca12Mg4Si2O21,112.73,3.017,2.906
dentin,Na2Ca6Mg2SiO11,115.16,2.998,2.974
dentin,Na6Ca12Mg4Si2O23,117.68,2.962,3.041
dentin,Na4Ca6Mg2SiO12,108.97,2.933,2.7791
dentin,Na10Ca12Mg4Si2O25,105.32,2.869,2.6593
dentin,Na6Ca6Mg2SiO13,106.49,2.83,2.6861
dentin,Na2Ca12Mg6Si2O23,113.18,2.986,2.9133
dentin,Na2Ca6Mg3SiO12,114.89,2.963,2.9591
dentin,Na6Ca12Mg6Si2O25,114.31,2.934,2.9364
dentin,Na4Ca6Mg3SiO13,114.54,2.898,2.9361
dentin,Na10Ca12Mg6Si2O27,107.63,2.878,2.729
dentin,Na6Ca6Mg3SiO14,107.3,2.84,2.7117
dentin,Na2Ca12Mg8Si2O25,115.67,2.965,2.9823
dentin,Na2Ca6Mg4SiO13,112.74,2.936,2.8904
dentin,Na6Ca12Mg8Si2O27,113.22,2.914,2.9002
dentin,Na4Ca6Mg4SiO14,113.81,2.884,2.9119
dentin,Na10Ca12Mg8Si2O29,106.69,2.863,2.6985
dentin,Na6Ca6Mg4SiO15,105.64,2.851,2.6653
dentin,Na2Ca12Mg10Si2O27,115.07,2.976,2.967
dentin,Na2Ca6Mg5SiO14,113.35,2.944,2.9101
dentin,Na6Ca12Mg10Si2O29,113.98,2.908,2.9215
dentin,Na4Ca6Mg5SiO15,113.41,2.88,2.8991
dentin,Na10Ca12Mg10Si2O31,107.71,2.853,2.7263
dentin,Na6Ca6Mg5SiO16,108.21,2.834,2.7373
dentin,Na2Ca12Mg12Si2O29,116.25,2.961,2.9986
dentin,Na2Ca6Mg6SiO15,109.83,2.944,2.8067
dentin,Na6Ca12Mg12Si2O31,113.03,2.909,2.8937
dentin,Na4Ca6Mg6SiO16,110.89,2.89,2.8273
dentin,Na10Ca12Mg12Si2O33,116.39,2.857,2.9824
dentin,Na6Ca6Mg6SiO17,108.81,2.819,2.752
dentin,Na2Ca12Mg2Si4O23,102.66,3.035,2.6136
dentin,Na2Ca6Mg(SiO6)2,104.4,2.997,2.6574
dentin,Na6Ca12Mg2Si4O25,111.88,2.975,2.873
dentin,Na4Ca6MgSi2O13,110.27,2.962,2.8229
dentin,Na10Ca12Mg2Si4O27,105.7,2.937,2.684
dentin,Na6Ca6Mg(SiO7)2,105.05,2.9,2.6574
dentin,Na2Ca12Mg4Si4O25,114.07,3.028,2.9477
dentin,Na2Ca12Mg6Si4O27,114.48,3.005,2.9552
dentin,Na2Ca12Mg8Si4O29,114.95,2.973,2.9628
dentin,Na2Ca12Mg10Si4O31,105.78,2.951,2.6889
dentin,Na2Ca12Mg12Si4O33,106.63,2.921,2.7079
dentin,Na2Ca12Mg2(Si2O9)3,103.52,3.033,2.6385
dentin,Na2Ca6MgSi3O14,104.48,3.011,2.6624
dentin,Na6Ca12Mg2Si6O29,102.61,2.993,2.604
dentin,Na4Ca6Mg(SiO5)3,101.63,2.969,2.5704
dentin,Na10Ca12Mg2Si6O31,98.74,2.956,2.4827
dentin,Na6Ca6MgSi3O16,99.03,2.919,2.484
dentin,Na2Ca12Mg4Si6O29,101.17,2.984,2.5599
dentin,Na2Ca12Mg6Si6O31,102.55,2.959,2.5955
dentin,Na2Ca12Mg8(Si2O11)3,105.49,2.975,2.6851
dentin,Na2Ca12Mg10Si6O35,108.69,2.972,2.7785
dentin,Na2Ca12Mg12Si6O37,120.17,3.001,3.1218
dentin,Na2Ca12Mg2Si8O31,103.35,3.019,2.6308
dentin,Na2Ca6Mg(SiO4)4,101.02,2.985,2.5557
dentin,Na6Ca12Mg2Si8O33,100.76,2.959,2.5431
dentin,Na4Ca6MgSi4O17,96.0,2.947,2.4006
dentin,Na10Ca12Mg2Si8O35,97.58,2.943,2.4463
dentin,Na6Ca6Mg(Si2O9)2,92.64,2.938,2.2999
dentin,Na2Ca12Mg4Si8O33,111.49,3.049,2.8761
dentin,Na2Ca12Mg6Si8O35,111.79,3.027,2.8805
dentin,Na2Ca12Mg8Si8O37,110.78,3.01,2.8475
dentin,Na2Ca12Mg10Si8O39,111.84,2.981,2.873
dentin,Na2Ca12Mg12Si8O41,111.23,2.963,2.8515
dentin,Na2Ca12Mg2(Si2O7)5,107.02,3.006,2.7359
dentin,Na2Ca6MgSi5O18,107.88,3.02,2.7641
dentin,Na6Ca12Mg2Si10O37,109.55,3.011,2.8115
dentin,Na4Ca6MgSi5O19,101.02,2.936,2.546
dentin,Na10Ca12Mg2Si10O39,95.63,2.897,2.38
dentin,Na6Ca6Mg(SiO4)5,92.67,2.901,2.2938
dentin,Na2Ca12Mg4Si10O37,107.94,3.016,2.7651
dentin,Na2Ca12Mg6Si10O39,111.0,2.988,2.8497
dentin,Na2Ca12Mg8Si10O41,109.95,2.963,2.8139
dentin,Na2Ca12Mg10Si10O43,111.63,2.942,2.8591
dentin,Na2Ca12Mg12(Si2O9)5,110.93,2.931,2.8362
dentin,Na2Ca12Mg2(Si4O13)3,109.27,2.999,2.8009
dentin,Na2Ca6Mg(Si3O10)2,109.67,2.981,2.8093
dentin,Na6Ca12Mg2Si12O41,108.85,2.968,2.7826
dentin,Na4Ca6Mg(Si2O7)3,109.15,2.959,2.7895
dentin,Na10Ca12Mg2Si12O43,106.36,2.943,2.7043
dentin,Na6Ca6Mg(Si3O11)2,104.35,2.912,2.6392
dentin,Na2Ca12Mg4Si12O41,105.95,2.963,2.6962
dentin,Na2Ca12Mg6Si12O43,110.33,2.988,2.8298
dentin,Na2Ca12Mg8(Si4O15)3,114.21,2.982,2.9428
dentin,Na2Ca12Mg10Si12O47,110.67,2.958,2.8339
dentin,Na2Ca12Mg12Si12O49,117.48,2.949,3.0325
dentin,SrCaMgSiO5,129.87,3.505,3.5058
dentin,Sr2CaMgSiO6,152.37,4.015,4.2671
dentin,Sr3CaMgSiO7,167.47,4.305,4.7681
dentin,Sr4CaMgSiO8,144.1,4.418,4.1033
dentin,Sr5CaMgSiO9,113.07,4.052,3.1192
dentin,Sr6CaMgSiO10,115.11,4.178,3.2039
dentin,SrCaMg2SiO6,129.73,3.358,3.473
dentin,Sr2CaMg2SiO7,148.55,3.765,4.1062
dentin,Sr3CaMg2SiO8,169.26,4.097,4.7801
dentin,Sr4CaMg2SiO9,161.1,4.269,4.5737
dentin,Sr5CaMg2SiO10,144.18,4.42,4.1061
dentin,Sr6CaMg2SiO11,117.4,4.052,3.2466
dentin,SrCaMg3SiO7,134.19,3.239,3.5808
dentin,Sr2CaMg3SiO8,149.43,3.578,4.0951
dentin,Sr3CaMg3SiO9,152.24,3.912,4.2433
dentin,Sr4CaMg3SiO10,170.53,4.134,4.8245
dentin,Sr5CaMg3SiO11,156.08,4.228,4.4181
dentin,Sr6CaMg3SiO12,148.12,4.385,4.215
dentin,SrCaMg4SiO8,127.93,3.145,3.3781
dentin,Sr2CaMg4SiO9,139.19,3.45,3.7691
dentin,Sr3CaMg4SiO10,148.46,3.751,4.1004
dentin,Sr4CaMg4SiO11,162.78,4.004,4.5713
dentin,Sr5CaMg4SiO12,173.06,4.167,4.9054
dentin,Sr6CaMg4SiO13,148.52,4.223,4.195
dentin,SrCaMg5SiO9,137.03,3.21,3.6583
dentin,Sr2CaMg5SiO10,137.83,3.387,3.7169
dentin,Sr3CaMg5SiO11,149.83,3.625,4.1161
dentin,Sr4CaMg5SiO12,152.0,3.877,4.2295
dentin,Sr5CaMg5SiO13,170.11,4.041,4.7939
dentin,Sr6CaMg5SiO14,169.03,4.159,4.7854
dentin,SrCaMg6SiO10,133.12,3.154,3.5325
dentin,Sr2CaMg6SiO11,133.79,3.323,3.5852
dentin,Sr3CaMg6SiO12,148.28,3.525,4.051
dentin,Sr4CaMg6SiO13,154.14,3.751,4.2677
dentin,Sr5CaMg6SiO14,153.48,3.932,4.2837
dentin,Sr6CaMg6SiO15,173.06,4.073,4.887
dentin,SrCaMgSi2O7,108.94,3.285,2.8473
dentin,Sr2CaMg(SiO4)2,133.28,3.665,3.6374
dentin,Sr3CaMgSi2O9,144.07,4.007,4.0217
dentin,Sr4CaMg(SiO5)2,153.43,4.228,4.3404
dentin,Sr5CaMgSi2O11,136.3,4.399,3.8704
dentin,Sr6CaMg(SiO6)2,137.21,4.594,3.9353
dentin,SrCaMg2(SiO4)2,116.52,3.266,3.0664
dentin,Sr2CaMg2Si2O9,132.17,3.51,3.5745
dentin,Sr3CaMg2(SiO5)2,138.11,3.829,3.8117
dentin,Sr4CaMg2Si2O11,153.19,4.069,4.3022
dentin,Sr5CaMg2(SiO6)2,155.66,4.269,4.4141
dentin,Sr6CaMg2Si2O13,157.19,4.393,4.4833
dentin,SrCaMg3Si2O9,121.05,3.204,3.1875
dentin,Sr2CaMg3(SiO5)2,129.42,3.441,3.48
dentin,Sr3CaMg3Si2O11,139.31,3.688,3.8193
dentin,Sr4CaMg3(SiO6)2,140.38,3.928,3.8977
dentin,Sr5CaMg3Si2O13,171.42,4.123,4.8486
dentin,Sr6CaMg3(SiO7)2,172.12,4.285,4.9008
dentin,SrCaMg4(SiO5)2,126.66,3.155,3.3427
dentin,Sr2CaMg4Si2O11,127.96,3.355,3.4202
dentin,Sr3CaMg4(SiO6)2,138.02,3.573,3.7588
dentin,Sr4CaMg4Si2O13,150.78,3.801,4.1789
dentin,Sr5CaMg4(SiO7)2,165.01,3.994,4.635
dentin,Sr6CaMg4Si2O15,170.31,4.148,4.8208
dentin,SrCaMg5Si2O11,126.14,3.122,3.321
dentin,Sr2CaMg5(SiO6)2,121.96,3.274,3.2281
dentin,Sr3CaMg5Si2O13,139.32,3.494,3.7816
dentin,Sr4CaMg5(SiO7)2,150.5,3.689,4.1485
dentin,Sr5CaMg5Si2O15,149.29,3.877,4.1499
dentin,Sr6CaMg5(SiO8)2,166.53,4.046,4.6897
dentin,SrCaMg6(SiO6)2,131.18,3.097,3.4642
dentin,Sr2CaMg6Si2O13,129.64,3.217,3.4427
dentin,Sr3CaMg6(SiO7)2,137.64,3.446,3.7225
dentin,Sr4CaMg6Si2O15,149.38,3.598,4.0978
dentin,Sr5CaMg6(SiO8)2,150.35,3.779,4.1618
dentin,Sr6CaMg6Si2O17,152.24,3.945,4.2499
dentin,SrCaMg(SiO3)3,123.19,3.338,3.2768
dentin,Sr2CaMgSi3O10,117.48,3.474,3.1356
dentin,Sr3CaMgSi3O11,128.65,3.718,3.5117
dentin,Sr4CaMg(SiO4)3,132.64,3.995,3.6834
dentin,Sr5CaMgSi3O13,146.0,4.21,4.1183
dentin,Sr6CaMgSi3O14,138.66,4.328,3.9257
dentin,SrCaMg2Si3O10,126.85,3.294,3.3757
dentin,Sr2CaMg2Si3O11,120.5,3.369,3.2036
dentin,Sr3CaMg2(SiO4)3,132.68,3.604,3.6078
dentin,Sr4CaMg2Si3O13,128.93,3.873,3.5504
dentin,Sr5CaMg2Si3O14,150.99,4.054,4.2347
dentin,Sr6CaMg2(SiO5)3,153.56,4.2,4.3388
dentin,SrCaMg3Si3O11,119.93,3.168,3.1476
dentin,Sr2CaMg3(SiO4)3,119.29,3.349,3.1642
dentin,Sr3CaMg3Si3O13,130.59,3.547,3.5354
dentin,Sr4CaMg3Si3O14,138.49,3.739,3.8051
dentin,Sr5CaMg3(SiO5)3,135.96,3.938,3.7697
dentin,Sr6CaMg3Si3O16,150.18,4.085,4.2168
dentin,SrCaMg4(SiO4)3,127.85,3.135,3.3737
dentin,Sr2CaMg4Si3O13,116.29,3.327,3.0717
dentin,Sr3CaMg4Si3O14,128.82,3.478,3.4697
dentin,Sr4CaMg4(SiO5)3,139.19,3.636,3.8054
dentin,Sr5CaMg4Si3O16,137.88,3.829,3.8049
dentin,Sr6CaMg4Si3O17,150.6,3.993,4.2111
dentin,SrCaMg5Si3O13,127.91,3.112,3.3711
dentin,Sr2CaMg5Si3O14,119.75,3.283,3.1648
dentin,Sr3CaMg5(SiO5)3,131.05,3.41,3.522
dentin,Sr4CaMg5Si3O16,135.84,3.562,3.6926
dentin,Sr5CaMg5Si3O17,141.76,3.739,3.9015
dentin,Sr6CaMg5(SiO6)3,138.18,3.905,3.8285
dentin,SrCaMg6Si3O14,130.07,3.075,3.4274
dentin,Sr2CaMg6(SiO5)3,121.99,3.245,3.2233
dentin,Sr3CaMg6Si3O16,133.05,3.347,3.5683
dentin,Sr4CaMg6Si3O17,133.31,3.537,3.6133
dentin,Sr5CaMg6(SiO6)3,140.66,3.659,3.8532
dentin,Sr6CaMg6Si3O19,150.87,3.817,4.1844
dentin,SrCaMgSi4O11,122.4,3.24,3.2342
dentin,Sr2CaMg(SiO3)4,121.42,3.481,3.2528
dentin,Sr3CaMgSi4O13,128.49,3.584,3.4807
dentin,Sr4CaMg(Si2O7)2,128.24,3.757,3.5074
dentin,Sr5CaMgSi4O15,124.21,3.978,3.4322
dentin,Sr6CaMg(SiO4)4,141.49,4.157,3.9753
dentin,SrCaMg2(SiO3)4,166.24,3.279,4.5308
dentin,Sr2CaMg2Si4O13,113.32,3.354,2.9896
dentin,Sr3CaMg2(Si2O7)2,115.8,3.487,3.0886
dentin,Sr4CaMg2Si4O15,130.5,3.679,3.5583
dentin,Sr5CaMg2(SiO4)4,126.96,3.876,3.493
dentin,Sr6CaMg2Si4O17,144.16,4.052,4.0334
dentin,SrCaMg3Si4O13,157.33,3.194,4.2521
dentin,Sr2CaMg3(Si2O7)2,111.85,3.286,2.9331
dentin,Sr3CaMg3Si4O15,120.42,3.44,3.2153
dentin,Sr4CaMg3(SiO4)4,132.29,3.59,3.5936
dentin,Sr5CaMg3Si4O17,133.93,3.779,3.6789
dentin,Sr6CaMg3(Si2O9)2,131.42,3.949,3.6383
dentin,SrCaMg4(Si2O7)2,130.12,3.126,3.4389
dentin,Sr2CaMg4Si4O15,116.62,3.265,3.0693
dentin,Sr3CaMg4(SiO4)4,119.15,3.385,3.1672
dentin,Sr4CaMg4Si4O17,129.69,3.535,3.5064
dentin,Sr5CaMg4(Si2O9)2,138.54,3.687,3.7965
dentin,Sr6CaMg4Si4O19,132.56,3.85,3.6527
dentin,SrCaMg5Si4O15,130.45,3.105,3.4444
dentin,Sr2CaMg5(SiO4)4,118.88,3.233,3.1292
dentin,Sr3CaMg5Si4O17,117.07,3.315,3.0923
dentin,Sr4CaMg5(Si2O9)2,128.82,3.502,3.4743
dentin,Sr5CaMg5Si4O19,138.56,3.614,3.7825
dentin,Sr6CaMg5(SiO5)4,141.3,3.767,3.8934
dentin,SrCaMg6(SiO4)4,132.7,3.07,3.5037
dentin,Sr2CaMg6Si4O17,119.94,3.191,3.1524
dentin,Sr3CaMg6(Si2O9)2,118.96,3.317,3.1481
dentin,Sr4CaMg6Si4O19,131.05,3.444,3.5287
dentin,Sr5CaMg6(SiO5)4,135.17,3.557,3.6719
dentin,Sr6CaMg6Si4O21,139.17,3.698,3.8173
dentin,SrCaMgSi5O13,130.71,3.193,3.4694
dentin,Sr2CaMgSi5O14,109.36,3.323,2.867
dentin,Sr3CaMg(SiO3)5,116.1,3.505,3.1008
dentin,Sr4CaMgSi5O16,130.08,3.653,3.5411
dentin,Sr5CaMgSi5O17,129.84,3.812,3.5651
dentin,Sr6CaMgSi5O18,125.81,3.959,3.4756
dentin,SrCaMg2Si5O14,154.55,3.179,4.1676
dentin,Sr2CaMg2(SiO3)5,126.38,3.379,3.3786
dentin,Sr3CaMg2Si5O16,113.05,3.443,2.9992
dentin,Sr4CaMg2Si5O17,123.79,3.562,3.3383
dentin,Sr5CaMg2Si5O18,131.99,3.699,3.6062
dentin,Sr6CaMg2Si5O19,122.88,3.879,3.3737
dentin,SrCaMg3(SiO3)5,162.78,3.205,4.4146
dentin,Sr2CaMg3Si5O16,158.07,3.436,4.3213
dentin,Sr3CaMg3Si5O17,113.8,3.406,3.0139
dentin,Sr4CaMg3Si5O18,119.42,3.503,3.198
dentin,Sr5CaMg3Si5O19,128.64,3.65,3.4982
dentin,Sr6CaMg3(SiO4)5,131.92,3.79,3.6219
dentin,SrCaMg4Si5O16,160.77,3.176,4.3496
dentin,Sr2CaMg4Si5O17,122.54,3.297,3.2497
dentin,Sr3CaMg4Si5O18,116.52,3.352,3.0833
dentin,Sr4CaMg4Si5O19,120.58,3.477,3.2273
dentin,Sr5CaMg4(SiO4)5,130.89,3.596,3.5535
dentin,Sr6CaMg4Si5O21,136.66,3.729,3.7492
dentin,SrCaMg5Si5O17,155.03,3.084,4.1629
dentin,Sr2CaMg5Si5O18,119.77,3.233,3.1557
dentin,Sr3CaMg5Si5O19,113.71,3.333,2.9969
dentin,Sr4CaMg5(SiO4)5,123.14,3.426,3.2927
dentin,Sr5CaMg5Si5O21,130.0,3.552,3.5188
dentin,Sr6CaMg5Si5O22,137.38,3.662,3.7576
dentin,SrCaMg6Si5O18,131.36,3.038,3.458
dentin,Sr2CaMg6Si5O19,120.7,3.195,3.1754
dentin,Sr3CaMg6(SiO4)5,116.61,3.295,3.0749
dentin,Sr4CaMg6Si5O21,119.79,3.371,3.1831
dentin,Sr5CaMg6Si5O22,129.59,3.515,3.4996
dentin,Sr6CaMg6Si5O23,137.59,3.597,3.751
dentin,SrCaMg(Si2O5)3,135.41,3.115,3.5923
dentin,Sr2CaMg(Si3O8)2,123.64,3.362,3.2947
dentin,Sr3CaMgSi6O17,114.2,3.467,3.0378
dentin,Sr4CaMg(SiO3)6,127.57,3.593,3.4556
dentin,Sr5CaMgSi6O19,132.25,3.724,3.6188
dentin,Sr6CaMg(Si3O10)2,127.06,3.831,3.4871
dentin,SrCaMg2(Si3O8)2,128.26,3.113,3.3815
dentin,Sr2CaMg2Si6O17,126.07,3.36,3.3655
dentin,Sr3CaMg2(SiO3)6,120.71,3.445,3.2247
dentin,Sr4CaMg2Si6O19,119.01,3.499,3.1854
dentin,Sr5CaMg2(Si3O10)2,127.01,3.62,3.4442
dentin,Sr6CaMg2(Si2O7)3,131.24,3.727,3.5897
dentin,SrCaMg3Si6O17,157.12,3.116,4.2306
dentin,Sr2CaMg3(SiO3)6,158.42,3.37,4.3186
dentin,Sr3CaMg3Si6O19,119.6,3.398,3.1829
dentin,Sr4CaMg3(Si3O10)2,112.7,3.416,2.9836
dentin,Sr5CaMg3(Si2O7)3,121.82,3.55,3.2778
dentin,Sr6CaMg3(Si3O11)2,130.32,3.66,3.5495
dentin,SrCaMg4(SiO3)6,160.57,3.145,4.3377
dentin,Sr2CaMg4Si6O19,128.88,3.301,3.4367
dentin,Sr3CaMg4(Si3O10)2,110.15,3.324,2.8904
dentin,Sr4CaMg4(Si2O7)3,117.13,3.392,3.1093
dentin,Sr5CaMg4(Si3O11)2,122.34,3.516,3.2866
dentin,Sr6CaMg4Si6O23,127.68,3.624,3.4649
dentin,SrCaMg5Si6O19,159.88,3.13,4.3145
dentin,Sr2CaMg5(Si3O10)2,129.84,3.227,3.4503
dentin,Sr3CaMg5(Si2O7)3,111.59,3.289,2.9261
dentin,Sr4CaMg5(Si3O11)2,116.83,3.382,3.0983
dentin,Sr5CaMg5Si6O23,120.58,3.498,3.2314
dentin,Sr6CaMg5(SiO4)6,130.89,3.587,3.5518
dentin,SrCaMg6(Si3O10)2,159.84,3.068,4.3011
dentin,Sr2CaMg6(Si2O7)3,123.17,3.164,3.2419
dentin,Sr3CaMg6(Si3O11)2,115.72,3.263,3.0424
dentin,Sr4CaMg6Si6O23,117.96,3.378,3.1308
dentin,Sr5CaMg6(SiO4)6,123.14,3.453,3.2979
dentin,Sr6CaMg6Si6O25,130.0,3.557,3.5197
dentin,SrCa2MgSiO6,132.39,3.482,3.5753
dentin,Sr2Ca2MgSiO7,151.0,3.905,4.2054
dentin,Sr3Ca2MgSiO8,163.78,4.129,4.625
dentin,Sr4Ca2MgSiO9,156.59,4.286,4.4444
dentin,Sr5Ca2MgSiO10,105.31,3.984,2.8778
dentin,Sr6Ca2MgSiO11,114.64,4.054,3.1657
dentin,SrCa2Mg2SiO7,138.47,3.311,3.7206
dentin,Sr2Ca2Mg2SiO8,149.33,3.717,4.1196
dentin,Sr3Ca2Mg2SiO9,152.62,3.986,4.269
dentin,Sr4Ca2Mg2SiO10,156.64,4.141,4.4175
dentin,Sr5Ca2Mg2SiO11,155.33,4.289,4.4081
dentin,Sr6Ca2Mg2SiO12,126.09,4.075,3.5065
dentin,SrCa2Mg3SiO8,136.31,3.237,3.6424
dentin,Sr2Ca2Mg3SiO9,146.13,3.562,3.995
dentin,Sr3Ca2Mg3SiO10,153.06,3.841,4.2535
dentin,Sr4Ca2Mg3SiO11,167.05,4.05,4.7058
dentin,Sr5Ca2Mg3SiO12,165.04,4.15,4.6666
dentin,Sr6Ca2Mg3SiO13,153.55,4.267,4.3515
dentin,SrCa2Mg4SiO9,133.89,3.171,3.5585
dentin,Sr2Ca2Mg4SiO10,140.49,3.438,3.8048
dentin,Sr3Ca2Mg4SiO11,148.88,3.719,4.1067
dentin,Sr4Ca2Mg4SiO12,155.51,3.925,4.3421
dentin,Sr5Ca2Mg4SiO13,164.27,4.065,4.6271
dentin,Sr6Ca2Mg4SiO14,163.96,4.15,4.6346
dentin,SrCa2Mg5SiO10,132.8,3.119,3.5163
dentin,Sr2Ca2Mg5SiO11,139.86,3.353,3.7698
dentin,Sr3Ca2Mg5SiO12,150.36,3.618,4.1303
dentin,Sr4Ca2Mg5SiO13,155.3,3.819,4.3152
dentin,Sr5Ca2Mg5SiO14,153.42,3.972,4.2899
dentin,Sr6Ca2Mg5SiO15,163.87,4.084,4.619
dentin,SrCa2Mg6SiO11,127.47,3.109,3.3576
dentin,Sr2Ca2Mg6SiO12,137.22,3.316,3.6848
dentin,Sr3Ca2Mg6SiO13,143.32,3.513,3.9029
dentin,Sr4Ca2Mg6SiO14,154.52,3.718,4.2724
dentin,Sr5Ca2Mg6SiO15,154.46,3.884,4.3033
dentin,Sr6Ca2Mg6SiO16,165.72,4.012,4.6594
dentin,SrCa2Mg(SiO4)2,123.38,3.308,3.2763
dentin,Sr2Ca2MgSi2O9,135.19,3.636,3.6879
dentin,Sr3Ca2Mg(SiO5)2,140.02,3.915,3.8846
dentin,Sr4Ca2MgSi2O11,155.37,4.155,4.3831
dentin,Sr5Ca2Mg(SiO6)2,154.5,4.325,4.3909
dentin,Sr6Ca2MgSi2O13,144.48,4.453,4.1214
dentin,SrCa2Mg2Si2O9,124.21,3.2,3.2796
dentin,SrCa2Mg3(SiO5)2,121.06,3.172,3.1816
dentin,SrCa2Mg4Si2O11,124.13,3.194,3.276
dentin,SrCa2Mg5(SiO6)2,124.21,3.15,3.2699
dentin,SrCa2Mg6Si2O13,135.24,3.121,3.5883
dentin,SrCa2MgSi3O10,108.67,3.233,2.8293
dentin,Sr2Ca2MgSi3O11,121.89,3.451,3.2605
dentin,Sr3Ca2Mg(SiO4)3,129.59,3.716,3.539
dentin,Sr4Ca2MgSi3O13,130.32,3.959,3.6083
dentin,Sr5Ca2MgSi3O14,150.48,4.12,4.2324
dentin,Sr6Ca2Mg(SiO5)3,150.05,4.27,4.249
dentin,SrCa2Mg2Si3O11,109.51,3.172,2.8419
dentin,SrCa2Mg3(SiO4)3,118.2,3.157,3.0945
dentin,SrCa2Mg4Si3O13,120.8,3.12,3.1636
dentin,SrCa2Mg5Si3O14,123.25,3.082,3.2283
dentin,SrCa2Mg6(SiO5)3,126.74,3.074,3.3291
dentin,SrCa2Mg(SiO3)4,126.08,3.312,3.3566
dentin,Sr2Ca2MgSi4O13,112.23,3.34,2.9549
dentin,Sr3Ca2Mg(Si2O7)2,124.41,3.546,3.3531
dentin,Sr4Ca2MgSi4O15,126.51,3.75,3.4553
dentin,Sr5Ca2Mg(SiO4)4,126.02,3.951,3.4803
dentin,Sr6Ca2MgSi4O17,146.85,4.122,4.126
dentin,SrCa2Mg2Si4O13,128.18,3.284,3.4129
dentin,SrCa2Mg3(Si2O7)2,117.75,3.144,3.0788
dentin,SrCa2Mg4Si4O15,122.84,3.117,3.223
dentin,SrCa2Mg5(SiO4)4,127.55,3.086,3.3555
dentin,SrCa2Mg6Si4O17,129.33,3.061,3.4027
dentin,SrCa2MgSi5O14,121.94,3.217,3.2161
dentin,Sr2Ca2Mg(SiO3)5,123.21,3.394,3.2882
dentin,Sr3Ca2MgSi5O16,120.0,3.478,3.2102
dentin,Sr4Ca2MgSi5O17,130.85,3.599,3.5531
dentin,Sr5Ca2MgSi5O18,126.89,3.774,3.471
dentin,Sr6Ca2MgSi5O19,122.85,3.938,3.3843
dentin,SrCa2Mg2(SiO3)5,161.43,3.26,4.3856
dentin,SrCa2Mg3Si5O16,158.66,3.206,4.2935
dentin,SrCa2Mg4Si5O17,128.1,3.093,3.3731
dentin,SrCa2Mg5Si5O18,123.77,3.059,3.239
dentin,SrCa2Mg6Si5O19,123.86,3.029,3.2356
dentin,SrCa2Mg(Si3O8)2,127.8,3.186,3.3823
dentin,Sr2Ca2MgSi6O17,119.28,3.308,3.1559
dentin,Sr3Ca2Mg(SiO3)6,115.27,3.451,3.0661
dentin,Sr4Ca2MgSi6O19,127.17,3.567,3.4386
dentin,Sr5Ca2Mg(Si3O10)2,132.05,3.657,3.5999
dentin,Sr6Ca2Mg(Si2O7)3,126.49,3.788,3.4618
dentin,SrCa2Mg2Si6O17,154.25,3.175,4.1579
dentin,SrCa2Mg3(SiO3)6,165.4,3.202,4.4909
dentin,SrCa2Mg4Si6O19,161.17,3.168,4.36
dentin,SrCa2Mg5(Si3O10)2,153.3,3.101,4.1153
dentin,SrCa2Mg6(Si2O7)3,131.04,3.041,3.4491
dentin,SrCa3MgSiO7,137.38,3.466,3.7188
dentin,Sr2Ca3MgSiO8,153.25,3.812,4.2534
dentin,Sr3Ca3MgSiO9,153.1,4.01,4.2878
dentin,Sr4Ca3MgSiO10,159.83,4.176,4.5184
dentin,Sr5Ca3MgSiO11,109.09,3.888,2.9702
dentin,Sr6Ca3MgSiO12,108.56,3.95,2.9668
dentin,SrCa3Mg2SiO8,137.55,3.317,3.6949
dentin,Sr2Ca3Mg2SiO9,152.17,3.665,4.1928
dentin,Sr3Ca3Mg2SiO10,153.18,3.902,4.2692
dentin,Sr4Ca3Mg2SiO11,158.58,4.046,4.4561
dentin,Sr5Ca3Mg2SiO12,164.74,4.205,4.6681
dentin,Sr6Ca3Mg2SiO13,139.58,4.097,3.9073
dentin,SrCa3Mg3SiO9,137.88,3.217,3.6847
dentin,Sr2Ca3Mg3SiO10,145.47,3.54,3.9713
dentin,Sr3Ca3Mg3SiO11,149.74,3.788,4.1457
dentin,Sr4Ca3Mg3SiO12,152.61,3.959,4.2633
dentin,Sr5Ca3Mg3SiO13,165.22,4.074,4.6569
dentin,Sr6Ca3Mg3SiO14,164.74,4.204,4.668
dentin,SrCa3Mg4SiO10,135.75,3.177,3.6145
dentin,Sr2Ca3Mg4SiO11,139.33,3.441,3.7715
dentin,Sr3Ca3Mg4SiO12,150.08,3.672,4.1328
dentin,Sr4Ca3Mg4SiO13,149.88,3.865,4.1649
dentin,Sr5Ca3Mg4SiO14,151.6,3.988,4.2394
dentin,Sr6Ca3Mg4SiO15,165.22,4.093,4.6605
dentin,SrCa3Mg5SiO11,134.92,3.141,3.5827
dentin,Sr2Ca3Mg5SiO12,140.77,3.359,3.7977
dentin,Sr3Ca3Mg5SiO13,151.83,3.584,4.1671
dentin,Sr4Ca3Mg5SiO14,153.41,3.767,4.2493
dentin,Sr5Ca3Mg5SiO15,153.27,3.93,4.2771
dentin,Sr6Ca3Mg5SiO16,160.08,4.023,4.4955
dentin,SrCa3Mg6SiO12,135.51,3.138,3.5997
dentin,Sr2Ca3Mg6SiO13,138.95,3.284,3.7293
dentin,Sr3Ca3Mg6SiO14,140.77,3.501,3.8255
dentin,Sr4Ca3Mg6SiO15,151.84,3.688,4.1875
dentin,Sr5Ca3Mg6SiO16,153.65,3.844,4.2715
dentin,Sr6Ca3Mg6SiO17,152.51,3.95,4.2589
dentin,SrCa3MgSi2O9,125.26,3.306,3.3312
dentin,Sr2Ca3Mg(SiO5)2,136.25,3.595,3.7112
dentin,Sr3Ca3MgSi2O11,136.95,3.869,3.7854
dentin,Sr4Ca3Mg(SiO6)2,155.55,4.085,4.3747
dentin,Sr5Ca3MgSi2O13,167.62,4.231,4.758
dentin,Sr6Ca3Mg(SiO7)2,154.93,4.345,4.4073
dentin,SrCa3Mg2(SiO5)2,124.87,3.238,3.3064
dentin,SrCa3Mg3Si2O11,123.02,3.172,3.2391
dentin,SrCa3Mg4(SiO6)2,119.2,3.11,3.1146
dentin,SrCa3Mg5Si2O13,128.03,3.106,3.3733
dentin,SrCa3Mg6(SiO7)2,133.61,3.118,3.5399
dentin,SrCa3MgSi3O11,113.65,3.181,2.9655
dentin,Sr2Ca3Mg(SiO4)3,125.6,3.449,3.3694
dentin,Sr3Ca3MgSi3O13,130.4,3.705,3.5605
dentin,Sr4Ca3MgSi3O14,138.23,3.894,3.8281
dentin,Sr5Ca3Mg(SiO5)3,150.33,4.053,4.2149
dentin,Sr6Ca3MgSi3O16,152.36,4.202,4.3038
dentin,SrCa3Mg2(SiO4)3,116.42,3.169,3.0444
dentin,SrCa3Mg3Si3O13,117.61,3.181,3.0819
dentin,SrCa3Mg4Si3O14,121.58,3.141,3.1906
dentin,SrCa3Mg5(SiO5)3,126.3,3.116,3.3246
dentin,SrCa3Mg6Si3O16,127.05,3.097,3.343
dentin,SrCa3MgSi4O13,108.91,3.197,2.8291
dentin,Sr2Ca3Mg(Si2O7)2,115.88,3.346,3.0633
dentin,Sr3Ca3MgSi4O15,126.61,3.529,3.4147
dentin,Sr4Ca3Mg(SiO4)4,126.75,3.744,3.461
dentin,Sr5Ca3MgSi4O17,130.32,3.934,3.6033
dentin,Sr6Ca3Mg(Si2O9)2,148.19,4.065,4.1542
dentin,SrCa3Mg2(Si2O7)2,105.26,3.116,2.706
dentin,SrCa3Mg3Si4O15,117.97,3.128,3.0819
dentin,SrCa3Mg4(SiO4)4,120.16,3.097,3.1404
dentin,SrCa3Mg5Si4O17,121.43,3.081,3.1744
dentin,SrCa3Mg6(Si2O9)2,123.24,3.068,3.2252
dentin,SrCa3Mg(SiO3)5,158.71,3.345,4.3222
dentin,Sr2Ca3MgSi5O16,112.06,3.32,2.9459
dentin,Sr3Ca3MgSi5O17,117.14,3.446,3.1201
dentin,Sr4Ca3MgSi5O18,130.89,3.591,3.5527
dentin,Sr5Ca3MgSi5O19,125.5,3.766,3.4284
dentin,Sr6Ca3Mg(SiO4)5,125.14,3.927,3.4495
dentin,SrCa3Mg2Si5O16,154.83,3.296,4.1985
dentin,SrCa3Mg3Si5O17,117.82,3.143,3.0806
dentin,SrCa3Mg4Si5O18,119.9,3.092,3.1317
dentin,SrCa3Mg5Si5O19,121.02,3.079,3.162
dentin,SrCa3Mg6(SiO4)5,128.97,3.048,3.3896
dentin,SrCa3MgSi6O17,148.01,3.242,3.9876
dentin,Sr2Ca3Mg(SiO3)6,121.2,3.332,3.217
dentin,Sr3Ca3MgSi6O19,120.86,3.388,3.2179
dentin,Sr4Ca3Mg(Si3O10)2,123.05,3.518,3.3078
dentin,Sr5Ca3Mg(Si2O7)3,130.65,3.634,3.5541
dentin,Sr6Ca3Mg(Si3O11)2,126.89,3.767,3.4695
dentin,SrCa3Mg2(SiO3)6,161.66,3.257,4.3919
dentin,SrCa3Mg3Si6O19,161.0,3.202,4.3615
dentin,SrCa3Mg4(Si3O10)2,128.79,3.12,3.3985
dentin,SrCa3Mg5(Si2O7)3,123.93,3.059,3.2438
dentin,SrCa3Mg6(Si3O11)2,124.63,3.03,3.2586
dentin,SrCa4MgSiO8,139.49,3.434,3.7748
dentin,Sr2Ca4MgSiO9,153.25,3.744,4.2402
dentin,Sr3Ca4MgSiO10,151.3,3.935,4.2201
dentin,Sr4Ca4MgSiO11,163.64,4.072,4.6098
dentin,Sr5Ca4MgSiO12,127.11,3.992,3.5203
dentin,Sr6Ca4MgSiO13,107.83,3.873,2.93
dentin,SrCa4Mg2SiO9,136.88,3.317,3.6751
dentin,Sr2Ca4Mg2SiO10,152.04,3.615,4.1793
dentin,Sr3Ca4Mg2SiO11,151.53,3.819,4.2043
dentin,Sr4Ca4Mg2SiO12,152.48,3.985,4.2648
dentin,Sr5Ca4Mg2SiO13,167.45,4.117,4.7306
dentin,Sr6Ca4Mg2SiO14,138.44,4.012,3.8574
dentin,SrCa4Mg3SiO10,137.79,3.224,3.6835
dentin,Sr2Ca4Mg3SiO11,138.26,3.509,3.7531
dentin,Sr3Ca4Mg3SiO12,154.29,3.743,4.2704
dentin,Sr4Ca4Mg3SiO13,152.28,3.888,4.2396
dentin,Sr5Ca4Mg3SiO14,159.95,4.011,4.4893
dentin,Sr6Ca4Mg3SiO15,167.19,4.132,4.7259
dentin,SrCa4Mg4SiO11,136.25,3.167,3.6271
dentin,Sr2Ca4Mg4SiO12,140.81,3.429,3.8123
dentin,Sr3Ca4Mg4SiO13,152.98,3.643,4.2125
dentin,Sr4Ca4Mg4SiO14,154.19,3.816,4.2818
dentin,Sr5Ca4Mg4SiO15,152.85,3.933,4.2653
dentin,Sr6Ca4Mg4SiO16,165.49,4.039,4.6579
dentin,SrCa4Mg5SiO12,135.79,3.151,3.6104
dentin,Sr2Ca4Mg5SiO13,141.82,3.351,3.827
dentin,Sr3Ca4Mg5SiO14,147.97,3.549,4.0467
dentin,Sr4Ca4Mg5SiO15,152.82,3.739,4.2264
dentin,Sr5Ca4Mg5SiO16,147.82,3.86,4.1031
dentin,Sr6Ca4Mg5SiO17,153.04,3.971,4.2785
dentin,SrCa4Mg6SiO13,136.8,3.145,3.6391
dentin,Sr2Ca4Mg6SiO14,137.92,3.292,3.7006
dentin,Sr3Ca4Mg6SiO15,141.14,3.489,3.834
dentin,Sr4Ca4Mg6SiO16,152.38,3.655,4.1971
dentin,Sr5Ca4Mg6SiO17,154.14,3.811,4.2794
dentin,Sr6Ca4Mg6SiO18,152.35,3.897,4.2438
dentin,SrCa4Mg(SiO5)2,129.05,3.271,3.4357
dentin,Sr2Ca4MgSi2O11,134.54,3.581,3.658
dentin,Sr3Ca4Mg(SiO6)2,140.78,3.836,3.8914
dentin,Sr4Ca4MgSi2O13,162.85,4.024,4.5772
dentin,Sr5Ca4Mg(SiO7)2,162.04,4.147,4.5774
dentin,Sr6Ca4MgSi2O15,156.07,4.253,4.4228
dentin,SrCa4Mg2Si2O11,124.39,3.231,3.2909
dentin,SrCa4Mg3(SiO6)2,124.52,3.182,3.285
dentin,SrCa4Mg4Si2O13,135.27,3.139,3.5928
dentin,SrCa4Mg5(SiO7)2,134.18,3.126,3.5581
dentin,SrCa4Mg6Si2O15,127.22,3.094,3.3474
dentin,SrCa4Mg(SiO4)3,119.74,3.228,3.1537
dentin,Sr2Ca4MgSi3O13,125.3,3.449,3.3606
dentin,Sr3Ca4MgSi3O14,135.63,3.665,3.7067
dentin,Sr4Ca4Mg(SiO5)3,140.2,3.843,3.8758
dentin,Sr5Ca4MgSi3O16,146.97,4.006,4.1069
dentin,Sr6Ca4MgSi3O17,155.27,4.158,4.3806
dentin,SrCa4Mg2Si3O13,121.38,3.161,3.1886
dentin,SrCa4Mg3Si3O14,118.37,3.098,3.0879
dentin,SrCa4Mg4(SiO5)3,118.95,3.11,3.1073
dentin,SrCa4Mg5Si3O16,121.91,3.142,3.2004
dentin,SrCa4Mg6Si3O17,125.31,3.124,3.2971
dentin,SrCa4Mg(Si2O7)2,109.29,3.145,2.8301
dentin,Sr2Ca4MgSi4O15,121.87,3.36,3.2421
dentin,Sr3Ca4Mg(SiO4)4,127.1,3.536,3.4305
dentin,Sr4Ca4MgSi4O17,129.8,3.738,3.5495
dentin,Sr5Ca4Mg(Si2O9)2,135.89,3.884,3.7571
dentin,Sr6Ca4MgSi4O19,145.34,4.009,4.0597
dentin,SrCa4Mg2Si4O15,110.3,3.152,2.8611
dentin,SrCa4Mg3(SiO4)4,117.24,3.149,3.0645
dentin,SrCa4Mg4Si4O17,117.63,3.115,3.0694
dentin,SrCa4Mg5(Si2O9)2,122.91,3.099,3.2215
dentin,SrCa4Mg6Si4O19,126.96,3.087,3.3382
dentin,SrCa4MgSi5O16,119.35,3.188,3.1344
dentin,Sr2Ca4MgSi5O17,115.29,3.256,3.0282
dentin,Sr3Ca4MgSi5O18,121.21,3.434,3.2373
dentin,Sr4Ca4MgSi5O19,128.67,3.591,3.4873
dentin,Sr5Ca4Mg(SiO4)5,125.86,3.765,3.4388
dentin,Sr6Ca4MgSi5O21,130.32,3.918,3.6002
dentin,SrCa4Mg2Si5O17,108.44,3.113,2.7987
dentin,SrCa4Mg3Si5O18,107.91,3.085,2.7776
dentin,SrCa4Mg4Si5O19,118.39,3.079,3.0847
dentin,SrCa4Mg5(SiO4)5,120.79,3.066,3.1528
dentin,SrCa4Mg6Si5O21,121.36,3.057,3.1677
dentin,SrCa4Mg(SiO3)6,161.13,3.361,4.3966
dentin,Sr2Ca4MgSi6O19,119.4,3.326,3.1629
dentin,Sr3Ca4Mg(Si3O10)2,117.78,3.381,3.1261
dentin,Sr4Ca4Mg(Si2O7)3,120.64,3.502,3.2339
dentin,Sr5Ca4Mg(Si3O11)2,127.5,3.62,3.4585
dentin,Sr6Ca4MgSi6O23,125.46,3.77,3.428
dentin,SrCa4Mg2Si6O19,161.27,3.287,4.3862
dentin,SrCa4Mg3(Si3O10)2,124.37,3.176,3.2797
dentin,SrCa4Mg4(Si2O7)3,118.97,3.097,3.1054
dentin,SrCa4Mg5(Si3O11)2,120.81,3.064,3.1529
dentin,SrCa4Mg6Si6O23,125.78,3.051,3.2966
dentin,SrCa5MgSiO9,142.27,3.42,3.8539
dentin,Sr2Ca5MgSiO10,151.06,3.672,4.1615
dentin,Sr3Ca5MgSiO11,147.06,3.871,4.0831
dentin,Sr4Ca5MgSiO12,130.39,3.98,3.6142
dentin,Sr5Ca5MgSiO13,126.06,3.941,3.4792
dentin,Sr6Ca5MgSiO14,117.16,3.792,3.1884
dentin,SrCa5Mg2SiO10,138.04,3.305,3.7067
dentin,Sr2Ca5Mg2SiO11,151.76,3.587,4.1654
dentin,Sr3Ca5Mg2SiO12,153.84,3.775,4.2634
dentin,Sr4Ca5Mg2SiO13,151.41,3.907,4.218
dentin,Sr5Ca5Mg2SiO14,161.37,4.019,4.5328
dentin,Sr6Ca5Mg2SiO15,139.33,4.042,3.8893
dentin,SrCa5Mg3SiO11,135.34,3.233,3.6131
dentin,Sr2Ca5Mg3SiO12,141.1,3.489,3.8328
dentin,Sr3Ca5Mg3SiO13,153.29,3.683,4.2294
dentin,Sr4Ca5Mg3SiO14,153.13,3.838,4.2551
dentin,Sr5Ca5Mg3SiO15,152.06,3.942,4.244
dentin,Sr6Ca5Mg3SiO16,167.19,4.06,4.7118
dentin,SrCa5Mg4SiO12,139.28,3.177,3.7183
dentin,Sr2Ca5Mg4SiO13,140.67,3.411,3.8049
dentin,Sr3Ca5Mg4SiO14,152.29,3.61,4.1856
dentin,Sr4Ca5Mg4SiO15,152.84,3.755,4.2301
dentin,Sr5Ca5Mg4SiO16,152.35,3.891,4.2426
dentin,Sr6Ca5Mg4SiO17,153.43,3.965,4.2888
dentin,SrCa5Mg5SiO13,137.52,3.126,3.6563
dentin,Sr2Ca5Mg5SiO14,137.45,3.334,3.6951
dentin,Sr3Ca5Mg5SiO15,145.39,3.534,3.9678
dentin,Sr4Ca5Mg5SiO16,153.27,3.712,4.2344
dentin,Sr5Ca5Mg5SiO17,153.43,3.81,4.2583
dentin,Sr6Ca5Mg5SiO18,153.87,3.934,4.2955
dentin,SrCa5Mg6SiO14,135.79,3.122,3.6049
dentin,Sr2Ca5Mg6SiO15,139.04,3.282,3.7317
dentin,Sr3Ca5Mg6SiO16,141.14,3.475,3.8314
dentin,Sr4Ca5Mg6SiO17,153.9,3.64,4.2389
dentin,Sr5Ca5Mg6SiO18,154.72,3.763,4.2869
dentin,Sr6Ca5Mg6SiO19,149.79,3.86,4.161
dentin,SrCa5MgSi2O11,130.06,3.283,3.4678
dentin,Sr2Ca5Mg(SiO6)2,133.72,3.568,3.6313
dentin,Sr3Ca5MgSi2O13,151.7,3.79,4.2035
dentin,Sr4Ca5Mg(SiO7)2,151.16,3.96,4.2209
dentin,Sr5Ca5MgSi2O15,164.06,4.052,4.6182
dentin,Sr6Ca5Mg(SiO8)2,159.2,4.185,4.5016
dentin,SrCa5Mg2(SiO6)2,127.58,3.21,3.3807
dentin,SrCa5Mg3Si2O13,137.4,3.182,3.6637
dentin,SrCa5Mg4(SiO7)2,134.3,3.141,3.5645
dentin,SrCa5Mg5Si2O15,134.3,3.11,3.5584
dentin,SrCa5Mg6(SiO8)2,133.08,3.11,3.5226
dentin,SrCa5MgSi3O13,119.44,3.234,3.1461
dentin,Sr2Ca5MgSi3O14,129.54,3.436,3.4827
dentin,Sr3Ca5Mg(SiO5)3,134.58,3.631,3.669
dentin,Sr4Ca5MgSi3O16,140.52,3.81,3.8788
dentin,Sr5Ca5MgSi3O17,139.59,3.974,3.8837
dentin,Sr6Ca5Mg(SiO6)3,154.09,4.112,4.337
dentin,SrCa5Mg2Si3O14,122.9,3.183,3.2378
dentin,SrCa5Mg3(SiO5)3,124.3,3.139,3.2702
dentin,SrCa5Mg4Si3O16,123.15,3.094,3.2276
dentin,SrCa5Mg5Si3O17,118.57,3.079,3.0899
dentin,SrCa5Mg6(SiO6)3,117.19,3.083,3.0501
dentin,SrCa5MgSi4O15,116.08,3.156,3.0319
dentin,Sr2Ca5Mg(SiO4)4,124.43,3.362,3.318
dentin,Sr3Ca5MgSi4O17,130.16,3.544,3.522
dentin,Sr4Ca5Mg(Si2O9)2,135.89,3.7,3.7211
dentin,Sr5Ca5MgSi4O19,139.52,3.839,3.8552
dentin,Sr6Ca5Mg(SiO5)4,138.36,3.965,3.8457
dentin,SrCa5Mg2(SiO4)4,116.44,3.11,3.0336
dentin,SrCa5Mg3Si4O17,115.7,3.117,3.0131
dentin,SrCa5Mg4(Si2O9)2,120.25,3.138,3.1509
dentin,SrCa5Mg5Si4O19,123.64,3.114,3.2459
dentin,SrCa5Mg6(SiO5)4,126.3,3.101,3.3217
dentin,SrCa5MgSi5O17,108.16,3.135,2.795
dentin,Sr2Ca5MgSi5O18,116.99,3.285,3.0839
dentin,Sr3Ca5MgSi5O19,122.3,3.429,3.2684
dentin,Sr4Ca5Mg(SiO4)5,126.09,3.6,3.4135
dentin,Sr5Ca5MgSi5O21,130.94,3.76,3.5874
dentin,Sr6Ca5MgSi5O22,135.58,3.88,3.7471
dentin,SrCa5Mg2Si5O18,108.77,3.1,2.8061
dentin,SrCa5Mg3Si5O19,111.34,3.117,2.8849
dentin,SrCa5Mg4(SiO4)5,117.28,3.099,3.056
dentin,SrCa5Mg5Si5O21,120.12,3.086,3.1368
dentin,SrCa5Mg6Si5O22,122.98,3.069,3.2179
dentin,SrCa5MgSi6O19,121.13,3.19,3.1871
dentin,Sr2Ca5Mg(Si3O10)2,109.0,3.211,2.8346
dentin,Sr3Ca5Mg(Si2O7)3,119.9,3.363,3.1851
dentin,Sr4Ca5Mg(Si3O11)2,122.22,3.481,3.2763
dentin,Sr5Ca5MgSi6O23,125.81,3.626,3.4103
dentin,Sr6Ca5Mg(SiO4)6,126.23,3.778,3.4524
dentin,SrCa5Mg2(Si3O10)2,115.14,3.113,2.9959
dentin,SrCa5Mg3(Si2O7)3,106.69,3.063,2.7374
dentin,SrCa5Mg4(Si3O11)2,113.97,3.057,2.9503
dentin,SrCa5Mg5Si6O23,119.83,3.061,3.1237
dentin,SrCa5Mg6(SiO4)6,121.38,3.052,3.1674
dentin,SrCa6MgSiO10,143.0,3.406,3.8725
dentin,Sr2Ca6MgSiO11,151.51,3.639,4.1683
dentin,Sr3Ca6MgSiO12,152.94,3.789,4.24
dentin,Sr4Ca6MgSiO13,130.1,3.905,3.5911
dentin,Sr5Ca6MgSiO14,134.26,3.946,3.7214
dentin,Sr6Ca6MgSiO15,117.16,3.779,3.1858
dentin,SrCa6Mg2SiO11,134.89,3.305,3.6142
dentin,Sr2Ca6Mg2SiO12,148.41,3.552,4.0602
dentin,Sr3Ca6Mg2SiO13,153.84,3.741,4.2567
dentin,Sr4Ca6Mg2SiO14,148.31,3.847,4.115
dentin,Sr5Ca6Mg2SiO15,129.14,3.948,3.5714
dentin,Sr6Ca6Mg2SiO16,156.2,4.024,4.3819
dentin,SrCa6Mg3SiO12,137.89,3.237,3.689
dentin,Sr2Ca6Mg3SiO13,143.69,3.471,3.9054
dentin,Sr3Ca6Mg3SiO14,153.29,3.638,4.2204
dentin,Sr4Ca6Mg3SiO15,153.39,3.809,4.257
dentin,Sr5Ca6Mg3SiO16,151.9,3.892,4.2296
dentin,Sr6Ca6Mg3SiO17,146.21,3.988,4.0808
dentin,SrCa6Mg4SiO13,136.73,3.175,3.6428
dentin,Sr2Ca6Mg4SiO14,141.78,3.398,3.8349
dentin,Sr3Ca6Mg4SiO15,153.47,3.587,4.2156
dentin,Sr4Ca6Mg4SiO16,152.84,3.72,4.2233
dentin,Sr5Ca6Mg4SiO17,151.02,3.86,4.1973
dentin,Sr6Ca6Mg4SiO18,153.43,3.931,4.282
dentin,SrCa6Mg5SiO14,138.64,3.131,3.6902
dentin,Sr2Ca6Mg5SiO15,136.56,3.335,3.6693
dentin,Sr3Ca6Mg5SiO16,144.81,3.522,3.9485
dentin,Sr4Ca6Mg5SiO17,154.81,3.665,4.2706
dentin,Sr5Ca6Mg5SiO18,153.75,3.776,4.2611
dentin,Sr6Ca6Mg5SiO19,154.89,3.906,4.3199
dentin,SrCa6Mg6SiO15,138.05,3.093,3.6655
dentin,Sr2Ca6Mg6SiO16,137.45,3.276,3.6838
dentin,Sr3Ca6Mg6SiO17,141.86,3.462,3.8498
dentin,Sr4Ca6Mg6SiO18,153.21,3.616,4.2138
dentin,Sr5Ca6Mg6SiO19,153.48,3.725,4.2433
dentin,Sr6Ca6Mg6SiO20,154.15,3.825,4.2826
dentin,SrCa6Mg(SiO6)2,129.42,3.3,3.4524
dentin,Sr2Ca6MgSi2O13,143.84,3.55,3.9252
dentin,Sr3Ca6Mg(SiO7)2,152.66,3.744,4.2228
dentin,Sr4Ca6MgSi2O15,151.48,3.906,4.2198
dentin,Sr5Ca6Mg(SiO8)2,144.06,3.987,4.0176
dentin,Sr6Ca6MgSi2O17,163.74,4.112,4.6206
dentin,SrCa6Mg2Si2O13,138.54,3.226,3.7059
dentin,SrCa6Mg3(SiO7)2,138.55,3.162,3.6938
dentin,SrCa6Mg4Si2O15,136.77,3.146,3.6381
dentin,SrCa6Mg5(SiO8)2,136.5,3.11,3.6234
dentin,SrCa6Mg6Si2O17,134.91,3.121,3.5787
dentin,SrCa6MgSi3O14,123.68,3.209,3.2657
dentin,Sr2Ca6Mg(SiO5)3,133.37,3.417,3.5915
dentin,Sr3Ca6MgSi3O16,137.0,3.614,3.7369
dentin,Sr4Ca6MgSi3O17,140.2,3.788,3.8651
dentin,Sr5Ca6Mg(SiO6)3,139.38,3.938,3.8705
dentin,Sr6Ca6MgSi3O19,167.06,4.061,4.7084
dentin,SrCa6Mg2(SiO5)3,125.19,3.176,3.3037
dentin,SrCa6Mg3Si3O16,124.76,3.146,3.2853
dentin,SrCa6Mg4Si3O17,122.57,3.119,3.2156
dentin,SrCa6Mg5(SiO6)3,122.47,3.122,3.2132
dentin,SrCa6Mg6Si3O19,133.49,3.083,3.5293
dentin,SrCa6Mg(SiO4)4,118.52,3.185,3.1095
dentin,Sr2Ca6MgSi4O17,121.15,3.346,3.2182
dentin,Sr3Ca6Mg(Si2O9)2,129.61,3.52,3.5013
dentin,Sr4Ca6MgSi4O19,134.83,3.669,3.6838
dentin,Sr5Ca6Mg(SiO5)4,140.38,3.807,3.8739
dentin,Sr6Ca6MgSi4O21,139.69,3.934,3.8787
dentin,SrCa6Mg2Si4O17,121.18,3.137,3.1781
dentin,SrCa6Mg3(Si2O9)2,121.53,3.089,3.179
dentin,SrCa6Mg4Si4O19,120.08,3.083,3.1352
dentin,SrCa6Mg5(SiO5)4,118.95,3.078,3.1011
dentin,SrCa6Mg6Si4O21,117.73,3.079,3.0652
dentin,SrCa6MgSi5O18,108.76,3.1,2.8058
dentin,Sr2Ca6MgSi5O19,117.38,3.296,3.0977
dentin,Sr3Ca6Mg(SiO4)5,123.12,3.431,3.2931
dentin,Sr4Ca6MgSi5O21,130.05,3.602,3.5301
dentin,Sr5Ca6MgSi5O22,133.76,3.731,3.6644
dentin,Sr6Ca6MgSi5O23,134.91,3.835,3.7189
dentin,SrCa6Mg2Si5O19,109.98,3.111,2.8436
dentin,SrCa6Mg3(SiO4)5,115.73,3.129,3.0164
dentin,SrCa6Mg4Si5O21,118.39,3.118,3.0926
dentin,SrCa6Mg5Si5O22,120.98,3.096,3.1643
dentin,SrCa6Mg6Si5O23,124.15,3.083,3.2549
dentin,SrCa6Mg(Si3O10)2,107.69,3.126,2.7794
dentin,Sr2Ca6Mg(Si2O7)3,113.49,3.216,2.9678
dentin,Sr3Ca6Mg(Si3O11)2,120.75,3.359,3.2091
dentin,Sr4Ca6MgSi6O23,122.73,3.481,3.2913
dentin,Sr5Ca6Mg(SiO4)6,126.67,3.641,3.4384
dentin,Sr6Ca6MgSi6O25,130.94,3.774,3.5901
dentin,SrCa6Mg2(Si2O7)3,106.79,3.089,2.7456
dentin,SrCa6Mg3(Si3O11)2,109.28,3.079,2.8169
dentin,SrCa6Mg4Si6O23,116.85,3.085,3.0406
dentin,SrCa6Mg5(SiO4)6,118.87,3.069,3.0968
dentin,SrCa6Mg6Si6O25,120.59,3.059,3.1454
dentin,K2Ca2Mg2Si2O9,110.47,2.982,2.833
dentin,K2CaMgSiO5,66.25,2.545,1.447
dentin,K6Ca2Mg2Si2O11,67.07,2.536,1.4693
dentin,K4CaMgSiO6,74.81,2.545,1.6987
dentin,K10Ca2Mg2Si2O13,80.52,2.584,1.8742
dentin,K6CaMgSiO7,82.82,2.597,1.9444
dentin,K2Ca2Mg4Si2O11,98.64,2.923,2.4737
dentin,K2CaMg2SiO6,68.42,2.55,1.5118
dentin,K6Ca2Mg4Si2O13,80.48,2.505,1.8577
dentin,K4CaMg2SiO7,79.24,2.473,1.8149
dentin,K10Ca2Mg4Si2O15,80.6,2.512,1.8624
dentin,K6CaMg2SiO8,80.52,2.551,1.8679
dentin,K2Ca2Mg6Si2O13,103.74,2.85,2.609
dentin,K2CaMg3SiO7,117.18,2.967,3.0272
dentin,K6Ca2Mg6Si2O15,78.12,2.525,1.7923
dentin,K4CaMg3SiO8,74.12,2.493,1.6684
dentin,K10Ca2Mg6Si2O17,79.24,2.44,1.8084
dentin,K6CaMg3SiO9,80.6,2.485,1.8572
dentin,K2Ca2Mg8Si2O15,103.89,2.826,2.6088
dentin,K2CaMg4SiO8,111.57,2.911,2.8512
dentin,K6Ca2Mg8Si2O17,79.73,2.498,1.8341
dentin,K4CaMg4SiO9,75.23,2.473,1.697
dentin,K10Ca2Mg8Si2O19,74.95,2.432,1.6804
dentin,K6CaMg4SiO10,76.69,2.432,1.732
dentin,K2Ca2Mg10Si2O17,104.28,2.8,2.6153
dentin,K2CaMg5SiO9,106.86,2.883,2.7074
dentin,K6Ca2Mg10Si2O19,109.21,2.938,2.7871
dentin,K4CaMg5SiO10,79.18,2.496,1.8175
dentin,K10Ca2Mg10Si2O21,79.81,2.456,1.8283
dentin,K6CaMg5SiO11,75.3,2.419,1.6882
dentin,K2Ca2Mg12Si2O19,103.0,2.778,2.5733
dentin,K2CaMg6SiO10,108.83,2.849,2.7586
dentin,K6Ca2Mg12Si2O21,113.54,2.903,2.9076
dentin,K4CaMg6SiO11,80.97,2.476,1.8664
dentin,K10Ca2Mg12Si2O23,77.78,2.492,1.7755
dentin,K6CaMg6SiO12,72.97,2.434,1.6228
dentin,K2Ca2Mg2Si4O13,101.05,2.9,2.5398
dentin,K2CaMgSi2O7,102.72,2.992,2.607
dentin,K6Ca2Mg2Si4O15,67.38,2.55,1.4813
dentin,K4CaMg(SiO4)2,67.47,2.533,1.4807
dentin,K10Ca2Mg2Si4O17,65.49,2.544,1.4246
dentin,K6CaMgSi2O9,68.51,2.558,1.5162
dentin,K2Ca2Mg4Si4O15,99.97,2.846,2.4975
dentin,K2CaMg2(SiO4)2,100.67,2.954,2.5392
dentin,K6Ca2Mg4Si4O17,71.42,2.555,1.6009
dentin,K4CaMg2Si2O9,65.57,2.53,1.4242
dentin,K10Ca2Mg4Si4O19,71.57,2.526,1.5998
dentin,K6CaMg2(SiO5)2,68.43,2.492,1.5008
dentin,K2Ca2Mg6Si4O17,99.82,2.819,2.4879
dentin,K2CaMg3Si2O9,100.16,2.909,2.5155
dentin,K6Ca2Mg6Si4O19,102.54,2.976,2.5984
dentin,K4CaMg3(SiO5)2,68.0,2.559,1.5012
dentin,K10Ca2Mg6Si4O21,71.17,2.488,1.5805
dentin,K6CaMg3Si2O11,68.0,2.51,1.4917
dentin,K2Ca2Mg8Si4O19,97.41,2.781,2.4093
dentin,K2CaMg4(SiO5)2,95.48,2.868,2.3696
dentin,K6Ca2Mg8Si4O21,100.14,2.93,2.5189
dentin,K4CaMg4Si2O11,70.42,2.533,1.5675
dentin,K10Ca2Mg8Si4O23,72.94,2.49,1.6329
dentin,K6CaMg4(SiO6)2,72.96,2.485,1.6326
dentin,K2Ca2Mg10Si4O21,100.91,2.75,2.5061
dentin,K2CaMg5Si2O11,95.69,2.836,2.3698
dentin,K6Ca2Mg10Si4O23,100.28,2.901,2.5175
dentin,K4CaMg5(SiO6)2,92.73,2.807,2.277
dentin,K10Ca2Mg10Si4O25,80.36,2.534,1.8597
dentin,K6CaMg5Si2O13,75.93,2.472,1.7173
dentin,K2Ca2Mg12Si4O23,101.4,2.74,2.5187
dentin,K2CaMg6(SiO6)2,95.85,2.809,2.369
dentin,K6Ca2Mg12Si4O25,107.11,2.883,2.7147
dentin,K4CaMg6Si2O13,107.56,2.934,2.7379
dentin,K10Ca2Mg12Si4O27,77.17,2.502,1.7597
dentin,K6CaMg6(SiO7)2,78.75,2.472,1.8004
dentin,K2Ca2Mg2Si6O17,105.62,2.88,2.6704
dentin,K2CaMg(SiO3)3,104.56,2.963,2.6554
dentin,K6Ca2Mg2Si6O19,102.23,3.005,2.595
dentin,K4CaMgSi3O10,67.13,2.523,1.4686
dentin,K10Ca2Mg2(Si2O7)3,64.25,2.537,1.3866
dentin,K6CaMgSi3O11,66.56,2.52,1.4511
dentin,K2Ca2Mg4Si6O19,99.62,2.821,2.4824
dentin,K2CaMg2Si3O10,96.67,2.886,2.4082
dentin,K6Ca2Mg4(Si2O7)3,99.03,2.963,2.4928
dentin,K4CaMg2Si3O11,72.67,2.554,1.6376
dentin,K10Ca2Mg4Si6O23,66.39,2.544,1.451
dentin,K6CaMg2(SiO4)3,64.52,2.518,1.3908
dentin,K2Ca2Mg6(Si2O7)3,98.45,2.766,2.4372
dentin,K2CaMg3Si3O11,98.99,2.847,2.4688
dentin,K6Ca2Mg6Si6O23,100.29,2.927,2.5228
dentin,K4CaMg3(SiO4)3,97.7,2.88,2.4374
dentin,K10Ca2Mg6Si6O25,69.43,2.527,1.5369
dentin,K6CaMg3Si3O13,65.57,2.519,1.4219
dentin,K2Ca2Mg8Si6O23,101.88,2.78,2.5405
dentin,K2CaMg4(SiO4)3,94.1,2.814,2.3187
dentin,K6Ca2Mg8Si6O25,99.02,2.898,2.4798
dentin,K4CaMg4Si3O13,94.57,2.946,2.3583
dentin,K10Ca2Mg8(Si2O9)3,70.12,2.535,1.5588
dentin,K6CaMg4Si3O14,65.06,2.512,1.4055
dentin,K2Ca2Mg10Si6O25,106.65,2.774,2.6796
dentin,K2CaMg5Si3O13,95.52,2.792,2.356
dentin,K6Ca2Mg10(Si2O9)3,98.11,2.891,2.4517
dentin,K4CaMg5Si3O14,98.98,2.921,2.4831
dentin,K10Ca2Mg10Si6O29,91.2,2.778,2.2265
dentin,K6CaMg5(SiO5)3,70.52,2.558,1.5753
dentin,K2Ca2Mg12(Si2O9)3,106.55,2.762,2.6746
dentin,K2CaMg6Si3O14,96.72,2.788,2.3905
dentin,K6Ca2Mg12Si6O29,96.37,2.857,2.3939
dentin,K4CaMg6(SiO5)3,99.96,2.899,2.5076
dentin,K10Ca2Mg12Si6O31,97.5,2.943,2.4439
dentin,K6CaMg6Si3O16,70.42,2.52,1.5649
dentin,K2Ca2Mg2Si8O21,102.38,2.811,2.5616
dentin,K2CaMgSi4O11,106.35,2.914,2.6984
dentin,K6Ca2Mg2Si8O23,104.95,2.974,2.669
dentin,K4CaMg(SiO3)4,95.33,2.947,2.381
dentin,K10Ca2Mg2Si8O25,66.88,2.52,1.4607
dentin,K6CaMgSi4O13,66.36,2.535,1.4484
dentin,K2Ca2Mg4Si8O23,102.41,2.808,2.5617
dentin,K2CaMg2(SiO3)4,98.29,2.865,2.4516
dentin,K6Ca2Mg4Si8O25,103.92,2.927,2.6295
dentin,K4CaMg2Si4O13,98.73,2.995,2.4905
dentin,K10Ca2Mg4Si8O27,70.47,2.537,1.5694
dentin,K6CaMg2(Si2O7)2,66.92,2.521,1.4621
dentin,K2Ca2Mg6Si8O25,103.82,2.782,2.5981
dentin,K2CaMg3Si4O13,97.39,2.813,2.4152
dentin,K6Ca2Mg6Si8O27,103.67,2.905,2.6179
dentin,K4CaMg3(Si2O7)2,98.88,2.941,2.4841
dentin,K10Ca2Mg6Si8O29,94.51,2.804,2.3288
dentin,K6CaMg3Si4O15,68.85,2.501,1.5148
dentin,K2Ca2Mg8Si8O27,102.52,2.764,2.5565
dentin,K2CaMg4(Si2O7)2,99.34,2.804,2.4707
dentin,K6Ca2Mg8Si8O29,93.87,2.855,2.3199
dentin,K4CaMg4Si4O15,101.88,2.909,2.5659
dentin,K10Ca2Mg8Si8O31,99.23,2.971,2.5002
dentin,K6CaMg4(SiO4)4,72.91,2.531,1.6401
dentin,K2Ca2Mg10Si8O29,102.87,2.76,2.5659
dentin,K2CaMg5Si4O15,99.58,2.784,2.4739
dentin,K6Ca2Mg10Si8O31,93.49,2.827,2.3031
dentin,K4CaMg5(SiO4)4,97.46,2.895,2.4333
dentin,K10Ca2Mg10Si8O33,94.47,2.947,2.3558
dentin,K6CaMg5Si4O17,77.07,2.689,1.7935
dentin,K2Ca2Mg12Si8O31,107.87,2.79,2.7187
dentin,K2CaMg6(SiO4)4,100.0,2.762,2.4818
dentin,K6Ca2Mg12Si8O33,95.28,2.807,2.352
dentin,K4CaMg6Si4O17,98.11,2.891,2.4517
dentin,K10Ca2Mg12Si8O35,101.75,2.917,2.5638
dentin,K6CaMg6(Si2O9)2,99.83,2.96,2.5157
dentin,K2Ca2Mg2(Si2O5)5,105.22,2.816,2.6459
dentin,K2CaMgSi5O13,111.2,2.871,2.8325
dentin,K6Ca2Mg2Si10O27,110.93,2.976,2.8451
dentin,K4CaMgSi5O14,97.52,2.977,2.4511
dentin,K10Ca2Mg2Si10O29,87.77,2.808,2.1314
dentin,K6CaMg(SiO3)5,66.12,2.51,1.4363
dentin,K2Ca2Mg4Si10O27,109.63,2.854,2.7829
dentin,K2CaMg2Si5O14,106.68,2.846,2.6948
dentin,K6Ca2Mg4Si10O29,98.41,2.899,2.4621
dentin,K4CaMg2(SiO3)5,103.89,2.951,2.6335
dentin,K10Ca2Mg4Si10O31,96.22,3.01,2.4195
dentin,K6CaMg2Si5O16,70.71,2.511,1.5715
dentin,K2Ca2Mg6Si10O29,111.11,2.839,2.8236
dentin,K2CaMg3(SiO3)5,100.95,2.82,2.5213
dentin,K6Ca2Mg6Si10O31,96.93,2.852,2.4093
dentin,K4CaMg3Si5O16,103.64,2.926,2.6212
dentin,K10Ca2Mg6Si10O33,94.81,2.954,2.3669
dentin,K6CaMg3Si5O17,77.35,2.691,1.8019
dentin,K2Ca2Mg8Si10O31,109.26,2.834,2.768
dentin,K2CaMg4Si5O16,98.93,2.788,2.4555
dentin,K6Ca2Mg8Si10O33,97.88,2.813,2.4295
dentin,K4CaMg4Si5O17,99.9,2.906,2.5071
dentin,K10Ca2Mg8(Si2O7)5,98.88,2.927,2.4811
dentin,K6CaMg4Si5O18,98.93,2.971,2.4913
dentin,K2Ca2Mg10Si10O33,104.8,2.78,2.6264
dentin,K2CaMg5Si5O17,99.65,2.76,2.4713
dentin,K6Ca2Mg10(Si2O7)5,99.41,2.791,2.4703
dentin,K4CaMg5Si5O18,96.05,2.871,2.3872
dentin,K10Ca2Mg10Si10O37,101.77,2.908,2.5627
dentin,K6CaMg5Si5O19,99.23,2.957,2.4975
dentin,K2Ca2Mg12(Si2O7)5,106.2,2.765,2.6649
dentin,K2CaMg6Si5O18,96.38,2.734,2.37
dentin,K6Ca2Mg12Si10O37,99.43,2.781,2.4687
dentin,K4CaMg6Si5O19,93.22,2.836,2.2972
dentin,K10Ca2Mg12Si10O39,97.46,2.893,2.433
dentin,K6CaMg6(SiO4)5,99.8,2.931,2.509
dentin,K2Ca2Mg2Si12O29,107.1,2.751,2.6883
dentin,K2CaMg(Si2O5)3,102.28,2.808,2.5578
dentin,K6Ca2Mg2Si12O31,110.81,2.914,2.8295
dentin,K4CaMg(Si3O8)2,116.29,3.016,3.0105
dentin,K10Ca2Mg2(Si4O11)3,97.45,2.999,2.4535
dentin,K6CaMgSi6O17,75.15,2.698,1.7388
dentin,K2Ca2Mg4Si12O31,105.44,2.8,2.6491
dentin,K2CaMg2(Si3O8)2,100.08,2.793,2.4904
dentin,K6Ca2Mg4(Si4O11)3,104.8,2.878,2.6457
dentin,K4CaMg2Si6O17,109.24,2.933,2.7871
dentin,K10Ca2Mg4Si12O35,97.12,2.963,2.4367
dentin,K6CaMg2(SiO3)6,94.42,3.017,2.3677
dentin,K2Ca2Mg6(Si4O11)3,109.98,2.819,2.7866
dentin,K2CaMg3Si6O17,98.25,2.758,2.4297
dentin,K6Ca2Mg6Si12O35,100.49,2.842,2.5121
dentin,K4CaMg3(SiO3)6,97.48,2.883,2.4315
dentin,K10Ca2Mg6Si12O37,104.16,2.943,2.6399
dentin,K6CaMg3Si6O19,96.6,2.993,2.4272
dentin,K2Ca2Mg8Si12O35,111.2,2.839,2.8262
dentin,K2CaMg4(SiO3)6,100.68,2.775,2.5046
dentin,K6Ca2Mg8Si12O37,98.34,2.819,2.4442
dentin,K4CaMg4Si6O19,95.16,2.841,2.3552
dentin,K10Ca2Mg8(Si4O13)3,103.63,2.92,2.6196
dentin,K6CaMg4(Si3O10)2,94.84,2.943,2.3656
dentin,K2Ca2Mg10Si12O37,113.19,2.83,2.8829
dentin,K2CaMg5Si6O19,96.03,2.751,2.3632
dentin,K6Ca2Mg10(Si4O13)3,98.84,2.796,2.4542
dentin,K4CaMg5(Si3O10)2,96.47,2.822,2.39
dentin,K10Ca2Mg10Si12O41,99.65,2.902,2.4991
dentin,K6CaMg5(Si2O7)3,99.67,2.915,2.5023
dentin,K2Ca2Mg12(Si4O13)3,112.67,2.837,2.8691
dentin,K2CaMg6(Si3O10)2,97.8,2.742,2.4133
dentin,K6Ca2Mg12Si12O41,98.09,2.787,2.4306
dentin,K4CaMg6(Si2O7)3,97.84,2.812,2.4283
dentin,K10Ca2Mg12Si12O43,97.96,2.879,2.445
dentin,K6CaMg6(Si3O11)2,100.33,2.905,2.5198
dentin,K2Ca4Mg2Si2O11,107.19,3.025,2.7447
dentin,K2Ca2MgSiO6,71.94,2.628,1.6307
dentin,K6Ca4Mg2Si2O13,71.47,2.594,1.61
dentin,K4Ca2MgSiO7,80.13,2.575,1.8609
dentin,K10Ca4Mg2Si2O15,80.52,2.602,1.8779
dentin,K6Ca2MgSiO8,82.06,2.634,1.9293
dentin,K2Ca4Mg4Si2O13,118.84,2.978,3.078
dentin,K2Ca2Mg2SiO7,81.91,2.611,1.9203
dentin,K6Ca4Mg4Si2O15,80.14,2.541,1.8545
dentin,K4Ca2Mg2SiO8,79.35,2.549,1.8328
dentin,K10Ca4Mg4Si2O17,78.72,2.537,1.8119
dentin,K6Ca2Mg2SiO9,80.52,2.558,1.8693
dentin,K2Ca4Mg6Si2O15,111.66,2.924,2.8563
dentin,K2Ca2Mg3SiO8,117.7,2.968,3.0428
dentin,K6Ca4Mg6Si2O17,78.38,2.541,1.8027
dentin,K4Ca2Mg3SiO9,75.29,2.522,1.7083
dentin,K10Ca4Mg6Si2O19,78.62,2.49,1.7998
dentin,K6Ca2Mg3SiO10,78.62,2.514,1.8047
dentin,K2Ca4Mg8Si2O17,104.23,2.88,2.6293
dentin,K2Ca2Mg4SiO9,112.97,2.946,2.8993
dentin,K6Ca4Mg8Si2O19,79.9,2.554,1.85
dentin,K4Ca2Mg4SiO10,79.67,2.537,1.8401
dentin,K10Ca4Mg8Si2O21,77.36,2.487,1.7621
dentin,K6Ca2Mg4SiO11,78.62,2.472,1.7963
dentin,K2Ca4Mg10Si2O19,104.2,2.85,2.6226
dentin,K2Ca2Mg5SiO10,111.62,2.924,2.8551
dentin,K6Ca4Mg10Si2O21,115.07,2.939,2.9597
dentin,K4Ca2Mg5SiO11,79.83,2.5,1.8376
dentin,K10Ca4Mg10Si2O23,77.16,2.49,1.7571
dentin,K6Ca2Mg5SiO12,78.1,2.442,1.7752
dentin,K2Ca4Mg12Si2O21,104.22,2.838,2.6208
dentin,K2Ca2Mg6SiO11,108.66,2.897,2.7629
dentin,K6Ca4Mg12Si2O23,115.82,2.923,2.9786
dentin,K4Ca2Mg6SiO12,79.18,2.491,1.8165
dentin,K10Ca4Mg12Si2O25,80.69,2.513,1.8654
dentin,K6Ca2Mg6SiO13,75.91,2.46,1.7145
dentin,K2Ca4Mg2Si4O15,100.76,2.966,2.5444
dentin,K2Ca2Mg(SiO4)2,105.85,3.005,2.7016
dentin,K6Ca4Mg2Si4O17,68.35,2.623,1.524
dentin,K4Ca2MgSi2O9,68.98,2.573,1.5328
dentin,K10Ca4Mg2Si4O19,67.35,2.584,1.4869
dentin,K6Ca2Mg(SiO5)2,69.1,2.569,1.5355
dentin,K2Ca4Mg4Si4O17,97.67,2.913,2.4429
dentin,K2Ca4Mg6Si4O19,97.22,2.882,2.4238
dentin,K2Ca4Mg8Si4O21,97.01,2.875,2.4161
dentin,K2Ca4Mg10Si4O23,96.66,2.837,2.3984
dentin,K2Ca4Mg12Si4O25,103.73,2.803,2.5995
dentin,K2Ca4Mg2Si6O19,109.27,2.972,2.7958
dentin,K2Ca2MgSi3O10,105.01,2.982,2.6723
dentin,K6Ca4Mg2(Si2O7)3,102.88,3.019,2.617
dentin,K4Ca2MgSi3O11,67.22,2.566,1.4796
dentin,K10Ca4Mg2Si6O23,68.62,2.572,1.5219
dentin,K6Ca2Mg(SiO4)3,73.29,2.569,1.6587
dentin,K2Ca4Mg4(Si2O7)3,98.46,2.894,2.4626
dentin,K2Ca4Mg6Si6O23,99.9,2.849,2.4961
dentin,K2Ca4Mg8Si6O25,101.24,2.821,2.5298
dentin,K2Ca4Mg10(Si2O9)3,101.46,2.798,2.5317
dentin,K2Ca4Mg12Si6O29,109.69,2.824,2.7789
dentin,K2Ca4Mg2Si8O23,99.7,2.881,2.4963
dentin,K2Ca2Mg(SiO3)4,104.74,2.97,2.6622
dentin,K6Ca4Mg2Si8O25,103.26,3.0,2.6246
dentin,K4Ca2MgSi4O13,103.26,3.012,2.6267
dentin,K10Ca4Mg2Si8O27,67.72,2.514,1.4842
dentin,K6Ca2Mg(Si2O7)2,66.42,2.565,1.4559
dentin,K2Ca4Mg4Si8O25,99.24,2.856,2.4779
dentin,K2Ca4Mg6Si8O27,98.31,2.823,2.4443
dentin,K2Ca4Mg8Si8O29,101.38,2.823,2.5343
dentin,K2Ca4Mg10Si8O31,101.88,2.805,2.5455
dentin,K2Ca4Mg12Si8O33,106.65,2.805,2.6857
dentin,K2Ca4Mg2Si10O27,105.7,2.857,2.6683
dentin,K2Ca2MgSi5O14,107.92,2.93,2.7478
dentin,K6Ca4Mg2Si10O29,111.54,2.996,2.8669
dentin,K4Ca2Mg(SiO3)5,99.13,2.985,2.4999
dentin,K10Ca4Mg2Si10O31,92.6,2.83,2.2776
dentin,K6Ca2MgSi5O16,67.67,2.507,1.4812
dentin,K2Ca4Mg4Si10O29,104.39,2.863,2.6309
dentin,K2Ca4Mg6Si10O31,105.65,2.856,2.6665
dentin,K2Ca4Mg8Si10O33,102.54,2.818,2.5675
dentin,K2Ca4Mg10(Si2O7)5,103.65,2.801,2.597
dentin,K2Ca4Mg12Si10O37,105.67,2.821,2.6601
dentin,K2Ca4Mg2Si12O31,107.9,2.895,2.7402
dentin,K2Ca2Mg(Si3O8)2,107.32,2.898,2.7238
dentin,K6Ca4Mg2(Si4O11)3,106.28,2.959,2.7053
dentin,K4Ca2MgSi6O17,105.11,2.987,2.6761
dentin,K10Ca4Mg2Si12O35,98.01,3.002,2.4703
dentin,K6Ca2Mg(SiO3)6,91.22,2.837,2.2386
dentin,K2Ca4Mg4(Si4O11)3,113.62,2.927,2.9147
dentin,K2Ca4Mg6Si12O35,117.05,2.918,3.0137
dentin,K2Ca4Mg8Si12O37,109.68,2.878,2.7891
dentin,K2Ca4Mg10(Si4O13)3,105.68,2.819,2.6601
dentin,K2Ca4Mg12Si12O41,105.95,2.8,2.6642
dentin,K2Ca6Mg2Si2O13,118.82,3.031,3.0879
dentin,K2Ca3MgSiO7,78.61,2.625,1.8263
dentin,K6Ca6Mg2Si2O15,71.24,2.612,1.6069
dentin,K4Ca3MgSiO8,79.53,2.609,1.85
dentin,K10Ca6Mg2Si2O17,78.1,2.62,1.8101
dentin,K6Ca3MgSiO9,80.07,2.639,1.8717
dentin,K2Ca6Mg4Si2O15,118.22,2.983,3.0608
dentin,K2Ca3Mg2SiO8,90.65,2.831,2.2205
dentin,K6Ca6Mg4Si2O17,80.13,2.619,1.8698
dentin,K4Ca3Mg2SiO9,80.04,2.572,1.8578
dentin,K10Ca6Mg4Si2O19,80.13,2.557,1.8575
dentin,K6Ca3Mg2SiO10,78.54,2.583,1.816
dentin,K2Ca6Mg6Si2O17,117.57,2.981,3.0414
dentin,K2Ca3Mg3SiO9,114.06,2.951,2.9322
dentin,K6Ca6Mg6Si2O19,78.01,2.554,1.7947
dentin,K4Ca3Mg3SiO10,78.72,2.57,1.8187
dentin,K10Ca6Mg6Si2O21,80.0,2.523,1.8469
dentin,K6Ca3Mg3SiO11,78.72,2.535,1.8117
dentin,K2Ca6Mg8Si2O19,110.96,2.931,2.8373
dentin,K2Ca3Mg4SiO10,117.0,2.957,3.0199
dentin,K6Ca6Mg8Si2O21,83.48,2.574,1.9594
dentin,K4Ca3Mg4SiO11,80.31,2.565,1.8643
dentin,K10Ca6Mg8Si2O23,79.46,2.51,1.8284
dentin,K6Ca3Mg4SiO12,78.32,2.509,1.7948
dentin,K2Ca6Mg10Si2O21,105.81,2.9,2.6798
dentin,K2Ca3Mg5SiO11,112.97,2.952,2.9006
dentin,K6Ca6Mg10Si2O23,116.24,2.94,2.9945
dentin,K4Ca3Mg5SiO12,79.2,2.518,1.8225
dentin,K10Ca6Mg10Si2O25,77.39,2.56,1.7776
dentin,K6Ca3Mg5SiO13,78.94,2.46,1.8034
dentin,K2Ca6Mg12Si2O23,104.2,2.878,2.6281
dentin,K2Ca3Mg6SiO12,112.98,2.939,2.898
dentin,K6Ca6Mg12Si2O25,119.81,2.917,3.0947
dentin,K4Ca3Mg6SiO13,84.72,2.538,1.9888
dentin,K10Ca6Mg12Si2O27,79.42,2.535,1.8324
dentin,K6Ca3Mg6SiO14,82.24,2.514,1.9112
dentin,K2Ca6Mg2Si4O17,102.84,3.0,2.6121
dentin,K2Ca3MgSi2O9,108.7,3.037,2.7915
dentin,K6Ca6Mg2Si4O19,66.85,2.638,1.483
dentin,K4Ca3Mg(SiO5)2,69.07,2.608,1.5423
dentin,K10Ca6Mg2Si4O21,69.87,2.617,1.5677
dentin,K6Ca3MgSi2O11,67.1,2.594,1.4817
dentin,K2Ca6Mg4Si4O19,108.58,2.965,2.774
dentin,K2Ca6Mg6Si4O21,99.94,2.921,2.5112
dentin,K2Ca6Mg8Si4O23,96.37,2.891,2.4003
dentin,K2Ca6Mg10Si4O25,104.23,2.884,2.63
dentin,K2Ca6Mg12Si4O27,104.25,2.878,2.6297
dentin,K2Ca6Mg2(Si2O7)3,100.98,2.941,2.5457
dentin,K2Ca3MgSi3O11,107.42,3.007,2.7482
dentin,K6Ca6Mg2Si6O23,105.21,3.032,2.688
dentin,K4Ca3Mg(SiO4)3,68.7,2.634,1.5366
dentin,K10Ca6Mg2Si6O25,69.09,2.6,1.5413
dentin,K6Ca3MgSi3O13,71.05,2.59,1.5972
dentin,K2Ca6Mg4Si6O23,104.19,2.948,2.6415
dentin,K2Ca6Mg6Si6O25,108.27,2.936,2.7591
dentin,K2Ca6Mg8(Si2O9)3,100.71,2.889,2.5278
dentin,K2Ca6Mg10Si6O29,97.71,2.848,2.4314
dentin,K2Ca6Mg12Si6O31,97.44,2.827,2.4192
dentin,K2Ca6Mg2Si8O25,110.05,2.982,2.8206
dentin,K2Ca3MgSi4O13,99.72,2.957,2.512
dentin,K6Ca6Mg2Si8O27,108.34,3.003,2.7743
dentin,K4Ca3Mg(Si2O7)2,104.28,3.028,2.66
dentin,K10Ca6Mg2Si8O29,68.88,2.598,1.5349
dentin,K6Ca3MgSi4O15,66.87,2.594,1.475
dentin,K2Ca6Mg4Si8O27,102.09,2.918,2.574
dentin,K2Ca6Mg6Si8O29,97.89,2.884,2.4439
dentin,K2Ca6Mg8Si8O31,99.2,2.847,2.475
dentin,K2Ca6Mg10Si8O33,107.28,2.872,2.7176
dentin,K2Ca6Mg12Si8O35,108.31,2.858,2.745
dentin,K2Ca6Mg2Si10O29,108.19,2.955,2.7604
dentin,K2Ca3Mg(SiO3)5,106.93,2.981,2.7287
dentin,K6Ca6Mg2Si10O31,103.87,2.98,2.6383
dentin,K4Ca3MgSi5O16,102.6,3.016,2.608
dentin,K10Ca6Mg2Si10O33,104.02,2.964,2.6398
dentin,K6Ca3MgSi5O17,66.97,2.539,1.4671
dentin,K2Ca6Mg4Si10O31,105.5,2.899,2.6706
dentin,K2Ca6Mg6Si10O33,96.32,2.847,2.3903
dentin,K2Ca6Mg8(Si2O7)5,98.15,2.834,2.4415
dentin,K2Ca6Mg10Si10O37,105.23,2.845,2.6519
dentin,K2Ca6Mg12Si10O39,106.17,2.826,2.6757
dentin,K2Ca6Mg2(Si4O11)3,107.89,2.903,2.7416
dentin,K2Ca3MgSi6O17,108.65,2.973,2.7776
dentin,K6Ca6Mg2Si12O35,109.0,2.998,2.7928
dentin,K4Ca3Mg(SiO3)6,102.79,2.988,2.6083
dentin,K10Ca6Mg2Si12O37,103.41,3.006,2.6299
dentin,K6Ca3MgSi6O19,91.82,2.837,2.2561
dentin,K2Ca6Mg4Si12O35,109.13,2.923,2.7819
dentin,K2Ca6Mg6Si12O37,105.16,2.887,2.6582
dentin,K2Ca6Mg8(Si4O13)3,105.6,2.851,2.6641
dentin,K2Ca6Mg10Si12O41,104.22,2.83,2.6193
dentin,K2Ca6Mg12Si12O43,102.34,2.839,2.5657
dentin,K2Ca8Mg2Si2O15,115.48,3.021,2.9877
dentin,K2Ca4MgSiO8,78.97,2.645,1.8408
dentin,K6Ca8Mg2Si2O17,73.96,2.65,1.6942
dentin,K4Ca4MgSiO9,79.08,2.63,1.8408
dentin,K10Ca8Mg2Si2O19,79.67,2.633,1.859
dentin,K6Ca4MgSiO10,78.1,2.65,1.8159
dentin,K2Ca8Mg4Si2O17,118.87,2.999,3.0831
dentin,K2Ca4Mg2SiO9,91.96,2.933,2.2789
dentin,K6Ca8Mg4Si2O19,79.29,2.635,1.8481
dentin,K4Ca4Mg2SiO10,79.73,2.594,1.8532
dentin,K10Ca8Mg4Si2O21,79.53,2.589,1.8461
dentin,K6Ca4Mg2SiO11,78.54,2.603,1.8198
dentin,K2Ca8Mg6Si2O19,115.49,2.965,2.9771
dentin,K2Ca4Mg3SiO10,117.71,2.973,3.044
dentin,K6Ca8Mg6Si2O21,79.26,2.575,1.8354
dentin,K4Ca4Mg3SiO11,76.42,2.623,1.7614
dentin,K10Ca8Mg6Si2O23,80.54,2.54,1.8664
dentin,K6Ca4Mg3SiO12,80.0,2.559,1.8539
dentin,K2Ca8Mg8Si2O21,112.41,2.954,2.8842
dentin,K2Ca4Mg4SiO11,120.08,2.969,3.1128
dentin,K6Ca8Mg8Si2O23,89.6,2.794,2.1824
dentin,K4Ca4Mg4SiO12,80.11,2.588,1.8631
dentin,K10Ca8Mg8Si2O25,75.98,2.543,1.7327
dentin,K6Ca4Mg4SiO13,80.0,2.526,1.8475
dentin,K2Ca8Mg10Si2O23,110.96,2.941,2.8393
dentin,K2Ca4Mg5SiO12,114.27,2.954,2.9392
dentin,K6Ca8Mg10Si2O25,123.87,2.964,3.2234
dentin,K4Ca4Mg5SiO13,79.49,2.529,1.8332
dentin,K10Ca8Mg10Si2O27,77.82,2.581,1.7943
dentin,K6Ca4Mg5SiO14,79.9,2.474,1.8345
dentin,K2Ca8Mg12Si2O25,112.73,2.917,2.8864
dentin,K2Ca4Mg6SiO13,115.73,2.95,2.9814
dentin,K6Ca8Mg12Si2O27,119.81,2.918,3.0951
dentin,K4Ca4Mg6SiO14,84.47,2.57,1.9877
dentin,K10Ca8Mg12Si2O29,80.05,2.547,1.8532
dentin,K6Ca4Mg6SiO15,80.39,2.564,1.8666
dentin,K2Ca8Mg2Si4O19,108.0,3.007,2.765
dentin,K2Ca4Mg(SiO5)2,108.04,3.051,2.7748
dentin,K6Ca8Mg2Si4O21,69.19,2.637,1.5516
dentin,K4Ca4MgSi2O11,71.37,2.62,1.6123
dentin,K10Ca8Mg2Si4O23,69.87,2.636,1.5714
dentin,K6Ca4Mg(SiO6)2,67.6,2.628,1.5029
dentin,K2Ca8Mg4Si4O21,107.39,2.974,2.7406
dentin,K2Ca8Mg6Si4O23,103.91,2.953,2.6342
dentin,K2Ca8Mg8Si4O25,107.16,2.926,2.7247
dentin,K2Ca8Mg10Si4O27,106.65,2.909,2.7061
dentin,K2Ca8Mg12Si4O29,105.29,2.9,2.6645
dentin,K2Ca8Mg2Si6O23,101.81,2.99,2.58
dentin,K2Ca4Mg(SiO4)3,109.95,3.017,2.8246
dentin,K6Ca8Mg2Si6O25,104.74,3.051,2.6779
dentin,K4Ca4MgSi3O13,68.7,2.646,1.539
dentin,K10Ca8Mg2(Si2O9)3,64.78,2.607,1.4159
dentin,K6Ca4MgSi3O14,71.05,2.598,1.5986
dentin,K2Ca8Mg4Si6O25,103.45,2.966,2.6233
dentin,K2Ca8Mg6(Si2O9)3,101.42,2.955,2.5613
dentin,K2Ca8Mg8Si6O29,98.69,2.913,2.4731
dentin,K2Ca8Mg10Si6O31,97.29,2.893,2.428
dentin,K2Ca8Mg12(Si2O11)3,97.95,2.884,2.4455
dentin,K2Ca8Mg2Si8O27,100.11,2.966,2.525
dentin,K2Ca4Mg(Si2O7)2,99.35,2.999,2.5091
dentin,K6Ca8Mg2Si8O29,109.95,3.009,2.8229
dentin,K4Ca4MgSi4O15,105.52,3.029,2.6966
dentin,K10Ca8Mg2Si8O31,68.7,2.632,1.5364
dentin,K6Ca4Mg(SiO4)4,66.87,2.599,1.4758
dentin,K2Ca8Mg4Si8O29,101.67,2.965,2.5709
dentin,K2Ca8Mg6Si8O31,103.82,2.942,2.6296
dentin,K2Ca8Mg8Si8O33,104.27,2.91,2.6364
dentin,K2Ca8Mg10Si8O35,101.48,2.874,2.5475
dentin,K2Ca8Mg12Si8O37,100.43,2.852,2.5122
dentin,K2Ca8Mg2Si10O31,107.84,2.992,2.7576
dentin,K2Ca4MgSi5O16,101.73,2.965,2.5727
dentin,K6Ca8Mg2Si10O33,103.69,3.0,2.6371
dentin,K4Ca4MgSi5O17,104.17,3.007,2.6527
dentin,K10Ca8Mg2(Si2O7)5,103.65,3.003,2.6366
dentin,K6Ca4MgSi5O18,68.66,2.599,1.5284
dentin,K2Ca8Mg4Si10O33,98.8,2.914,2.4765
dentin,K2Ca8Mg6(Si2O7)5,98.27,2.88,2.4541
dentin,K2Ca8Mg8Si10O37,102.19,2.888,2.5711
dentin,K2Ca8Mg10Si10O39,102.81,2.882,2.5882
dentin,K2Ca8Mg12Si10O41,105.4,2.883,2.6642
dentin,K2Ca8Mg2Si12O35,111.88,2.991,2.8762
dentin,K2Ca4Mg(SiO3)6,109.08,3.006,2.7967
dentin,K6Ca8Mg2Si12O37,99.29,2.979,2.5035
dentin,K4Ca4MgSi6O19,104.66,3.003,2.6662
dentin,K10Ca8Mg2(Si4O13)3,103.0,3.003,2.6174
dentin,K6Ca4Mg(Si3O10)2,92.31,2.855,2.2739
dentin,K2Ca8Mg4Si12O37,106.13,2.92,2.6929
dentin,K2Ca8Mg6(Si4O13)3,96.25,2.866,2.392
dentin,K2Ca8Mg8Si12O41,97.95,2.853,2.4395
dentin,K2Ca8Mg10Si12O43,102.96,2.854,2.5871
dentin,K2Ca8Mg12(Si4O15)3,105.52,2.849,2.6612
dentin,K2Ca10Mg2Si2O17,114.7,3.026,2.9659
dentin,K2Ca5MgSiO9,77.46,2.671,1.8014
dentin,K6Ca10Mg2Si2O19,76.74,2.682,1.7823
dentin,K4Ca5MgSiO10,78.97,2.64,1.8397
dentin,K10Ca10Mg2Si2O21,79.67,2.643,1.861
dentin,K6Ca5MgSiO11,79.07,2.663,1.8471
dentin,K2Ca10Mg4Si2O19,117.23,3.013,3.0376
dentin,K2Ca5Mg2SiO10,108.84,2.983,2.7851
dentin,K6Ca10Mg4Si2O21,81.35,2.66,1.9136
dentin,K4Ca5Mg2SiO11,72.34,2.62,1.6406
dentin,K10Ca10Mg4Si2O23,80.07,2.609,1.8659
dentin,K6Ca5Mg2SiO12,80.13,2.611,1.868
dentin,K2Ca10Mg6Si2O21,117.99,2.984,3.0543
dentin,K2Ca5Mg3SiO11,117.71,2.984,3.0461
dentin,K6Ca10Mg6Si2O23,79.26,2.598,1.8398
dentin,K4Ca5Mg3SiO12,77.64,2.646,1.8018
dentin,K10Ca10Mg6Si2O25,80.54,2.561,1.8705
dentin,K6Ca5Mg3SiO13,79.82,2.582,1.8532
dentin,K2Ca10Mg8Si2O23,115.26,2.957,2.9688
dentin,K2Ca5Mg4SiO12,119.94,2.964,3.1079
dentin,K6Ca10Mg8Si2O25,92.59,2.81,2.2734
dentin,K4Ca5Mg4SiO13,82.77,2.599,1.9433
dentin,K10Ca10Mg8Si2O27,83.25,2.584,1.9545
dentin,K6Ca5Mg4SiO14,80.54,2.54,1.8663
dentin,K2Ca10Mg10Si2O25,113.95,2.939,2.9268
dentin,K2Ca5Mg5SiO13,123.0,2.971,3.1991
dentin,K6Ca10Mg10Si2O27,123.43,2.974,3.2123
dentin,K4Ca5Mg5SiO14,79.26,2.55,1.8305
dentin,K10Ca10Mg10Si2O29,77.46,2.594,1.7862
dentin,K6Ca5Mg5SiO15,79.59,2.506,1.8316
dentin,K2Ca10Mg12Si2O27,112.6,2.944,2.8879
dentin,K2Ca5Mg6SiO14,115.74,2.952,2.9821
dentin,K6Ca10Mg12Si2O29,118.43,2.941,3.059
dentin,K4Ca5Mg6SiO15,90.66,2.689,2.1928
dentin,K10Ca10Mg12Si2O31,79.04,2.559,1.8259
dentin,K6Ca5Mg6SiO16,81.11,2.579,1.8905
dentin,K2Ca10Mg2Si4O21,105.75,3.035,2.7047
dentin,K2Ca5MgSi2O11,107.29,3.012,2.7451
dentin,K6Ca10Mg2Si4O23,69.19,2.654,1.5549
dentin,K4Ca5Mg(SiO6)2,72.47,2.675,1.6553
dentin,K10Ca10Mg2Si4O25,77.61,2.653,1.8022
dentin,K6Ca5MgSi2O13,72.35,2.651,1.647
dentin,K2Ca10Mg4Si4O23,104.31,2.98,2.6512
dentin,K2Ca10Mg6Si4O25,117.86,2.97,3.0476
dentin,K2Ca10Mg8Si4O27,111.96,2.95,2.8705
dentin,K2Ca10Mg10Si4O29,111.93,2.932,2.866
dentin,K2Ca10Mg12Si4O31,108.52,2.918,2.7628
dentin,K2Ca10Mg2Si6O25,106.3,3.019,2.7174
dentin,K2Ca5MgSi3O13,110.71,3.023,2.8481
dentin,K6Ca10Mg2(Si2O9)3,104.85,3.046,2.6804
dentin,K4Ca5MgSi3O14,67.42,2.657,1.5034
dentin,K10Ca10Mg2Si6O29,63.24,2.619,1.373
dentin,K6Ca5Mg(SiO5)3,73.0,2.613,1.6588
dentin,K2Ca10Mg4(Si2O9)3,106.23,2.973,2.7066
dentin,K2Ca10Mg6Si6O29,103.99,2.957,2.6374
dentin,K2Ca10Mg8Si6O31,99.56,2.948,2.5053
dentin,K2Ca10Mg10(Si2O11)3,99.22,2.93,2.4919
dentin,K2Ca10Mg12Si6O35,98.75,2.912,2.4745
dentin,K2Ca10Mg2Si8O29,99.87,2.992,2.5231
dentin,K2Ca5MgSi4O15,103.52,3.019,2.6358
dentin,K6Ca10Mg2Si8O31,109.94,3.016,2.8239
dentin,K4Ca5Mg(SiO4)4,104.42,3.051,2.6685
dentin,K10Ca10Mg2Si8O33,68.7,2.649,1.5397
dentin,K6Ca5MgSi4O17,68.7,2.629,1.5354
dentin,K2Ca10Mg4Si8O31,104.24,2.993,2.652
dentin,K2Ca10Mg6Si8O33,105.11,2.973,2.6736
dentin,K2Ca10Mg8Si8O35,104.29,2.938,2.6426
dentin,K2Ca10Mg10Si8O37,103.11,2.914,2.6032
dentin,K2Ca10Mg12Si8O39,101.2,2.882,2.5409
dentin,K2Ca10Mg2Si10O33,99.48,2.986,2.5104
dentin,K2Ca5MgSi5O17,98.88,2.972,2.4903
dentin,K6Ca10Mg2(Si2O7)5,108.17,3.02,2.7727
dentin,K4Ca5MgSi5O18,109.01,3.018,2.7971
dentin,K10Ca10Mg2Si10O37,105.52,3.031,2.697
dentin,K6Ca5MgSi5O19,68.7,2.636,1.5372
dentin,K2Ca10Mg4(Si2O7)5,99.9,2.962,2.5182
dentin,K2Ca10Mg6Si10O37,104.35,2.948,2.6462
dentin,K2Ca10Mg8Si10O39,101.57,2.911,2.5574
dentin,K2Ca10Mg10Si10O41,100.63,2.896,2.5268
dentin,K2Ca10Mg12Si10O43,111.44,2.908,2.8468
dentin,K2Ca10Mg2Si12O37,106.65,2.97,2.7183
dentin,K2Ca5MgSi6O19,100.39,2.98,2.5361
dentin,K6Ca10Mg2(Si4O13)3,99.67,2.977,2.5144
dentin,K4Ca5Mg(Si3O10)2,108.61,3.013,2.7843
dentin,K10Ca10Mg2Si12O41,104.86,3.009,2.6732
dentin,K6Ca5Mg(Si2O7)3,102.64,2.976,2.6014
dentin,K2Ca10Mg4(Si4O13)3,105.27,2.936,2.6709
dentin,K2Ca10Mg6Si12O41,98.58,2.9,2.4673
dentin,K2Ca10Mg8Si12O43,96.35,2.889,2.3994
dentin,K2Ca10Mg10(Si4O15)3,101.9,2.889,2.5628
dentin,K2Ca10Mg12Si12O47,105.56,2.888,2.6701
dentin,K2Ca12Mg2Si2O19,118.66,3.045,3.0862
dentin,K2Ca6MgSiO10,77.41,2.69,1.8035
dentin,K6Ca12Mg2Si2O21,78.49,2.696,1.8364
dentin,K4Ca6MgSiO11,78.97,2.653,1.8423
dentin,K10Ca12Mg2Si2O23,79.08,2.657,1.8461
dentin,K6Ca6MgSiO12,79.07,2.67,1.8483
dentin,K2Ca12Mg4Si2O21,114.67,2.996,2.9592
dentin,K2Ca6Mg2SiO11,99.08,2.99,2.4996
dentin,K6Ca12Mg4Si2O23,80.73,2.674,1.8983
dentin,K4Ca6Mg2SiO12,75.52,2.649,1.7401
dentin,K10Ca12Mg4Si2O25,78.97,2.621,1.836
dentin,K6Ca6Mg2SiO13,79.08,2.627,1.8403
dentin,K2Ca12Mg6Si2O23,116.49,2.995,3.0122
dentin,K2Ca6Mg3SiO12,119.79,3.007,3.1117
dentin,K6Ca12Mg6Si2O25,80.69,2.619,1.8861
dentin,K4Ca6Mg3SiO13,80.66,2.65,1.8914
dentin,K10Ca12Mg6Si2O27,79.89,2.581,1.8551
dentin,K6Ca6Mg3SiO14,80.07,2.593,1.8628
dentin,K2Ca12Mg8Si2O25,118.33,2.968,3.061
dentin,K2Ca6Mg4SiO13,121.01,2.977,3.1418
dentin,K6Ca12Mg8Si2O27,92.93,2.883,2.2979
dentin,K4Ca6Mg4SiO14,79.48,2.603,1.8475
dentin,K10Ca12Mg8Si2O29,83.25,2.608,1.9592
dentin,K6Ca6Mg4SiO15,80.54,2.553,1.8689
dentin,K2Ca12Mg10Si2O27,113.77,2.954,2.9245
dentin,K2Ca6Mg5SiO14,122.8,2.964,3.192
dentin,K6Ca12Mg10Si2O29,120.91,2.962,3.1361
dentin,K4Ca6Mg5SiO15,78.77,2.569,1.8199
dentin,K10Ca12Mg10Si2O31,78.08,2.612,1.8081
dentin,K6Ca6Mg5SiO16,79.04,2.544,1.823
dentin,K2Ca12Mg12Si2O29,113.95,2.933,2.9257
dentin,K2Ca6Mg6SiO15,121.69,2.972,3.1608
dentin,K6Ca12Mg12Si2O31,116.25,2.951,2.9966
dentin,K4Ca6Mg6SiO16,92.41,2.783,2.2628
dentin,K10Ca12Mg12Si2O33,80.54,2.564,1.8709
dentin,K6Ca6Mg6SiO17,81.3,2.596,1.8995
dentin,K2Ca12Mg2Si4O23,107.42,3.022,2.7513
dentin,K2Ca6Mg(SiO6)2,105.13,3.019,2.6832
dentin,K6Ca12Mg2Si4O25,76.87,2.665,1.7827
dentin,K4Ca6MgSi2O13,78.31,2.694,1.8309
dentin,K10Ca12Mg2Si4O27,76.74,2.667,1.7794
dentin,K6Ca6Mg(SiO7)2,72.35,2.656,1.648
dentin,K2Ca12Mg4Si4O25,114.12,3.013,2.9461
dentin,K2Ca12Mg6Si4O27,116.67,2.98,3.0147
dentin,K2Ca12Mg8Si4O29,117.08,2.966,3.0241
dentin,K2Ca12Mg10Si4O31,111.61,2.954,2.8609
dentin,K2Ca12Mg12Si4O33,111.98,2.935,2.868
dentin,K2Ca12Mg2(Si2O9)3,106.73,3.003,2.7272
dentin,K2Ca6MgSi3O14,110.38,3.04,2.8415
dentin,K6Ca12Mg2Si6O29,105.56,3.069,2.7056
dentin,K4Ca6Mg(SiO5)3,66.72,2.652,1.482
dentin,K10Ca12Mg2Si6O31,67.68,2.668,1.5133
dentin,K6Ca6MgSi3O16,72.42,2.633,1.6458
dentin,K2Ca12Mg4Si6O29,106.23,2.982,2.7082
dentin,K2Ca12Mg6Si6O31,108.28,2.97,2.7663
dentin,K2Ca12Mg8(Si2O11)3,107.26,2.964,2.735
dentin,K2Ca12Mg10Si6O35,102.76,2.955,2.6009
dentin,K2Ca12Mg12Si6O37,105.29,2.934,2.6711
dentin,K2Ca12Mg2Si8O31,104.85,3.006,2.6724
dentin,K2Ca6Mg(SiO4)4,105.52,3.021,2.6949
dentin,K6Ca12Mg2Si8O33,109.54,3.033,2.8155
dentin,K4Ca6MgSi4O17,104.74,3.063,2.6803
dentin,K10Ca12Mg2Si8O35,70.7,2.659,1.6002
dentin,K6Ca6Mg(Si2O9)2,65.85,2.661,1.4581
dentin,K2Ca12Mg4Si8O33,102.6,2.993,2.6036
dentin,K2Ca12Mg6Si8O35,102.96,2.988,2.6133
dentin,K2Ca12Mg8Si8O37,101.22,2.957,2.5561
dentin,K2Ca12Mg10Si8O39,102.06,2.928,2.575
dentin,K2Ca12Mg12Si8O41,99.06,2.903,2.4819
dentin,K2Ca12Mg2(Si2O7)5,100.55,2.975,2.5398
dentin,K2Ca6MgSi5O18,101.1,3.008,2.5626
dentin,K6Ca12Mg2Si10O37,106.91,3.021,2.7359
dentin,K4Ca6MgSi5O19,110.0,3.008,2.8242
dentin,K10Ca12Mg2Si10O39,104.42,3.053,2.6689
dentin,K6Ca6Mg(SiO4)5,68.7,2.653,1.5404
dentin,K2Ca12Mg4Si10O37,100.76,2.978,2.5466
dentin,K2Ca12Mg6Si10O39,104.51,2.967,2.6547
dentin,K2Ca12Mg8Si10O41,102.8,2.944,2.5999
dentin,K2Ca12Mg10Si10O43,103.4,2.932,2.6153
dentin,K2Ca12Mg12(Si2O9)5,104.33,2.906,2.6373
dentin,K2Ca12Mg2(Si4O13)3,99.44,2.983,2.5087
dentin,K2Ca6Mg(Si3O10)2,101.52,2.967,2.5669
dentin,K6Ca12Mg2Si12O41,100.83,3.003,2.5535
dentin,K4Ca6Mg(Si2O7)3,108.25,3.013,2.7737
dentin,K10Ca12Mg2Si12O43,105.52,3.005,2.6919
dentin,K6Ca6Mg(Si3O11)2,105.52,3.014,2.6936
dentin,K2Ca12Mg4Si12O41,101.19,2.97,2.5576
dentin,K2Ca12Mg6Si12O43,99.37,2.936,2.4975
dentin,K2Ca12Mg8(Si4O15)3,104.65,2.937,2.6529
dentin,K2Ca12Mg10Si12O47,105.27,2.924,2.6687
dentin,K2Ca12Mg12Si12O49,107.89,2.916,2.7441
dentin,Ca2Mg2Al2Si2O11,156.06,3.036,4.1838
dentin,CaMgAl2SiO7,159.84,3.054,4.2984
dentin,Ca2Mg2Al6Si2O17,150.62,3.069,4.0303
dentin,CaMgAl4SiO10,155.07,3.103,4.168
dentin,Ca2Mg2Al10Si2O23,139.67,3.021,3.699
dentin,CaMgAl6SiO13,139.68,2.986,3.6924
dentin,Ca2Mg4Al2Si2O13,146.51,2.959,3.8878
dentin,CaMg2Al2SiO8,145.37,3.018,3.8659
dentin,Ca2Mg4Al6Si2O19,148.09,3.048,3.9517
dentin,CaMg2Al4SiO11,148.24,3.044,3.9554
dentin,Ca2Mg4Al10Si2O25,151.79,3.043,4.0597
dentin,CaMg2Al6SiO14,145.66,3.042,3.8792
dentin,Ca2Mg6Al2Si2O15,152.23,2.935,4.0513
dentin,CaMg3Al2SiO9,145.02,2.983,3.8487
dentin,Ca2Mg6Al6Si2O21,149.47,3.043,3.9914
dentin,CaMg3Al4SiO12,147.03,3.046,3.9203
dentin,Ca2Mg6Al10Si2O27,145.86,3.033,3.8834
dentin,CaMg3Al6SiO15,146.99,3.032,3.9164
dentin,Ca2Mg8Al2Si2O17,151.68,2.919,4.0322
dentin,CaMg4Al2SiO10,145.35,2.961,3.8544
dentin,Ca2Mg8Al6Si2O23,143.72,3.029,3.8197
dentin,CaMg4Al4SiO13,151.85,3.031,4.059
dentin,Ca2Mg8Al10Si2O29,155.57,3.061,4.1743
dentin,CaMg4Al6SiO16,137.11,3.022,3.6237
dentin,Ca2Mg10Al2Si2O19,159.44,2.912,4.2587
dentin,CaMg5Al2SiO11,146.43,2.918,3.8774
dentin,Ca2Mg10Al6Si2O25,147.36,3.011,3.923
dentin,CaMg5Al4SiO14,142.64,3.028,3.7877
dentin,Ca2Mg10Al10Si2O31,157.42,3.049,4.2264
dentin,CaMg5Al6SiO17,156.77,3.052,4.2078
dentin,Ca2Mg12Al2Si2O21,162.91,2.928,4.3641
dentin,CaMg6Al2SiO12,144.44,2.865,3.8085
dentin,Ca2Mg12Al6Si2O27,147.21,3.01,3.9184
dentin,CaMg6Al4SiO15,154.66,3.028,4.141
dentin,Ca2Mg12Al10Si2O33,150.71,3.028,4.0248
dentin,CaMg6Al6SiO18,154.93,3.058,4.1549
dentin,Ca2Mg2Al2Si4O15,164.98,3.12,4.4624
dentin,CaMgAl2Si2O9,162.8,3.133,4.401
dentin,Ca2Mg2Al6Si4O21,162.37,3.147,4.3912
dentin,CaMgAl4(SiO6)2,156.48,3.108,4.2103
dentin,Ca2Mg2Al10Si4O27,138.96,3.029,3.6797
dentin,CaMgAl6Si2O15,136.84,3.015,3.6147
dentin,Ca2Mg4Al2Si4O17,152.63,3.007,4.0773
dentin,CaMg2Al2(SiO5)2,166.36,3.106,4.5004
dentin,Ca2Mg4Al6Si4O23,152.93,3.082,4.1008
dentin,CaMg2Al4Si2O13,153.71,3.097,4.1265
dentin,Ca2Mg4Al10Si4O29,152.27,3.111,4.0869
dentin,CaMg2Al6(SiO8)2,148.58,3.095,3.9754
dentin,Ca2Mg6Al2Si4O19,148.87,2.992,3.9637
dentin,CaMg3Al2Si2O11,155.36,3.048,4.1656
dentin,Ca2Mg6Al6Si4O25,163.77,3.059,4.4149
dentin,CaMg3Al4(SiO7)2,142.76,3.028,3.7912
dentin,Ca2Mg6Al10Si4O31,155.5,3.046,4.1692
dentin,CaMg3Al6Si2O17,152.54,3.053,4.0836
dentin,Ca2Mg8Al2Si4O21,147.89,2.977,3.932
dentin,CaMg4Al2(SiO6)2,148.38,3.001,3.9513
dentin,Ca2Mg8Al6Si4O27,160.4,3.046,4.3134
dentin,CaMg4Al4Si2O15,157.29,3.051,4.2229
dentin,Ca2Mg8Al10Si4O33,147.17,3.028,3.9208
dentin,CaMg4Al6(SiO9)2,153.91,3.033,4.1199
dentin,Ca2Mg10Al2Si4O23,147.8,2.934,3.9209
dentin,CaMg5Al2Si2O13,147.08,3.007,3.9143
dentin,Ca2Mg10Al6Si4O29,143.54,3.025,3.8136
dentin,CaMg5Al4(SiO8)2,158.55,3.033,4.2563
dentin,Ca2Mg10Al10Si4O35,153.78,3.059,4.1213
dentin,CaMg5Al6Si2O19,152.02,3.062,4.0701
dentin,Ca2Mg12Al2Si4O25,147.97,2.909,3.921
dentin,CaMg6Al2(SiO7)2,147.5,2.984,3.9221
dentin,Ca2Mg12Al6Si4O31,154.73,3.027,4.143
dentin,CaMg6Al4Si2O17,151.01,3.023,4.0328
dentin,Ca2Mg12Al10Si4O37,153.48,3.048,4.1103
dentin,CaMg6Al6(SiO10)2,154.09,3.056,4.1299
dentin,Ca2Mg2Al2Si6O19,148.03,2.93,3.927
dentin,CaMgAl2Si3O11,141.78,2.961,3.7494
dentin,Ca2Mg2Al6Si6O25,143.98,2.97,3.8158
dentin,CaMgAl4Si3O14,138.54,2.957,3.6533
dentin,Ca2Mg2Al10Si6O31,137.76,2.934,3.6257
dentin,CaMgAl6Si3O17,137.21,2.923,3.6075
dentin,Ca2Mg4Al2(Si2O7)3,156.04,3.051,4.186
dentin,CaMg2Al2(SiO4)3,162.52,3.114,4.3891
dentin,Ca2Mg4Al6(Si2O9)3,158.77,3.102,4.2764
dentin,CaMg2Al4(SiO5)3,156.78,3.115,4.2205
dentin,Ca2Mg4Al10(Si2O11)3,152.43,3.129,4.0954
dentin,CaMg2Al6(SiO6)3,150.88,3.098,4.0436
dentin,Ca2Mg6Al2Si6O23,148.5,3.001,3.9547
dentin,CaMg3Al2Si3O13,156.32,3.075,4.1992
dentin,Ca2Mg6Al6Si6O29,152.67,3.092,4.0952
dentin,CaMg3Al4Si3O16,153.49,3.1,4.1209
dentin,Ca2Mg6Al10Si6O35,148.28,3.107,3.9689
dentin,CaMg3Al6Si3O19,149.88,3.118,4.0183
dentin,Ca2Mg8Al2Si6O25,149.35,2.975,3.9746
dentin,CaMg4Al2Si3O14,150.44,3.003,4.0121
dentin,Ca2Mg8Al6Si6O31,159.9,3.052,4.3
dentin,CaMg4Al4Si3O17,149.65,3.045,3.997
dentin,Ca2Mg8Al10Si6O37,152.24,3.06,4.0761
dentin,CaMg4Al6Si3O20,149.48,3.084,3.9996
dentin,Ca2Mg10Al2(Si2O9)3,148.13,2.979,3.9394
dentin,CaMg5Al2(SiO5)3,145.53,2.993,3.8656
dentin,Ca2Mg10Al6(Si2O11)3,150.76,3.027,4.0261
dentin,CaMg5Al4(SiO6)3,152.65,3.055,4.0872
dentin,Ca2Mg10Al10(Si2O13)3,150.94,3.048,4.0356
dentin,CaMg5Al6(SiO7)3,153.39,3.041,4.1062
dentin,Ca2Mg12Al2Si6O29,149.29,2.965,3.9708
dentin,CaMg6Al2Si3O16,144.72,2.987,3.8407
dentin,Ca2Mg12Al6Si6O35,149.24,3.023,3.9807
dentin,CaMg6Al4Si3O19,151.28,3.048,4.0456
dentin,Ca2Mg12Al10Si6O41,151.1,3.071,4.045
dentin,CaMg6Al6Si3O22,149.91,3.07,4.0097
dentin,Ca2Mg2Al2Si8O23,144.95,2.881,3.8267
dentin,CaMgAl2Si4O13,137.9,2.893,3.6217
dentin,Ca2Mg2Al6Si8O29,134.61,2.87,3.5207
dentin,CaMgAl4(SiO4)4,117.79,2.829,3.0181
dentin,Ca2Mg2Al10Si8O35,132.84,2.862,3.4669
dentin,CaMgAl6Si4O19,133.93,2.882,3.5029
dentin,Ca2Mg4Al2Si8O25,141.08,2.946,3.7258
dentin,CaMg2Al2(Si2O7)2,139.37,2.944,3.6752
dentin,Ca2Mg4Al6Si8O31,140.09,3.007,3.7086
dentin,CaMg2Al4Si4O17,140.39,2.992,3.7146
dentin,Ca2Mg4Al10Si8O37,138.53,2.989,3.6591
dentin,CaMg2Al6(SiO5)4,136.71,2.993,3.6064
dentin,Ca2Mg6Al2Si8O27,142.84,3.008,3.7897
dentin,CaMg3Al2Si4O15,158.66,3.072,4.2673
dentin,Ca2Mg6Al6Si8O33,155.68,3.111,4.1874
dentin,CaMg3Al4(Si2O9)2,154.0,3.12,4.1396
dentin,Ca2Mg6Al10Si8O39,162.66,3.128,4.396
dentin,CaMg3Al6Si4O21,155.09,3.112,4.1701
dentin,Ca2Mg8Al2Si8O29,140.14,2.991,3.7068
dentin,CaMg4Al2(SiO4)4,147.66,3.052,3.94
dentin,Ca2Mg8Al6Si8O35,147.77,3.094,3.9515
dentin,CaMg4Al4Si4O19,151.57,3.115,4.0672
dentin,Ca2Mg8Al10Si8O41,157.49,3.128,4.244
dentin,CaMg4Al6(Si2O11)2,151.06,3.107,4.0508
dentin,Ca2Mg10Al2Si8O31,151.16,2.977,4.0281
dentin,CaMg5Al2Si4O17,150.5,2.986,4.0105
dentin,Ca2Mg10Al6Si8O37,149.86,3.047,4.0038
dentin,CaMg5Al4(SiO5)4,147.46,3.078,3.9391
dentin,Ca2Mg10Al10Si8O43,146.4,3.085,3.9092
dentin,CaMg5Al6Si4O23,148.66,3.064,3.9718
dentin,Ca2Mg12Al2Si8O33,147.44,2.962,3.9158
dentin,CaMg6Al2(Si2O9)2,144.2,2.967,3.8214
dentin,Ca2Mg12Al6Si8O39,152.85,3.008,4.0838
dentin,CaMg6Al4Si4O21,153.02,3.042,4.0956
dentin,Ca2Mg12Al10Si8O45,149.2,3.07,3.9889
dentin,CaMg6Al6(SiO6)4,148.03,3.061,3.9526
dentin,Ca2Mg2Al2Si10O27,142.65,2.867,3.7562
dentin,CaMgAl2(SiO3)5,141.34,2.858,3.7162
dentin,Ca2Mg2Al6Si10O33,136.88,2.861,3.5857
dentin,CaMgAl4Si5O18,122.19,2.803,3.1423
dentin,Ca2Mg2Al10Si10O39,122.43,2.796,3.1478
dentin,CaMgAl6Si5O21,126.58,2.823,3.2752
dentin,Ca2Mg4Al2Si10O29,138.15,2.88,3.6265
dentin,CaMg2Al2Si5O16,138.18,2.904,3.6322
dentin,Ca2Mg4Al6(Si2O7)5,139.37,2.911,3.6687
dentin,CaMg2Al4Si5O19,137.53,2.893,3.6108
dentin,Ca2Mg4Al10Si10O41,136.52,2.901,3.5829
dentin,CaMg2Al6Si5O22,134.7,2.869,3.5231
dentin,Ca2Mg6Al2Si10O31,135.75,2.945,3.569
dentin,CaMg3Al2Si5O17,138.08,2.982,3.6447
dentin,Ca2Mg6Al6Si10O37,139.18,2.991,3.6787
dentin,CaMg3Al4(SiO4)5,146.8,3.007,3.9061
dentin,Ca2Mg6Al10Si10O43,140.59,2.985,3.7191
dentin,CaMg3Al6Si5O23,145.29,3.019,3.8638
dentin,Ca2Mg8Al2Si10O33,148.4,3.021,3.9558
dentin,CaMg4Al2Si5O18,151.26,3.064,4.048
dentin,Ca2Mg8Al6Si10O39,161.3,3.113,4.3531
dentin,CaMg4Al4Si5O21,153.75,3.097,4.1279
dentin,Ca2Mg8Al10(Si2O9)5,162.15,3.111,4.3774
dentin,CaMg4Al6Si5O24,162.66,3.115,4.3933
dentin,Ca2Mg10Al2(Si2O7)5,145.78,3.01,3.8764
dentin,CaMg5Al2Si5O19,147.71,3.036,3.9382
dentin,Ca2Mg10Al6Si10O41,147.49,3.094,3.9433
dentin,CaMg5Al4Si5O22,149.28,3.103,3.9977
dentin,Ca2Mg10Al10Si10O47,151.89,3.1,4.0736
dentin,CaMg5Al6(SiO5)5,153.65,3.103,4.126
dentin,Ca2Mg12Al2Si10O37,149.57,2.964,3.9787
dentin,CaMg6Al2(SiO4)5,142.43,2.998,3.7756
dentin,Ca2Mg12Al6Si10O43,144.13,3.052,3.8361
dentin,CaMg6Al4Si5O23,144.81,3.059,3.8575
dentin,Ca2Mg12Al10Si10O49,146.45,3.092,3.9122
dentin,CaMg6Al6Si5O26,147.08,3.073,3.9271
dentin,Ca2Mg2Al2Si12O31,129.14,2.847,3.3553
dentin,CaMgAl2Si6O17,128.51,2.838,3.3351
dentin,Ca2Mg2Al6Si12O37,127.58,2.843,3.3084
dentin,CaMgAl4(Si3O10)2,122.84,2.791,3.1588
dentin,Ca2Mg2Al10Si12O43,122.2,2.788,3.1396
dentin,CaMgAl6Si6O23,125.76,2.79,3.2447
dentin,Ca2Mg4Al2(Si4O11)3,144.26,2.859,3.8023
dentin,CaMg2Al2(SiO3)6,142.15,2.864,3.7411
dentin,Ca2Mg4Al6(Si4O13)3,139.79,2.874,3.6735
dentin,CaMg2Al4(Si2O7)3,138.27,2.86,3.6262
dentin,Ca2Mg4Al10(Si4O15)3,124.37,2.855,3.2165
dentin,CaMg2Al6(SiO4)6,120.98,2.815,3.1091
dentin,Ca2Mg6Al2Si12O35,133.07,2.877,3.4766
dentin,CaMg3Al2Si6O19,139.13,2.915,3.6624
dentin,Ca2Mg6Al6Si12O41,143.83,2.934,3.8042
dentin,CaMg3Al4(Si3O11)2,145.09,2.943,3.843
dentin,Ca2Mg6Al10Si12O47,140.49,2.919,3.7029
dentin,CaMg3Al6Si6O25,144.74,2.931,3.8303
dentin,Ca2Mg8Al2Si12O37,131.24,2.935,3.4343
dentin,CaMg4Al2(Si3O10)2,134.37,2.975,3.5344
dentin,Ca2Mg8Al6Si12O43,139.98,2.974,3.6989
dentin,CaMg4Al4Si6O23,146.65,3.015,3.9031
dentin,Ca2Mg8Al10Si12O49,146.8,3.024,3.9093
dentin,CaMg4Al6(Si3O13)2,147.46,3.022,3.9282
dentin,Ca2Mg10Al2(Si4O13)3,143.14,3.027,3.8023
dentin,CaMg5Al2(Si2O7)3,150.95,3.041,4.0346
dentin,Ca2Mg10Al6(Si4O15)3,150.82,3.081,4.0386
dentin,CaMg5Al4(SiO4)6,161.88,3.113,4.37
dentin,Ca2Mg10Al10(Si4O17)3,153.75,3.097,4.1279
dentin,CaMg5Al6(Si2O9)3,162.32,3.107,4.3818
dentin,Ca2Mg12Al2Si12O41,144.91,3.015,3.8518
dentin,CaMg6Al2(Si3O11)2,141.63,3.016,3.7555
dentin,Ca2Mg12Al6Si12O47,148.3,3.063,3.9611
dentin,CaMg6Al4Si6O25,150.39,3.093,4.0282
dentin,Ca2Mg12Al10Si12O53,161.78,3.102,4.365
dentin,CaMg6Al6(Si3O14)2,160.65,3.103,4.3317
dentin,Ca4Mg2Al2Si2O13,128.55,3.059,3.3794
dentin,Ca2MgAl2SiO8,156.09,3.063,4.1898
dentin,Ca4Mg2Al6Si2O19,155.58,3.075,4.1774
dentin,Ca2MgAl4SiO11,156.36,3.107,4.2067
dentin,Ca4Mg2Al10Si2O25,159.98,3.085,4.3088
dentin,Ca2MgAl6SiO14,151.87,3.068,4.0668
dentin,Ca4Mg4Al2Si2O15,132.12,2.991,3.4713
dentin,Ca2Mg2Al2SiO9,143.5,3.023,3.8119
dentin,Ca4Mg4Al6Si2O21,145.77,3.026,3.8792
dentin,Ca2Mg2Al4SiO12,154.11,3.073,4.1338
dentin,Ca4Mg4Al10Si2O27,153.55,3.067,4.1162
dentin,Ca2Mg2Al6SiO15,151.49,3.058,4.0536
dentin,Ca4Mg6Al2Si2O17,131.38,2.966,3.4445
dentin,Ca2Mg3Al2SiO10,144.81,2.984,3.843
dentin,Ca4Mg6Al6Si2O23,146.54,2.986,3.8941
dentin,Ca2Mg3Al4SiO13,154.85,3.034,4.1478
dentin,Ca4Mg6Al10Si2O29,153.7,3.06,4.1191
dentin,Ca2Mg3Al6SiO16,149.61,3.031,3.9932
dentin,Ca4Mg8Al2Si2O19,139.8,2.94,3.687
dentin,Ca2Mg4Al2SiO11,146.54,2.959,3.8888
dentin,Ca4Mg8Al6Si2O25,148.48,2.963,3.9464
dentin,Ca2Mg4Al4SiO14,144.48,3.016,3.8393
dentin,Ca4Mg8Al10Si2O31,154.42,3.036,4.1355
dentin,Ca2Mg4Al6SiO17,144.87,3.029,3.8535
dentin,Ca4Mg10Al2Si2O21,162.47,2.944,4.3543
dentin,Ca2Mg5Al2SiO12,149.15,2.938,3.9613
dentin,Ca4Mg10Al6Si2O27,145.91,2.942,3.8668
dentin,Ca2Mg5Al4SiO15,146.76,2.998,3.9027
dentin,Ca4Mg10Al10Si2O33,145.38,3.01,3.8648
dentin,Ca2Mg5Al6SiO18,145.96,3.024,3.8846
dentin,Ca4Mg12Al2Si2O23,162.65,2.925,4.3557
dentin,Ca2Mg6Al2SiO13,164.72,2.948,4.4212
dentin,Ca4Mg12Al6Si2O29,146.44,2.921,3.8785
dentin,Ca2Mg6Al4SiO16,146.68,2.937,3.8886
dentin,Ca4Mg12Al10Si2O35,146.38,2.986,3.8894
dentin,Ca2Mg6Al6SiO19,146.67,3.019,3.9042
dentin,Ca4Mg2Al2Si4O17,162.15,3.059,4.3674
dentin,Ca2MgAl2(SiO5)2,164.94,3.129,4.463
dentin,Ca4Mg2Al6Si4O23,161.92,3.171,4.3827
dentin,Ca2MgAl4Si2O13,172.07,3.168,4.6803
dentin,Ca4Mg2Al10Si4O29,165.0,3.174,4.4737
dentin,Ca2MgAl6(SiO8)2,157.39,3.167,4.2487
dentin,Ca4Mg4Al2Si4O19,151.13,3.009,4.0335
dentin,Ca4Mg6Al2Si4O21,144.74,2.975,3.8391
dentin,Ca4Mg8Al2Si4O23,152.81,2.965,4.0743
dentin,Ca4Mg10Al2Si4O25,159.21,2.949,4.2594
dentin,Ca4Mg12Al2Si4O27,156.2,2.941,4.1693
dentin,Ca4Mg2Al2(Si2O7)3,168.39,3.132,4.5652
dentin,Ca2MgAl2(SiO4)3,171.32,3.202,4.665
dentin,Ca4Mg2Al6(Si2O9)3,171.72,3.169,4.6703
dentin,Ca2MgAl4(SiO5)3,168.16,3.166,4.5651
dentin,Ca4Mg2Al10(Si2O11)3,159.39,3.176,4.3092
dentin,Ca2MgAl6(SiO6)3,157.35,3.15,4.2442
dentin,Ca4Mg4Al2Si6O23,155.92,3.03,4.1786
dentin,Ca4Mg6Al2Si6O25,150.18,2.959,3.9957
dentin,Ca4Mg8Al2(Si2O9)3,150.65,2.939,4.0056
dentin,Ca4Mg10Al2Si6O29,150.9,2.935,4.0123
dentin,Ca4Mg12Al2Si6O31,152.17,2.927,4.048
dentin,Ca4Mg2Al2Si8O25,150.84,3.003,4.024
dentin,Ca2MgAl2(Si2O7)2,149.84,2.994,3.9927
dentin,Ca4Mg2Al6Si8O31,149.74,2.994,3.9897
dentin,Ca2MgAl4Si4O17,147.14,2.996,3.9136
dentin,Ca4Mg2Al10Si8O37,143.64,3.008,3.8131
dentin,Ca2MgAl6(SiO5)4,150.15,3.034,4.0095
dentin,Ca4Mg4Al2Si8O27,158.55,3.055,4.2608
dentin,Ca4Mg6Al2Si8O29,149.55,3.028,3.9907
dentin,Ca4Mg8Al2Si8O31,149.73,2.936,3.9781
dentin,Ca4Mg10Al2Si8O33,144.1,2.915,3.8084
dentin,Ca4Mg12Al2Si8O35,144.16,2.906,3.8084
dentin,Ca4Mg2Al2Si10O29,156.59,2.924,4.1774
dentin,Ca2MgAl2Si5O16,139.72,2.912,3.6791
dentin,Ca4Mg2Al6(Si2O7)5,143.52,2.94,3.7962
dentin,Ca2MgAl4Si5O19,140.98,2.915,3.7167
dentin,Ca4Mg2Al10Si10O41,143.24,2.943,3.7887
dentin,Ca2MgAl6Si5O22,136.7,2.901,3.588
dentin,Ca4Mg4Al2Si10O31,145.43,2.958,3.856
dentin,Ca4Mg6Al2Si10O33,148.08,3.022,3.9465
dentin,Ca4Mg8Al2(Si2O7)5,150.43,3.001,4.0115
dentin,Ca4Mg10Al2Si10O37,150.05,2.972,3.9944
dentin,Ca4Mg12Al2Si10O39,147.75,2.969,3.9264
dentin,Ca4Mg2Al2(Si4O11)3,142.51,2.876,3.7541
dentin,Ca2MgAl2(SiO3)6,144.77,2.905,3.8263
dentin,Ca4Mg2Al6(Si4O13)3,141.55,2.899,3.7304
dentin,Ca2MgAl4(Si2O7)3,138.42,2.889,3.6364
dentin,Ca4Mg2Al10(Si4O15)3,136.45,2.883,3.5773
dentin,Ca2MgAl6(SiO4)6,119.51,2.845,3.0716
dentin,Ca4Mg4Al2Si12O35,141.85,2.92,3.7432
dentin,Ca4Mg6Al2Si12O37,143.04,2.953,3.7847
dentin,Ca4Mg8Al2(Si4O13)3,144.71,3.027,3.8484
dentin,Ca4Mg10Al2Si12O41,148.49,3.01,3.956
dentin,Ca4Mg12Al2Si12O43,149.81,2.997,3.9922
dentin,Ca6Mg2Al2Si2O15,122.48,3.08,3.205
dentin,Ca3MgAl2SiO9,124.89,3.119,3.2836
dentin,Ca6Mg2Al6Si2O21,156.19,3.108,4.2017
dentin,Ca3MgAl4SiO12,155.17,3.09,4.1684
dentin,Ca6Mg2Al10Si2O27,153.07,3.069,4.1023
dentin,Ca3MgAl6SiO15,155.37,3.124,4.1808
dentin,Ca6Mg4Al2Si2O17,126.37,3.037,3.3111
dentin,Ca3Mg2Al2SiO10,129.04,3.03,3.388
dentin,Ca6Mg4Al6Si2O23,148.64,3.064,3.9713
dentin,Ca3Mg2Al4SiO13,157.5,3.06,4.2309
dentin,Ca6Mg4Al10Si2O29,153.43,3.066,4.1122
dentin,Ca3Mg2Al6SiO16,152.42,3.085,4.0864
dentin,Ca6Mg6Al2Si2O19,140.01,2.99,3.703
dentin,Ca3Mg3Al2SiO11,131.92,2.999,3.4668
dentin,Ca6Mg6Al6Si2O25,151.17,3.033,4.0393
dentin,Ca3Mg3Al4SiO14,146.94,3.028,3.9141
dentin,Ca6Mg6Al10Si2O31,147.59,3.028,3.9332
dentin,Ca3Mg3Al6SiO17,155.73,3.071,4.1811
dentin,Ca6Mg8Al2Si2O21,140.07,2.972,3.7009
dentin,Ca3Mg4Al2SiO12,132.22,2.982,3.4723
dentin,Ca6Mg8Al6Si2O27,145.5,3.021,3.8705
dentin,Ca3Mg4Al4SiO15,148.43,3.013,3.9549
dentin,Ca6Mg8Al10Si2O33,146.94,3.028,3.914
dentin,Ca3Mg4Al6SiO18,154.79,3.049,4.149
dentin,Ca6Mg10Al2Si2O23,144.91,2.972,3.8435
dentin,Ca3Mg5Al2SiO13,144.81,2.964,3.839
dentin,Ca6Mg10Al6Si2O29,144.97,2.99,3.8488
dentin,Ca3Mg5Al4SiO16,144.82,2.985,3.8432
dentin,Ca6Mg10Al10Si2O35,148.29,2.982,3.9446
dentin,Ca3Mg5Al6SiO19,155.35,3.03,4.1619
dentin,Ca6Mg12Al2Si2O25,160.91,2.994,4.318
dentin,Ca3Mg6Al2SiO14,144.81,2.963,3.8388
dentin,Ca6Mg12Al6Si2O31,155.95,2.975,4.1685
dentin,Ca3Mg6Al4SiO17,141.56,2.959,3.7423
dentin,Ca6Mg12Al10Si2O37,144.82,2.966,3.8395
dentin,Ca3Mg6Al6SiO20,146.74,2.986,3.9
dentin,Ca6Mg2Al2Si4O19,127.44,3.087,3.3524
dentin,Ca3MgAl2Si2O11,160.24,3.096,4.3185
dentin,Ca6Mg2Al6Si4O25,164.51,3.101,4.4449
dentin,Ca3MgAl4(SiO7)2,162.79,3.04,4.3822
dentin,Ca6Mg2Al10Si4O31,162.87,3.119,4.4003
dentin,Ca3MgAl6Si2O17,161.91,3.134,4.3752
dentin,Ca6Mg4Al2Si4O21,129.45,3.004,3.395
dentin,Ca6Mg6Al2Si4O23,131.5,2.985,3.4518
dentin,Ca6Mg8Al2Si4O25,136.07,2.97,3.5831
dentin,Ca6Mg10Al2Si4O27,134.28,2.955,3.5277
dentin,Ca6Mg12Al2Si4O29,134.37,2.934,3.526
dentin,Ca6Mg2Al2Si6O23,158.28,3.123,4.266
dentin,Ca3MgAl2Si3O13,167.54,3.204,4.5544
dentin,Ca6Mg2Al6Si6O29,170.32,3.202,4.6354
dentin,Ca3MgAl4Si3O16,179.9,3.234,4.9235
dentin,Ca6Mg2Al10Si6O35,180.1,3.229,4.9286
dentin,Ca3MgAl6Si3O19,178.09,3.205,4.8647
dentin,Ca6Mg4Al2Si6O25,145.65,3.017,3.874
dentin,Ca6Mg6Al2(Si2O9)3,144.42,3.002,3.8351
dentin,Ca6Mg8Al2Si6O29,143.86,2.987,3.8157
dentin,Ca6Mg10Al2Si6O31,151.23,2.985,4.0319
dentin,Ca6Mg12Al2(Si2O11)3,155.53,2.981,4.1575
dentin,Ca6Mg2Al2Si8O27,166.53,3.172,4.5182
dentin,Ca3MgAl2Si4O15,175.57,3.207,4.791
dentin,Ca6Mg2Al6Si8O33,172.89,3.222,4.7152
dentin,Ca3MgAl4(Si2O9)2,174.19,3.224,4.7535
dentin,Ca6Mg2Al10Si8O39,176.15,3.184,4.8033
dentin,Ca3MgAl6Si4O21,173.49,3.197,4.7277
dentin,Ca6Mg4Al2Si8O29,159.6,3.111,4.3026
dentin,Ca6Mg6Al2Si8O31,149.91,3.018,3.9995
dentin,Ca6Mg8Al2Si8O33,150.23,2.974,4.0003
dentin,Ca6Mg10Al2Si8O35,150.78,2.965,4.0147
dentin,Ca6Mg12Al2Si8O37,151.14,2.952,4.0226
dentin,Ca6Mg2Al2Si10O31,160.04,3.054,4.3043
dentin,Ca3MgAl2Si5O17,163.05,3.085,4.399
dentin,Ca6Mg2Al6Si10O37,163.35,3.067,4.4042
dentin,Ca3MgAl4(SiO4)5,161.91,3.054,4.3592
dentin,Ca6Mg2Al10Si10O43,150.67,3.019,4.0221
dentin,Ca3MgAl6Si5O23,156.55,3.044,4.1998
dentin,Ca6Mg4Al2Si10O33,165.13,3.075,4.4582
dentin,Ca6Mg6Al2(Si2O7)5,157.57,3.039,4.2288
dentin,Ca6Mg8Al2Si10O37,149.3,2.972,3.9725
dentin,Ca6Mg10Al2Si10O39,148.85,2.946,3.954
dentin,Ca6Mg12Al2Si10O41,149.39,2.94,3.9689
dentin,Ca6Mg2Al2Si12O35,149.12,2.985,3.9699
dentin,Ca3MgAl2Si6O19,148.99,2.973,3.9638
dentin,Ca6Mg2Al6Si12O41,150.9,2.981,4.0214
dentin,Ca3MgAl4(Si3O11)2,150.24,2.971,4.0
dentin,Ca6Mg2Al10Si12O47,152.45,2.945,4.0598
dentin,Ca3MgAl6Si6O25,144.72,2.964,3.8362
dentin,Ca6Mg4Al2Si12O37,145.32,3.002,3.8615
dentin,Ca6Mg6Al2(Si4O13)3,148.84,3.005,3.9655
dentin,Ca6Mg8Al2Si12O41,148.75,2.985,3.9589
dentin,Ca6Mg10Al2Si12O43,148.6,2.956,3.9487
dentin,Ca6Mg12Al2(Si4O15)3,149.03,2.938,3.958
dentin,Ca8Mg2Al2Si2O17,123.95,3.018,3.2362
dentin,Ca4MgAl2SiO10,120.06,3.069,3.1319
dentin,Ca8Mg2Al6Si2O23,126.98,3.136,3.3484
dentin,Ca4MgAl4SiO13,152.98,3.107,4.1071
dentin,Ca8Mg2Al10Si2O29,155.8,3.102,4.189
dentin,Ca4MgAl6SiO16,149.22,3.064,3.9883
dentin,Ca8Mg4Al2Si2O19,132.84,3.0,3.4942
dentin,Ca4Mg2Al2SiO11,124.16,3.052,3.2492
dentin,Ca8Mg4Al6Si2O25,130.22,3.091,3.435
dentin,Ca4Mg2Al4SiO14,128.35,3.054,3.3726
dentin,Ca8Mg4Al10Si2O31,157.9,3.085,4.2476
dentin,Ca4Mg2Al6SiO17,158.07,3.081,4.2516
dentin,Ca8Mg6Al2Si2O21,139.63,3.061,3.7058
dentin,Ca4Mg3Al2SiO12,124.46,3.008,3.2495
dentin,Ca8Mg6Al6Si2O27,126.18,3.03,3.3041
dentin,Ca4Mg3Al4SiO15,127.23,3.018,3.3327
dentin,Ca8Mg6Al10Si2O33,155.83,3.084,4.1863
dentin,Ca4Mg3Al6SiO18,156.58,3.064,4.2045
dentin,Ca8Mg8Al2Si2O23,138.69,3.03,3.6719
dentin,Ca4Mg4Al2SiO13,138.21,2.997,3.6514
dentin,Ca8Mg8Al6Si2O29,129.61,3.006,3.4003
dentin,Ca4Mg4Al4SiO16,149.07,3.039,3.9788
dentin,Ca8Mg8Al10Si2O35,157.54,3.035,4.227
dentin,Ca4Mg4Al6SiO19,156.52,3.059,4.2018
dentin,Ca8Mg10Al2Si2O25,139.63,2.992,3.6921
dentin,Ca4Mg5Al2SiO14,145.01,3.036,3.8591
dentin,Ca8Mg10Al6Si2O31,144.36,2.997,3.8321
dentin,Ca4Mg5Al4SiO17,140.22,3.02,3.715
dentin,Ca8Mg10Al10Si2O37,147.17,3.025,3.9203
dentin,Ca4Mg5Al6SiO20,148.24,3.011,3.9489
dentin,Ca8Mg12Al2Si2O27,138.87,2.974,3.666
dentin,Ca4Mg6Al2SiO15,144.95,3.023,3.8546
dentin,Ca8Mg12Al6Si2O33,143.92,2.981,3.8161
dentin,Ca4Mg6Al4SiO18,145.0,3.002,3.852
dentin,Ca8Mg12Al10Si2O39,141.88,2.997,3.7593
dentin,Ca4Mg6Al6SiO21,144.77,2.996,3.8442
dentin,Ca8Mg2Al2Si4O21,119.65,3.053,3.1166
dentin,Ca4MgAl2(SiO6)2,150.2,3.125,4.0291
dentin,Ca8Mg2Al6Si4O27,152.39,3.099,4.0884
dentin,Ca4MgAl4Si2O15,161.0,3.119,4.3452
dentin,Ca8Mg2Al10Si4O33,155.31,3.082,4.1707
dentin,Ca4MgAl6(SiO9)2,156.06,3.055,4.1875
dentin,Ca8Mg4Al2Si4O23,122.96,3.047,3.2129
dentin,Ca8Mg6Al2Si4O25,129.57,3.02,3.4018
dentin,Ca8Mg8Al2Si4O27,126.25,2.989,3.2982
dentin,Ca8Mg10Al2Si4O29,131.73,3.009,3.4632
dentin,Ca8Mg12Al2Si4O31,146.12,2.995,3.8837
dentin,Ca8Mg2Al2Si6O25,126.09,3.096,3.3146
dentin,Ca4MgAl2Si3O14,133.83,3.042,3.5313
dentin,Ca8Mg2Al6Si6O31,164.6,3.128,4.4527
dentin,Ca4MgAl4Si3O17,161.36,3.108,4.3539
dentin,Ca8Mg2Al10Si6O37,163.14,3.08,4.4006
dentin,Ca4MgAl6Si3O20,168.08,3.187,4.5669
dentin,Ca8Mg4Al2(Si2O9)3,129.57,3.026,3.403
dentin,Ca8Mg6Al2Si6O29,131.63,2.993,3.4571
dentin,Ca8Mg8Al2Si6O31,132.28,2.998,3.4773
dentin,Ca8Mg10Al2(Si2O11)3,135.67,2.987,3.5748
dentin,Ca8Mg12Al2Si6O35,136.87,2.959,3.6046
dentin,Ca8Mg2Al2Si8O29,159.97,3.12,4.3152
dentin,Ca4MgAl2(SiO4)4,170.23,3.24,4.6405
dentin,Ca8Mg2Al6Si8O35,181.66,3.246,4.9776
dentin,Ca4MgAl4Si4O19,171.97,3.199,4.6834
dentin,Ca8Mg2Al10Si8O41,184.69,3.251,5.0678
dentin,Ca4MgAl6(Si2O11)2,181.74,3.241,4.9789
dentin,Ca8Mg4Al2Si8O31,129.87,3.007,3.408
dentin,Ca8Mg6Al2Si8O33,122.42,2.942,3.1761
dentin,Ca8Mg8Al2Si8O35,127.4,2.957,3.3256
dentin,Ca8Mg10Al2Si8O37,143.86,2.992,3.8167
dentin,Ca8Mg12Al2Si8O39,147.02,2.986,3.9082
dentin,Ca8Mg2Al2Si10O33,168.04,3.188,4.5657
dentin,Ca4MgAl2Si5O18,168.86,3.216,4.5955
dentin,Ca8Mg2Al6Si10O39,177.3,3.232,4.8467
dentin,Ca4MgAl4Si5O21,176.43,3.231,4.8208
dentin,Ca8Mg2Al10(Si2O9)5,175.7,3.228,4.799
dentin,Ca4MgAl6Si5O24,175.09,3.228,4.7809
dentin,Ca8Mg4Al2(Si2O7)5,159.13,3.117,4.2901
dentin,Ca8Mg6Al2Si10O37,157.83,3.038,4.2364
dentin,Ca8Mg8Al2Si10O39,147.9,3.003,3.9375
dentin,Ca8Mg10Al2Si10O41,150.68,2.987,4.0159
dentin,Ca8Mg12Al2Si10O43,146.49,2.97,3.8897
dentin,Ca8Mg2Al2Si12O37,159.21,3.087,4.2864
dentin,Ca4MgAl2(Si3O10)2,162.55,3.082,4.3836
dentin,Ca8Mg2Al6Si12O43,165.48,3.086,4.4706
dentin,Ca4MgAl4Si6O23,166.02,3.101,4.4895
dentin,Ca8Mg2Al10Si12O49,166.49,3.099,4.5029
dentin,Ca4MgAl6(Si3O13)2,167.81,3.077,4.5373
dentin,Ca8Mg4Al2(Si4O13)3,166.91,3.115,4.5184
dentin,Ca8Mg6Al2Si12O41,161.42,3.092,4.3522
dentin,Ca8Mg8Al2Si12O43,157.7,3.044,4.2335
dentin,Ca8Mg10Al2(Si4O15)3,148.68,2.993,3.9584
dentin,Ca8Mg12Al2Si12O47,148.47,2.958,3.9453
dentin,Ca10Mg2Al2Si2O19,137.38,3.061,3.6394
dentin,Ca5MgAl2SiO11,120.34,3.028,3.1321
dentin,Ca10Mg2Al6Si2O25,118.97,3.088,3.1035
dentin,Ca5MgAl4SiO14,151.47,3.154,4.072
dentin,Ca10Mg2Al10Si2O31,152.37,3.135,4.0948
dentin,Ca5MgAl6SiO17,157.25,3.125,4.2362
dentin,Ca10Mg4Al2Si2O21,134.39,3.031,3.5458
dentin,Ca5Mg2Al2SiO12,125.14,3.079,3.2832
dentin,Ca10Mg4Al6Si2O27,120.23,3.055,3.134
dentin,Ca5Mg2Al4SiO15,151.17,3.124,4.0573
dentin,Ca10Mg4Al10Si2O33,151.11,3.092,4.0494
dentin,Ca5Mg2Al6SiO18,157.36,3.109,4.2362
dentin,Ca10Mg6Al2Si2O23,134.01,2.987,3.526
dentin,Ca5Mg3Al2SiO13,139.05,3.073,3.6909
dentin,Ca10Mg6Al6Si2O29,122.2,3.027,3.1866
dentin,Ca5Mg3Al4SiO16,125.91,3.069,3.3038
dentin,Ca10Mg6Al10Si2O35,127.83,3.036,3.3539
dentin,Ca5Mg3Al6SiO19,155.88,3.092,4.1897
dentin,Ca10Mg8Al2Si2O25,127.83,2.974,3.3416
dentin,Ca5Mg4Al2SiO14,137.93,3.041,3.6517
dentin,Ca10Mg8Al6Si2O31,137.28,3.012,3.6271
dentin,Ca5Mg4Al4SiO17,125.2,3.027,3.2748
dentin,Ca10Mg8Al10Si2O37,125.34,3.02,3.2773
dentin,Ca5Mg4Al6SiO20,153.14,3.053,4.1014
dentin,Ca10Mg10Al2Si2O27,139.28,3.037,3.6906
dentin,Ca5Mg5Al2SiO15,139.37,3.01,3.688
dentin,Ca10Mg10Al6Si2O33,145.58,3.038,3.8759
dentin,Ca5Mg5Al4SiO18,129.14,3.014,3.3881
dentin,Ca10Mg10Al10Si2O39,124.87,2.988,3.2575
dentin,Ca5Mg5Al6SiO21,154.87,3.043,4.15
dentin,Ca10Mg12Al2Si2O29,137.05,3.019,3.6216
dentin,Ca5Mg6Al2SiO16,138.61,2.986,3.6609
dentin,Ca10Mg12Al6Si2O35,145.47,3.048,3.8749
dentin,Ca5Mg6Al4SiO19,143.61,3.001,3.811
dentin,Ca10Mg12Al10Si2O41,128.23,2.976,3.3537
dentin,Ca5Mg6Al6SiO22,146.68,3.028,3.9063
dentin,Ca10Mg2Al2Si4O23,112.64,3.036,2.9073
dentin,Ca5MgAl2Si2O13,119.37,3.066,3.111
dentin,Ca10Mg2Al6Si4O29,148.88,3.145,3.9941
dentin,Ca5MgAl4(SiO8)2,152.34,3.12,4.091
dentin,Ca10Mg2Al10Si4O35,157.39,3.133,4.2419
dentin,Ca5MgAl6Si2O19,156.75,3.119,4.2204
dentin,Ca10Mg4Al2Si4O25,129.37,3.081,3.4079
dentin,Ca10Mg6Al2Si4O27,127.1,3.056,3.3362
dentin,Ca10Mg8Al2Si4O29,126.5,3.03,3.3133
dentin,Ca10Mg10Al2Si4O31,140.78,2.995,3.7267
dentin,Ca10Mg12Al2Si4O33,140.01,2.979,3.7009
dentin,Ca10Mg2Al2(Si2O9)3,120.37,3.061,3.1396
dentin,Ca5MgAl2(SiO5)3,150.23,3.138,4.0324
dentin,Ca10Mg2Al6(Si2O11)3,157.69,3.13,4.25
dentin,Ca5MgAl4(SiO6)3,158.97,3.114,4.2845
dentin,Ca10Mg2Al10(Si2O13)3,162.96,3.114,4.402
dentin,Ca5MgAl6(SiO7)3,163.44,3.069,4.4073
dentin,Ca10Mg4Al2Si6O29,121.24,3.037,3.1605
dentin,Ca10Mg6Al2Si6O31,121.73,3.02,3.1715
dentin,Ca10Mg8Al2(Si2O11)3,127.29,3.002,3.3312
dentin,Ca10Mg10Al2Si6O35,134.92,3.022,3.5596
dentin,Ca10Mg12Al2Si6O37,135.36,3.017,3.5715
dentin,Ca10Mg2Al2Si8O31,150.36,3.122,4.033
dentin,Ca5MgAl2Si4O17,156.97,3.094,4.2219
dentin,Ca10Mg2Al6Si8O37,162.93,3.159,4.4099
dentin,Ca5MgAl4(SiO5)4,168.35,3.174,4.5721
dentin,Ca10Mg2Al10Si8O43,163.82,3.164,4.4371
dentin,Ca5MgAl6Si4O23,165.47,3.131,4.4791
dentin,Ca10Mg4Al2Si8O33,127.13,3.049,3.3357
dentin,Ca10Mg6Al2Si8O35,123.22,3.0,3.2113
dentin,Ca10Mg8Al2Si8O37,131.63,2.986,3.4558
dentin,Ca10Mg10Al2Si8O39,131.25,2.989,3.4451
dentin,Ca10Mg12Al2Si8O41,133.07,2.983,3.4976
dentin,Ca10Mg2Al2(Si2O7)5,163.62,3.165,4.4312
dentin,Ca5MgAl2Si5O19,172.12,3.218,4.6917
dentin,Ca10Mg2Al6Si10O41,172.8,3.259,4.7196
dentin,Ca5MgAl4Si5O22,184.21,3.245,5.0523
dentin,Ca10Mg2Al10Si10O47,174.33,3.21,4.7551
dentin,Ca5MgAl6(SiO5)5,184.09,3.259,5.0518
dentin,Ca10Mg4Al2Si10O37,130.33,3.031,3.4263
dentin,Ca10Mg6Al2Si10O39,122.78,2.964,3.1913
dentin,Ca10Mg8Al2Si10O41,129.38,2.957,3.3838
dentin,Ca10Mg10Al2Si10O43,128.24,2.96,3.351
dentin,Ca10Mg12Al2(Si2O9)5,129.78,2.95,3.3942
dentin,Ca10Mg2Al2(Si4O13)3,168.01,3.199,4.5671
dentin,Ca5MgAl2(Si2O7)3,169.41,3.231,4.6147
dentin,Ca10Mg2Al6(Si4O15)3,180.29,3.245,4.9372
dentin,Ca5MgAl4(SiO4)6,179.3,3.249,4.9089
dentin,Ca10Mg2Al10(Si4O17)3,176.43,3.22,4.8188
dentin,Ca5MgAl6(Si2O9)3,175.7,3.237,4.8007
dentin,Ca10Mg4Al2Si12O41,159.48,3.148,4.3064
dentin,Ca10Mg6Al2Si12O43,155.91,3.08,4.188
dentin,Ca10Mg8Al2(Si4O15)3,156.54,3.039,4.1985
dentin,Ca10Mg10Al2Si12O47,142.36,2.993,3.7727
dentin,Ca10Mg12Al2Si12O49,145.26,2.987,3.8566
dentin,Ca12Mg2Al2Si2O21,136.1,3.082,3.6059
dentin,Ca6MgAl2SiO12,122.27,3.04,3.1913
dentin,Ca12Mg2Al6Si2O27,120.94,3.081,3.1602
dentin,Ca6MgAl4SiO15,118.97,3.091,3.1041
dentin,Ca12Mg2Al10Si2O33,155.49,3.18,4.1953
dentin,Ca6MgAl6SiO18,151.16,3.147,4.0614
dentin,Ca12Mg4Al2Si2O23,135.26,3.049,3.5749
dentin,Ca6Mg2Al2SiO13,134.96,3.014,3.5591
dentin,Ca12Mg4Al6Si2O29,120.96,3.077,3.16
dentin,Ca6Mg2Al4SiO16,121.54,3.073,3.1763
dentin,Ca12Mg4Al10Si2O35,151.14,3.138,4.0592
dentin,Ca6Mg2Al6SiO19,151.35,3.131,4.0638
dentin,Ca12Mg6Al2Si2O25,134.5,3.026,3.5481
dentin,Ca6Mg3Al2SiO14,133.68,3.001,3.519
dentin,Ca12Mg6Al6Si2O31,134.89,3.059,3.566
dentin,Ca6Mg3Al4SiO17,117.26,3.03,3.0419
dentin,Ca12Mg6Al10Si2O37,125.92,3.101,3.3105
dentin,Ca6Mg3Al6SiO20,128.21,3.074,3.3724
dentin,Ca12Mg8Al2Si2O27,134.08,2.99,3.5286
dentin,Ca6Mg4Al2SiO15,136.36,3.06,3.6091
dentin,Ca12Mg8Al6Si2O33,138.05,3.046,3.6564
dentin,Ca6Mg4Al4SiO18,122.51,3.036,3.1974
dentin,Ca12Mg8Al10Si2O39,124.57,3.047,3.2603
dentin,Ca6Mg4Al6SiO21,125.34,3.037,3.2808
dentin,Ca12Mg10Al2Si2O29,134.59,2.962,3.538
dentin,Ca6Mg5Al2SiO16,138.88,3.051,3.6817
dentin,Ca12Mg10Al6Si2O35,138.12,3.035,3.656
dentin,Ca6Mg5Al4SiO19,144.6,3.06,3.8515
dentin,Ca12Mg10Al10Si2O41,128.45,3.024,3.3697
dentin,Ca6Mg5Al6SiO22,123.95,3.017,3.2359
dentin,Ca12Mg12Al2Si2O31,123.91,2.939,3.2195
dentin,Ca6Mg6Al2SiO17,137.62,3.033,3.6412
dentin,Ca12Mg12Al6Si2O37,138.61,3.005,3.6646
dentin,Ca6Mg6Al4SiO20,146.03,3.044,3.8905
dentin,Ca12Mg12Al10Si2O43,139.74,3.016,3.7
dentin,Ca6Mg6Al6SiO23,124.88,2.99,3.2582
dentin,Ca12Mg2Al2Si4O25,122.46,3.041,3.1969
dentin,Ca6MgAl2(SiO7)2,117.67,3.08,3.0638
dentin,Ca12Mg2Al6Si4O31,119.37,3.074,3.1125
dentin,Ca6MgAl4Si2O17,149.47,3.156,4.0137
dentin,Ca12Mg2Al10Si4O37,151.73,3.131,4.0752
dentin,Ca6MgAl6(SiO10)2,158.06,3.13,4.261
dentin,Ca12Mg4Al2Si4O27,123.26,3.007,3.2139
dentin,Ca12Mg6Al2Si4O29,116.33,3.004,3.0095
dentin,Ca12Mg8Al2Si4O31,137.79,3.053,3.6499
dentin,Ca12Mg10Al2Si4O33,138.88,3.039,3.6792
dentin,Ca12Mg12Al2Si4O35,138.69,3.026,3.6711
dentin,Ca12Mg2Al2Si6O29,117.29,3.062,3.0492
dentin,Ca6MgAl2Si3O16,118.5,3.06,3.0843
dentin,Ca12Mg2Al6Si6O35,148.79,3.154,3.9933
dentin,Ca6MgAl4Si3O19,151.29,3.141,4.064
dentin,Ca12Mg2Al10Si6O41,156.64,3.137,4.2206
dentin,Ca6MgAl6Si3O22,162.09,3.12,4.3776
dentin,Ca12Mg4Al2Si6O31,121.87,3.07,3.1854
dentin,Ca12Mg6Al2(Si2O11)3,126.41,3.053,3.3153
dentin,Ca12Mg8Al2Si6O35,127.79,3.033,3.3519
dentin,Ca12Mg10Al2Si6O37,126.9,3.017,3.3228
dentin,Ca12Mg12Al2(Si2O13)3,126.74,2.987,3.3122
dentin,Ca12Mg2Al2Si8O33,118.15,3.05,3.072
dentin,Ca6MgAl2(Si2O9)2,146.55,3.135,3.9238
dentin,Ca12Mg2Al6Si8O39,154.97,3.115,4.1672
dentin,Ca6MgAl4Si4O21,163.59,3.121,4.4218
dentin,Ca12Mg2Al10Si8O45,166.98,3.14,4.5251
dentin,Ca6MgAl6(SiO6)4,160.43,3.125,4.3299
dentin,Ca12Mg4Al2Si8O35,120.6,3.044,3.143
dentin,Ca12Mg6Al2Si8O37,120.44,3.027,3.1349
dentin,Ca12Mg8Al2Si8O39,122.28,3.008,3.1854
dentin,Ca12Mg10Al2Si8O41,130.14,3.037,3.4218
dentin,Ca12Mg12Al2Si8O43,134.27,3.026,3.541
dentin,Ca12Mg2Al2Si10O37,156.28,3.156,4.2139
dentin,Ca6MgAl2(SiO4)5,159.1,3.131,4.2917
dentin,Ca12Mg2Al6Si10O43,168.24,3.179,4.5701
dentin,Ca6MgAl4Si5O23,169.57,3.194,4.6119
dentin,Ca12Mg2Al10Si10O49,172.53,3.21,4.7021
dentin,Ca6MgAl6Si5O26,168.11,3.158,4.5618
dentin,Ca12Mg4Al2Si10O39,125.43,3.062,3.2882
dentin,Ca12Mg6Al2Si10O41,122.65,3.012,3.197
dentin,Ca12Mg8Al2Si10O43,125.85,2.992,3.2869
dentin,Ca12Mg10Al2(Si2O9)5,131.87,2.99,3.4638
dentin,Ca12Mg12Al2Si10O47,131.63,2.985,3.4555
dentin,Ca12Mg2Al2Si12O41,165.79,3.198,4.5016
dentin,Ca6MgAl2(Si3O11)2,173.21,3.213,4.7228
dentin,Ca12Mg2Al6Si12O47,174.03,3.253,4.7547
dentin,Ca6MgAl4Si6O25,184.11,3.266,5.0535
dentin,Ca12Mg2Al10Si12O53,185.37,3.256,5.0885
dentin,Ca6MgAl6(Si3O14)2,171.92,3.221,4.6863
dentin,Ca12Mg4Al2Si12O43,152.79,3.074,4.0951
dentin,Ca12Mg6Al2(Si4O15)3,128.33,3.003,3.3622
dentin,Ca12Mg8Al2Si12O47,123.02,2.956,3.1968
dentin,Ca12Mg10Al2Si12O49,128.75,2.965,3.3669
dentin,Ca12Mg12Al2(Si4O17)3,128.24,2.957,3.3503
dentin,Na2Sr2Ca2Si2O9,112.77,3.596,3.0209
dentin,Na2Sr4Ca2Si2O11,139.92,4.001,3.8986
dentin,Na2Sr6Ca2Si2O13,128.91,4.139,3.602
dentin,Na2Sr8Ca2Si2O15,94.2,3.967,2.5478
dentin,Na2Sr10Ca2Si2O17,118.77,4.146,3.3053
dentin,Na2Sr12Ca2Si2O19,109.16,4.188,3.0311
dentin,Na2SrCaSiO5,113.31,3.377,2.9937
dentin,Na2Sr2CaSiO6,120.01,3.759,3.2656
dentin,Na2Sr3CaSiO7,146.07,3.996,4.0783
dentin,Na2Sr4CaSiO8,86.7,3.782,2.291
dentin,Na2Sr5CaSiO9,87.76,3.879,2.3412
dentin,Na2Sr6CaSiO10,113.68,4.022,3.1311
dentin,Na6Sr2Ca2Si2O11,106.65,3.218,2.767
dentin,Na6Sr4Ca2Si2O13,110.62,3.56,2.9507
dentin,Na6Sr6Ca2Si2O15,100.97,3.82,2.7178
dentin,Na6Sr8Ca2Si2O17,89.56,3.633,2.346
dentin,Na6Sr10Ca2Si2O19,85.09,3.718,2.231
dentin,Na6Sr12Ca2Si2O21,88.4,3.887,2.3615
dentin,Na4SrCaSiO6,102.06,3.088,2.6063
dentin,Na4Sr2CaSiO7,96.86,3.433,2.5211
dentin,Na4Sr3CaSiO8,95.83,3.629,2.5294
dentin,Na4Sr4CaSiO9,95.18,3.677,2.5196
dentin,Na4Sr5CaSiO10,82.12,3.569,2.1145
dentin,Na4Sr6CaSiO11,78.71,3.703,2.0407
dentin,Na10Sr2Ca2Si2O13,105.02,3.007,2.6775
dentin,Na10Sr4Ca2Si2O15,92.44,3.277,2.3608
dentin,Na10Sr6Ca2Si2O17,91.46,3.502,2.3761
dentin,Na10Sr8Ca2Si2O19,98.19,3.624,2.5978
dentin,Na10Sr10Ca2Si2O21,82.66,3.481,2.1133
dentin,Na10Sr12Ca2Si2O23,79.8,3.605,2.0533
dentin,Na6SrCaSiO7,106.91,2.967,2.7252
dentin,Na6Sr2CaSiO8,94.46,3.178,2.4006
dentin,Na6Sr3CaSiO9,92.84,3.418,2.4002
dentin,Na6Sr4CaSiO10,95.4,3.618,2.5146
dentin,Na6Sr5CaSiO11,81.33,3.444,2.0669
dentin,Na6Sr6CaSiO12,85.3,3.519,2.1983
dentin,Na2Sr2Ca2Si4O13,105.61,3.349,2.762
dentin,Na2Sr4Ca2Si4O15,113.28,3.736,3.0634
dentin,Na2Sr6Ca2Si4O17,137.8,4.044,3.8448
dentin,Na2Sr8Ca2Si4O19,141.29,4.281,3.9937
dentin,Na2Sr10Ca2Si4O21,125.61,4.442,3.5645
dentin,Na2Sr12Ca2Si4O23,107.85,4.222,2.999
dentin,Na2SrCaSi2O7,106.18,3.264,2.7622
dentin,Na2Sr2Ca(SiO4)2,111.88,3.617,2.9989
dentin,Na2Sr3CaSi2O9,121.01,3.919,3.3266
dentin,Na2Sr4Ca(SiO5)2,145.54,4.115,4.0861
dentin,Na2Sr5CaSi2O11,136.87,4.273,3.8623
dentin,Na2Sr6Ca(SiO6)2,111.76,4.173,3.1045
dentin,Na6Sr2Ca2Si4O15,101.31,3.183,2.603
dentin,Na6Sr4Ca2Si4O17,106.77,3.517,2.8289
dentin,Na6Sr6Ca2Si4O19,116.97,3.78,3.1804
dentin,Na6Sr8Ca2Si4O21,121.75,3.941,3.3527
dentin,Na6Sr10Ca2Si4O23,142.94,4.103,4.0074
dentin,Na6Sr12Ca2Si4O25,138.04,4.124,3.8676
dentin,Na4SrCa(SiO4)2,102.45,3.1,2.6202
dentin,Na4Sr2CaSi2O9,108.23,3.401,2.8491
dentin,Na4Sr3Ca(SiO5)2,118.51,3.64,3.1982
dentin,Na4Sr4CaSi2O11,119.06,3.808,3.2475
dentin,Na4Sr5Ca(SiO6)2,114.56,3.943,3.1416
dentin,Na4Sr6CaSi2O13,141.88,4.052,3.9661
dentin,Na10Sr2Ca2Si4O17,100.23,3.085,2.552
dentin,Na10Sr4Ca2Si4O19,106.83,3.293,2.787
dentin,Na10Sr6Ca2Si4O21,114.58,3.53,3.0614
dentin,Na10Sr8Ca2Si4O23,108.97,3.686,2.927
dentin,Na10Sr10Ca2Si4O25,103.8,3.822,2.8017
dentin,Na10Sr12Ca2Si4O27,108.62,3.948,2.9681
dentin,Na6SrCaSi2O9,95.58,3.029,2.4043
dentin,Na6Sr2Ca(SiO5)2,102.03,3.223,2.6321
dentin,Na6Sr3CaSi2O11,109.92,3.422,2.903
dentin,Na6Sr4Ca(SiO6)2,105.4,3.589,2.8027
dentin,Na6Sr5CaSi2O13,101.03,3.732,2.7025
dentin,Na6Sr6Ca(SiO7)2,102.46,3.875,2.7725
dentin,Na2Sr2Ca2Si6O17,98.51,3.261,2.536
dentin,Na2Sr4Ca2Si6O19,109.68,3.544,2.9199
dentin,Na2Sr6Ca2(Si2O7)3,108.66,3.802,2.9405
dentin,Na2Sr8Ca2Si6O23,135.33,4.04,3.7714
dentin,Na2Sr10Ca2Si6O25,138.93,4.222,3.913
dentin,Na2Sr12Ca2(Si2O9)3,119.17,4.334,3.3539
dentin,Na2SrCa(SiO3)3,97.55,3.167,2.4891
dentin,Na2Sr2CaSi3O10,107.35,3.442,2.8313
dentin,Na2Sr3CaSi3O11,113.54,3.718,3.0677
dentin,Na2Sr4Ca(SiO4)3,119.1,3.93,3.2726
dentin,Na2Sr5CaSi3O13,138.86,4.115,3.89
dentin,Na2Sr6CaSi3O14,141.82,4.263,4.0059
dentin,Na6Sr2Ca2Si6O19,97.75,3.114,2.4849
dentin,Na6Sr4Ca2(Si2O7)3,107.07,3.379,2.8106
dentin,Na6Sr6Ca2Si6O23,112.49,3.627,3.0189
dentin,Na6Sr8Ca2Si6O25,115.42,3.852,3.1493
dentin,Na6Sr10Ca2(Si2O9)3,141.16,4.032,3.9412
dentin,Na6Sr12Ca2Si6O29,144.22,4.151,4.0545
dentin,Na4SrCaSi3O10,95.49,3.111,2.4177
dentin,Na4Sr2CaSi3O11,103.76,3.321,2.7021
dentin,Na4Sr3Ca(SiO4)3,107.09,3.576,2.8499
dentin,Na4Sr4CaSi3O13,116.36,3.768,3.1604
dentin,Na4Sr5CaSi3O14,121.46,3.923,3.3405
dentin,Na4Sr6Ca(SiO5)3,140.67,4.018,3.9239
dentin,Na10Sr2Ca2(Si2O7)3,98.5,3.087,2.5015
dentin,Na10Sr4Ca2Si6O23,105.1,3.279,2.7333
dentin,Na10Sr6Ca2Si6O25,107.25,3.49,2.8376
dentin,Na10Sr8Ca2(Si2O9)3,115.32,3.676,3.1115
dentin,Na10Sr10Ca2Si6O29,117.25,3.806,3.1937
dentin,Na10Sr12Ca2Si6O31,123.4,3.93,3.3991
dentin,Na6SrCaSi3O11,99.52,3.058,2.526
dentin,Na6Sr2Ca(SiO4)3,102.92,3.215,2.6567
dentin,Na6Sr3CaSi3O13,109.3,3.41,2.8824
dentin,Na6Sr4CaSi3O14,116.16,3.583,3.1181
dentin,Na6Sr5Ca(SiO5)3,118.81,3.73,3.2248
dentin,Na6Sr6CaSi3O16,119.06,3.829,3.2516
dentin,Na2Sr2Ca2Si8O21,164.62,3.379,4.5027
dentin,Na2Sr4Ca2Si8O23,101.93,3.401,2.6641
dentin,Na2Sr6Ca2Si8O25,115.42,3.595,3.0987
dentin,Na2Sr8Ca2Si8O27,110.65,3.831,3.0049
dentin,Na2Sr10Ca2Si8O29,138.19,4.05,3.8574
dentin,Na2Sr12Ca2Si8O31,136.73,4.195,3.8428
dentin,Na2SrCaSi4O11,105.47,3.137,2.7162
dentin,Na2Sr2Ca(SiO3)4,100.02,3.334,2.5946
dentin,Na2Sr3CaSi4O13,108.47,3.548,2.885
dentin,Na2Sr4Ca(Si2O7)2,111.27,3.78,3.0129
dentin,Na2Sr5CaSi4O15,117.3,3.947,3.223
dentin,Na2Sr6Ca(SiO4)4,138.58,4.095,3.8777
dentin,Na6Sr2Ca2Si8O23,101.51,3.079,2.5883
dentin,Na6Sr4Ca2Si8O25,99.12,3.315,2.5645
dentin,Na6Sr6Ca2Si8O27,106.06,3.504,2.8056
dentin,Na6Sr8Ca2Si8O29,114.28,3.708,3.0873
dentin,Na6Sr10Ca2Si8O31,122.33,3.872,3.356
dentin,Na6Sr12Ca2Si8O33,136.89,4.014,3.812
dentin,Na4SrCa(SiO3)4,102.93,3.068,2.6281
dentin,Na4Sr2CaSi4O13,99.54,3.273,2.5685
dentin,Na4Sr3Ca(Si2O7)2,106.99,3.447,2.8218
dentin,Na4Sr4CaSi4O15,114.2,3.631,3.0698
dentin,Na4Sr5Ca(SiO4)4,117.95,3.813,3.2159
dentin,Na4Sr6CaSi4O17,120.55,3.962,3.3215
dentin,Na10Sr2Ca2Si8O25,100.58,3.035,2.5526
dentin,Na10Sr4Ca2Si8O27,96.8,3.222,2.4782
dentin,Na10Sr6Ca2Si8O29,105.54,3.4,2.7701
dentin,Na10Sr8Ca2Si8O31,110.81,3.593,2.9625
dentin,Na10Sr10Ca2Si8O33,116.06,3.756,3.1491
dentin,Na10Sr12Ca2Si8O35,122.71,3.889,3.3705
dentin,Na6SrCaSi4O13,98.5,3.005,2.4855
dentin,Na6Sr2Ca(Si2O7)2,97.63,3.176,2.4935
dentin,Na6Sr3CaSi4O15,106.2,3.365,2.7825
dentin,Na6Sr4Ca(SiO4)4,109.17,3.541,2.9044
dentin,Na6Sr5CaSi4O17,115.73,3.683,3.1249
dentin,Na6Sr6Ca(Si2O9)2,115.54,3.813,3.1449
dentin,Na2Sr2Ca2(Si2O5)5,108.09,3.174,2.8007
dentin,Na2Sr4Ca2Si10O27,106.77,3.385,2.803
dentin,Na2Sr6Ca2Si10O29,110.97,3.539,2.9569
dentin,Na2Sr8Ca2Si10O31,116.22,3.676,3.138
dentin,Na2Sr10Ca2Si10O33,110.48,3.841,3.0016
dentin,Na2Sr12Ca2(Si2O7)5,132.1,4.009,3.6703
dentin,Na2SrCaSi5O13,151.01,3.231,4.0736
dentin,Na2Sr2CaSi5O14,101.31,3.304,2.6266
dentin,Na2Sr3Ca(SiO3)5,105.09,3.466,2.7697
dentin,Na2Sr4CaSi5O16,112.57,3.623,3.0202
dentin,Na2Sr5CaSi5O17,109.0,3.798,2.9498
dentin,Na2Sr6CaSi5O18,114.16,3.967,3.1346
dentin,Na6Sr2Ca2Si10O27,108.32,3.081,2.7889
dentin,Na6Sr4Ca2Si10O29,97.76,3.217,2.5052
dentin,Na6Sr6Ca2Si10O31,106.06,3.427,2.7903
dentin,Na6Sr8Ca2Si10O33,108.06,3.576,2.8787
dentin,Na6Sr10Ca2(Si2O7)5,112.93,3.76,3.0578
dentin,Na6Sr12Ca2Si10O37,120.16,3.896,3.297
dentin,Na4SrCaSi5O14,106.72,3.009,2.7279
dentin,Na4Sr2Ca(SiO3)5,98.45,3.19,2.5202
dentin,Na4Sr3CaSi5O16,106.1,3.403,2.7869
dentin,Na4Sr4CaSi5O17,110.28,3.535,2.936
dentin,Na4Sr5CaSi5O18,114.28,3.701,3.0858
dentin,Na4Sr6CaSi5O19,117.03,3.835,3.193
dentin,Na10Sr2Ca2Si10O29,103.93,2.987,2.6417
dentin,Na10Sr4Ca2Si10O31,96.8,3.168,2.4674
dentin,Na10Sr6Ca2Si10O33,106.8,3.36,2.7991
dentin,Na10Sr8Ca2(Si2O7)5,107.55,3.485,2.8458
dentin,Na10Sr10Ca2Si10O37,114.2,3.643,3.072
dentin,Na10Sr12Ca2Si10O39,114.4,3.779,3.105
dentin,Na6SrCa(SiO3)5,102.11,2.98,2.5868
dentin,Na6Sr2CaSi5O16,96.84,3.146,2.4644
dentin,Na6Sr3CaSi5O17,103.64,3.295,2.6934
dentin,Na6Sr4CaSi5O18,105.71,3.437,2.7823
dentin,Na6Sr5CaSi5O19,111.33,3.604,2.9803
dentin,Na6Sr6Ca(SiO4)5,115.5,3.742,3.13
dentin,Na2Sr2Ca2Si12O29,112.52,3.085,2.9134
dentin,Na2Sr4Ca2Si12O31,103.96,3.285,2.7009
dentin,Na2Sr6Ca2(Si4O11)3,102.61,3.446,2.6928
dentin,Na2Sr8Ca2Si12O35,114.56,3.641,3.0826
dentin,Na2Sr10Ca2Si12O37,115.65,3.733,3.1324
dentin,Na2Sr12Ca2(Si4O13)3,108.56,3.859,2.9488
dentin,Na2SrCa(Si2O5)3,159.1,3.18,4.3014
dentin,Na2Sr2Ca(Si3O8)2,106.28,3.291,2.7703
dentin,Na2Sr3CaSi6O17,102.52,3.375,2.6762
dentin,Na2Sr4Ca(SiO3)6,109.79,3.546,2.9234
dentin,Na2Sr5CaSi6O19,114.78,3.662,3.093
dentin,Na2Sr6Ca(Si3O10)2,110.65,3.819,3.0025
dentin,Na6Sr2Ca2Si12O31,116.63,3.092,3.0356
dentin,Na6Sr4Ca2(Si4O11)3,96.84,3.203,2.4757
dentin,Na6Sr6Ca2Si12O35,99.64,3.33,2.5827
dentin,Na6Sr8Ca2Si12O37,106.22,3.504,2.8104
dentin,Na6Sr10Ca2(Si4O13)3,113.08,3.633,3.0372
dentin,Na6Sr12Ca2Si12O41,109.33,3.786,2.9569
dentin,Na4SrCa(Si3O8)2,114.24,3.044,2.9558
dentin,Na4Sr2CaSi6O17,97.35,3.162,2.4826
dentin,Na4Sr3Ca(SiO3)6,100.28,3.307,2.597
dentin,Na4Sr4CaSi6O19,105.22,3.485,2.7772
dentin,Na4Sr5Ca(Si3O10)2,116.45,3.596,3.1292
dentin,Na4Sr6Ca(Si2O7)3,114.07,3.745,3.0884
dentin,Na10Sr2Ca2(Si4O11)3,102.16,2.946,2.5814
dentin,Na10Sr4Ca2Si12O35,97.91,3.122,2.4909
dentin,Na10Sr6Ca2Si12O37,99.87,3.294,2.5823
dentin,Na10Sr8Ca2(Si4O13)3,105.1,3.436,2.7642
dentin,Na10Sr10Ca2Si12O41,111.48,3.559,2.9759
dentin,Na10Sr12Ca2Si12O43,114.03,3.695,3.0773
dentin,Na6SrCaSi6O17,105.57,2.934,2.6794
dentin,Na6Sr2Ca(SiO3)6,95.93,3.129,2.4342
dentin,Na6Sr3CaSi6O19,98.32,3.278,2.5337
dentin,Na6Sr4Ca(Si3O10)2,107.88,3.391,2.837
dentin,Na6Sr5Ca(Si2O7)3,108.67,3.515,2.8845
dentin,Na6Sr6Ca(Si3O11)2,114.2,3.647,3.0729
dentin,Na2Sr2Ca4Si2O11,114.27,3.532,3.0525
dentin,Na2Sr4Ca4Si2O13,131.7,3.874,3.6322
dentin,Na2Sr6Ca4Si2O15,139.51,4.071,3.9003
dentin,Na2Sr8Ca4Si2O17,95.42,3.834,2.5575
dentin,Na2Sr10Ca4Si2O19,99.08,3.971,2.692
dentin,Na2Sr12Ca4Si2O21,109.35,4.073,3.014
dentin,Na2SrCa2SiO6,110.11,3.35,2.8946
dentin,Na2Sr2Ca2SiO7,119.25,3.657,3.2236
dentin,Na2Sr3Ca2SiO8,110.92,3.889,3.0239
dentin,Na2Sr4Ca2SiO9,91.41,3.733,2.4198
dentin,Na2Sr5Ca2SiO10,83.87,3.767,2.2048
dentin,Na2Sr6Ca2SiO11,97.37,3.915,2.6308
dentin,Na6Sr2Ca4Si2O13,116.33,3.206,3.0492
dentin,Na6Sr4Ca4Si2O15,108.27,3.515,2.8727
dentin,Na6Sr6Ca4Si2O17,100.97,3.742,2.7025
dentin,Na6Sr8Ca4Si2O19,95.95,3.74,2.5545
dentin,Na6Sr10Ca4Si2O21,90.87,3.639,2.3856
dentin,Na6Sr12Ca4Si2O23,87.26,3.766,2.3043
dentin,Na4SrCa2SiO7,114.19,3.102,2.9657
dentin,Na4Sr2Ca2SiO8,93.79,3.403,2.4251
dentin,Na4Sr3Ca2SiO9,98.8,3.583,2.6079
dentin,Na4Sr4Ca2SiO10,96.66,3.607,2.5496
dentin,Na4Sr5Ca2SiO11,79.58,3.504,2.0271
dentin,Na4Sr6Ca2SiO12,83.6,3.633,2.1705
dentin,Na10Sr2Ca4Si2O15,106.09,3.029,2.7135
dentin,Na10Sr4Ca4Si2O17,90.22,3.284,2.2966
dentin,Na10Sr6Ca4Si2O19,93.3,3.465,2.423
dentin,Na10Sr8Ca4Si2O21,99.5,3.629,2.6373
dentin,Na10Sr10Ca4Si2O23,83.63,3.475,2.1405
dentin,Na10Sr12Ca4Si2O25,82.12,3.543,2.1093
dentin,Na6SrCa2SiO8,92.3,2.952,2.2927
dentin,Na6Sr2Ca2SiO9,93.35,3.17,2.3663
dentin,Na6Sr3Ca2SiO10,91.52,3.386,2.3549
dentin,Na6Sr4Ca2SiO11,93.97,3.564,2.4618
dentin,Na6Sr5Ca2SiO12,90.8,3.496,2.3553
dentin,Na6Sr6Ca2SiO13,82.66,3.468,2.1106
dentin,Na2Sr2Ca4Si4O15,106.67,3.308,2.7852
dentin,Na2Sr4Ca4Si4O17,115.77,3.688,3.1272
dentin,Na2Sr6Ca4Si4O19,120.13,3.975,3.3115
dentin,Na2Sr8Ca4Si4O21,142.77,4.175,4.0165
dentin,Na2Sr10Ca4Si4O23,134.53,4.322,3.8031
dentin,Na2Sr12Ca4Si4O25,122.18,4.207,3.4177
dentin,Na2SrCa2(SiO4)2,102.72,3.228,2.6533
dentin,Na6Sr2Ca4Si4O17,101.62,3.176,2.6106
dentin,Na4SrCa2Si2O9,102.78,3.112,2.6323
dentin,Na10Sr2Ca4Si4O19,103.6,3.064,2.6468
dentin,Na6SrCa2(SiO5)2,99.58,3.052,2.5263
dentin,Na2Sr2Ca4Si6O19,97.25,3.217,2.4902
dentin,Na2Sr4Ca4(Si2O7)3,104.33,3.49,2.7521
dentin,Na2Sr6Ca4Si6O23,111.29,3.767,3.011
dentin,Na2Sr8Ca4Si6O25,118.78,3.977,3.2724
dentin,Na2Sr10Ca4(Si2O9)3,140.0,4.144,3.9292
dentin,Na2Sr12Ca4Si6O29,139.03,4.28,3.9272
dentin,Na2SrCa2Si3O10,100.09,3.17,2.5644
dentin,Na6Sr2Ca4(Si2O7)3,99.76,3.137,2.5483
dentin,Na4SrCa2Si3O11,96.39,3.13,2.4478
dentin,Na10Sr2Ca4Si6O23,97.87,3.108,2.4871
dentin,Na6SrCa2(SiO4)3,98.34,3.047,2.489
dentin,Na2Sr2Ca4Si8O23,103.58,3.216,2.6763
dentin,Na2Sr4Ca4Si8O25,106.96,3.384,2.8086
dentin,Na2Sr6Ca4Si8O27,112.66,3.582,3.015
dentin,Na2Sr8Ca4Si8O29,108.59,3.816,2.9413
dentin,Na2Sr10Ca4Si8O31,134.41,3.993,3.735
dentin,Na2Sr12Ca4Si8O33,140.76,4.129,3.9483
dentin,Na2SrCa2(SiO3)4,96.27,3.145,2.4474
dentin,Na6Sr2Ca4Si8O25,98.78,3.115,2.5154
dentin,Na4SrCa2Si4O13,99.24,3.086,2.523
dentin,Na10Sr2Ca4Si8O27,99.91,3.079,2.5413
dentin,Na6SrCa2(Si2O7)2,98.85,3.05,2.5047
dentin,Na2Sr2Ca4Si10O27,160.22,3.335,4.3648
dentin,Na2Sr4Ca4Si10O29,99.06,3.328,2.5654
dentin,Na2Sr6Ca4Si10O31,104.19,3.501,2.75
dentin,Na2Sr8Ca4Si10O33,114.58,3.642,3.0832
dentin,Na2Sr10Ca4(Si2O7)5,110.23,3.825,2.9911
dentin,Na2Sr12Ca4Si10O37,127.11,4.011,3.524
dentin,Na2SrCa2Si5O14,105.62,3.115,2.7164
dentin,Na6Sr2Ca4Si10O29,105.53,3.076,2.7059
dentin,Na4SrCa2(SiO3)5,107.37,3.066,2.7582
dentin,Na10Sr2Ca4Si10O31,103.87,3.031,2.6485
dentin,Na6SrCa2Si5O16,101.45,3.01,2.5732
dentin,Na2Sr2Ca4Si12O31,108.19,3.197,2.808
dentin,Na2Sr4Ca4(Si4O11)3,105.4,3.324,2.751
dentin,Na2Sr6Ca4Si12O35,102.74,3.438,2.6951
dentin,Na2Sr8Ca4Si12O37,111.45,3.587,2.9804
dentin,Na2Sr10Ca4(Si4O13)3,113.88,3.687,3.0715
dentin,Na2Sr12Ca4Si12O41,110.15,3.829,2.9897
dentin,Na2SrCa2(Si3O8)2,163.76,3.237,4.4496
dentin,Na6Sr2Ca4(Si4O11)3,108.33,3.086,2.7904
dentin,Na4SrCa2Si6O17,107.13,3.012,2.7408
dentin,Na10Sr2Ca4Si12O35,106.58,2.986,2.7195
dentin,Na6SrCa2(SiO3)6,103.72,2.981,2.6342
dentin,Na2Sr2Ca6Si2O13,121.28,3.478,3.2478
dentin,Na2Sr4Ca6Si2O15,126.13,3.762,3.4464
dentin,Na2Sr6Ca6Si2O17,116.06,3.951,3.1872
dentin,Na2Sr8Ca6Si2O19,94.98,3.773,2.5327
dentin,Na2Sr10Ca6Si2O21,91.28,3.861,2.441
dentin,Na2Sr12Ca6Si2O23,92.58,3.963,2.4994
dentin,Na2SrCa3SiO7,119.23,3.344,3.1614
dentin,Na2Sr2Ca3SiO8,118.56,3.588,3.1894
dentin,Na2Sr3Ca3SiO9,106.16,3.804,2.8673
dentin,Na2Sr4Ca3SiO10,96.5,3.761,2.5748
dentin,Na2Sr5Ca3SiO11,88.37,3.68,2.32
dentin,Na2Sr6Ca3SiO12,87.86,3.794,2.3276
dentin,Na6Sr2Ca6Si2O15,113.26,3.194,2.9565
dentin,Na6Sr4Ca6Si2O17,98.52,3.475,2.5781
dentin,Na6Sr6Ca6Si2O19,99.61,3.675,2.6494
dentin,Na6Sr8Ca6Si2O21,98.63,3.67,2.6197
dentin,Na6Sr10Ca6Si2O23,89.27,3.565,2.324
dentin,Na6Sr12Ca6Si2O25,93.56,3.686,2.4738
dentin,Na4SrCa3SiO8,106.23,3.116,2.7344
dentin,Na4Sr2Ca3SiO9,93.48,3.383,2.4121
dentin,Na4Sr3Ca3SiO10,94.85,3.53,2.4811
dentin,Na4Sr4Ca3SiO11,98.93,3.651,2.6247
dentin,Na4Sr5Ca3SiO12,83.63,3.506,2.1465
dentin,Na4Sr6Ca3SiO13,82.92,3.569,2.138
dentin,Na10Sr2Ca6Si2O17,104.62,3.043,2.6727
dentin,Na10Sr4Ca6Si2O19,92.77,3.282,2.3713
dentin,Na10Sr6Ca6Si2O21,92.82,3.425,2.4007
dentin,Na10Sr8Ca6Si2O23,97.64,3.584,2.5738
dentin,Na10Sr10Ca6Si2O25,83.63,3.426,2.1309
dentin,Na10Sr12Ca6Si2O27,79.58,3.486,2.0236
dentin,Na6SrCa3SiO9,96.12,2.98,2.4107
dentin,Na6Sr2Ca3SiO10,91.05,3.168,2.2984
dentin,Na6Sr3Ca3SiO11,94.2,3.359,2.4285
dentin,Na6Sr4Ca3SiO12,95.15,3.522,2.4884
dentin,Na6Sr5Ca3SiO13,94.97,3.554,2.4893
dentin,Na6Sr6Ca3SiO14,79.4,3.419,2.0051
dentin,Na2Sr2Ca6Si4O17,107.28,3.308,2.8031
dentin,Na2Sr4Ca6Si4O19,117.27,3.66,3.1659
dentin,Na2Sr6Ca6Si4O21,120.53,3.913,3.3113
dentin,Na2Sr8Ca6Si4O23,141.07,4.079,3.9477
dentin,Na2Sr10Ca6Si4O25,149.94,4.226,4.2373
dentin,Na2Sr12Ca6Si4O27,138.71,4.186,3.8992
dentin,Na2SrCa3Si2O9,105.52,3.257,2.7414
dentin,Na6Sr2Ca6Si4O19,101.06,3.166,2.5925
dentin,Na4SrCa3(SiO5)2,103.28,3.106,2.6458
dentin,Na10Sr2Ca6Si4O21,104.06,3.059,2.6596
dentin,Na6SrCa3Si2O11,103.07,3.047,2.6279
dentin,Na2Sr2Ca6(Si2O7)3,99.77,3.242,2.5693
dentin,Na2Sr4Ca6Si6O23,108.72,3.489,2.881
dentin,Na2Sr6Ca6Si6O25,113.56,3.722,3.0687
dentin,Na2Sr8Ca6(Si2O9)3,118.67,3.912,3.2563
dentin,Na2Sr10Ca6Si6O29,138.99,4.081,3.8869
dentin,Na2Sr12Ca6Si6O31,143.24,4.215,4.0382
dentin,Na2SrCa3Si3O11,103.48,3.197,2.6696
dentin,Na6Sr2Ca6Si6O23,102.58,3.138,2.6317
dentin,Na4SrCa3(SiO4)3,101.15,3.095,2.5811
dentin,Na10Sr2Ca6Si6O25,102.21,3.096,2.6125
dentin,Na6SrCa3Si3O13,101.27,3.053,2.5764
dentin,Na2Sr2Ca6Si8O25,97.81,3.15,2.4934
dentin,Na2Sr4Ca6Si8O27,104.63,3.385,2.7401
dentin,Na2Sr6Ca6Si8O29,109.44,3.59,2.9221
dentin,Na2Sr8Ca6Si8O31,111.29,3.789,3.0152
dentin,Na2Sr10Ca6Si8O33,119.15,3.941,3.2762
dentin,Na2Sr12Ca6Si8O35,140.99,4.072,3.9441
dentin,Na2SrCa3Si4O13,97.41,3.115,2.4749
dentin,Na6Sr2Ca6Si8O27,97.67,3.133,2.4862
dentin,Na4SrCa3(Si2O7)2,99.29,3.104,2.5281
dentin,Na10Sr2Ca6Si8O29,96.32,3.086,2.4374
dentin,Na6SrCa3Si4O15,96.35,3.068,2.4345
dentin,Na2Sr2Ca6Si10O29,105.75,3.194,2.7358
dentin,Na2Sr4Ca6Si10O31,98.09,3.289,2.5291
dentin,Na2Sr6Ca6Si10O33,104.49,3.475,2.7539
dentin,Na2Sr8Ca6(Si2O7)5,111.39,3.635,2.988
dentin,Na2Sr10Ca6Si10O37,106.72,3.822,2.8873
dentin,Na2Sr12Ca6Si10O39,118.03,3.973,3.2497
dentin,Na2SrCa3(SiO3)5,101.52,3.123,2.5974
dentin,Na6Sr2Ca6Si10O31,103.06,3.099,2.638
dentin,Na4SrCa3Si5O16,101.65,3.07,2.5909
dentin,Na10Sr2Ca6Si10O33,101.0,3.06,2.5696
dentin,Na6SrCa3Si5O17,100.1,3.043,2.5399
dentin,Na2Sr2Ca6(Si4O11)3,159.33,3.316,4.3349
dentin,Na2Sr4Ca6Si12O35,107.47,3.347,2.8163
dentin,Na2Sr6Ca6Si12O37,104.4,3.415,2.7395
dentin,Na2Sr8Ca6(Si4O13)3,111.03,3.527,2.9562
dentin,Na2Sr10Ca6Si12O41,111.22,3.671,2.99
dentin,Na2Sr12Ca6Si12O43,110.8,3.819,3.0068
dentin,Na2SrCa3Si6O17,105.74,3.125,2.7218
dentin,Na6Sr2Ca6Si12O35,104.48,3.063,2.6728
dentin,Na4SrCa3(SiO3)6,106.13,3.045,2.7177
dentin,Na10Sr2Ca6Si12O37,105.28,3.038,2.6912
dentin,Na6SrCa3Si6O19,104.2,3.015,2.6552
dentin,Na2Sr2Ca8Si2O15,120.43,3.445,3.2166
dentin,Na2Sr4Ca8Si2O17,130.55,3.693,3.5628
dentin,Na2Sr6Ca8Si2O19,106.23,3.855,2.8795
dentin,Na2Sr8Ca8Si2O21,99.72,3.797,2.6768
dentin,Na2Sr10Ca8Si2O23,92.28,3.773,2.4531
dentin,Na2Sr12Ca8Si2O25,90.69,3.839,2.4193
dentin,Na2SrCa4SiO8,119.54,3.312,3.1644
dentin,Na2Sr2Ca4SiO9,105.69,3.539,2.8016
dentin,Na2Sr3Ca4SiO10,106.16,3.735,2.8537
dentin,Na2Sr4Ca4SiO11,98.63,3.77,2.6393
dentin,Na2Sr5Ca4SiO12,89.52,3.613,2.3406
dentin,Na2Sr6Ca4SiO13,92.57,3.712,2.4499
dentin,Na6Sr2Ca8Si2O17,106.0,3.187,2.7418
dentin,Na6Sr4Ca8Si2O19,97.42,3.44,2.5391
dentin,Na6Sr6Ca8Si2O21,102.39,3.613,2.7191
dentin,Na6Sr8Ca8Si2O23,99.63,3.697,2.6545
dentin,Na6Sr10Ca8Si2O25,87.9,3.554,2.2814
dentin,Na6Sr12Ca8Si2O27,93.56,3.624,2.4616
dentin,Na4SrCa4SiO9,106.84,3.12,2.7531
dentin,Na4Sr2Ca4SiO10,94.94,3.361,2.4507
dentin,Na4Sr3Ca4SiO11,95.71,3.51,2.5024
dentin,Na4Sr4Ca4SiO12,98.93,3.615,2.6176
dentin,Na4Sr5Ca4SiO13,89.34,3.454,2.3044
dentin,Na4Sr6Ca4SiO14,81.2,3.516,2.0771
dentin,Na10Sr2Ca8Si2O19,106.12,3.059,2.7201
dentin,Na10Sr4Ca8Si2O21,93.27,3.27,2.3835
dentin,Na10Sr6Ca8Si2O23,92.82,3.396,2.3952
dentin,Na10Sr8Ca8Si2O25,95.37,3.549,2.5001
dentin,Na10Sr10Ca8Si2O27,94.82,3.573,2.4887
dentin,Na10Sr12Ca8Si2O29,79.4,3.443,2.0097
dentin,Na6SrCa4SiO10,90.55,2.986,2.2479
dentin,Na6Sr2Ca4SiO11,91.95,3.155,2.3225
dentin,Na6Sr3Ca4SiO12,94.96,3.339,2.4467
dentin,Na6Sr4Ca4SiO13,93.09,3.49,2.4213
dentin,Na6Sr5Ca4SiO14,92.31,3.509,2.4025
dentin,Na6Sr6Ca4SiO15,86.23,3.423,2.2068
dentin,Na2Sr2Ca8Si4O19,107.41,3.323,2.8097
dentin,Na2Sr4Ca8Si4O21,117.14,3.624,3.1549
dentin,Na2Sr6Ca8Si4O23,118.3,3.84,3.2313
dentin,Na2Sr8Ca8Si4O25,129.95,3.977,3.6009
dentin,Na2Sr10Ca8Si4O27,155.65,4.132,4.3869
dentin,Na2Sr12Ca8Si4O29,138.86,4.176,3.9019
dentin,Na2SrCa4(SiO5)2,104.55,3.254,2.7122
dentin,Na6Sr2Ca8Si4O21,101.94,3.175,2.6199
dentin,Na4SrCa4Si2O11,102.94,3.119,2.6382
dentin,Na10Sr2Ca8Si4O23,101.7,3.061,2.5904
dentin,Na6SrCa4(SiO6)2,101.1,3.01,2.5631
dentin,Na2Sr2Ca8Si6O23,102.32,3.246,2.6451
dentin,Na2Sr4Ca8Si6O25,109.79,3.473,2.9091
dentin,Na2Sr6Ca8(Si2O9)3,116.09,3.68,3.1349
dentin,Na2Sr8Ca8Si6O29,124.59,3.874,3.4231
dentin,Na2Sr10Ca8Si6O31,144.28,4.05,4.0364
dentin,Na2Sr12Ca8(Si2O11)3,145.12,4.159,4.0826
dentin,Na2SrCa4(SiO4)3,103.82,3.168,2.6739
dentin,Na6Sr2Ca8Si6O25,103.38,3.128,2.6531
dentin,Na4SrCa4Si3O13,101.78,3.1,2.6004
dentin,Na10Sr2Ca8(Si2O9)3,100.23,3.091,2.553
dentin,Na6SrCa4Si3O14,102.25,3.062,2.6066
dentin,Na2Sr2Ca8Si8O27,96.71,3.165,2.4644
dentin,Na2Sr4Ca8Si8O29,103.11,3.368,2.6924
dentin,Na2Sr6Ca8Si8O31,110.21,3.586,2.9437
dentin,Na2Sr8Ca8Si8O33,112.44,3.745,3.0405
dentin,Na2Sr10Ca8Si8O35,120.45,3.896,3.3054
dentin,Na2Sr12Ca8Si8O37,136.48,4.023,3.8017
dentin,Na2SrCa4(Si2O7)2,98.08,3.146,2.5007
dentin,Na6Sr2Ca8Si8O29,98.63,3.126,2.513
dentin,Na4SrCa4Si4O15,97.48,3.115,2.4771
dentin,Na10Sr2Ca8Si8O31,97.44,3.09,2.4711
dentin,Na6SrCa4(SiO4)4,96.35,3.092,2.4393
dentin,Na2Sr2Ca8Si10O31,96.61,3.168,2.4619
dentin,Na2Sr4Ca8Si10O33,102.28,3.305,2.6555
dentin,Na2Sr6Ca8(Si2O7)5,105.98,3.443,2.7914
dentin,Na2Sr8Ca8Si10O37,106.08,3.645,2.8339
dentin,Na2Sr10Ca8Si10O39,110.78,3.799,3.0022
dentin,Na2Sr12Ca8Si10O41,117.17,3.922,3.2141
dentin,Na2SrCa4Si5O16,95.69,3.113,2.4241
dentin,Na6Sr2Ca8Si10O33,95.22,3.09,2.4057
dentin,Na4SrCa4Si5O17,97.29,3.079,2.4642
dentin,Na10Sr2Ca8(Si2O7)5,99.29,3.069,2.5212
dentin,Na6SrCa4Si5O18,95.58,3.049,2.4082
dentin,Na2Sr2Ca8Si12O35,108.42,3.194,2.8143
dentin,Na2Sr4Ca8Si12O37,96.62,3.239,2.4762
dentin,Na2Sr6Ca8(Si4O13)3,106.28,3.402,2.7921
dentin,Na2Sr8Ca8Si12O41,106.76,3.507,2.8266
dentin,Na2Sr10Ca8Si12O43,110.06,3.671,2.9559
dentin,Na2Sr12Ca8(Si4O15)3,106.71,3.82,2.8866
dentin,Na2SrCa4(SiO3)6,101.61,3.112,2.598
dentin,Na6Sr2Ca8Si12O37,101.75,3.086,2.5971
dentin,Na4SrCa4Si6O19,102.91,3.063,2.6266
dentin,Na10Sr2Ca8(Si4O13)3,100.72,3.047,2.5589
dentin,Na6SrCa4(Si3O10)2,102.02,3.032,2.5942
dentin,Na2Sr2Ca10Si2O17,120.0,3.42,3.1988
dentin,Na2Sr4Ca10Si2O19,108.88,3.606,2.9085
dentin,Na2Sr6Ca10Si2O21,107.41,3.788,2.9011
dentin,Na2Sr8Ca10Si2O23,101.84,3.831,2.7458
dentin,Na2Sr10Ca10Si2O25,91.07,3.691,2.4016
dentin,Na2Sr12Ca10Si2O27,90.69,3.756,2.4031
dentin,Na2SrCa5SiO9,120.01,3.286,3.173
dentin,Na2Sr2Ca5SiO10,100.14,3.499,2.6307
dentin,Na2Sr3Ca5SiO11,106.16,3.671,2.8412
dentin,Na2Sr4Ca5SiO12,102.01,3.765,2.7379
dentin,Na2Sr5Ca5SiO13,93.18,3.596,2.4449
dentin,Na2Sr6Ca5SiO14,95.61,3.651,2.5273
dentin,Na6Sr2Ca10Si2O19,106.33,3.182,2.7505
dentin,Na6Sr4Ca10Si2O21,98.08,3.411,2.5529
dentin,Na6Sr6Ca10Si2O23,101.03,3.571,2.6709
dentin,Na6Sr8Ca10Si2O25,103.06,3.681,2.7521
dentin,Na6Sr10Ca10Si2O27,85.18,3.506,2.1923
dentin,Na6Sr12Ca10Si2O29,92.02,3.569,2.4055
dentin,Na4SrCa5SiO10,107.23,3.122,2.7649
dentin,Na4Sr2Ca5SiO11,93.46,3.341,2.4033
dentin,Na4Sr3Ca5SiO12,96.1,3.485,2.5092
dentin,Na4Sr4Ca5SiO13,101.19,3.577,2.6767
dentin,Na4Sr5Ca5SiO14,96.27,3.572,2.5312
dentin,Na4Sr6Ca5SiO15,80.67,3.467,2.0517
dentin,Na10Sr2Ca10Si2O21,97.49,3.067,2.4678
dentin,Na10Sr4Ca10Si2O23,93.61,3.261,2.3919
dentin,Na10Sr6Ca10Si2O25,92.68,3.373,2.3864
dentin,Na10Sr8Ca10Si2O27,92.56,3.509,2.4097
dentin,Na10Sr10Ca10Si2O29,94.6,3.54,2.4757
dentin,Na10Sr12Ca10Si2O31,86.23,3.445,2.2111
dentin,Na6SrCa5SiO11,93.5,3.003,2.3382
dentin,Na6Sr2Ca5SiO12,91.47,3.149,2.3071
dentin,Na6Sr3Ca5SiO13,93.22,3.317,2.3912
dentin,Na6Sr4Ca5SiO14,93.14,3.458,2.4169
dentin,Na6Sr5Ca5SiO15,96.74,3.525,2.5357
dentin,Na6Sr6Ca5SiO16,86.23,3.397,2.2016
dentin,Na2Sr2Ca10Si4O21,102.77,3.336,2.676
dentin,Na2Sr4Ca10Si4O23,115.68,3.581,3.1038
dentin,Na2Sr6Ca10Si4O25,129.02,3.792,3.537
dentin,Na2Sr8Ca10Si4O27,130.38,3.914,3.6011
dentin,Na2Sr10Ca10Si4O29,149.63,4.031,4.1898
dentin,Na2Sr12Ca10Si4O31,138.86,4.106,3.8881
dentin,Na2SrCa5Si2O11,106.23,3.248,2.7605
dentin,Na6Sr2Ca10Si4O23,102.01,3.183,2.6236
dentin,Na4SrCa5(SiO6)2,103.02,3.116,2.6401
dentin,Na10Sr2Ca10Si4O25,110.19,3.078,2.8434
dentin,Na6SrCa5Si2O13,110.44,3.02,2.8396
dentin,Na2Sr2Ca10Si6O25,104.4,3.209,2.6991
dentin,Na2Sr4Ca10(Si2O9)3,106.76,3.45,2.8155
dentin,Na2Sr6Ca10Si6O29,119.83,3.661,3.2413
dentin,Na2Sr8Ca10Si6O31,117.05,3.846,3.1958
dentin,Na2Sr10Ca10(Si2O11)3,140.6,3.997,3.9179
dentin,Na2Sr12Ca10Si6O35,144.73,4.103,4.0602
dentin,Na2SrCa5Si3O13,104.73,3.167,2.7005
dentin,Na6Sr2Ca10(Si2O9)3,103.41,3.145,2.6571
dentin,Na4SrCa5Si3O14,99.54,3.092,2.5331
dentin,Na10Sr2Ca10Si6O29,101.25,3.05,2.5751
dentin,Na6SrCa5(SiO5)3,103.46,3.063,2.6425
dentin,Na2Sr2Ca10Si8O29,97.92,3.199,2.5065
dentin,Na2Sr4Ca10Si8O31,107.34,3.367,2.8164
dentin,Na2Sr6Ca10Si8O33,109.18,3.559,2.9081
dentin,Na2Sr8Ca10Si8O35,113.56,3.718,3.068
dentin,Na2Sr10Ca10Si8O37,115.54,3.853,3.1527
dentin,Na2Sr12Ca10Si8O39,121.32,3.987,3.3489
dentin,Na2SrCa5Si4O15,103.86,3.155,2.6723
dentin,Na6Sr2Ca10Si8O31,103.47,3.117,2.6536
dentin,Na4SrCa5(SiO4)4,102.77,3.094,2.6285
dentin,Na10Sr2Ca10Si8O33,101.1,3.098,2.58
dentin,Na6SrCa5Si4O17,100.62,3.066,2.5599
dentin,Na2Sr2Ca10Si10O33,94.95,3.105,2.4007
dentin,Na2Sr4Ca10(Si2O7)5,101.94,3.3,2.6446
dentin,Na2Sr6Ca10Si10O37,103.11,3.466,2.7115
dentin,Na2Sr8Ca10Si10O39,109.71,3.637,2.939
dentin,Na2Sr10Ca10Si10O41,111.5,3.762,3.016
dentin,Na2Sr12Ca10Si10O43,120.45,3.883,3.3029
dentin,Na2SrCa5Si5O17,96.01,3.1,2.431
dentin,Na6Sr2Ca10(Si2O7)5,98.43,3.124,2.5069
dentin,Na4SrCa5Si5O18,99.09,3.108,2.5231
dentin,Na10Sr2Ca10Si10O37,97.94,3.086,2.4848
dentin,Na6SrCa5Si5O19,97.22,3.069,2.4603
dentin,Na2Sr2Ca10Si12O37,96.09,3.142,2.4414
dentin,Na2Sr4Ca10(Si4O13)3,101.3,3.235,2.6127
dentin,Na2Sr6Ca10Si12O41,104.78,3.377,2.7429
dentin,Na2Sr8Ca10Si12O43,109.55,3.52,2.9112
dentin,Na2Sr10Ca10(Si4O15)3,105.2,3.677,2.8141
dentin,Na2Sr12Ca10Si12O47,110.78,3.805,3.0033
dentin,Na2SrCa5Si6O19,95.6,3.112,2.4211
dentin,Na6Sr2Ca10(Si4O13)3,97.28,3.075,2.4634
dentin,Na4SrCa5(Si3O10)2,98.32,3.048,2.4886
dentin,Na10Sr2Ca10Si12O41,98.11,3.055,2.4837
dentin,Na6SrCa5(Si2O7)3,99.29,3.037,2.515
dentin,Na2Sr2Ca12Si2O19,124.61,3.382,3.327
dentin,Na2Sr4Ca12Si2O21,104.56,3.551,2.7709
dentin,Na2Sr6Ca12Si2O23,107.41,3.733,2.8902
dentin,Na2Sr8Ca12Si2O25,106.38,3.781,2.8695
dentin,Na2Sr10Ca12Si2O27,93.9,3.66,2.4787
dentin,Na2Sr12Ca12Si2O29,90.69,3.689,2.39
dentin,Na2SrCa6SiO10,120.01,3.271,3.1701
dentin,Na2Sr2Ca6SiO11,103.56,3.469,2.7253
dentin,Na2Sr3Ca6SiO12,109.49,3.627,2.9307
dentin,Na2Sr4Ca6SiO13,106.83,3.752,2.8768
dentin,Na2Sr5Ca6SiO14,95.24,3.569,2.5002
dentin,Na2Sr6Ca6SiO15,95.61,3.601,2.5175
dentin,Na6Sr2Ca12Si2O21,108.31,3.185,2.8092
dentin,Na6Sr4Ca12Si2O23,99.09,3.393,2.5788
dentin,Na6Sr6Ca12Si2O25,102.57,3.526,2.7075
dentin,Na6Sr8Ca12Si2O27,103.06,3.641,2.7442
dentin,Na6Sr10Ca12Si2O29,96.96,3.562,2.5495
dentin,Na6Sr12Ca12Si2O31,92.54,3.52,2.4113
dentin,Na4SrCa6SiO11,96.27,3.121,2.4426
dentin,Na4Sr2Ca6SiO12,92.65,3.312,2.3738
dentin,Na4Sr3Ca6SiO13,99.77,3.461,2.6122
dentin,Na4Sr4Ca6SiO14,98.53,3.54,2.5912
dentin,Na4Sr5Ca6SiO15,99.07,3.567,2.6123
dentin,Na4Sr6Ca6SiO16,89.69,3.475,2.3186
dentin,Na10Sr2Ca12Si2O23,95.02,3.07,2.3958
dentin,Na10Sr4Ca12Si2O25,93.46,3.258,2.387
dentin,Na10Sr6Ca12Si2O27,92.68,3.343,2.3805
dentin,Na10Sr8Ca12Si2O29,92.73,3.483,2.4094
dentin,Na10Sr10Ca12Si2O31,94.6,3.52,2.4718
dentin,Na10Sr12Ca12Si2O33,89.46,3.418,2.3007
dentin,Na6SrCa6SiO12,94.56,3.01,2.3707
dentin,Na6Sr2Ca6SiO13,91.47,3.147,2.3067
dentin,Na6Sr3Ca6SiO14,92.6,3.295,2.3689
dentin,Na6Sr4Ca6SiO15,93.14,3.438,2.413
dentin,Na6Sr5Ca6SiO16,94.93,3.542,2.4857
dentin,Na6Sr6Ca6SiO17,89.6,3.461,2.3133
dentin,Na2Sr2Ca12Si4O23,102.99,3.317,2.6785
dentin,Na2Sr4Ca12Si4O25,124.6,3.556,3.361
dentin,Na2Sr6Ca12Si4O27,127.65,3.725,3.4838
dentin,Na2Sr8Ca12Si4O29,131.7,3.874,3.6321
dentin,Na2Sr10Ca12Si4O31,129.36,3.968,3.5815
dentin,Na2Sr12Ca12Si4O33,137.03,4.051,3.8235
dentin,Na2SrCa6(SiO6)2,104.45,3.246,2.7077
dentin,Na6Sr2Ca12Si4O25,116.54,3.201,3.0543
dentin,Na4SrCa6Si2O13,112.92,3.134,2.9347
dentin,Na10Sr2Ca12Si4O27,111.32,3.095,2.8798
dentin,Na6SrCa6(SiO7)2,111.46,3.037,2.8728
dentin,Na2Sr2Ca12(Si2O9)3,107.06,3.205,2.7764
dentin,Na2Sr4Ca12Si6O29,107.53,3.447,2.8378
dentin,Na2Sr6Ca12Si6O31,119.91,3.65,3.2413
dentin,Na2Sr8Ca12(Si2O11)3,117.97,3.815,3.2168
dentin,Na2Sr10Ca12Si6O35,120.9,3.955,3.3306
dentin,Na2Sr12Ca12Si6O37,148.25,4.018,4.1467
dentin,Na2SrCa6Si3O14,104.29,3.183,2.6907
dentin,Na6Sr2Ca12Si6O29,102.97,3.15,2.6454
dentin,Na4SrCa6(SiO5)3,100.22,3.101,2.5549
dentin,Na10Sr2Ca12Si6O31,101.11,3.061,2.5732
dentin,Na6SrCa6Si3O16,103.46,3.068,2.6435
dentin,Na2Sr2Ca12Si8O31,101.23,3.201,2.604
dentin,Na2Sr4Ca12Si8O33,108.15,3.36,2.8388
dentin,Na2Sr6Ca12Si8O35,107.51,3.536,2.8545
dentin,Na2Sr8Ca12Si8O37,116.09,3.685,3.1359
dentin,Na2Sr10Ca12Si8O39,120.05,3.827,3.2805
dentin,Na2Sr12Ca12Si8O41,121.35,3.959,3.3444
dentin,Na2SrCa6(SiO4)4,104.64,3.152,2.6949
dentin,Na6Sr2Ca12Si8O33,103.4,3.102,2.6485
dentin,Na4SrCa6Si4O17,103.43,3.083,2.6457
dentin,Na10Sr2Ca12Si8O35,102.26,3.095,2.6137
dentin,Na6SrCa6(Si2O9)2,99.28,3.072,2.5214
dentin,Na2Sr2Ca12(Si2O7)5,99.8,3.139,2.5499
dentin,Na2Sr4Ca12Si10O37,100.31,3.318,2.5999
dentin,Na2Sr6Ca12Si10O39,106.94,3.471,2.8249
dentin,Na2Sr8Ca12Si10O41,108.78,3.608,2.9061
dentin,Na2Sr10Ca12Si10O43,113.56,3.734,3.0711
dentin,Na2Sr12Ca12(Si2O9)5,117.4,3.844,3.2058
dentin,Na2SrCa6Si5O18,100.27,3.125,2.5611
dentin,Na6Sr2Ca12Si10O37,102.31,3.114,2.6187
dentin,Na4SrCa6Si5O19,102.78,3.105,2.6308
dentin,Na10Sr2Ca12Si10O39,101.9,3.083,2.6006
dentin,Na6SrCa6(SiO4)5,100.62,3.078,2.5622
dentin,Na2Sr2Ca12(Si4O13)3,96.36,3.106,2.4424
dentin,Na2Sr4Ca12Si12O41,102.19,3.25,2.6418
dentin,Na2Sr6Ca12Si12O43,104.09,3.401,2.7273
dentin,Na2Sr8Ca12(Si4O15)3,105.68,3.529,2.7994
dentin,Na2Sr10Ca12Si12O47,109.71,3.667,2.945
dentin,Na2Sr12Ca12Si12O49,110.57,3.773,2.9908
dentin,Na2SrCa6(Si3O10)2,96.27,3.059,2.4307
dentin,Na6Sr2Ca12Si12O41,95.16,3.088,2.4035
dentin,Na4SrCa6(Si2O7)3,97.49,3.086,2.4718
dentin,Na10Sr2Ca12Si12O43,99.09,3.071,2.5157
dentin,Na6SrCa6(Si3O11)2,97.94,3.065,2.4807
dentin,KNaCaSiO4,108.49,2.958,2.7698
dentin,K4Na2Ca2Si2O9,67.31,2.505,1.4705
dentin,K3NaCaSiO5,73.93,2.537,1.6712
dentin,K8Na2Ca2Si2O11,68.75,2.588,1.529
dentin,K5NaCaSiO6,57.74,2.489,1.1859
dentin,K12Na2Ca2Si2O13,52.88,2.393,1.024
dentin,K2Na4Ca2Si2O9,91.58,2.819,2.2454
dentin,K2Na2CaSiO5,73.24,2.448,1.6337
dentin,K6Na4Ca2Si2O11,67.43,2.481,1.4692
dentin,K4Na2CaSiO6,68.5,2.52,1.5082
dentin,K10Na4Ca2Si2O13,54.88,2.449,1.094
dentin,K6Na2CaSiO7,52.88,2.38,1.0215
dentin,KNa3CaSiO5,93.57,2.759,2.2921
dentin,K4Na6Ca2Si2O11,67.7,2.415,1.4642
dentin,K3Na3CaSiO6,67.68,2.451,1.4706
dentin,K8Na6Ca2Si2O13,68.68,2.462,1.5022
dentin,K5Na3CaSiO7,65.03,2.418,1.3864
dentin,K12Na6Ca2Si2O15,51.47,2.355,0.9752
dentin,K2Na8Ca2Si2O11,88.96,2.659,2.1371
dentin,K2Na4CaSiO6,67.24,2.369,1.4416
dentin,K6Na8Ca2Si2O13,66.16,2.421,1.4199
dentin,K4Na4CaSiO7,66.61,2.423,1.4336
dentin,K10Na8Ca2Si2O15,63.32,2.378,1.3282
dentin,K6Na4CaSiO8,48.81,2.363,0.8988
dentin,KNa5CaSiO6,79.26,2.595,1.8395
dentin,K4Na10Ca2Si2O13,67.31,2.338,1.4377
dentin,K3Na5CaSiO7,64.42,2.391,1.3629
dentin,K8Na10Ca2Si2O15,66.35,2.416,1.4247
dentin,K5Na5CaSiO8,60.47,2.342,1.2373
dentin,K12Na10Ca2Si2O17,48.81,2.331,0.8925
dentin,K2Na12Ca2Si2O13,77.7,2.58,1.7905
dentin,K2Na6CaSiO7,62.23,2.303,1.2814
dentin,K6Na12Ca2Si2O15,65.55,2.363,1.3908
dentin,K4Na6CaSiO8,60.44,2.397,1.2471
dentin,K10Na12Ca2Si2O17,58.68,2.318,1.18
dentin,K6Na6CaSiO9,47.37,2.305,0.845
dentin,KNaCa(SiO3)2,94.79,2.95,2.3657
dentin,K4Na2Ca2Si4O13,74.47,2.697,1.7185
dentin,K3NaCaSi2O7,67.55,2.511,1.4787
dentin,K8Na2Ca2Si4O15,70.44,2.529,1.567
dentin,K5NaCa(SiO4)2,73.03,2.525,1.6424
dentin,K12Na2Ca2Si4O17,72.73,2.537,1.6361
dentin,K2Na4Ca2Si4O13,93.24,2.889,2.3079
dentin,K2Na2CaSi2O7,89.72,2.771,2.1812
dentin,K6Na4Ca2Si4O15,77.41,2.508,1.7679
dentin,K4Na2Ca(SiO4)2,67.74,2.467,1.4755
dentin,K10Na4Ca2Si4O17,72.64,2.463,1.6189
dentin,K6Na2CaSi2O9,65.43,2.507,1.4155
dentin,KNa3CaSi2O7,93.57,2.86,2.3121
dentin,K4Na6Ca2Si4O15,98.35,2.897,2.4598
dentin,K3Na3Ca(SiO4)2,72.83,2.481,1.6281
dentin,K8Na6Ca2Si4O17,69.08,2.41,1.504
dentin,K5Na3CaSi2O9,65.86,2.457,1.4182
dentin,K12Na6Ca2Si4O19,67.37,2.486,1.4683
dentin,K2Na8Ca2Si4O15,95.77,2.801,2.3652
dentin,K2Na4Ca(SiO4)2,95.2,2.81,2.3502
dentin,K6Na8Ca2Si4O17,69.75,2.424,1.5263
dentin,K4Na4CaSi2O9,62.52,2.41,1.3109
dentin,K10Na8Ca2Si4O19,64.44,2.427,1.3708
dentin,K6Na4Ca(SiO5)2,67.61,2.457,1.4695
dentin,KNa5Ca(SiO4)2,92.8,2.755,2.2686
dentin,K4Na10Ca2Si4O17,92.44,2.759,2.259
dentin,K3Na5CaSi2O9,63.38,2.361,1.3265
dentin,K8Na10Ca2Si4O19,61.82,2.391,1.2865
dentin,K5Na5Ca(SiO5)2,64.61,2.433,1.3771
dentin,K12Na10Ca2Si4O21,60.97,2.42,1.2672
dentin,K2Na12Ca2Si4O17,91.56,2.706,2.2225
dentin,K2Na6CaSi2O9,82.37,2.707,1.9529
dentin,K6Na12Ca2Si4O19,63.74,2.321,1.3293
dentin,K4Na6Ca(SiO5)2,65.64,2.379,1.3966
dentin,K10Na12Ca2Si4O21,58.68,2.408,1.1977
dentin,K6Na6CaSi2O11,59.54,2.41,1.2233
dentin,KNaCaSi3O8,112.95,2.943,2.8981
dentin,K4Na2Ca2Si6O17,106.28,2.987,2.7106
dentin,K3NaCa(SiO3)3,67.24,2.564,1.48
dentin,K8Na2Ca2Si6O19,65.1,2.523,1.4088
dentin,K5NaCaSi3O10,70.35,2.526,1.5638
dentin,K12Na2Ca2(Si2O7)3,68.96,2.517,1.5213
dentin,K2Na4Ca2Si6O17,103.11,2.863,2.5932
dentin,K2Na2Ca(SiO3)3,89.41,2.938,2.2052
dentin,K6Na4Ca2Si6O19,74.14,2.688,1.7071
dentin,K4Na2CaSi3O10,73.21,2.505,1.6438
dentin,K10Na4Ca2(Si2O7)3,75.69,2.491,1.7142
dentin,K6Na2CaSi3O11,71.23,2.509,1.5863
dentin,KNa3Ca(SiO3)3,87.37,2.834,2.1246
dentin,K4Na6Ca2Si6O19,94.84,2.906,2.3585
dentin,K3Na3CaSi3O10,87.41,2.762,2.1116
dentin,K8Na6Ca2(Si2O7)3,78.37,2.505,1.7955
dentin,K5Na3CaSi3O11,76.21,2.465,1.7242
dentin,K12Na6Ca2Si6O23,67.15,2.451,1.4551
dentin,K2Na8Ca2Si6O19,89.79,2.815,2.1922
dentin,K2Na4CaSi3O10,91.98,2.879,2.269
dentin,K6Na8Ca2(Si2O7)3,98.34,2.84,2.4483
dentin,K4Na4CaSi3O11,77.41,2.464,1.7592
dentin,K10Na8Ca2Si6O23,70.75,2.501,1.5706
dentin,K6Na4Ca(SiO4)3,68.94,2.405,1.4987
dentin,KNa5CaSi3O10,89.42,2.809,2.1799
dentin,K4Na10Ca2(Si2O7)3,95.46,2.833,2.3622
dentin,K3Na5CaSi3O11,98.71,2.871,2.4655
dentin,K8Na10Ca2Si6O23,67.7,2.422,1.4654
dentin,K5Na5Ca(SiO4)3,73.49,2.447,1.6408
dentin,K12Na10Ca2Si6O25,62.47,2.393,1.3062
dentin,K2Na12Ca2(Si2O7)3,90.68,2.772,2.21
dentin,K2Na6CaSi3O11,94.32,2.793,2.3208
dentin,K6Na12Ca2Si6O23,95.2,2.802,2.3488
dentin,K4Na6Ca(SiO4)3,65.89,2.377,1.4035
dentin,K10Na12Ca2Si6O25,63.14,2.372,1.3218
dentin,K6Na6CaSi3O13,63.02,2.396,1.3227
dentin,KNaCa(Si2O5)2,109.67,2.845,2.7825
dentin,K4Na2Ca2Si8O21,108.63,2.958,2.774
dentin,K3NaCaSi4O11,97.62,2.988,2.4561
dentin,K8Na2Ca2Si8O23,69.92,2.527,1.5514
dentin,K5NaCa(SiO3)4,61.72,2.507,1.3064
dentin,K12Na2Ca2Si8O25,65.53,2.515,1.4198
dentin,K2Na4Ca2Si8O21,105.94,2.862,2.676
dentin,K2Na2CaSi4O11,103.25,2.91,2.6064
dentin,K6Na4Ca2Si8O23,101.68,2.961,2.5705
dentin,K4Na2Ca(SiO3)4,67.33,2.564,1.4828
dentin,K10Na4Ca2Si8O25,68.41,2.501,1.5018
dentin,K6Na2CaSi4O13,67.4,2.491,1.4703
dentin,KNa3CaSi4O11,106.17,2.821,2.6749
dentin,K4Na6Ca2Si8O23,97.16,2.895,2.4244
dentin,K3Na3Ca(SiO3)4,88.05,2.927,2.1628
dentin,K8Na6Ca2Si8O25,76.64,2.677,1.7783
dentin,K5Na3CaSi4O13,71.71,2.533,1.6052
dentin,K12Na6Ca2Si8O27,75.52,2.459,1.7026
dentin,K2Na8Ca2Si8O23,98.35,2.797,2.4403
dentin,K2Na4Ca(SiO3)4,85.87,2.865,2.0867
dentin,K6Na8Ca2Si8O25,95.21,2.914,2.3709
dentin,K4Na4CaSi4O13,86.61,2.76,2.0877
dentin,K10Na8Ca2Si8O27,77.65,2.507,1.7748
dentin,K6Na4Ca(Si2O7)2,75.49,2.465,1.7031
dentin,KNa5Ca(SiO3)4,85.7,2.778,2.0647
dentin,K4Na10Ca2Si8O25,91.97,2.854,2.2638
dentin,K3Na5CaSi4O13,91.82,2.891,2.2668
dentin,K8Na10Ca2Si8O27,94.49,2.801,2.3275
dentin,K5Na5Ca(Si2O7)2,76.7,2.447,1.7351
dentin,K12Na10Ca2Si8O29,75.9,2.477,1.7175
dentin,K2Na12Ca2Si8O25,91.18,2.764,2.223
dentin,K2Na6CaSi4O13,92.94,2.836,2.2889
dentin,K6Na12Ca2Si8O27,94.06,2.849,2.3245
dentin,K4Na6Ca(Si2O7)2,98.22,2.846,2.4461
dentin,K10Na12Ca2Si8O29,69.05,2.412,1.5034
dentin,K6Na6CaSi4O15,75.28,2.456,1.6953
dentin,KNaCaSi5O12,104.11,2.77,2.6043
dentin,K4Na2Ca2(Si2O5)5,114.62,2.926,2.9439
dentin,K3NaCaSi5O13,114.55,2.996,2.9555
dentin,K8Na2Ca2Si10O27,103.44,3.016,2.633
dentin,K5NaCaSi5O14,69.97,2.524,1.5522
dentin,K12Na2Ca2Si10O29,66.89,2.502,1.4573
dentin,K2Na4Ca2(Si2O5)5,106.7,2.775,2.6814
dentin,K2Na2CaSi5O13,109.46,2.898,2.7868
dentin,K6Na4Ca2Si10O27,109.31,2.952,2.7927
dentin,K4Na2CaSi5O14,99.12,2.967,2.4964
dentin,K10Na4Ca2Si10O29,73.69,2.554,1.6674
dentin,K6Na2Ca(SiO3)5,61.72,2.492,1.3035
dentin,KNa3CaSi5O13,98.07,2.761,2.4249
dentin,K4Na6Ca2Si10O27,106.8,2.855,2.7
dentin,K3Na3CaSi5O14,102.33,2.926,2.5826
dentin,K8Na6Ca2Si10O29,93.61,2.949,2.3308
dentin,K5Na3Ca(SiO3)5,67.33,2.548,1.4795
dentin,K12Na6Ca2Si10O31,68.58,2.559,1.5183
dentin,K2Na8Ca2Si10O27,107.19,2.776,2.6961
dentin,K2Na4CaSi5O14,96.21,2.835,2.3848
dentin,K6Na8Ca2Si10O29,101.09,2.908,2.5425
dentin,K4Na4Ca(SiO3)5,87.32,2.925,2.141
dentin,K10Na8Ca2Si10O31,75.34,2.665,1.7379
dentin,K6Na4CaSi5O16,66.88,2.518,1.4603
dentin,KNa5CaSi5O14,97.17,2.761,2.3987
dentin,K4Na10Ca2Si10O29,95.28,2.817,2.3539
dentin,K3Na5Ca(SiO3)5,87.48,2.885,2.1379
dentin,K8Na10Ca2Si10O31,84.3,2.907,2.0488
dentin,K5Na5CaSi5O16,78.43,2.757,1.8466
dentin,K12Na10Ca2Si10O33,77.65,2.477,1.769
dentin,K2Na12Ca2Si10O29,93.9,2.751,2.3005
dentin,K2Na6Ca(SiO3)5,82.44,2.806,1.9743
dentin,K6Na12Ca2Si10O31,84.15,2.87,2.037
dentin,K4Na6CaSi5O16,84.13,2.891,2.0405
dentin,K10Na12Ca2Si10O33,90.91,2.719,2.2062
dentin,K6Na6CaSi5O17,77.65,2.457,1.7649
dentin,KNaCa(Si3O7)2,104.28,2.744,2.6041
dentin,K4Na2Ca2Si12O29,111.2,2.897,2.8375
dentin,K3NaCa(Si2O5)3,111.58,2.973,2.8637
dentin,K8Na2Ca2Si12O31,112.67,3.01,2.9031
dentin,K5NaCa(Si3O8)2,105.15,3.035,2.6869
dentin,K12Na2Ca2(Si4O11)3,69.99,2.512,1.5504
dentin,K2Na4Ca2Si12O29,107.26,2.787,2.7004
dentin,K2Na2Ca(Si2O5)3,105.85,2.88,2.6772
dentin,K6Na4Ca2Si12O31,109.12,2.923,2.7815
dentin,K4Na2Ca(Si3O8)2,113.17,2.976,2.9111
dentin,K10Na4Ca2(Si4O11)3,99.35,2.99,2.5076
dentin,K6Na2CaSi6O17,72.3,2.525,1.621
dentin,KNa3Ca(Si2O5)3,95.98,2.747,2.3607
dentin,K4Na6Ca2Si12O31,109.46,2.855,2.7784
dentin,K3Na3Ca(Si3O8)2,107.23,2.893,2.7202
dentin,K8Na6Ca2(Si4O11)3,107.07,2.955,2.7276
dentin,K5Na3CaSi6O17,96.92,2.967,2.4316
dentin,K12Na6Ca2Si12O35,68.19,2.548,1.5047
dentin,K2Na8Ca2Si12O31,102.75,2.745,2.5596
dentin,K2Na4Ca(Si3O8)2,109.44,2.826,2.7721
dentin,K6Na8Ca2(Si4O11)3,97.58,2.878,2.4334
dentin,K4Na4CaSi6O17,101.03,2.93,2.5451
dentin,K10Na8Ca2Si12O35,85.22,2.935,2.0814
dentin,K6Na4Ca(SiO3)6,68.23,2.537,1.5039
dentin,KNa5Ca(Si3O8)2,104.01,2.735,2.5945
dentin,K4Na10Ca2(Si4O11)3,99.64,2.81,2.4809
dentin,K3Na5CaSi6O17,94.02,2.862,2.3255
dentin,K8Na10Ca2Si12O35,90.62,2.907,2.2345
dentin,K5Na5Ca(SiO3)6,85.49,2.93,2.0882
dentin,K12Na10Ca2Si12O37,76.42,2.669,1.7704
dentin,K2Na12Ca2(Si4O11)3,94.68,2.72,2.3173
dentin,K2Na6CaSi6O17,94.24,2.789,2.3177
dentin,K6Na12Ca2Si12O35,84.88,2.841,2.0529
dentin,K4Na6Ca(SiO3)6,84.13,2.875,2.0373
dentin,K10Na12Ca2Si12O37,86.06,2.913,2.1018
dentin,K6Na6CaSi6O19,78.43,2.751,1.8454
dentin,KNaCa2SiO5,106.55,2.995,2.7202
dentin,K4Na2Ca4Si2O11,69.89,2.589,1.5627
dentin,K3NaCa2SiO6,73.91,2.582,1.6797
dentin,K8Na2Ca4Si2O13,80.52,2.607,1.8788
dentin,K5NaCa2SiO7,82.35,2.635,1.938
dentin,K12Na2Ca4Si2O15,60.16,2.48,1.2552
dentin,K2Na4Ca4Si2O11,98.97,2.867,2.4723
dentin,K2Na2Ca2SiO6,77.03,2.505,1.7563
dentin,K6Na4Ca4Si2O13,80.94,2.536,1.8772
dentin,K4Na2Ca2SiO7,81.33,2.557,1.8929
dentin,K10Na4Ca4Si2O15,73.38,2.579,1.6632
dentin,K6Na2Ca2SiO8,58.84,2.467,1.2139
dentin,KNa3Ca2SiO6,93.92,2.806,2.3118
dentin,K4Na6Ca4Si2O13,79.35,2.454,1.8144
dentin,K3Na3Ca2SiO7,81.83,2.497,1.8958
dentin,K8Na6Ca4Si2O15,73.79,2.497,1.6592
dentin,K5Na3Ca2SiO8,73.73,2.542,1.6663
dentin,K12Na6Ca4Si2O17,52.86,2.43,1.0308
dentin,K2Na8Ca4Si2O13,84.32,2.714,2.0113
dentin,K2Na4Ca2SiO7,82.15,2.421,1.8902
dentin,K6Na8Ca4Si2O15,73.29,2.456,1.6364
dentin,K4Na4Ca2SiO8,73.86,2.483,1.6585
dentin,K10Na8Ca4Si2O17,68.68,2.499,1.5095
dentin,K6Na4Ca2SiO9,51.47,2.396,0.9833
dentin,KNa5Ca2SiO7,91.75,2.664,2.2202
dentin,K4Na10Ca4Si2O15,70.28,2.372,1.5317
dentin,K3Na5Ca2SiO8,70.93,2.426,1.5613
dentin,K8Na10Ca4Si2O17,67.94,2.462,1.4805
dentin,K5Na5Ca2SiO9,69.15,2.454,1.5145
dentin,K12Na10Ca4Si2O19,51.47,2.362,0.9766
dentin,K2Na12Ca4Si2O15,83.17,2.639,1.963
dentin,K2Na6Ca2SiO8,70.28,2.344,1.5261
dentin,K6Na12Ca4Si2O17,67.18,2.413,1.4486
dentin,K4Na6Ca2SiO9,68.68,2.441,1.4981
dentin,K10Na12Ca4Si2O19,69.15,2.44,1.5118
dentin,K6Na6Ca2SiO10,49.15,2.328,0.9017
dentin,KNaCa2Si2O7,107.1,2.976,2.7325
dentin,K4Na2Ca4Si4O15,74.84,2.838,1.7571
dentin,K3NaCa2(SiO4)2,70.85,2.561,1.5855
dentin,K8Na2Ca4Si4O17,69.78,2.579,1.5577
dentin,K5NaCa2Si2O9,72.45,2.551,1.6305
dentin,K12Na2Ca4Si4O19,74.21,2.551,1.6822
dentin,K2Na4Ca4Si4O15,103.8,2.976,2.6356
dentin,KNa3Ca2(SiO4)2,101.31,2.92,2.5515
dentin,K2Na8Ca4Si4O17,101.21,2.859,2.5364
dentin,KNa5Ca2Si2O9,97.07,2.823,2.4078
dentin,K2Na12Ca4Si4O19,93.86,2.758,2.3006
dentin,KNaCa2(SiO3)3,106.76,2.963,2.7202
dentin,K4Na2Ca4Si6O19,106.96,2.983,2.7299
dentin,K3NaCa2Si3O10,73.83,2.728,1.706
dentin,K8Na2Ca4(Si2O7)3,65.75,2.54,1.4312
dentin,K5NaCa2Si3O11,73.01,2.548,1.6465
dentin,K12Na2Ca4Si6O23,70.44,2.558,1.5726
dentin,K2Na4Ca4Si6O19,95.28,2.917,2.3735
dentin,KNa3Ca2Si3O10,92.19,2.894,2.278
dentin,K2Na8Ca4(Si2O7)3,93.84,2.872,2.3223
dentin,KNa5Ca2Si3O11,93.12,2.84,2.2948
dentin,K2Na12Ca4Si6O23,90.59,2.805,2.2138
dentin,KNaCa2Si4O11,113.54,2.961,2.9191
dentin,K4Na2Ca4Si8O23,99.08,2.966,2.4947
dentin,K3NaCa2(SiO3)4,99.53,3.002,2.515
dentin,K8Na2Ca4Si8O25,72.9,2.6,1.6533
dentin,K5NaCa2Si4O13,66.98,2.544,1.4685
dentin,K12Na2Ca4Si8O27,64.53,2.541,1.3958
dentin,K2Na4Ca4Si8O23,111.57,2.905,2.8499
dentin,KNa3Ca2(SiO3)4,99.57,2.887,2.4937
dentin,K2Na8Ca4Si8O25,97.54,2.861,2.429
dentin,KNa5Ca2Si4O13,92.2,2.83,2.266
dentin,K2Na12Ca4Si8O27,95.38,2.828,2.359
dentin,KNaCa2Si5O13,109.67,2.894,2.7923
dentin,K4Na2Ca4Si10O27,114.69,2.991,2.9586
dentin,K3NaCa2Si5O14,102.14,2.981,2.5878
dentin,K8Na2Ca4Si10O29,98.22,2.993,2.4749
dentin,K5NaCa2(SiO3)5,72.0,2.578,1.6226
dentin,K12Na2Ca4Si10O31,66.58,2.518,1.4513
dentin,K2Na4Ca4Si10O27,112.27,2.899,2.8697
dentin,KNa3Ca2Si5O14,104.09,2.843,2.6181
dentin,K2Na8Ca4Si10O29,103.42,2.837,2.597
dentin,KNa5Ca2(SiO3)5,97.93,2.828,2.434
dentin,K2Na12Ca4Si10O31,94.48,2.805,2.328
dentin,KNaCa2(Si2O5)3,109.27,2.842,2.7702
dentin,K4Na2Ca4Si12O31,113.74,2.953,2.9233
dentin,K3NaCa2(Si3O8)2,113.98,3.012,2.942
dentin,K8Na2Ca4(Si4O11)3,104.14,2.999,2.6501
dentin,K5NaCa2Si6O17,97.03,3.007,2.4426
dentin,K12Na2Ca4Si12O35,69.92,2.55,1.5559
dentin,K2Na4Ca4Si12O31,108.13,2.832,2.7346
dentin,KNa3Ca2(Si3O8)2,108.7,2.815,2.7482
dentin,K2Na8Ca4(Si4O11)3,97.18,2.777,2.4018
dentin,KNa5Ca2Si6O17,105.06,2.807,2.6395
dentin,K2Na12Ca4Si12O35,96.7,2.793,2.391
dentin,KNaCa3SiO6,106.87,3.008,2.7321
dentin,K4Na2Ca6Si2O13,77.27,2.619,1.7856
dentin,K3NaCa3SiO7,79.42,2.614,1.8478
dentin,K8Na2Ca6Si2O15,80.07,2.623,1.8686
dentin,K5NaCa3SiO8,80.07,2.649,1.8738
dentin,K12Na2Ca6Si2O17,81.42,2.597,1.9031
dentin,K2Na4Ca6Si2O13,99.23,2.904,2.4873
dentin,K2Na2Ca3SiO7,78.37,2.535,1.8014
dentin,K6Na4Ca6Si2O15,81.64,2.572,1.905
dentin,K4Na2Ca3SiO8,81.6,2.574,1.904
dentin,K10Na4Ca6Si2O17,81.65,2.606,1.9117
dentin,K6Na2Ca3SiO9,81.65,2.557,1.9021
dentin,KNa3Ca3SiO7,96.04,2.848,2.3824
dentin,K4Na6Ca6Si2O15,83.22,2.495,1.9362
dentin,K3Na3Ca3SiO8,81.64,2.528,1.8963
dentin,K8Na6Ca6Si2O17,81.89,2.543,1.9064
dentin,K5Na3Ca3SiO9,81.65,2.558,1.9023
dentin,K12Na6Ca6Si2O19,73.73,2.522,1.6625
dentin,K2Na8Ca6Si2O15,97.08,2.8,2.4036
dentin,K2Na4Ca3SiO8,82.22,2.44,1.8962
dentin,K6Na8Ca6Si2O17,81.83,2.497,1.8957
dentin,K4Na4Ca3SiO9,81.22,2.518,1.882
dentin,K10Na8Ca6Si2O19,74.14,2.514,1.673
dentin,K6Na4Ca3SiO10,68.68,2.489,1.5075
dentin,KNa5Ca3SiO8,85.06,2.704,2.0315
dentin,K4Na10Ca6Si2O17,78.05,2.411,1.7677
dentin,K3Na5Ca3SiO9,82.49,2.465,1.9087
dentin,K8Na10Ca6Si2O19,72.85,2.492,1.6307
dentin,K5Na5Ca3SiO10,68.89,2.504,1.5164
dentin,K12Na10Ca6Si2O21,69.15,2.453,1.5143
dentin,K2Na12Ca6Si2O17,92.32,2.679,2.2396
dentin,K2Na6Ca3SiO9,78.05,2.386,1.7628
dentin,K6Na12Ca6Si2O19,76.8,2.447,1.7381
dentin,K4Na6Ca3SiO10,67.94,2.465,1.4811
dentin,K10Na12Ca6Si2O21,68.89,2.473,1.5104
dentin,K6Na6Ca3SiO11,66.61,2.428,1.4345
dentin,KNaCa3(SiO4)2,108.41,3.0,2.7759
dentin,K4Na2Ca6Si4O17,100.16,3.009,2.5349
dentin,K3NaCa3Si2O9,71.57,2.633,1.6208
dentin,K8Na2Ca6Si4O19,67.37,2.595,1.4897
dentin,K5NaCa3(SiO5)2,68.0,2.591,1.5075
dentin,K12Na2Ca6Si4O21,74.21,2.572,1.6865
dentin,K2Na4Ca6Si4O17,104.13,2.978,2.6457
dentin,KNa3Ca3Si2O9,102.15,2.942,2.5804
dentin,K2Na8Ca6Si4O19,102.09,2.894,2.5693
dentin,KNa5Ca3(SiO5)2,100.85,2.87,2.5281
dentin,K2Na12Ca6Si4O21,96.52,2.799,2.3868
dentin,KNaCa3Si3O10,101.63,2.973,2.5713
dentin,K4Na2Ca6(Si2O7)3,107.68,2.996,2.7534
dentin,K3NaCa3Si3O11,75.07,2.852,1.7666
dentin,K8Na2Ca6Si6O23,71.2,2.638,1.6108
dentin,K5NaCa3(SiO4)3,73.13,2.569,1.654
dentin,K12Na2Ca6Si6O25,68.86,2.594,1.5335
dentin,K2Na4Ca6(Si2O7)3,99.87,2.957,2.5165
dentin,KNa3Ca3Si3O11,93.7,2.932,2.3301
dentin,K2Na8Ca6Si6O23,95.68,2.91,2.3839
dentin,KNa5Ca3(SiO4)3,94.94,2.868,2.3539
dentin,K2Na12Ca6Si6O25,95.17,2.848,2.3568
dentin,KNaCa3(SiO3)4,109.48,2.987,2.8049
dentin,K4Na2Ca6Si8O25,101.94,2.989,2.5834
dentin,K3NaCa3Si4O13,107.7,2.998,2.7547
dentin,K8Na2Ca6Si8O27,74.37,2.745,1.7252
dentin,K5NaCa3(Si2O7)2,67.02,2.586,1.4776
dentin,K12Na2Ca6Si8O29,69.18,2.578,1.5398
dentin,K2Na4Ca6Si8O25,110.47,2.961,2.8287
dentin,KNa3Ca3Si4O13,96.83,2.92,2.4199
dentin,K2Na8Ca6Si8O27,93.87,2.903,2.3295
dentin,KNa5Ca3(Si2O7)2,92.36,2.877,2.2798
dentin,K2Na12Ca6Si8O29,93.32,2.867,2.3061
dentin,KNaCa3Si5O14,110.75,2.965,2.8379
dentin,K4Na2Ca6Si10O29,101.25,2.976,2.5605
dentin,K3NaCa3(SiO3)5,103.86,2.992,2.6404
dentin,K8Na2Ca6Si10O31,104.05,3.004,2.6483
dentin,K5NaCa3Si5O16,72.5,2.61,1.6435
dentin,K12Na2Ca6Si10O33,67.19,2.57,1.4795
dentin,K2Na4Ca6Si10O29,110.68,2.932,2.8292
dentin,KNa3Ca3(SiO3)5,111.82,2.912,2.8587
dentin,K2Na8Ca6Si10O31,101.3,2.899,2.5471
dentin,KNa5Ca3Si5O16,97.25,2.874,2.4229
dentin,K2Na12Ca6Si10O33,94.16,2.86,2.3294
dentin,KNaCa3(Si3O8)2,111.0,2.934,2.8388
dentin,K4Na2Ca6(Si4O11)3,113.54,2.995,2.9257
dentin,K3NaCa3Si6O17,100.08,2.972,2.5255
dentin,K8Na2Ca6Si12O35,103.5,3.011,2.6335
dentin,K5NaCa3(SiO3)6,103.24,3.017,2.6271
dentin,K12Na2Ca6Si12O37,72.66,2.592,1.6447
dentin,K2Na4Ca6(Si4O11)3,107.33,2.887,2.722
dentin,KNa3Ca3Si6O17,107.58,2.874,2.7268
dentin,K2Na8Ca6Si12O35,104.44,2.857,2.631
dentin,KNa5Ca3(SiO3)6,97.73,2.846,2.4316
dentin,K2Na12Ca6Si12O37,95.62,2.834,2.3672
dentin,KNaCa4SiO7,98.79,2.965,2.4862
dentin,K4Na2Ca8Si2O15,77.27,2.636,1.7889
dentin,K3NaCa4SiO8,78.97,2.634,1.8385
dentin,K8Na2Ca8Si2O17,79.67,2.631,1.8586
dentin,K5NaCa4SiO9,80.07,2.661,1.876
dentin,K12Na2Ca8Si2O19,81.43,2.676,1.9193
dentin,K2Na4Ca8Si2O15,98.65,2.93,2.4753
dentin,K2Na2Ca4SiO8,78.37,2.561,1.8066
dentin,K6Na4Ca8Si2O17,81.24,2.592,1.8971
dentin,K4Na2Ca4SiO9,81.3,2.603,1.901
dentin,K10Na4Ca8Si2O19,80.29,2.622,1.875
dentin,K6Na2Ca4SiO10,81.18,2.637,1.9042
dentin,KNa3Ca4SiO8,96.26,2.882,2.3956
dentin,K4Na6Ca8Si2O17,81.95,2.506,1.9009
dentin,K3Na3Ca4SiO9,79.57,2.562,1.842
dentin,K8Na6Ca8Si2O19,81.64,2.587,1.9078
dentin,K5Na3Ca4SiO10,81.89,2.582,1.9142
dentin,K12Na6Ca8Si2O21,81.65,2.598,1.9101
dentin,K2Na8Ca8Si2O17,84.98,2.826,2.0529
dentin,K2Na4Ca4SiO9,82.22,2.475,1.9029
dentin,K6Na8Ca8Si2O19,81.64,2.522,1.8951
dentin,K4Na4Ca4SiO10,81.22,2.548,1.8879
dentin,K10Na8Ca8Si2O21,81.89,2.559,1.9096
dentin,K6Na4Ca4SiO11,82.6,2.56,1.9307
dentin,KNa5Ca4SiO9,85.06,2.745,2.0393
dentin,K4Na10Ca8Si2O19,82.22,2.439,1.8959
dentin,K3Na5Ca4SiO10,82.31,2.498,1.91
dentin,K8Na10Ca8Si2O21,81.22,2.516,1.8816
dentin,K5Na5Ca4SiO11,81.62,2.531,1.896
dentin,K12Na10Ca8Si2O23,74.24,2.53,1.6789
dentin,K2Na12Ca8Si2O19,85.31,2.717,2.0412
dentin,K2Na6Ca4SiO10,79.54,2.424,1.8139
dentin,K6Na12Ca8Si2O21,82.18,2.47,1.9006
dentin,K4Na6Ca4SiO11,81.51,2.488,1.8846
dentin,K10Na12Ca8Si2O23,72.94,2.52,1.6389
dentin,K6Na6Ca4SiO12,68.89,2.511,1.5179
dentin,KNaCa4Si2O9,108.44,3.042,2.7849
dentin,K4Na2Ca8Si4O19,100.83,3.038,2.5604
dentin,K3NaCa4(SiO5)2,73.85,2.646,1.6904
dentin,K8Na2Ca8Si4O21,69.49,2.617,1.5566
dentin,K5NaCa4Si2O11,67.31,2.618,1.4924
dentin,K12Na2Ca8Si4O23,73.35,2.59,1.6647
dentin,K2Na4Ca8Si4O19,103.21,2.981,2.6192
dentin,KNa3Ca4(SiO5)2,103.45,2.938,2.6177
dentin,K2Na8Ca8Si4O21,104.18,2.92,2.6358
dentin,KNa5Ca4Si2O11,99.48,2.856,2.485
dentin,K2Na12Ca8Si4O23,98.05,2.82,2.436
dentin,KNaCa4Si3O11,103.37,2.995,2.6267
dentin,K4Na2Ca8Si6O23,107.43,3.014,2.7496
dentin,K3NaCa4(SiO4)3,75.07,2.881,1.7723
dentin,K8Na2Ca8Si6O25,71.04,2.655,1.6096
dentin,K5NaCa4Si3O13,71.38,2.593,1.6074
dentin,K12Na2Ca8(Si2O9)3,65.86,2.602,1.4468
dentin,K2Na4Ca8Si6O23,105.65,2.966,2.6881
dentin,KNa3Ca4(SiO4)3,102.36,2.969,2.5918
dentin,K2Na8Ca8Si6O25,98.89,2.938,2.4838
dentin,KNa5Ca4Si3O13,96.46,2.895,2.404
dentin,K2Na12Ca8(Si2O9)3,98.12,2.874,2.4485
dentin,KNaCa4Si4O13,99.9,2.968,2.5193
dentin,K4Na2Ca8Si8O27,107.07,2.997,2.7357
dentin,K3NaCa4(Si2O7)2,107.73,3.009,2.7576
dentin,K8Na2Ca8Si8O29,75.09,2.855,1.7679
dentin,K5NaCa4Si4O15,68.14,2.642,1.5217
dentin,K12Na2Ca8Si8O31,65.18,2.586,1.4236
dentin,K2Na4Ca8Si8O27,99.32,2.955,2.4997
dentin,KNa3Ca4(Si2O7)2,95.9,2.936,2.3955
dentin,K2Na8Ca8Si8O29,92.98,2.928,2.3079
dentin,KNa5Ca4Si4O15,93.75,2.916,2.3282
dentin,K2Na12Ca8Si8O31,93.65,2.891,2.3204
dentin,KNaCa4(SiO3)5,109.42,3.014,2.8082
dentin,K4Na2Ca8Si10O31,97.71,2.973,2.4559
dentin,K3NaCa4Si5O16,107.26,3.005,2.7429
dentin,K8Na2Ca8Si10O33,104.28,2.997,2.654
dentin,K5NaCa4Si5O17,74.37,2.747,1.7255
dentin,K12Na2Ca8(Si2O7)5,68.7,2.634,1.5367
dentin,K2Na4Ca8Si10O31,110.93,2.976,2.8452
dentin,KNa3Ca4Si5O16,108.91,2.957,2.782
dentin,K2Na8Ca8Si10O33,99.89,2.933,2.5121
dentin,KNa5Ca4Si5O17,97.21,2.918,2.4305
dentin,K2Na12Ca8(Si2O7)5,95.65,2.9,2.381
dentin,KNaCa4Si6O17,106.25,2.935,2.6996
dentin,K4Na2Ca8Si12O35,101.8,2.977,2.5768
dentin,K3NaCa4(SiO3)6,100.17,2.976,2.529
dentin,K8Na2Ca8Si12O37,108.1,3.01,2.7688
dentin,K5NaCa4Si6O19,103.7,3.019,2.641
dentin,K12Na2Ca8(Si4O13)3,72.56,2.625,1.6481
dentin,K2Na4Ca8Si12O35,109.71,2.951,2.8045
dentin,KNa3Ca4(SiO3)6,110.53,2.916,2.8217
dentin,K2Na8Ca8Si12O37,108.66,2.905,2.7645
dentin,KNa5Ca4Si6O19,99.61,2.897,2.4969
dentin,K2Na12Ca8(Si4O13)3,99.37,2.882,2.487
dentin,KNaCa5SiO8,99.21,2.987,2.5027
dentin,K4Na2Ca10Si2O17,76.4,2.673,1.7708
dentin,K3NaCa5SiO9,79.66,2.651,1.8622
dentin,K8Na2Ca10Si2O19,79.62,2.654,1.8615
dentin,K5NaCa5SiO10,79.07,2.663,1.847
dentin,K12Na2Ca10Si2O21,79.46,2.689,1.8637
dentin,K2Na4Ca10Si2O17,88.56,2.922,2.1768
dentin,K2Na2Ca5SiO9,78.87,2.564,1.8218
dentin,K6Na4Ca10Si2O19,80.41,2.617,1.8774
dentin,K4Na2Ca5SiO10,80.49,2.641,1.8844
dentin,K10Na4Ca10Si2O21,80.84,2.63,1.8928
dentin,K6Na2Ca5SiO11,81.18,2.643,1.9054
dentin,KNa3Ca5SiO9,84.46,2.896,2.0513
dentin,K4Na6Ca10Si2O19,81.21,2.53,1.8839
dentin,K3Na3Ca5SiO10,79.18,2.582,1.8346
dentin,K8Na6Ca10Si2O21,81.64,2.603,1.911
dentin,K5Na3Ca5SiO11,81.59,2.604,1.9096
dentin,K12Na6Ca10Si2O23,81.59,2.614,1.9116
dentin,K2Na8Ca10Si2O19,85.45,2.856,2.0725
dentin,K2Na4Ca5SiO10,81.82,2.499,1.8957
dentin,K6Na8Ca10Si2O21,79.57,2.549,1.8396
dentin,K4Na4Ca5SiO11,81.93,2.566,1.9122
dentin,K10Na8Ca10Si2O23,81.22,2.579,1.894
dentin,K6Na4Ca5SiO12,82.21,2.57,1.9211
dentin,KNa5Ca5SiO10,84.65,2.767,2.0314
dentin,K4Na10Ca10Si2O21,82.22,2.468,1.9016
dentin,K3Na5Ca5SiO11,81.79,2.52,1.899
dentin,K8Na10Ca10Si2O23,81.93,2.535,1.9061
dentin,K5Na5Ca5SiO12,81.93,2.564,1.912
dentin,K12Na10Ca10Si2O25,82.28,2.552,1.9199
dentin,K2Na12Ca10Si2O21,85.31,2.754,2.0485
dentin,K2Na6Ca5SiO11,87.43,2.49,2.059
dentin,K6Na12Ca10Si2O23,82.31,2.494,1.9092
dentin,K4Na6Ca5SiO12,81.12,2.507,1.8768
dentin,K10Na12Ca10Si2O25,82.33,2.537,1.9183
dentin,K6Na6Ca5SiO13,80.12,2.534,1.8527
dentin,KNaCa5(SiO5)2,107.6,3.039,2.7597
dentin,K4Na2Ca10Si4O21,106.55,3.008,2.7227
dentin,K3NaCa5Si2O11,73.85,2.656,1.6924
dentin,K8Na2Ca10Si4O23,68.9,2.678,1.5512
dentin,K5NaCa5(SiO6)2,68.06,2.631,1.5173
dentin,K12Na2Ca10Si4O25,79.53,2.615,1.851
dentin,K2Na4Ca10Si4O21,106.45,2.995,2.717
dentin,KNa3Ca5Si2O11,106.5,2.96,2.7117
dentin,K2Na8Ca10Si4O23,102.64,2.935,2.5934
dentin,KNa5Ca5(SiO6)2,100.56,2.887,2.523
dentin,K2Na12Ca10Si4O25,106.07,2.839,2.6755
dentin,KNaCa5(SiO4)3,104.66,3.004,2.6664
dentin,K4Na2Ca10Si6O25,109.13,3.053,2.8075
dentin,K3NaCa5Si3O13,101.32,3.035,2.5742
dentin,K8Na2Ca10(Si2O9)3,66.49,2.635,1.472
dentin,K5NaCa5Si3O14,67.99,2.618,1.5125
dentin,K12Na2Ca10Si6O29,70.75,2.616,1.5933
dentin,K2Na4Ca10Si6O25,104.21,2.99,2.6506
dentin,KNa3Ca5Si3O13,103.03,2.97,2.6117
dentin,K2Na8Ca10(Si2O9)3,96.32,2.952,2.411
dentin,KNa5Ca5Si3O14,98.8,2.92,2.4775
dentin,K2Na12Ca10Si6O29,102.13,2.902,2.5719
dentin,KNaCa5(Si2O7)2,99.74,2.989,2.5188
dentin,K4Na2Ca10Si8O29,108.83,3.004,2.7889
dentin,K3NaCa5Si4O15,107.8,3.023,2.7623
dentin,K8Na2Ca10Si8O31,75.07,2.891,1.7743
dentin,K5NaCa5(SiO4)4,68.14,2.638,1.5209
dentin,K12Na2Ca10Si8O33,65.42,2.596,1.4326
dentin,K2Na4Ca10Si8O29,101.34,2.974,2.5629
dentin,KNa3Ca5Si4O15,100.94,2.961,2.5485
dentin,K2Na8Ca10Si8O31,94.28,2.943,2.3492
dentin,KNa5Ca5(SiO4)4,93.0,2.942,2.3113
dentin,K2Na12Ca10Si8O33,94.7,2.909,2.355
dentin,KNaCa5Si5O16,99.87,2.985,2.5219
dentin,K4Na2Ca10Si10O33,95.65,2.983,2.3975
dentin,K3NaCa5Si5O17,107.92,3.001,2.7617
dentin,K8Na2Ca10(Si2O7)5,103.98,3.003,2.6463
dentin,K5NaCa5Si5O18,75.59,2.861,1.7836
dentin,K12Na2Ca10Si10O37,68.7,2.642,1.5382
dentin,K2Na4Ca10Si10O33,98.72,2.971,2.4851
dentin,KNa3Ca5Si5O17,99.86,2.962,2.5169
dentin,K2Na8Ca10(Si2O7)5,95.9,2.933,2.3949
dentin,KNa5Ca5Si5O18,94.28,2.919,2.3444
dentin,K2Na12Ca10Si10O37,94.03,2.916,2.3368
dentin,KNaCa5(SiO3)6,111.25,3.023,2.8638
dentin,K4Na2Ca10Si12O37,99.72,2.971,2.5147
dentin,K3NaCa5Si6O19,100.18,2.994,2.5326
dentin,K8Na2Ca10(Si4O13)3,107.68,3.012,2.7568
dentin,K5NaCa5(Si3O10)2,104.28,3.022,2.6588
dentin,K12Na2Ca10Si12O41,72.25,2.632,1.6404
dentin,K2Na4Ca10Si12O37,109.94,2.978,2.8164
dentin,KNa3Ca5Si6O19,111.03,2.963,2.8456
dentin,K2Na8Ca10(Si4O13)3,107.15,2.947,2.7285
dentin,KNa5Ca5(Si3O10)2,100.71,2.93,2.5357
dentin,K2Na12Ca10Si12O41,99.31,2.917,2.4919
dentin,KNaCa6SiO9,98.93,2.996,2.4963
dentin,K4Na2Ca12Si2O19,73.07,2.663,1.6708
dentin,K3NaCa6SiO10,79.05,2.666,1.8473
dentin,K8Na2Ca12Si2O21,78.37,2.679,1.8296
dentin,K5NaCa6SiO11,79.61,2.665,1.8633
dentin,K12Na2Ca12Si2O23,73.94,2.694,1.7024
dentin,K2Na4Ca12Si2O19,89.91,2.937,2.2195
dentin,K2Na2Ca6SiO10,79.65,2.576,1.8472
dentin,K6Na4Ca12Si2O21,77.64,2.634,1.7995
dentin,K4Na2Ca6SiO11,79.66,2.648,1.8616
dentin,K10Na4Ca12Si2O23,80.44,2.645,1.884
dentin,K6Na2Ca6SiO12,80.29,2.658,1.8821
dentin,KNa3Ca6SiO10,88.38,2.922,2.1717
dentin,K4Na6Ca12Si2O21,80.51,2.544,1.866
dentin,K3Na3Ca6SiO11,78.37,2.596,1.8134
dentin,K8Na6Ca12Si2O23,81.24,2.613,1.9011
dentin,K5Na3Ca6SiO12,80.18,2.636,1.8747
dentin,K12Na6Ca12Si2O25,81.13,2.623,1.8997
dentin,K2Na8Ca12Si2O21,85.81,2.876,2.0871
dentin,K2Na4Ca6SiO11,81.08,2.52,1.8783
dentin,K6Na8Ca12Si2O23,82.76,2.573,1.938
dentin,K4Na4Ca6SiO12,81.64,2.583,1.9072
dentin,K10Na8Ca12Si2O25,81.93,2.606,1.9201
dentin,K6Na4Ca6SiO13,80.93,2.609,1.8912
dentin,KNa5Ca6SiO11,84.22,2.79,2.0235
dentin,K4Na10Ca12Si2O23,86.56,2.536,2.0425
dentin,K3Na5Ca6SiO12,83.33,2.542,1.9485
dentin,K8Na10Ca12Si2O25,81.93,2.561,1.9114
dentin,K5Na5Ca6SiO13,81.22,2.575,1.8932
dentin,K12Na10Ca12Si2O27,81.22,2.582,1.8945
dentin,K2Na12Ca12Si2O23,83.66,2.77,2.003
dentin,K2Na6Ca6SiO12,86.88,2.514,2.0477
dentin,K6Na12Ca12Si2O25,82.31,2.513,1.9129
dentin,K4Na6Ca6SiO13,81.63,2.539,1.8981
dentin,K10Na12Ca12Si2O27,81.22,2.55,1.8883
dentin,K6Na6Ca6SiO14,81.62,2.567,1.9031
dentin,KNaCa6Si2O11,106.94,3.025,2.7375
dentin,K4Na2Ca12Si4O23,106.23,3.029,2.7176
dentin,K3NaCa6(SiO6)2,69.93,2.655,1.5768
dentin,K8Na2Ca12Si4O25,75.67,2.691,1.7528
dentin,K5NaCa6Si2O13,74.74,2.643,1.7158
dentin,K12Na2Ca12Si4O27,79.53,2.617,1.8514
dentin,K2Na4Ca12Si4O23,106.51,3.015,2.723
dentin,KNa3Ca6(SiO6)2,107.54,2.974,2.7452
dentin,K2Na8Ca12Si4O25,109.1,2.937,2.7837
dentin,KNa5Ca6Si2O13,105.52,2.889,2.6689
dentin,K2Na12Ca12Si4O27,104.48,2.865,2.6338
dentin,KNaCa6Si3O13,102.82,3.027,2.6169
dentin,K4Na2Ca12(Si2O9)3,109.13,3.058,2.8084
dentin,K3NaCa6Si3O14,100.97,3.012,2.5594
dentin,K8Na2Ca12Si6O29,67.85,2.633,1.5112
dentin,K5NaCa6(SiO5)3,72.96,2.667,1.6682
dentin,K12Na2Ca12Si6O31,69.49,2.64,1.561
dentin,K2Na4Ca12(Si2O9)3,103.02,3.016,2.6206
dentin,KNa3Ca6Si3O14,99.34,2.969,2.503
dentin,K2Na8Ca12Si6O29,99.88,2.942,2.5135
dentin,KNa5Ca6(SiO5)3,101.91,2.942,2.5733
dentin,K2Na12Ca12Si6O31,101.51,2.911,2.5556
dentin,KNaCa6Si4O15,105.44,2.997,2.6881
dentin,K4Na2Ca12Si8O31,109.21,3.012,2.8016
dentin,K3NaCa6(SiO4)4,107.51,3.05,2.7592
dentin,K8Na2Ca12Si8O33,97.74,2.97,2.4563
dentin,K5NaCa6Si4O17,66.29,2.644,1.4677
dentin,K12Na2Ca12Si8O35,65.04,2.621,1.4262
dentin,K2Na4Ca12Si8O31,106.41,2.969,2.7112
dentin,KNa3Ca6(SiO4)4,105.29,2.965,2.6773
dentin,K2Na8Ca12Si8O33,101.68,2.971,2.5721
dentin,KNa5Ca6Si4O17,97.17,2.945,2.4347
dentin,K2Na12Ca12Si8O35,96.97,2.918,2.4236
dentin,KNaCa6Si5O17,98.2,2.995,2.4748
dentin,K4Na2Ca12(Si2O7)5,103.23,3.005,2.6244
dentin,K3NaCa6Si5O18,109.52,3.013,2.811
dentin,K8Na2Ca12Si10O37,105.34,3.032,2.6918
dentin,K5NaCa6Si5O19,75.56,2.891,1.7886
dentin,K12Na2Ca12Si10O39,68.14,2.644,1.5221
dentin,K2Na4Ca12(Si2O7)5,100.86,2.971,2.5481
dentin,KNa3Ca6Si5O18,101.34,2.959,2.5601
dentin,K2Na8Ca12Si10O37,96.08,2.954,2.4044
dentin,KNa5Ca6Si5O19,94.23,2.946,2.3482
dentin,K2Na12Ca12Si10O39,93.0,2.935,2.31
dentin,KNaCa6Si6O19,101.24,3.003,2.5655
dentin,K4Na2Ca12(Si4O13)3,100.74,2.976,2.5455
dentin,K3NaCa6(Si3O10)2,108.69,3.013,2.7866
dentin,K8Na2Ca12Si12O41,108.83,3.014,2.791
dentin,K5NaCa6(Si2O7)3,103.98,3.018,2.6493
dentin,K12Na2Ca12Si12O43,75.02,2.781,1.7512
dentin,K2Na4Ca12(Si4O13)3,101.78,2.986,2.578
dentin,KNa3Ca6(Si3O10)2,101.77,2.966,2.5739
dentin,K2Na8Ca12Si12O41,96.7,2.953,2.4224
dentin,KNa5Ca6(Si2O7)3,96.89,2.934,2.4241
dentin,K2Na12Ca12Si12O43,93.97,2.926,2.3366
dentin,NaCaAlSiO5,105.69,2.895,2.6754
dentin,Na2Ca2Al4Si2O13,115.2,2.903,2.9563
dentin,NaCaAl3SiO8,150.06,2.958,3.9922
dentin,Na2Ca2Al8Si2O19,146.22,2.95,3.8776
dentin,NaCaAl5SiO11,139.43,2.903,3.6688
dentin,Na2Ca2Al12Si2O25,140.37,2.893,3.6945
dentin,Na4Ca2Al2Si2O11,93.13,2.826,2.2926
dentin,Na2CaAl2SiO7,95.94,2.817,2.3732
dentin,Na4Ca2Al6Si2O17,102.47,2.773,2.5565
dentin,Na2CaAl4SiO10,110.86,2.85,2.8186
dentin,Na4Ca2Al10Si2O23,140.24,2.891,3.6903
dentin,Na2CaAl6SiO13,135.15,2.88,3.5386
dentin,Na3CaAlSiO6,97.5,2.824,2.4207
dentin,Na6Ca2Al4Si2O15,100.53,2.846,2.5139
dentin,Na3CaAl3SiO9,98.69,2.841,2.459
dentin,Na6Ca2Al8Si2O21,98.99,2.819,2.4635
dentin,Na3CaAl5SiO12,95.97,2.697,2.3506
dentin,Na6Ca2Al12Si2O27,120.36,2.841,3.0958
dentin,Na8Ca2Al2Si2O13,87.33,2.755,2.1079
dentin,Na4CaAl2SiO8,95.14,2.777,2.3421
dentin,Na8Ca2Al6Si2O19,99.51,2.835,2.4817
dentin,Na4CaAl4SiO11,108.49,2.858,2.7503
dentin,Na8Ca2Al10Si2O25,100.59,2.826,2.5115
dentin,Na4CaAl6SiO14,90.59,2.682,2.1895
dentin,Na5CaAlSiO7,86.68,2.74,2.0861
dentin,Na10Ca2Al4Si2O17,91.92,2.753,2.2425
dentin,Na5CaAl3SiO10,95.93,2.768,2.3636
dentin,Na10Ca2Al8Si2O23,99.63,2.821,2.4825
dentin,Na5CaAl5SiO13,108.31,2.853,2.7441
dentin,Na10Ca2Al12Si2O29,109.8,2.845,2.7862
dentin,Na12Ca2Al2Si2O15,86.16,2.706,2.0642
dentin,Na6CaAl2SiO9,87.34,2.731,2.1035
dentin,Na12Ca2Al6Si2O21,91.89,2.744,2.2398
dentin,Na6CaAl4SiO12,99.44,2.819,2.4765
dentin,Na12Ca2Al10Si2O27,98.85,2.833,2.462
dentin,Na6CaAl6SiO15,125.97,2.867,3.266
dentin,NaCaAlSi2O7,148.36,2.945,3.9395
dentin,Na2Ca2Al4Si4O17,156.15,2.925,4.1646
dentin,NaCaAl3(SiO5)2,153.54,2.96,4.0949
dentin,Na2Ca2Al8Si4O23,147.34,2.944,3.9092
dentin,NaCaAl5Si2O13,137.68,2.915,3.6197
dentin,Na2Ca2Al12Si4O29,134.09,2.92,3.5152
dentin,Na4Ca2Al2Si4O15,107.88,2.828,2.7267
dentin,Na2CaAl2Si2O9,135.0,2.873,3.5325
dentin,Na4Ca2Al6Si4O21,146.95,2.902,3.8898
dentin,Na2CaAl4(SiO6)2,141.09,2.917,3.7206
dentin,Na4Ca2Al10Si4O27,137.0,2.912,3.5989
dentin,Na2CaAl6Si2O15,129.72,2.894,3.3813
dentin,Na3CaAl(SiO4)2,99.84,2.81,2.4865
dentin,Na6Ca2Al4Si4O19,102.84,2.817,2.576
dentin,Na3CaAl3Si2O11,112.89,2.819,2.8721
dentin,Na6Ca2Al8Si4O25,107.67,2.758,2.7066
dentin,Na3CaAl5(SiO7)2,121.64,2.829,3.1312
dentin,Na6Ca2Al12Si4O31,143.1,2.894,3.775
dentin,Na8Ca2Al2Si4O17,92.98,2.76,2.2749
dentin,Na4CaAl2(SiO5)2,99.38,2.787,2.4687
dentin,Na8Ca2Al6Si4O23,100.26,2.812,2.4994
dentin,Na4CaAl4Si2O13,101.05,2.804,2.5211
dentin,Na8Ca2Al10Si4O29,106.95,2.752,2.6843
dentin,Na4CaAl6(SiO8)2,111.69,2.812,2.8354
dentin,Na5CaAlSi2O9,94.67,2.766,2.3259
dentin,Na10Ca2Al4Si4O21,95.17,2.748,2.3371
dentin,Na5CaAl3(SiO6)2,98.51,2.78,2.4416
dentin,Na10Ca2Al8Si4O27,100.3,2.824,2.5029
dentin,Na5CaAl5Si2O15,103.69,2.805,2.5988
dentin,Na10Ca2Al12Si4O33,94.69,2.741,2.3216
dentin,Na12Ca2Al2Si4O19,91.14,2.728,2.2147
dentin,Na6CaAl2Si2O11,96.48,2.742,2.3745
dentin,Na12Ca2Al6Si4O25,101.41,2.792,2.5293
dentin,Na6CaAl4(SiO7)2,99.87,2.786,2.4829
dentin,Na12Ca2Al10Si4O31,109.06,2.834,2.7623
dentin,Na6CaAl6Si2O17,101.74,2.813,2.5429
dentin,NaCaAl(SiO3)3,160.72,2.98,4.3098
dentin,Na2Ca2Al4(Si2O7)3,155.08,2.936,4.1353
dentin,NaCaAl3(SiO4)3,146.18,2.959,3.8782
dentin,Na2Ca2Al8(Si2O9)3,144.18,2.924,3.8125
dentin,NaCaAl5(SiO5)3,138.19,2.904,3.6327
dentin,Na2Ca2Al12(Si2O11)3,135.51,2.898,3.5525
dentin,Na4Ca2Al2Si6O19,132.65,2.863,3.4616
dentin,Na2CaAl2Si3O11,118.54,2.842,3.0429
dentin,Na4Ca2Al6Si6O25,123.17,2.831,3.1767
dentin,Na2CaAl4Si3O14,143.47,2.881,3.7833
dentin,Na4Ca2Al10Si6O31,136.69,2.881,3.5838
dentin,Na2CaAl6Si3O17,127.89,2.858,3.3207
dentin,Na3CaAlSi3O10,96.81,2.744,2.3847
dentin,Na6Ca2Al4Si6O23,106.22,2.779,2.6681
dentin,Na3CaAl3Si3O13,112.64,2.796,2.8601
dentin,Na6Ca2Al8Si6O29,112.02,2.805,2.8437
dentin,Na3CaAl5Si3O16,126.1,2.853,3.2672
dentin,Na6Ca2Al12Si6O35,122.44,2.849,3.1588
dentin,Na8Ca2Al2(Si2O7)3,98.31,2.775,2.4348
dentin,Na4CaAl2(SiO4)3,102.79,2.804,2.5721
dentin,Na8Ca2Al6(Si2O9)3,104.35,2.821,2.6212
dentin,Na4CaAl4(SiO5)3,115.27,2.79,2.9362
dentin,Na8Ca2Al10(Si2O11)3,111.06,2.793,2.8132
dentin,Na4CaAl6(SiO6)3,130.07,2.847,3.3826
dentin,Na5CaAlSi3O11,97.93,2.747,2.4182
dentin,Na10Ca2Al4Si6O25,98.9,2.766,2.4505
dentin,Na5CaAl3Si3O14,102.66,2.813,2.5701
dentin,Na10Ca2Al8Si6O31,100.65,2.798,2.5081
dentin,Na5CaAl5Si3O17,104.48,2.785,2.6181
dentin,Na10Ca2Al12Si6O37,105.05,2.718,2.6217
dentin,Na12Ca2Al2Si6O23,94.46,2.731,2.3129
dentin,Na6CaAl2Si3O13,98.49,2.771,2.4392
dentin,Na12Ca2Al6Si6O29,102.0,2.768,2.5417
dentin,Na6CaAl4Si3O16,101.59,2.813,2.5387
dentin,Na12Ca2Al10Si6O35,100.29,2.783,2.4945
dentin,Na6CaAl6Si3O19,99.6,2.776,2.4729
dentin,NaCaAlSi4O11,114.92,2.808,2.9295
dentin,Na2Ca2Al4Si8O25,119.89,2.83,3.0799
dentin,NaCaAl3(Si2O7)2,106.55,2.811,2.6841
dentin,Na2Ca2Al8Si8O31,113.7,2.823,2.8967
dentin,NaCaAl5Si4O17,120.27,2.836,3.0924
dentin,Na2Ca2Al12Si8O37,131.78,2.859,3.4352
dentin,Na4Ca2Al2Si8O23,143.95,2.919,3.805
dentin,Na2CaAl2Si4O13,145.13,2.911,3.8379
dentin,Na4Ca2Al6Si8O29,142.77,2.894,3.7651
dentin,Na2CaAl4(SiO4)4,137.83,2.909,3.6231
dentin,Na4Ca2Al10Si8O35,137.2,2.904,3.6034
dentin,Na2CaAl6Si4O19,136.63,2.894,3.5847
dentin,Na3CaAl(SiO3)4,111.61,2.824,2.8353
dentin,Na6Ca2Al4Si8O27,118.64,2.832,3.0436
dentin,Na3CaAl3Si4O15,116.79,2.833,2.9894
dentin,Na6Ca2Al8Si8O33,119.88,2.808,3.0754
dentin,Na3CaAl5(Si2O9)2,127.9,2.853,3.32
dentin,Na6Ca2Al12Si8O39,125.74,2.852,3.2562
dentin,Na8Ca2Al2Si8O25,98.58,2.745,2.4368
dentin,Na4CaAl2(Si2O7)2,104.93,2.782,2.6308
dentin,Na8Ca2Al6Si8O31,109.71,2.77,2.769
dentin,Na4CaAl4Si4O17,112.5,2.79,2.8548
dentin,Na8Ca2Al10Si8O37,111.69,2.782,2.8295
dentin,Na4CaAl6(SiO5)4,117.62,2.814,3.0101
dentin,Na5CaAlSi4O13,95.03,2.718,2.3272
dentin,Na10Ca2Al4Si8O29,97.31,2.73,2.3964
dentin,Na5CaAl3(SiO4)4,102.24,2.759,2.547
dentin,Na10Ca2Al8Si8O35,101.35,2.739,2.517
dentin,Na5CaAl5Si4O19,102.23,2.641,2.5236
dentin,Na10Ca2Al12Si8O41,111.45,2.796,2.825
dentin,Na12Ca2Al2Si8O27,99.05,2.764,2.4544
dentin,Na6CaAl2Si4O15,97.43,2.759,2.4059
dentin,Na12Ca2Al6Si8O33,101.81,2.789,2.5401
dentin,Na6CaAl4(Si2O9)2,99.88,2.787,2.4833
dentin,Na12Ca2Al10Si8O39,104.48,2.769,2.6149
dentin,Na6CaAl6Si4O21,96.53,2.707,2.3691
dentin,NaCaAlSi5O13,109.83,2.761,2.7706
dentin,Na2Ca2Al4Si10O29,104.91,2.759,2.6256
dentin,NaCaAl3Si5O16,100.7,2.769,2.5037
dentin,Na2Ca2Al8(Si2O7)5,100.98,2.758,2.5099
dentin,NaCaAl5Si5O19,102.32,2.755,2.5486
dentin,Na2Ca2Al12Si10O41,104.91,2.789,2.6317
dentin,Na4Ca2Al2Si10O27,147.58,2.908,3.9094
dentin,Na2CaAl2(SiO3)5,146.29,2.911,3.872
dentin,Na4Ca2Al6Si10O33,147.82,2.919,3.9186
dentin,Na2CaAl4Si5O18,142.19,2.916,3.7523
dentin,Na4Ca2Al10Si10O39,137.64,2.887,3.6131
dentin,Na2CaAl6Si5O21,138.02,2.878,3.6224
dentin,Na3CaAlSi5O14,125.91,2.857,3.2623
dentin,Na6Ca2Al4Si10O31,144.41,2.905,3.8155
dentin,Na3CaAl3Si5O17,128.08,2.839,3.3227
dentin,Na6Ca2Al8Si10O37,129.81,2.849,3.3754
dentin,Na3CaAl5(SiO4)5,138.41,2.886,3.6356
dentin,Na6Ca2Al12Si10O43,134.75,2.882,3.527
dentin,Na8Ca2Al2Si10O29,105.02,2.792,2.6354
dentin,Na4CaAl2Si5O16,120.52,2.821,3.0969
dentin,Na8Ca2Al6(Si2O7)5,123.27,2.848,3.1829
dentin,Na4CaAl4Si5O19,111.02,2.78,2.8095
dentin,Na8Ca2Al10Si10O41,119.88,2.804,3.0746
dentin,Na4CaAl6Si5O22,127.9,2.824,3.3143
dentin,Na5CaAl(SiO3)5,100.26,2.749,2.4869
dentin,Na10Ca2Al4Si10O33,102.48,2.758,2.5539
dentin,Na5CaAl3Si5O18,102.23,2.755,2.546
dentin,Na10Ca2Al8Si10O39,110.47,2.758,2.789
dentin,Na5CaAl5Si5O21,108.95,2.746,2.7417
dentin,Na10Ca2Al12(Si2O9)5,112.15,2.785,2.8438
dentin,Na12Ca2Al2Si10O31,100.97,2.717,2.5017
dentin,Na6CaAl2Si5O17,96.45,2.719,2.3692
dentin,Na12Ca2Al6Si10O37,98.61,2.725,2.4339
dentin,Na6CaAl4(SiO4)5,98.73,2.711,2.4345
dentin,Na12Ca2Al10Si10O43,99.62,2.68,2.4546
dentin,Na6CaAl6Si5O23,105.25,2.711,2.6263
dentin,NaCaAl(Si2O5)3,107.82,2.63,2.686
dentin,Na2Ca2Al4(Si4O11)3,104.37,2.75,2.6079
dentin,NaCaAl3(SiO3)6,103.1,2.752,2.571
dentin,Na2Ca2Al8(Si4O13)3,100.2,2.734,2.4825
dentin,NaCaAl5(Si2O7)3,102.59,2.718,2.5493
dentin,Na2Ca2Al12(Si4O15)3,103.18,2.744,2.572
dentin,Na4Ca2Al2Si12O31,115.41,2.794,2.9414
dentin,Na2CaAl2Si6O17,121.06,2.81,3.1105
dentin,Na4Ca2Al6Si12O37,122.7,2.823,3.1612
dentin,Na2CaAl4(Si3O10)2,121.02,2.823,3.1117
dentin,Na4Ca2Al10Si12O43,121.4,2.834,3.1251
dentin,Na2CaAl6Si6O23,114.56,2.81,2.9194
dentin,Na3CaAl(Si3O8)2,148.94,2.95,3.9577
dentin,Na6Ca2Al4Si12O35,142.77,2.898,3.7659
dentin,Na3CaAl3Si6O19,140.03,2.887,3.6833
dentin,Na6Ca2Al8Si12O41,139.34,2.9,3.6656
dentin,Na3CaAl5(Si3O11)2,135.69,2.881,3.5546
dentin,Na6Ca2Al12Si12O47,134.34,2.876,3.5139
dentin,Na8Ca2Al2(Si4O11)3,125.6,2.833,3.2485
dentin,Na4CaAl2(SiO3)6,137.86,2.879,3.6177
dentin,Na8Ca2Al6(Si4O13)3,128.44,2.823,3.33
dentin,Na4CaAl4(Si2O7)3,129.85,2.825,3.3718
dentin,Na8Ca2Al10(Si4O15)3,128.98,2.82,3.3454
dentin,Na4CaAl6(SiO4)6,125.99,2.828,3.2589
dentin,Na5CaAlSi6O17,103.6,2.785,2.5921
dentin,Na10Ca2Al4Si12O37,103.39,2.791,2.5873
dentin,Na5CaAl3(Si3O10)2,121.05,2.809,3.11
dentin,Na10Ca2Al8Si12O43,115.3,2.788,2.9367
dentin,Na5CaAl5Si6O23,117.87,2.795,3.0136
dentin,Na10Ca2Al12Si12O49,119.88,2.785,3.071
dentin,Na12Ca2Al2Si12O35,99.98,2.732,2.4754
dentin,Na6CaAl2Si6O19,103.96,2.763,2.5983
dentin,Na12Ca2Al6Si12O41,102.1,2.745,2.5403
dentin,Na6CaAl4(Si3O11)2,102.09,2.747,2.5404
dentin,Na12Ca2Al10Si12O47,111.38,2.754,2.8149
dentin,Na6CaAl6Si6O25,108.74,2.73,2.7327
dentin,NaCa2AlSiO6,101.06,2.987,2.5573
dentin,Na2Ca4Al4Si2O15,112.17,3.0,2.8863
dentin,NaCa2Al3SiO9,112.67,2.976,2.8965
dentin,Na2Ca4Al8Si2O21,114.73,2.952,2.9522
dentin,NaCa2Al5SiO12,148.04,2.987,3.9384
dentin,Na2Ca4Al12Si2O27,145.94,2.975,3.8742
dentin,Na4Ca4Al2Si2O13,90.48,2.894,2.2278
dentin,Na2Ca2Al2SiO8,98.21,2.905,2.4572
dentin,Na4Ca4Al6Si2O19,101.63,2.922,2.5612
dentin,Na2Ca2Al4SiO11,112.25,2.918,2.8725
dentin,Na4Ca4Al10Si2O25,103.69,2.866,2.6107
dentin,Na2Ca2Al6SiO14,134.71,2.92,3.5332
dentin,Na3Ca2AlSiO7,91.41,2.876,2.2518
dentin,Na6Ca4Al4Si2O17,92.19,2.877,2.2747
dentin,Na3Ca2Al3SiO10,102.88,2.923,2.5983
dentin,Na6Ca4Al8Si2O23,99.8,2.881,2.4994
dentin,Na3Ca2Al5SiO13,102.76,2.885,2.5872
dentin,Na6Ca4Al12Si2O29,101.64,2.798,2.5371
dentin,Na8Ca4Al2Si2O15,93.91,2.818,2.3138
dentin,Na4Ca2Al2SiO9,90.93,2.828,2.2282
dentin,Na8Ca4Al6Si2O21,94.41,2.834,2.3318
dentin,Na4Ca2Al4SiO12,100.21,2.879,2.5112
dentin,Na8Ca4Al10Si2O27,100.19,2.859,2.5066
dentin,Na4Ca2Al6SiO15,104.45,2.883,2.6364
dentin,Na5Ca2AlSiO8,88.46,2.79,2.1482
dentin,Na10Ca4Al4Si2O19,93.68,2.796,2.3026
dentin,Na5Ca2Al3SiO11,93.61,2.819,2.3051
dentin,Na10Ca4Al8Si2O25,96.15,2.821,2.3803
dentin,Na5Ca2Al5SiO14,97.8,2.868,2.438
dentin,Na10Ca4Al12Si2O31,100.3,2.878,2.5134
dentin,Na12Ca4Al2Si2O17,88.14,2.747,2.1304
dentin,Na6Ca2Al2SiO10,91.51,2.766,2.2333
dentin,Na12Ca4Al6Si2O23,94.57,2.797,2.3291
dentin,Na6Ca2Al4SiO13,93.83,2.8,2.3078
dentin,Na12Ca4Al10Si2O29,101.03,2.86,2.5313
dentin,Na6Ca2Al6SiO16,97.8,2.857,2.4359
dentin,NaCa2Al(SiO4)2,116.12,2.999,3.0023
dentin,Na2Ca4Al4Si4O19,163.99,3.05,4.4197
dentin,NaCa2Al3Si2O11,115.88,2.949,2.9854
dentin,Na2Ca4Al8Si4O25,162.42,3.031,4.3699
dentin,NaCa2Al5(SiO7)2,154.01,3.022,4.1207
dentin,Na2Ca4Al12Si4O31,158.22,3.042,4.2484
dentin,Na4Ca4Al2Si4O17,98.5,2.877,2.4604
dentin,Na3Ca2AlSi2O9,95.08,2.871,2.3587
dentin,Na8Ca4Al2Si4O19,93.99,2.833,2.319
dentin,Na5Ca2Al(SiO5)2,95.94,2.82,2.3738
dentin,Na12Ca4Al2Si4O21,90.37,2.786,2.2033
dentin,NaCa2AlSi3O10,159.61,3.031,4.2871
dentin,Na2Ca4Al4Si6O23,160.94,3.046,4.3292
dentin,NaCa2Al3Si3O13,166.42,3.048,4.4907
dentin,Na2Ca4Al8Si6O29,164.46,3.049,4.4334
dentin,NaCa2Al5Si3O16,159.57,3.038,4.2875
dentin,Na2Ca4Al12Si6O35,144.68,2.993,3.8407
dentin,Na4Ca4Al2(Si2O7)3,116.61,2.936,3.0043
dentin,Na3Ca2AlSi3O11,107.07,2.865,2.7099
dentin,Na8Ca4Al2Si6O23,95.27,2.809,2.352
dentin,Na5Ca2Al(SiO4)3,94.94,2.809,2.3423
dentin,Na12Ca4Al2Si6O25,94.09,2.798,2.3151
dentin,NaCa2Al(SiO3)4,168.01,3.068,4.5414
dentin,Na2Ca4Al4Si8O27,167.95,3.039,4.5338
dentin,NaCa2Al3Si4O15,157.24,2.998,4.2112
dentin,Na2Ca4Al8Si8O33,158.61,2.997,4.2511
dentin,NaCa2Al5(Si2O9)2,149.19,3.004,3.9755
dentin,Na2Ca4Al12Si8O39,144.19,2.967,3.8212
dentin,Na4Ca4Al2Si8O25,143.05,2.931,3.7805
dentin,Na3Ca2AlSi4O13,105.84,2.816,2.6641
dentin,Na8Ca4Al2Si8O27,102.21,2.822,2.5587
dentin,Na5Ca2Al(Si2O7)2,96.45,2.794,2.3837
dentin,Na12Ca4Al2Si8O29,96.54,2.782,2.3841
dentin,NaCa2AlSi5O14,157.14,2.934,4.1956
dentin,Na2Ca4Al4Si10O31,154.06,2.932,4.1046
dentin,NaCa2Al3Si5O17,137.72,2.886,3.6152
dentin,Na2Ca4Al8Si10O37,135.36,2.891,3.5467
dentin,NaCa2Al5(SiO4)5,138.04,2.902,3.6278
dentin,Na2Ca4Al12Si10O43,127.89,2.871,3.3231
dentin,Na4Ca4Al2Si10O29,148.06,2.987,3.939
dentin,Na3Ca2Al(SiO3)5,133.11,2.891,3.4806
dentin,Na8Ca4Al2Si10O31,104.83,2.784,2.6282
dentin,Na5Ca2AlSi5O16,101.8,2.769,2.5359
dentin,Na12Ca4Al2Si10O33,99.08,2.797,2.4616
dentin,NaCa2Al(Si3O8)2,113.24,2.83,2.8845
dentin,Na2Ca4Al4Si12O35,113.15,2.836,2.8829
dentin,NaCa2Al3Si6O19,108.34,2.828,2.74
dentin,Na2Ca4Al8Si12O41,105.03,2.818,2.6407
dentin,NaCa2Al5(Si3O11)2,102.74,2.802,2.5702
dentin,Na2Ca4Al12Si12O47,102.14,2.808,2.5539
dentin,Na4Ca4Al2(Si4O11)3,158.88,2.967,4.2532
dentin,Na3Ca2AlSi6O17,147.81,2.925,3.9195
dentin,Na8Ca4Al2Si12O35,110.93,2.862,2.8229
dentin,Na5Ca2Al(SiO3)6,95.3,2.76,2.3432
dentin,Na12Ca4Al2Si12O37,101.83,2.753,2.5341
dentin,NaCa3AlSiO7,100.03,3.015,2.5323
dentin,Na2Ca6Al4Si2O17,102.17,3.021,2.5966
dentin,NaCa3Al3SiO10,115.3,3.036,2.9853
dentin,Na2Ca6Al8Si2O23,144.58,3.06,3.8511
dentin,NaCa3Al5SiO13,112.24,3.006,2.8894
dentin,Na2Ca6Al12Si2O29,111.28,2.975,2.8554
dentin,Na4Ca6Al2Si2O15,102.0,2.993,2.586
dentin,Na2Ca3Al2SiO9,102.93,2.975,2.6096
dentin,Na4Ca6Al6Si2O21,98.17,2.945,2.4641
dentin,Na2Ca3Al4SiO12,105.16,2.966,2.6737
dentin,Na4Ca6Al10Si2O27,110.05,2.987,2.8216
dentin,Na2Ca3Al6SiO15,110.03,2.933,2.8105
dentin,Na3Ca3AlSiO8,99.38,2.934,2.4972
dentin,Na6Ca6Al4Si2O19,90.4,2.9,2.2268
dentin,Na3Ca3Al3SiO11,98.34,2.919,2.4639
dentin,Na6Ca6Al8Si2O25,105.75,2.955,2.6889
dentin,Na3Ca3Al5SiO14,101.63,2.926,2.562
dentin,Na6Ca6Al12Si2O31,104.49,2.938,2.6484
dentin,Na8Ca6Al2Si2O17,98.61,2.87,2.4622
dentin,Na4Ca3Al2SiO10,92.57,2.879,2.2865
dentin,Na8Ca6Al6Si2O23,92.32,2.902,2.2834
dentin,Na4Ca3Al4SiO13,94.35,2.879,2.3385
dentin,Na8Ca6Al10Si2O29,106.56,2.923,2.7063
dentin,Na4Ca3Al6SiO16,100.95,2.9,2.5367
dentin,Na5Ca3AlSiO9,98.47,2.82,2.4483
dentin,Na10Ca6Al4Si2O21,94.54,2.851,2.3387
dentin,Na5Ca3Al3SiO12,92.42,2.855,2.2772
dentin,Na10Ca6Al8Si2O27,92.54,2.858,2.2815
dentin,Na5Ca3Al5SiO15,94.66,2.862,2.3445
dentin,Na10Ca6Al12Si2O33,100.85,2.902,2.5344
dentin,Na12Ca6Al2Si2O19,92.66,2.802,2.2739
dentin,Na6Ca3Al2SiO11,94.44,2.824,2.3307
dentin,Na12Ca6Al6Si2O25,94.75,2.83,2.3407
dentin,Na6Ca3Al4SiO14,93.89,2.856,2.3205
dentin,Na12Ca6Al10Si2O31,94.04,2.834,2.3209
dentin,Na6Ca3Al6SiO17,102.05,2.909,2.5709
dentin,NaCa3AlSi2O9,104.88,3.021,2.6763
dentin,Na2Ca6Al4Si4O21,114.72,3.045,2.9701
dentin,NaCa3Al3(SiO6)2,145.7,3.062,3.8841
dentin,Na2Ca6Al8Si4O27,115.06,2.992,2.9696
dentin,NaCa3Al5Si2O15,113.46,2.977,2.9197
dentin,Na2Ca6Al12Si4O33,157.24,3.034,4.2179
dentin,Na4Ca6Al2Si4O19,103.21,2.962,2.6156
dentin,Na3Ca3Al(SiO5)2,89.56,2.886,2.1993
dentin,Na8Ca6Al2Si4O21,91.77,2.883,2.2636
dentin,Na5Ca3AlSi2O11,91.21,2.86,2.2428
dentin,Na12Ca6Al2Si4O23,91.76,2.821,2.2511
dentin,NaCa3AlSi3O11,114.92,3.029,2.9729
dentin,Na2Ca6Al4Si6O25,161.94,3.07,4.3633
dentin,NaCa3Al3Si3O14,160.72,3.081,4.3297
dentin,Na2Ca6Al8Si6O31,154.82,3.022,4.1447
dentin,NaCa3Al5Si3O17,162.08,3.085,4.3703
dentin,Na2Ca6Al12Si6O37,161.24,3.097,4.348
dentin,Na4Ca6Al2Si6O23,107.8,2.932,2.7446
dentin,Na3Ca3Al(SiO4)3,99.72,2.899,2.5005
dentin,Na8Ca6Al2Si6O25,95.29,2.891,2.3687
dentin,Na5Ca3AlSi3O13,94.03,2.853,2.3243
dentin,Na12Ca6Al2(Si2O9)3,95.31,2.84,2.3591
dentin,NaCa3AlSi4O13,156.8,3.083,4.2149
dentin,Na2Ca6Al4Si8O29,161.36,3.095,4.3513
dentin,NaCa3Al3(SiO4)4,162.46,3.055,4.3756
dentin,Na2Ca6Al8Si8O35,166.4,3.102,4.5006
dentin,NaCa3Al5Si4O19,165.84,3.094,4.4829
dentin,Na2Ca6Al12Si8O41,162.39,3.129,4.3881
dentin,Na4Ca6Al2Si8O27,115.42,2.974,2.9767
dentin,Na3Ca3Al(Si2O7)2,107.81,2.918,2.7422
dentin,Na8Ca6Al2Si8O29,98.98,2.854,2.4699
dentin,Na5Ca3AlSi4O15,95.99,2.841,2.3796
dentin,Na12Ca6Al2Si8O31,95.22,2.847,2.358
dentin,NaCa3Al(SiO3)5,166.69,3.105,4.51
dentin,Na2Ca6Al4Si10O33,168.89,3.105,4.5746
dentin,NaCa3Al3Si5O18,168.29,3.062,4.5485
dentin,Na2Ca6Al8Si10O39,167.74,3.057,4.5311
dentin,NaCa3Al5Si5O21,160.34,3.027,4.3077
dentin,Na2Ca6Al12(Si2O9)5,165.95,3.047,4.4766
dentin,Na4Ca6Al2Si10O31,149.3,2.993,3.9765
dentin,Na3Ca3AlSi5O16,107.06,2.883,2.713
dentin,Na8Ca6Al2Si10O33,107.22,2.879,2.717
dentin,Na5Ca3AlSi5O17,101.09,2.839,2.529
dentin,Na12Ca6Al2(Si2O7)5,95.66,2.817,2.3649
dentin,NaCa3AlSi6O17,158.03,3.01,4.2366
dentin,Na2Ca6Al4Si12O37,156.79,3.008,4.1999
dentin,NaCa3Al3(Si3O10)2,153.47,2.998,4.1001
dentin,Na2Ca6Al8Si12O43,153.84,2.959,4.1036
dentin,NaCa3Al5Si6O23,153.31,2.926,4.0813
dentin,Na2Ca6Al12Si12O49,151.22,2.933,4.0214
dentin,Na4Ca6Al2Si12O35,161.45,3.044,4.344
dentin,Na3Ca3Al(SiO3)6,139.96,2.929,3.6894
dentin,Na8Ca6Al2Si12O37,104.83,2.85,2.6412
dentin,Na5Ca3AlSi6O19,106.3,2.811,2.6768
dentin,Na12Ca6Al2(Si4O13)3,102.9,2.833,2.5812
dentin,NaCa4AlSiO8,101.27,3.045,2.5746
dentin,Na2Ca8Al4Si2O19,99.29,3.006,2.509
dentin,NaCa4Al3SiO11,103.21,3.048,2.6325
dentin,Na2Ca8Al8Si2O25,113.23,3.108,2.9387
dentin,NaCa4Al5SiO14,111.7,3.059,2.8841
dentin,Na2Ca8Al12Si2O31,112.29,3.034,2.8965
dentin,Na4Ca8Al2Si2O17,101.53,3.014,2.5762
dentin,Na2Ca4Al2SiO10,99.34,2.983,2.506
dentin,Na4Ca8Al6Si2O23,101.13,3.0,2.5617
dentin,Na2Ca4Al4SiO13,104.59,2.978,2.6592
dentin,Na4Ca8Al10Si2O29,112.32,3.005,2.8917
dentin,Na2Ca4Al6SiO16,145.72,3.041,3.8807
dentin,Na3Ca4AlSiO9,99.55,2.947,2.5048
dentin,Na6Ca8Al4Si2O21,98.51,2.967,2.4783
dentin,Na3Ca4Al3SiO12,93.73,2.932,2.331
dentin,Na6Ca8Al8Si2O27,96.66,2.949,2.4205
dentin,Na3Ca4Al5SiO15,110.3,2.992,2.8299
dentin,Na6Ca8Al12Si2O33,109.33,2.965,2.7959
dentin,Na8Ca8Al2Si2O19,105.73,2.926,2.6826
dentin,Na4Ca4Al2SiO11,93.18,2.931,2.3146
dentin,Na8Ca8Al6Si2O25,90.6,2.904,2.2333
dentin,Na4Ca4Al4SiO14,97.53,2.927,2.4418
dentin,Na8Ca8Al10Si2O31,97.31,2.913,2.4325
dentin,Na4Ca4Al6SiO17,105.57,2.952,2.683
dentin,Na5Ca4AlSiO10,103.18,2.876,2.5979
dentin,Na10Ca8Al4Si2O23,95.81,2.905,2.3868
dentin,Na5Ca4Al3SiO13,93.12,2.888,2.3042
dentin,Na10Ca8Al8Si2O29,96.52,2.905,2.4075
dentin,Na5Ca4Al5SiO16,92.25,2.893,2.2799
dentin,Na10Ca8Al12Si2O35,98.5,2.892,2.4634
dentin,Na12Ca8Al2Si2O21,102.11,2.821,2.5556
dentin,Na6Ca4Al2SiO12,95.2,2.866,2.3611
dentin,Na12Ca8Al6Si2O27,94.75,2.867,2.3479
dentin,Na6Ca4Al4SiO15,92.13,2.857,2.2692
dentin,Na12Ca8Al10Si2O33,93.05,2.881,2.301
dentin,Na6Ca4Al6SiO18,93.1,2.871,2.3003
dentin,NaCa4Al(SiO5)2,95.28,3.006,2.391
dentin,Na2Ca8Al4Si4O23,105.68,3.041,2.7037
dentin,NaCa4Al3Si2O13,110.49,3.075,2.8517
dentin,Na2Ca8Al8Si4O29,111.43,3.052,2.8748
dentin,NaCa4Al5(SiO8)2,112.25,3.012,2.8911
dentin,Na2Ca8Al12Si4O35,115.28,2.983,2.9746
dentin,Na4Ca8Al2Si4O21,97.78,2.977,2.4589
dentin,Na3Ca4AlSi2O11,98.55,2.963,2.4787
dentin,Na8Ca8Al2Si4O23,91.3,2.937,2.2605
dentin,Na5Ca4Al(SiO6)2,93.83,2.903,2.3282
dentin,Na12Ca8Al2Si4O25,94.43,2.865,2.3383
dentin,NaCa4Al(SiO4)3,108.19,3.022,2.7737
dentin,Na2Ca8Al4(Si2O9)3,114.5,3.052,2.9649
dentin,NaCa4Al3(SiO5)3,115.34,3.049,2.9891
dentin,Na2Ca8Al8(Si2O11)3,151.26,3.059,4.0471
dentin,NaCa4Al5(SiO6)3,115.46,2.989,2.9808
dentin,Na2Ca8Al12(Si2O13)3,144.15,3.003,3.8272
dentin,Na4Ca8Al2Si6O25,105.01,2.987,2.6732
dentin,Na3Ca4AlSi3O13,105.11,2.963,2.6716
dentin,Na8Ca8Al2(Si2O9)3,90.27,2.897,2.2224
dentin,Na5Ca4AlSi3O14,90.91,2.882,2.2382
dentin,Na12Ca8Al2Si6O29,94.92,2.884,2.3564
dentin,NaCa4Al(Si2O7)2,114.86,3.046,2.9745
dentin,Na2Ca8Al4Si8O31,150.5,3.063,4.0258
dentin,NaCa4Al3Si4O17,160.96,3.132,4.3467
dentin,Na2Ca8Al8Si8O37,161.43,3.052,4.345
dentin,NaCa4Al5(SiO5)4,164.79,3.074,4.4479
dentin,Na2Ca8Al12Si8O43,162.79,3.162,4.4065
dentin,Na4Ca8Al2Si8O29,110.02,2.973,2.818
dentin,Na3Ca4AlSi4O15,105.51,2.934,2.6776
dentin,Na8Ca8Al2Si8O31,102.13,2.914,2.5743
dentin,Na5Ca4Al(SiO4)4,97.0,2.911,2.4228
dentin,Na12Ca8Al2Si8O33,93.16,2.862,2.3005
dentin,NaCa4AlSi5O16,160.31,3.069,4.3152
dentin,Na2Ca8Al4(Si2O7)5,161.34,3.139,4.3592
dentin,NaCa4Al3Si5O19,164.12,3.124,4.4381
dentin,Na2Ca8Al8Si10O41,166.63,3.119,4.5107
dentin,NaCa4Al5Si5O22,166.27,3.158,4.5078
dentin,Na2Ca8Al12Si10O47,165.25,3.169,4.4802
dentin,Na4Ca8Al2Si10O33,116.54,3.006,3.0161
dentin,Na3Ca4AlSi5O17,114.43,2.979,2.9488
dentin,Na8Ca8Al2(Si2O7)5,104.35,2.884,2.6337
dentin,Na5Ca4AlSi5O18,99.76,2.873,2.4965
dentin,Na12Ca8Al2Si10O37,96.21,2.855,2.3885
dentin,NaCa4Al(SiO3)6,164.81,3.126,4.4588
dentin,Na2Ca8Al4(Si4O13)3,168.63,3.135,4.5726
dentin,NaCa4Al3(Si2O7)3,169.34,3.072,4.5814
dentin,Na2Ca8Al8(Si4O15)3,167.68,3.07,4.532
dentin,NaCa4Al5(SiO4)6,167.77,3.096,4.5398
dentin,Na2Ca8Al12(Si4O17)3,168.69,3.069,4.5617
dentin,Na4Ca8Al2Si12O37,113.13,2.963,2.9075
dentin,Na3Ca4AlSi6O19,115.3,2.922,2.9631
dentin,Na8Ca8Al2(Si4O13)3,114.28,2.925,2.9336
dentin,Na5Ca4Al(Si3O10)2,105.64,2.871,2.6691
dentin,Na12Ca8Al2Si12O41,94.62,2.841,2.3391
dentin,NaCa5AlSiO9,102.31,3.052,2.6068
dentin,Na2Ca10Al4Si2O21,99.31,3.043,2.5166
dentin,NaCa5Al3SiO12,98.51,3.055,2.4956
dentin,Na2Ca10Al8Si2O27,104.37,3.058,2.6686
dentin,NaCa5Al5SiO15,111.74,3.117,2.8966
dentin,Na2Ca10Al12Si2O33,110.77,3.081,2.8612
dentin,Na4Ca10Al2Si2O19,111.08,3.001,2.8545
dentin,Na2Ca5Al2SiO11,101.5,3.029,2.5783
dentin,Na4Ca10Al6Si2O25,94.03,2.981,2.3493
dentin,Na2Ca5Al4SiO14,101.13,3.013,2.5644
dentin,Na4Ca10Al10Si2O31,104.21,3.002,2.6529
dentin,Na2Ca5Al6SiO17,108.99,3.02,2.7969
dentin,Na3Ca5AlSiO10,115.16,2.973,2.9689
dentin,Na6Ca10Al4Si2O23,101.53,3.0,2.5735
dentin,Na3Ca5Al3SiO13,96.86,2.974,2.431
dentin,Na6Ca10Al8Si2O29,101.11,2.992,2.5596
dentin,Na3Ca5Al5SiO16,101.97,2.967,2.58
dentin,Na6Ca10Al12Si2O35,112.83,3.015,2.9087
dentin,Na8Ca10Al2Si2O21,105.33,2.939,2.6732
dentin,Na4Ca5Al2SiO12,103.54,2.974,2.6274
dentin,Na8Ca10Al6Si2O27,99.36,2.96,2.5019
dentin,Na4Ca5Al4SiO15,91.94,2.922,2.2764
dentin,Na8Ca10Al10Si2O33,95.87,2.946,2.3965
dentin,Na4Ca5Al6SiO18,98.43,2.933,2.4691
dentin,Na5Ca5AlSiO11,105.88,2.909,2.6836
dentin,Na10Ca10Al4Si2O25,106.31,2.921,2.6986
dentin,Na5Ca5Al3SiO14,93.93,2.932,2.3368
dentin,Na10Ca10Al8Si2O31,92.03,2.905,2.2757
dentin,Na5Ca5Al5SiO17,97.54,2.926,2.4418
dentin,Na10Ca10Al12Si2O37,96.47,2.919,2.4088
dentin,Na12Ca10Al2Si2O23,102.34,2.858,2.5696
dentin,Na6Ca5Al2SiO13,104.21,2.877,2.6282
dentin,Na12Ca10Al6Si2O29,95.92,2.911,2.3913
dentin,Na6Ca5Al4SiO16,92.36,2.888,2.282
dentin,Na12Ca10Al10Si2O35,96.16,2.917,2.3995
dentin,Na6Ca5Al6SiO19,94.67,2.902,2.3527
dentin,NaCa5AlSi2O11,102.05,3.036,2.5959
dentin,Na2Ca10Al4Si4O25,102.07,3.056,2.6005
dentin,NaCa5Al3(SiO7)2,104.85,3.054,2.6818
dentin,Na2Ca10Al8Si4O31,109.3,3.098,2.8211
dentin,NaCa5Al5Si2O17,112.8,3.075,2.9198
dentin,Na2Ca10Al12Si4O37,144.8,3.09,3.8633
dentin,Na4Ca10Al2Si4O23,101.11,3.021,2.5652
dentin,Na3Ca5Al(SiO6)2,101.99,3.003,2.5877
dentin,Na8Ca10Al2Si4O25,100.43,2.966,2.5346
dentin,Na5Ca5AlSi2O13,99.38,2.933,2.4972
dentin,Na12Ca10Al2Si4O27,98.6,2.889,2.4656
dentin,NaCa5AlSi3O13,103.58,3.051,2.6439
dentin,Na2Ca10Al4Si6O29,106.81,3.049,2.7383
dentin,NaCa5Al3Si3O16,111.54,3.097,2.8871
dentin,Na2Ca10Al8Si6O35,115.21,3.071,2.9898
dentin,NaCa5Al5Si3O19,151.37,3.076,4.0538
dentin,Na2Ca10Al12Si6O41,115.05,2.995,2.9699
dentin,Na4Ca10Al2(Si2O9)3,97.24,2.973,2.4422
dentin,Na3Ca5AlSi3O14,99.16,2.957,2.4956
dentin,Na8Ca10Al2Si6O29,94.63,2.944,2.3597
dentin,Na5Ca5Al(SiO5)3,92.25,2.932,2.2872
dentin,Na12Ca10Al2Si6O31,92.75,2.915,2.2987
dentin,NaCa5AlSi4O15,107.71,3.035,2.7622
dentin,Na2Ca10Al4Si8O33,114.59,3.077,2.9726
dentin,NaCa5Al3(Si2O9)2,116.15,3.057,3.0144
dentin,Na2Ca10Al8Si8O39,163.33,3.092,4.4086
dentin,NaCa5Al5Si4O21,162.22,3.092,4.376
dentin,Na2Ca10Al12Si8O45,144.66,3.028,3.8471
dentin,Na4Ca10Al2Si8O31,107.16,3.007,2.7403
dentin,Na3Ca5Al(SiO4)4,103.99,2.97,2.6398
dentin,Na8Ca10Al2Si8O33,101.16,2.936,2.5499
dentin,Na5Ca5AlSi4O17,91.98,2.9,2.273
dentin,Na12Ca10Al2Si8O35,92.57,2.896,2.2897
dentin,NaCa5AlSi5O17,147.67,3.092,3.9481
dentin,Na2Ca10Al4Si10O37,149.91,3.086,4.0126
dentin,NaCa5Al3(SiO4)5,161.35,3.17,4.3657
dentin,Na2Ca10Al8Si10O43,162.93,3.159,4.41
dentin,NaCa5Al5Si5O23,162.7,3.097,4.3912
dentin,Na2Ca10Al12Si10O49,164.93,3.103,4.4578
dentin,Na4Ca10Al2(Si2O7)5,109.3,2.995,2.8011
dentin,Na3Ca5AlSi5O18,107.27,2.952,2.7331
dentin,Na8Ca10Al2Si10O37,103.17,2.933,2.6085
dentin,Na5Ca5AlSi5O19,101.4,2.922,2.5543
dentin,Na12Ca10Al2Si10O39,97.0,2.914,2.4234
dentin,NaCa5AlSi6O19,161.86,3.095,4.3659
dentin,Na2Ca10Al4Si12O41,167.22,3.188,4.5418
dentin,NaCa5Al3(Si3O11)2,167.41,3.197,4.5492
dentin,Na2Ca10Al8Si12O47,168.95,3.213,4.5975
dentin,NaCa5Al5Si6O25,170.32,3.135,4.6226
dentin,Na2Ca10Al12Si12O53,168.66,3.165,4.5795
dentin,Na4Ca10Al2(Si4O13)3,116.69,3.019,3.0228
dentin,Na3Ca5Al(Si3O10)2,114.21,3.007,2.9475
dentin,Na8Ca10Al2Si12O41,107.21,2.925,2.7258
dentin,Na5Ca5Al(Si2O7)3,102.4,2.9,2.5795
dentin,Na12Ca10Al2Si12O43,100.33,2.886,2.5157
dentin,NaCa6AlSiO10,112.4,3.071,2.9071
dentin,Na2Ca12Al4Si2O23,99.89,3.059,2.537
dentin,NaCa6Al3SiO13,98.08,3.019,2.476
dentin,Na2Ca12Al8Si2O29,103.56,3.067,2.6463
dentin,NaCa6Al5SiO16,106.5,3.081,2.7354
dentin,Na2Ca12Al12Si2O35,111.74,3.133,2.8997
dentin,Na4Ca12Al2Si2O21,111.39,3.023,2.868
dentin,Na2Ca6Al2SiO12,102.83,3.028,2.6173
dentin,Na4Ca12Al6Si2O27,99.81,3.015,2.5259
dentin,Na2Ca6Al4SiO15,101.27,3.039,2.5736
dentin,Na4Ca12Al10Si2O33,101.47,3.024,2.5764
dentin,Na2Ca6Al6SiO18,105.02,3.018,2.6796
dentin,Na3Ca6AlSiO11,115.97,3.002,2.9986
dentin,Na6Ca12Al4Si2O25,111.6,2.992,2.8679
dentin,Na3Ca6Al3SiO14,100.27,3.0,2.5366
dentin,Na6Ca12Al8Si2O31,95.66,2.974,2.396
dentin,Na3Ca6Al5SiO17,102.24,3.003,2.5949
dentin,Na6Ca12Al12Si2O37,103.62,2.984,2.6318
dentin,Na8Ca12Al2Si2O23,110.27,2.965,2.8237
dentin,Na4Ca6Al2SiO13,110.78,2.961,2.838
dentin,Na8Ca12Al6Si2O29,102.95,2.984,2.6123
dentin,Na4Ca6Al4SiO16,96.56,2.964,2.4204
dentin,Na8Ca12Al10Si2O35,103.85,2.979,2.6376
dentin,Na4Ca6Al6SiO19,102.58,2.959,2.5964
dentin,Na5Ca6AlSiO12,105.45,2.92,2.6731
dentin,Na10Ca12Al4Si2O27,105.73,2.941,2.6856
dentin,Na5Ca6Al3SiO15,102.66,2.964,2.5997
dentin,Na10Ca12Al8Si2O33,91.38,2.947,2.2646
dentin,Na5Ca6Al5SiO18,91.36,2.917,2.2583
dentin,Na10Ca12Al12Si2O39,98.0,2.948,2.4597
dentin,Na12Ca12Al2Si2O25,100.7,2.874,2.5246
dentin,Na6Ca6Al2SiO14,104.95,2.908,2.6562
dentin,Na12Ca12Al6Si2O31,105.6,2.936,2.6807
dentin,Na6Ca6Al4SiO17,93.93,2.925,2.3355
dentin,Na12Ca12Al10Si2O37,92.03,2.903,2.2753
dentin,Na6Ca6Al6SiO20,93.52,2.927,2.3237
dentin,NaCa6Al(SiO6)2,105.68,3.051,2.7057
dentin,Na2Ca12Al4Si4O27,100.1,3.019,2.5354
dentin,NaCa6Al3Si2O15,101.28,3.079,2.5818
dentin,Na2Ca12Al8Si4O33,104.54,3.067,2.6751
dentin,NaCa6Al5(SiO9)2,108.62,3.113,2.8043
dentin,Na2Ca12Al12Si4O39,112.8,3.098,2.9243
dentin,Na4Ca12Al2Si4O25,101.28,3.044,2.5747
dentin,Na3Ca6AlSi2O13,101.52,3.029,2.5788
dentin,Na8Ca12Al2Si4O27,104.02,2.973,2.6414
dentin,Na5Ca6Al(SiO7)2,99.32,2.936,2.496
dentin,Na12Ca12Al2Si4O29,98.9,2.92,2.4807
dentin,NaCa6AlSi3O14,95.54,3.02,2.4015
dentin,Na2Ca12Al4Si6O31,102.67,3.069,2.6205
dentin,NaCa6Al3Si3O17,106.99,3.065,2.7468
dentin,Na2Ca12Al8Si6O37,109.65,3.116,2.835
dentin,NaCa6Al5Si3O20,146.61,3.094,3.9174
dentin,Na2Ca12Al12Si6O43,145.76,3.085,3.8906
dentin,Na4Ca12Al2Si6O29,97.31,3.008,2.4509
dentin,Na3Ca6Al(SiO5)3,98.76,2.99,2.49
dentin,Na8Ca12Al2Si6O31,99.2,2.984,2.502
dentin,Na5Ca6AlSi3O16,93.45,2.97,2.33
dentin,Na12Ca12Al2(Si2O11)3,91.8,2.937,2.2752
dentin,NaCa6Al(SiO4)4,103.83,3.04,2.6489
dentin,Na2Ca12Al4Si8O35,107.93,3.049,2.7713
dentin,NaCa6Al3Si4O19,112.43,3.094,2.9122
dentin,Na2Ca12Al8Si8O41,116.04,3.077,3.0153
dentin,NaCa6Al5(Si2O11)2,151.94,3.091,4.0735
dentin,Na2Ca12Al12Si8O47,153.12,3.074,4.1047
dentin,Na4Ca12Al2Si8O33,102.8,3.037,2.6181
dentin,Na3Ca6AlSi4O17,97.31,2.964,2.4423
dentin,Na8Ca12Al2Si8O35,95.49,2.941,2.3845
dentin,Na5Ca6Al(Si2O9)2,95.35,2.923,2.3769
dentin,Na12Ca12Al2Si8O37,92.53,2.925,2.2941
dentin,NaCa6AlSi5O18,108.71,3.045,2.7934
dentin,Na2Ca12Al4Si10O39,116.35,3.084,3.0256
dentin,NaCa6Al3Si5O21,117.21,3.073,3.0487
dentin,Na2Ca12Al8(Si2O9)5,162.13,3.124,4.3796
dentin,NaCa6Al5Si5O24,161.76,3.117,4.3671
dentin,Na2Ca12Al12Si10O51,161.46,3.059,4.3471
dentin,Na4Ca12Al2Si10O37,106.21,3.005,2.7123
dentin,Na3Ca6AlSi5O19,106.45,2.997,2.7177
dentin,Na8Ca12Al2Si10O39,105.56,2.965,2.6851
dentin,Na5Ca6Al(SiO4)5,101.16,2.93,2.5489
dentin,Na12Ca12Al2Si10O41,94.85,2.908,2.3592
dentin,NaCa6Al(Si3O10)2,158.59,3.143,4.2793
dentin,Na2Ca12Al4Si12O43,159.41,3.112,4.2971
dentin,NaCa6Al3Si6O23,165.67,3.186,4.4958
dentin,Na2Ca12Al8Si12O49,166.31,3.192,4.5157
dentin,NaCa6Al5(Si3O13)2,168.01,3.177,4.5627
dentin,Na2Ca12Al12Si12O55,161.46,3.115,4.3581
dentin,Na4Ca12Al2Si12O41,110.06,3.011,2.8266
dentin,Na3Ca6Al(Si2O7)3,108.76,2.974,2.7811
dentin,Na8Ca12Al2Si12O43,104.68,2.946,2.6557
dentin,Na5Ca6Al(Si3O11)2,104.69,2.934,2.6535
dentin,Na12Ca12Al2(Si4O15)3,102.26,2.922,2.5795
dentin,K2Sr2Ca2Si2O9,75.11,3.237,1.8433
dentin,K2SrCaSiO5,67.98,3.074,1.6017
dentin,K6Sr2Ca2Si2O11,71.15,3.046,1.6895
dentin,K4SrCaSiO6,74.09,3.012,1.769
dentin,K10Sr2Ca2Si2O13,77.23,2.907,1.8409
dentin,K6SrCaSiO7,60.4,2.739,1.3132
dentin,K2Sr4Ca2Si2O11,72.18,3.563,1.8212
dentin,K2Sr2CaSiO6,72.28,3.417,1.7955
dentin,K6Sr4Ca2Si2O13,81.52,3.337,2.0514
dentin,K4Sr2CaSiO7,82.14,3.274,2.0572
dentin,K10Sr4Ca2Si2O15,63.2,3.13,1.4724
dentin,K6Sr2CaSiO8,63.2,2.983,1.4435
dentin,K2Sr6Ca2Si2O13,80.65,3.818,2.12
dentin,K2Sr3CaSiO7,83.98,3.65,2.1851
dentin,K6Sr6Ca2Si2O15,84.12,3.547,2.1691
dentin,K4Sr3CaSiO8,82.14,3.466,2.0947
dentin,K10Sr6Ca2Si2O17,80.51,3.4,2.0341
dentin,K6Sr3CaSiO9,63.66,3.176,1.4948
dentin,K2Sr8Ca2Si2O15,87.73,3.948,2.3537
dentin,K2Sr4CaSiO8,84.5,3.816,2.233
dentin,K6Sr8Ca2Si2O17,86.12,3.731,2.2639
dentin,K4Sr4CaSiO9,86.77,3.621,2.2615
dentin,K10Sr8Ca2Si2O19,86.43,3.552,2.238
dentin,K6Sr4CaSiO10,62.49,3.308,1.4863
dentin,K2Sr10Ca2Si2O17,108.54,4.075,2.9906
dentin,K2Sr5CaSiO9,92.77,3.951,2.5026
dentin,K6Sr10Ca2Si2O19,86.5,3.865,2.3013
dentin,K4Sr5CaSiO10,88.49,3.746,2.3364
dentin,K10Sr10Ca2Si2O21,88.49,3.699,2.3272
dentin,K6Sr5CaSiO11,63.75,3.417,1.5447
dentin,K2Sr12Ca2Si2O19,110.69,4.187,3.0757
dentin,K2Sr6CaSiO10,108.56,4.053,2.9868
dentin,K6Sr12Ca2Si2O21,91.95,3.97,2.4822
dentin,K4Sr6CaSiO11,87.15,3.852,2.318
dentin,K10Sr12Ca2Si2O23,90.5,3.8,2.4062
dentin,K6Sr6CaSiO12,65.2,3.525,1.6085
dentin,K2Sr2Ca2Si4O13,105.18,3.43,2.7654
dentin,K2SrCaSi2O7,71.95,2.955,1.6951
dentin,K6Sr2Ca2Si4O15,65.47,2.93,1.4997
dentin,K4SrCa(SiO4)2,64.62,2.892,1.4673
dentin,K10Sr2Ca2Si4O17,66.76,2.865,1.5248
dentin,K6SrCaSi2O9,70.39,2.843,1.6272
dentin,K2Sr4Ca2Si4O15,113.52,3.811,3.085
dentin,K2Sr2Ca(SiO4)2,73.23,3.267,1.7939
dentin,K6Sr4Ca2Si4O17,69.14,3.191,1.6588
dentin,K4Sr2CaSi2O9,67.7,3.087,1.5961
dentin,K10Sr4Ca2Si4O19,70.99,3.084,1.6923
dentin,K6Sr2Ca(SiO5)2,72.65,3.045,1.7331
dentin,K2Sr6Ca2Si4O17,83.48,3.648,2.1699
dentin,K2Sr3CaSi2O9,74.1,3.473,1.8598
dentin,K6Sr6Ca2Si4O19,70.17,3.41,1.7321
dentin,K4Sr3Ca(SiO5)2,71.71,3.293,1.7544
dentin,K10Sr6Ca2Si4O21,74.1,3.272,1.8206
dentin,K6Sr3CaSi2O11,74.1,3.214,1.809
dentin,K2Sr8Ca2Si4O19,81.93,3.786,2.1515
dentin,K2Sr4Ca(SiO5)2,72.89,3.64,1.8572
dentin,K6Sr8Ca2Si4O21,76.48,3.58,1.9511
dentin,K4Sr4CaSi2O11,73.6,3.453,1.8414
dentin,K10Sr8Ca2Si4O23,74.2,3.416,1.8518
dentin,K6Sr4Ca(SiO6)2,76.05,3.356,1.8944
dentin,K2Sr10Ca2Si4O21,79.06,3.882,2.0859
dentin,K2Sr5CaSi2O11,74.18,3.778,1.9222
dentin,K6Sr10Ca2Si4O23,75.38,3.681,1.9384
dentin,K4Sr5Ca(SiO6)2,78.37,3.587,2.0078
dentin,K10Sr10Ca2Si4O25,83.35,3.541,2.1452
dentin,K6Sr5CaSi2O13,82.14,3.475,2.0965
dentin,K2Sr12Ca2Si4O23,78.22,3.955,2.0758
dentin,K2Sr6Ca(SiO6)2,77.01,3.905,2.0302
dentin,K6Sr12Ca2Si4O25,81.12,3.786,2.1277
dentin,K4Sr6CaSi2O13,84.64,3.699,2.214
dentin,K10Sr12Ca2Si4O27,85.33,3.648,2.2245
dentin,K6Sr6Ca(SiO7)2,84.75,3.571,2.1923
dentin,K2Sr2Ca2Si6O17,103.48,3.274,2.6847
dentin,K2SrCa(SiO3)3,104.26,3.263,2.7053
dentin,K6Sr2Ca2Si6O19,65.4,2.816,1.4754
dentin,K4SrCaSi3O10,64.13,2.827,1.4401
dentin,K10Sr2Ca2(Si2O7)3,63.69,2.791,1.4201
dentin,K6SrCaSi3O11,65.83,2.782,1.4813
dentin,K2Sr4Ca2Si6O19,118.81,3.583,3.1959
dentin,K2Sr2CaSi3O10,111.35,3.53,2.9664
dentin,K6Sr4Ca2(Si2O7)3,71.95,3.086,1.7208
dentin,K4Sr2CaSi3O11,70.15,3.062,1.6629
dentin,K10Sr4Ca2Si6O23,65.74,3.002,1.5215
dentin,K6Sr2Ca(SiO4)3,67.85,2.982,1.5799
dentin,K2Sr6Ca2(Si2O7)3,106.37,3.849,2.8826
dentin,K2Sr3CaSi3O11,76.05,3.35,1.8931
dentin,K6Sr6Ca2Si6O23,72.73,3.287,1.783
dentin,K4Sr3Ca(SiO4)3,67.53,3.223,1.6177
dentin,K10Sr6Ca2Si6O25,66.77,3.176,1.586
dentin,K6Sr3CaSi3O13,67.7,3.101,1.5989
dentin,K2Sr8Ca2Si6O23,123.81,4.058,3.4363
dentin,K2Sr4Ca(SiO4)3,75.64,3.476,1.9058
dentin,K6Sr8Ca2Si6O25,77.42,3.452,1.9534
dentin,K4Sr4CaSi3O13,70.16,3.381,1.726
dentin,K10Sr8Ca2(Si2O9)3,64.46,3.325,1.5476
dentin,K6Sr4CaSi3O14,70.24,3.244,1.7016
dentin,K2Sr10Ca2Si6O25,121.29,4.131,3.3762
dentin,K2Sr5CaSi3O13,77.99,3.642,2.0074
dentin,K6Sr10Ca2(Si2O9)3,72.79,3.556,1.8378
dentin,K4Sr5CaSi3O14,68.75,3.519,1.7115
dentin,K10Sr10Ca2Si6O29,70.14,3.453,1.7396
dentin,K6Sr5Ca(SiO5)3,71.71,3.368,1.7692
dentin,K2Sr12Ca2(Si2O9)3,79.9,3.897,2.1136
dentin,K2Sr6CaSi3O14,81.2,3.74,2.1209
dentin,K6Sr12Ca2Si6O29,72.89,3.66,1.8611
dentin,K4Sr6Ca(SiO5)3,70.03,3.634,1.7716
dentin,K10Sr12Ca2Si6O31,70.79,3.516,1.7709
dentin,K6Sr6CaSi3O16,74.2,3.469,1.8622
dentin,K2Sr2Ca2Si8O21,102.76,3.085,2.6264
dentin,K2SrCaSi4O11,107.15,3.178,2.7738
dentin,K6Sr2Ca2Si8O23,102.58,3.215,2.6467
dentin,K4SrCa(SiO3)4,65.0,2.724,1.4454
dentin,K10Sr2Ca2Si8O25,65.75,2.773,1.477
dentin,K6SrCaSi4O13,62.52,2.75,1.3778
dentin,K2Sr4Ca2Si8O23,104.74,3.472,2.7604
dentin,K2Sr2Ca(SiO3)4,105.69,3.417,2.7778
dentin,K6Sr4Ca2Si8O25,82.06,3.303,2.0605
dentin,K4Sr2CaSi4O13,67.68,2.953,1.5693
dentin,K10Sr4Ca2Si8O27,70.43,2.958,1.6509
dentin,K6Sr2Ca(Si2O7)2,67.06,2.916,1.5438
dentin,K2Sr6Ca2Si8O25,120.02,3.66,3.2466
dentin,K2Sr3CaSi4O13,110.96,3.648,2.978
dentin,K6Sr6Ca2Si8O27,73.04,3.174,1.7701
dentin,K4Sr3Ca(Si2O7)2,71.52,3.149,1.7204
dentin,K10Sr6Ca2Si8O29,73.65,3.129,1.7791
dentin,K6Sr3CaSi4O15,68.64,3.08,1.6222
dentin,K2Sr8Ca2Si8O27,115.84,3.859,3.163
dentin,K2Sr4Ca(Si2O7)2,107.7,3.868,2.9252
dentin,K6Sr8Ca2Si8O29,73.55,3.289,1.8077
dentin,K4Sr4CaSi4O15,72.94,3.296,1.7911
dentin,K10Sr8Ca2Si8O31,67.53,3.246,1.6222
dentin,K6Sr4Ca(SiO4)4,69.14,3.207,1.6619
dentin,K2Sr10Ca2Si8O29,125.68,4.041,3.4879
dentin,K2Sr5CaSi4O15,91.31,3.841,2.4381
dentin,K6Sr10Ca2Si8O31,75.7,3.438,1.9002
dentin,K4Sr5Ca(SiO4)4,76.93,3.414,1.9315
dentin,K10Sr10Ca2Si8O33,70.16,3.366,1.7231
dentin,K6Sr5CaSi4O17,71.64,3.326,1.7588
dentin,K2Sr12Ca2Si8O31,125.54,4.194,3.5138
dentin,K2Sr6Ca(SiO4)4,81.18,3.655,2.1039
dentin,K6Sr12Ca2Si8O33,77.45,3.577,1.9787
dentin,K4Sr6CaSi4O17,74.81,3.513,1.8888
dentin,K10Sr12Ca2Si8O35,69.91,3.47,1.7362
dentin,K6Sr6Ca(Si2O9)2,68.78,3.431,1.695
dentin,K2Sr2Ca2(Si2O5)5,101.38,2.987,2.5666
dentin,K2SrCaSi5O13,100.94,3.066,2.5692
dentin,K6Sr2Ca2Si10O27,99.13,3.128,2.5282
dentin,K4SrCaSi5O14,104.3,3.167,2.6877
dentin,K10Sr2Ca2Si10O29,66.52,2.677,1.4808
dentin,K6SrCa(SiO3)5,63.56,2.719,1.402
dentin,K2Sr4Ca2Si10O27,102.87,3.272,2.6662
dentin,K2Sr2CaSi5O14,109.91,3.34,2.8866
dentin,K6Sr4Ca2Si10O29,103.91,3.325,2.7072
dentin,K4Sr2Ca(SiO3)5,72.36,2.95,1.7063
dentin,K10Sr4Ca2Si10O31,65.96,2.881,1.5044
dentin,K6Sr2CaSi5O16,65.91,2.896,1.5059
dentin,K2Sr6Ca2Si10O29,109.83,3.559,2.9274
dentin,K2Sr3Ca(SiO3)5,116.34,3.539,3.1148
dentin,K6Sr6Ca2Si10O31,107.63,3.54,2.8589
dentin,K4Sr3CaSi5O16,69.27,3.029,1.6307
dentin,K10Sr6Ca2Si10O33,70.8,3.028,1.6754
dentin,K6Sr3CaSi5O17,70.43,3.05,1.6689
dentin,K2Sr8Ca2Si10O31,117.39,3.735,3.1839
dentin,K2Sr4CaSi5O16,112.39,3.699,3.0298
dentin,K6Sr8Ca2Si10O33,109.93,3.712,2.9602
dentin,K4Sr4CaSi5O17,71.06,3.155,1.7081
dentin,K10Sr8Ca2(Si2O7)5,71.85,3.187,1.7376
dentin,K6Sr4CaSi5O18,71.4,3.164,1.7198
dentin,K2Sr10Ca2Si10O33,113.78,3.857,3.1019
dentin,K2Sr5CaSi5O17,106.37,3.861,2.8849
dentin,K6Sr10Ca2(Si2O7)5,86.38,3.56,2.2382
dentin,K4Sr5CaSi5O18,73.55,3.303,1.8105
dentin,K10Sr10Ca2Si10O37,72.94,3.31,1.794
dentin,K6Sr5CaSi5O19,75.58,3.273,1.8642
dentin,K2Sr12Ca2(Si2O7)5,128.84,4.023,3.5774
dentin,K2Sr6CaSi5O18,127.47,4.02,3.5364
dentin,K6Sr12Ca2Si10O37,77.5,3.484,1.9622
dentin,K4Sr6CaSi5O19,75.01,3.428,1.8779
dentin,K10Sr12Ca2Si10O39,74.12,3.411,1.8483
dentin,K6Sr6Ca(SiO4)5,69.97,3.357,1.7158
dentin,K2Sr2Ca2Si12O29,106.25,2.942,2.7008
dentin,K2SrCa(Si2O5)3,101.3,2.991,2.565
dentin,K6Sr2Ca2Si12O31,105.54,3.074,2.7058
dentin,K4SrCa(Si3O8)2,98.91,3.102,2.5163
dentin,K10Sr2Ca2(Si4O11)3,100.14,3.027,2.5379
dentin,K6SrCaSi6O17,66.02,2.64,1.4589
dentin,K2Sr4Ca2Si12O31,101.4,3.174,2.6039
dentin,K2Sr2Ca(Si3O8)2,98.73,3.22,2.5345
dentin,K6Sr4Ca2(Si4O11)3,109.64,3.279,2.8666
dentin,K4Sr2CaSi6O17,103.35,3.261,2.6782
dentin,K10Sr4Ca2Si12O35,70.45,2.884,1.6372
dentin,K6Sr2Ca(SiO3)6,64.76,2.818,1.4567
dentin,K2Sr6Ca2(Si4O11)3,106.92,3.388,2.8081
dentin,K2Sr3CaSi6O17,108.92,3.486,2.8863
dentin,K6Sr6Ca2Si12O35,106.39,3.417,2.7984
dentin,K4Sr3Ca(SiO3)6,104.14,3.456,2.7396
dentin,K10Sr6Ca2Si12O37,67.16,2.95,1.5534
dentin,K6Sr3CaSi6O19,69.58,2.956,1.6254
dentin,K2Sr8Ca2Si12O35,115.23,3.643,3.1025
dentin,K2Sr4Ca(SiO3)6,118.86,3.619,3.2043
dentin,K6Sr8Ca2Si12O37,112.74,3.592,3.0192
dentin,K4Sr4CaSi6O19,92.13,3.473,2.39
dentin,K10Sr8Ca2(Si4O13)3,70.94,3.062,1.6866
dentin,K6Sr4Ca(Si3O10)2,71.52,3.086,1.708
dentin,K2Sr10Ca2Si12O37,115.71,3.786,3.1448
dentin,K2Sr5CaSi6O19,112.21,3.746,3.0338
dentin,K6Sr10Ca2(Si4O13)3,110.29,3.743,2.9768
dentin,K4Sr5Ca(Si3O10)2,79.87,3.305,1.9965
dentin,K10Sr10Ca2Si12O41,71.66,3.194,1.7335
dentin,K6Sr5Ca(Si2O7)3,71.85,3.213,1.7428
dentin,K2Sr12Ca2(Si4O13)3,121.76,3.875,3.3399
dentin,K2Sr6Ca(Si3O10)2,107.41,3.862,2.9154
dentin,K6Sr12Ca2Si12O41,112.55,3.888,3.0718
dentin,K4Sr6Ca(Si2O7)3,75.11,3.35,1.8654
dentin,K10Sr12Ca2Si12O43,73.55,3.316,1.8129
dentin,K6Sr6Ca(Si3O11)2,72.94,3.32,1.796
dentin,K2Sr2Ca4Si2O11,74.28,3.154,1.8026
dentin,K2SrCa2SiO6,64.69,3.051,1.5005
dentin,K6Sr2Ca4Si2O13,78.12,3.01,1.8872
dentin,K4SrCa2SiO7,79.35,2.969,1.9155
dentin,K10Sr2Ca4Si2O15,79.86,2.965,1.9294
dentin,K6SrCa2SiO8,60.18,2.781,1.315
dentin,K2Sr4Ca4Si2O13,84.77,3.51,2.1809
dentin,K2Sr2Ca2SiO7,80.21,3.356,2.0165
dentin,K6Sr4Ca4Si2O15,81.52,3.263,2.0369
dentin,K4Sr2Ca2SiO8,82.14,3.202,2.0429
dentin,K10Sr4Ca4Si2O17,82.14,3.179,2.0386
dentin,K6Sr2Ca2SiO9,63.2,2.983,1.4434
dentin,K2Sr6Ca4Si2O15,86.1,3.699,2.2571
dentin,K2Sr3Ca2SiO8,79.18,3.57,2.0281
dentin,K6Sr6Ca4Si2O17,81.52,3.472,2.0778
dentin,K4Sr3Ca2SiO9,82.14,3.388,2.0795
dentin,K10Sr6Ca4Si2O19,82.14,3.356,2.0731
dentin,K6Sr3Ca2SiO10,61.28,3.187,1.4269
dentin,K2Sr8Ca4Si2O17,82.9,3.821,2.1869
dentin,K2Sr4Ca2SiO9,85.24,3.72,2.2359
dentin,K6Sr8Ca4Si2O19,86.12,3.632,2.2445
dentin,K4Sr4Ca2SiO10,84.75,3.536,2.1855
dentin,K10Sr8Ca4Si2O21,82.14,3.497,2.1009
dentin,K6Sr4Ca2SiO11,80.74,3.373,2.0357
dentin,K2Sr10Ca4Si2O19,87.99,3.939,2.3598
dentin,K2Sr5Ca2SiO10,83.95,3.853,2.2242
dentin,K6Sr10Ca4Si2O21,85.45,3.764,2.2507
dentin,K4Sr5Ca2SiO11,88.49,3.66,2.3196
dentin,K10Sr10Ca4Si2O23,88.49,3.617,2.3111
dentin,K6Sr5Ca2SiO12,82.34,3.486,2.1047
dentin,K2Sr12Ca4Si2O21,108.62,4.053,2.9884
dentin,K2Sr6Ca2SiO11,92.77,3.965,2.5054
dentin,K6Sr12Ca4Si2O23,88.82,3.875,2.3715
dentin,K4Sr6Ca2SiO12,88.49,3.771,2.3413
dentin,K10Sr12Ca4Si2O25,88.49,3.721,2.3315
dentin,K6Sr6Ca2SiO13,88.49,3.655,2.3186
dentin,K2Sr2Ca4Si4O15,113.4,3.394,2.9999
dentin,K2SrCa2(SiO4)2,73.56,2.994,1.75
dentin,K6Sr2Ca4Si4O17,67.06,2.912,1.5429
dentin,K4SrCa2Si2O9,64.92,2.9,1.4775
dentin,K10Sr2Ca4Si4O19,67.22,2.851,1.5357
dentin,K6SrCa2(SiO5)2,70.46,2.868,1.6342
dentin,K2Sr4Ca4Si4O17,115.06,3.757,3.1198
dentin,K2Sr6Ca4Si4O19,91.0,3.72,2.4053
dentin,K2Sr8Ca4Si4O21,79.48,3.674,2.0576
dentin,K2Sr10Ca4Si4O23,80.22,3.816,2.1071
dentin,K2Sr12Ca4Si4O25,83.54,3.897,2.2205
dentin,K2Sr2Ca4Si6O19,103.63,3.252,2.6848
dentin,K2SrCa2Si3O10,105.39,3.26,2.7381
dentin,K6Sr2Ca4(Si2O7)3,66.02,2.82,1.4942
dentin,K4SrCa2Si3O11,66.66,2.838,1.5165
dentin,K10Sr2Ca4Si6O23,66.6,2.811,1.5096
dentin,K6SrCa2(SiO4)3,65.75,2.785,1.4794
dentin,K2Sr4Ca4(Si2O7)3,113.28,3.553,3.0274
dentin,K2Sr6Ca4Si6O23,110.44,3.795,2.9916
dentin,K2Sr8Ca4Si6O25,125.64,3.999,3.4782
dentin,K2Sr10Ca4(Si2O9)3,127.44,4.135,3.5579
dentin,K2Sr12Ca4Si6O29,85.32,3.86,2.2657
dentin,K2Sr2Ca4Si8O23,100.2,3.172,2.5681
dentin,K2SrCa2(SiO3)4,107.14,3.184,2.7747
dentin,K6Sr2Ca4Si8O25,102.07,3.217,2.632
dentin,K4SrCa2Si4O13,66.05,2.744,1.4803
dentin,K10Sr2Ca4Si8O27,65.36,2.782,1.4673
dentin,K6SrCa2(Si2O7)2,63.56,2.768,1.4118
dentin,K2Sr4Ca4Si8O25,107.25,3.397,2.8197
dentin,K2Sr6Ca4Si8O27,117.56,3.612,3.1649
dentin,K2Sr8Ca4Si8O29,116.49,3.843,3.1787
dentin,K2Sr10Ca4Si8O31,109.98,3.97,3.0121
dentin,K2Sr12Ca4Si8O33,128.71,4.115,3.5913
dentin,K2Sr2Ca4Si10O27,101.16,3.06,2.5745
dentin,K2SrCa2Si5O14,100.0,3.113,2.5508
dentin,K6Sr2Ca4Si10O29,101.75,3.143,2.608
dentin,K4SrCa2(SiO3)5,102.89,3.159,2.6449
dentin,K10Sr2Ca4Si10O31,64.52,2.683,1.4233
dentin,K6SrCa2Si5O16,65.6,2.732,1.4645
dentin,K2Sr4Ca4Si10O29,103.49,3.338,2.6973
dentin,K2Sr6Ca4Si10O31,109.86,3.525,2.9217
dentin,K2Sr8Ca4Si10O33,118.41,3.676,3.2023
dentin,K2Sr10Ca4(Si2O7)5,118.06,3.833,3.2231
dentin,K2Sr12Ca4Si10O37,131.99,4.008,3.6669
dentin,K2Sr2Ca4Si12O31,101.01,3.001,2.5584
dentin,K2SrCa2(Si3O8)2,99.19,3.041,2.5129
dentin,K6Sr2Ca4(Si4O11)3,103.19,3.087,2.6396
dentin,K4SrCa2Si6O17,101.17,3.094,2.5815
dentin,K10Sr2Ca4Si12O35,103.88,3.119,2.6659
dentin,K6SrCa2(SiO3)6,65.82,2.648,1.4547
dentin,K2Sr4Ca4(Si4O11)3,101.27,3.2,2.6052
dentin,K2Sr6Ca4Si12O35,106.59,3.467,2.814
dentin,K2Sr8Ca4Si12O37,112.58,3.6,3.0162
dentin,K2Sr10Ca4(Si4O13)3,116.36,3.716,3.15
dentin,K2Sr12Ca4Si12O41,116.55,3.838,3.1795
dentin,K2Sr2Ca6Si2O13,81.99,3.089,2.0165
dentin,K2SrCa3SiO7,74.77,3.025,1.7916
dentin,K6Sr2Ca6Si2O15,76.22,2.988,1.8272
dentin,K4SrCa3SiO8,78.07,2.95,1.874
dentin,K10Sr2Ca6Si2O17,78.07,2.948,1.8735
dentin,K6SrCa3SiO9,78.56,2.922,1.883
dentin,K2Sr4Ca6Si2O15,84.28,3.413,2.1473
dentin,K2Sr2Ca3SiO8,77.06,3.271,1.9075
dentin,K6Sr4Ca6Si2O17,80.75,3.225,2.0067
dentin,K4Sr2Ca3SiO9,82.14,3.156,2.0339
dentin,K10Sr4Ca6Si2O19,81.54,3.141,2.0136
dentin,K6Sr2Ca3SiO10,79.38,3.105,1.9429
dentin,K2Sr6Ca6Si2O17,92.48,3.629,2.4309
dentin,K2Sr3Ca3SiO9,77.26,3.479,1.9538
dentin,K6Sr6Ca6Si2O19,80.86,3.414,2.047
dentin,K4Sr3Ca3SiO10,82.14,3.326,2.0673
dentin,K10Sr6Ca6Si2O21,82.14,3.308,2.0638
dentin,K6Sr3Ca3SiO11,82.14,3.276,2.0575
dentin,K2Sr8Ca6Si2O19,88.73,3.734,2.3413
dentin,K2Sr4Ca3SiO10,83.08,3.644,2.1574
dentin,K6Sr8Ca6Si2O21,82.79,3.559,2.1322
dentin,K4Sr4Ca3SiO11,82.14,3.47,2.0955
dentin,K10Sr8Ca6Si2O23,82.14,3.443,2.0902
dentin,K6Sr4Ca3SiO12,82.14,3.406,2.083
dentin,K2Sr10Ca6Si2O21,86.25,3.842,2.2896
dentin,K2Sr5Ca3SiO11,83.08,3.773,2.1827
dentin,K6Sr10Ca6Si2O23,85.98,3.678,2.2493
dentin,K4Sr5Ca3SiO12,86.77,3.59,2.2554
dentin,K10Sr10Ca6Si2O25,84.75,3.566,2.1915
dentin,K6Sr5Ca3SiO13,84.75,3.53,2.1843
dentin,K2Sr12Ca6Si2O23,87.99,3.944,2.3607
dentin,K2Sr6Ca3SiO12,90.65,3.878,2.4259
dentin,K6Sr12Ca6Si2O25,89.23,3.784,2.3657
dentin,K4Sr6Ca3SiO13,89.35,3.693,2.3514
dentin,K10Sr12Ca6Si2O27,88.49,3.663,2.3202
dentin,K6Sr6Ca3SiO14,88.49,3.617,2.3111
dentin,K2Sr2Ca6Si4O17,113.11,3.389,2.9902
dentin,K2SrCa3Si2O9,74.32,2.979,1.7693
dentin,K6Sr2Ca6Si4O19,64.57,2.911,1.4695
dentin,K4SrCa3(SiO5)2,69.73,2.913,1.6216
dentin,K10Sr2Ca6Si4O21,66.68,2.85,1.5194
dentin,K6SrCa3Si2O11,69.53,2.855,1.6043
dentin,K2Sr4Ca6Si4O19,115.03,3.691,3.1059
dentin,K2Sr6Ca6Si4O21,89.57,3.737,2.3663
dentin,K2Sr8Ca6Si4O23,80.28,3.593,2.0652
dentin,K2Sr10Ca6Si4O25,88.39,3.707,2.326
dentin,K2Sr12Ca6Si4O27,86.23,3.857,2.2918
dentin,K2Sr2Ca6(Si2O7)3,102.65,3.248,2.655
dentin,K2SrCa3Si3O11,104.65,3.254,2.7152
dentin,K6Sr2Ca6Si6O23,68.84,2.871,1.5871
dentin,K4SrCa3(SiO4)3,69.55,2.834,1.6007
dentin,K10Sr2Ca6Si6O25,66.69,2.813,1.5127
dentin,K6SrCa3Si3O13,64.37,2.801,1.4421
dentin,K2Sr4Ca6Si6O23,113.7,3.52,3.0335
dentin,K2Sr6Ca6Si6O25,111.18,3.745,3.0035
dentin,K2Sr8Ca6(Si2O9)3,113.2,3.925,3.0981
dentin,K2Sr10Ca6Si6O29,129.38,4.105,3.6091
dentin,K2Sr12Ca6Si6O31,92.36,3.915,2.4834
dentin,K2Sr2Ca6Si8O25,102.4,3.151,2.6289
dentin,K2SrCa3Si4O13,106.33,3.174,2.7488
dentin,K6Sr2Ca6Si8O27,103.62,3.198,2.6739
dentin,K4SrCa3(Si2O7)2,68.11,2.801,1.5521
dentin,K10Sr2Ca6Si8O29,65.61,2.791,1.4765
dentin,K6SrCa3Si4O15,63.56,2.772,1.4125
dentin,K2Sr4Ca6Si8O27,105.41,3.389,2.7641
dentin,K2Sr6Ca6Si8O29,114.5,3.617,3.0761
dentin,K2Sr8Ca6Si8O31,117.17,3.796,3.1894
dentin,K2Sr10Ca6Si8O33,110.98,3.914,3.0307
dentin,K2Sr12Ca6Si8O35,128.92,4.065,3.5879
dentin,K2Sr2Ca6Si10O29,100.2,3.121,2.558
dentin,K2SrCa3(SiO3)5,101.5,3.119,2.596
dentin,K6Sr2Ca6Si10O31,107.21,3.149,2.7698
dentin,K4SrCa3Si5O16,101.87,3.178,2.6185
dentin,K10Sr2Ca6Si10O33,66.05,2.738,1.479
dentin,K6SrCa3Si5O17,66.05,2.736,1.4786
dentin,K2Sr4Ca6Si10O31,103.7,3.327,2.7014
dentin,K2Sr6Ca6Si10O33,105.31,3.488,2.7805
dentin,K2Sr8Ca6(Si2O7)5,116.63,3.643,3.1437
dentin,K2Sr10Ca6Si10O37,113.71,3.831,3.0946
dentin,K2Sr12Ca6Si10O39,118.98,3.958,3.2746
dentin,K2Sr2Ca6(Si4O11)3,101.43,3.036,2.5776
dentin,K2SrCa3Si6O17,96.72,3.094,2.4506
dentin,K6Sr2Ca6Si12O35,105.87,3.082,2.7173
dentin,K4SrCa3(SiO3)6,102.07,3.109,2.6106
dentin,K10Sr2Ca6Si12O37,101.84,3.146,2.6112
dentin,K6SrCa3Si6O19,65.97,2.674,1.4641
dentin,K2Sr4Ca6Si12O35,101.94,3.283,2.6413
dentin,K2Sr6Ca6Si12O37,105.7,3.424,2.7793
dentin,K2Sr8Ca6(Si4O13)3,111.95,3.547,2.9872
dentin,K2Sr10Ca6Si12O41,114.39,3.68,3.085
dentin,K2Sr12Ca6Si12O43,115.0,3.821,3.1307
dentin,K2Sr2Ca8Si2O15,82.04,3.082,2.0166
dentin,K2SrCa4SiO8,80.03,3.027,1.9468
dentin,K6Sr2Ca8Si2O17,76.18,2.981,1.8247
dentin,K4SrCa4SiO9,78.07,2.931,1.8702
dentin,K10Sr2Ca8Si2O19,78.07,2.929,1.8699
dentin,K6SrCa4SiO10,78.18,2.926,1.8725
dentin,K2Sr4Ca8Si2O17,87.67,3.311,2.227
dentin,K2Sr2Ca4SiO9,80.41,3.229,1.9974
dentin,K6Sr4Ca8Si2O19,78.06,3.185,1.92
dentin,K4Sr2Ca4SiO10,81.54,3.117,2.0089
dentin,K10Sr4Ca8Si2O21,80.98,3.104,1.9898
dentin,K6Sr2Ca4SiO11,80.98,3.089,1.9869
dentin,K2Sr6Ca8Si2O19,90.93,3.54,2.3679
dentin,K2Sr3Ca4SiO10,77.96,3.413,1.9617
dentin,K6Sr6Ca8Si2O21,79.99,3.364,2.0117
dentin,K4Sr3Ca4SiO11,82.14,3.283,2.0589
dentin,K10Sr6Ca8Si2O23,82.14,3.262,2.0548
dentin,K6Sr3Ca4SiO12,82.14,3.238,2.05
dentin,K2Sr8Ca8Si2O21,88.73,3.658,2.3265
dentin,K2Sr4Ca4SiO11,80.45,3.564,2.0643
dentin,K6Sr8Ca8Si2O23,80.73,3.505,2.0611
dentin,K4Sr4Ca4SiO12,82.14,3.415,2.0848
dentin,K10Sr8Ca8Si2O25,82.14,3.394,2.0807
dentin,K6Sr4Ca4SiO13,82.14,3.374,2.0768
dentin,K2Sr10Ca8Si2O23,91.34,3.768,2.4247
dentin,K2Sr5Ca4SiO12,85.12,3.692,2.227
dentin,K6Sr10Ca8Si2O25,86.79,3.628,2.2633
dentin,K4Sr5Ca4SiO13,85.58,3.529,2.2084
dentin,K10Sr10Ca8Si2O27,82.14,3.502,2.1019
dentin,K6Sr5Ca4SiO14,82.14,3.477,2.0969
dentin,K2Sr12Ca8Si2O25,86.07,3.869,2.2896
dentin,K2Sr6Ca4SiO13,87.34,3.794,2.3122
dentin,K6Sr12Ca8Si2O27,86.79,3.733,2.2839
dentin,K4Sr6Ca4SiO14,87.62,3.63,2.288
dentin,K10Sr12Ca8Si2O29,86.77,3.603,2.258
dentin,K6Sr6Ca4SiO15,86.43,3.566,2.2406
dentin,K2Sr2Ca8Si4O19,113.3,3.38,2.9943
dentin,K2SrCa4(SiO5)2,72.69,2.958,1.7174
dentin,K6Sr2Ca8Si4O21,67.95,2.921,1.5709
dentin,K4SrCa4Si2O11,68.72,2.902,1.5897
dentin,K10Sr2Ca8Si4O23,67.26,2.86,1.5384
dentin,K6SrCa4(SiO6)2,67.83,2.854,1.5541
dentin,K2Sr4Ca8Si4O21,113.17,3.636,3.0406
dentin,K2Sr6Ca8Si4O23,89.8,3.731,2.3722
dentin,K2Sr8Ca8Si4O25,87.13,3.529,2.2539
dentin,K2Sr10Ca8Si4O27,88.49,3.636,2.3149
dentin,K2Sr12Ca8Si4O29,88.7,3.773,2.3481
dentin,K2Sr2Ca8Si6O23,107.94,3.247,2.8105
dentin,K2SrCa4(SiO4)3,105.02,3.247,2.7245
dentin,K6Sr2Ca8Si6O25,69.27,2.888,1.6033
dentin,K4SrCa4Si3O13,69.55,2.847,1.6034
dentin,K10Sr2Ca8(Si2O9)3,63.93,2.812,1.4313
dentin,K6SrCa4Si3O14,67.88,2.826,1.5502
dentin,K2Sr4Ca8Si6O25,112.74,3.499,3.0011
dentin,K2Sr6Ca8(Si2O9)3,118.22,3.703,3.2021
dentin,K2Sr8Ca8Si6O29,119.11,3.875,3.2623
dentin,K2Sr10Ca8Si6O31,134.51,4.044,3.748
dentin,K2Sr12Ca8(Si2O11)3,93.71,3.957,2.5314
dentin,K2Sr2Ca8Si8O27,100.13,3.168,2.5655
dentin,K2SrCa4(Si2O7)2,107.64,3.187,2.7899
dentin,K6Sr2Ca8Si8O29,103.3,3.196,2.6641
dentin,K4SrCa4Si4O15,68.46,2.815,1.565
dentin,K10Sr2Ca8Si8O31,66.55,2.788,1.5036
dentin,K6SrCa4(SiO4)4,63.66,2.766,1.4144
dentin,K2Sr4Ca8Si8O29,104.86,3.395,2.7488
dentin,K2Sr6Ca8Si8O31,116.95,3.588,3.1423
dentin,K2Sr8Ca8Si8O33,117.7,3.755,3.1971
dentin,K2Sr10Ca8Si8O35,115.02,3.901,3.1469
dentin,K2Sr12Ca8Si8O37,125.7,4.009,3.4823
dentin,K2Sr2Ca8Si10O31,97.98,3.117,2.492
dentin,K2SrCa4Si5O16,102.18,3.136,2.6194
dentin,K6Sr2Ca8Si10O33,105.2,3.148,2.7104
dentin,K4SrCa4Si5O17,102.28,3.161,2.6273
dentin,K10Sr2Ca8(Si2O7)5,68.11,2.763,1.5446
dentin,K6SrCa4Si5O18,66.19,2.749,1.4852
dentin,K2Sr4Ca8Si10O33,101.81,3.285,2.6378
dentin,K2Sr6Ca8(Si2O7)5,104.83,3.474,2.7635
dentin,K2Sr8Ca8Si10O37,113.04,3.656,3.0407
dentin,K2Sr10Ca8Si10O39,116.63,3.786,3.1719
dentin,K2Sr12Ca8Si10O41,118.52,3.909,3.2512
dentin,K2Sr2Ca8Si12O35,100.69,3.109,2.5703
dentin,K2SrCa4(SiO3)6,97.26,3.094,2.4664
dentin,K6Sr2Ca8Si12O37,106.53,3.106,2.7415
dentin,K4SrCa4Si6O19,100.46,3.107,2.5631
dentin,K10Sr2Ca8(Si4O13)3,102.52,3.141,2.6301
dentin,K6SrCa4(Si3O10)2,67.89,2.731,1.5319
dentin,K2Sr4Ca8Si12O37,104.28,3.253,2.704
dentin,K2Sr6Ca8(Si4O13)3,105.16,3.378,2.7544
dentin,K2Sr8Ca8Si12O41,109.64,3.539,2.9178
dentin,K2Sr10Ca8Si12O43,114.74,3.672,3.0938
dentin,K2Sr12Ca8(Si4O15)3,112.99,3.826,3.0723
dentin,K2Sr2Ca10Si2O17,88.76,3.062,2.2102
dentin,K2SrCa5SiO9,80.86,3.003,1.9666
dentin,K6Sr2Ca10Si2O19,74.76,2.966,1.7799
dentin,K4SrCa5SiO10,76.17,2.905,1.8094
dentin,K10Sr2Ca10Si2O21,78.07,2.92,1.868
dentin,K6SrCa5SiO11,78.07,2.916,1.8673
dentin,K2Sr4Ca10Si2O19,83.92,3.246,2.1041
dentin,K2Sr2Ca5SiO10,80.28,3.198,1.9877
dentin,K6Sr4Ca10Si2O21,79.07,3.157,1.944
dentin,K4Sr2Ca5SiO11,80.87,3.082,1.9823
dentin,K10Sr4Ca10Si2O23,80.98,3.08,1.9852
dentin,K6Sr2Ca5SiO12,80.98,3.068,1.9828
dentin,K2Sr6Ca10Si2O21,85.46,3.461,2.1915
dentin,K2Sr3Ca5SiO11,81.34,3.375,2.0536
dentin,K6Sr6Ca10Si2O23,79.27,3.326,1.9829
dentin,K4Sr3Ca5SiO12,82.14,3.238,2.0501
dentin,K10Sr6Ca10Si2O25,82.14,3.229,2.0484
dentin,K6Sr3Ca5SiO13,82.14,3.213,2.0451
dentin,K2Sr8Ca10Si2O23,88.35,3.581,2.3
dentin,K2Sr4Ca5SiO12,82.78,3.506,2.1215
dentin,K6Sr8Ca10Si2O25,82.67,3.464,2.1102
dentin,K4Sr4Ca5SiO13,82.94,3.367,2.0989
dentin,K10Sr8Ca10Si2O27,82.14,3.348,2.0716
dentin,K6Sr4Ca5SiO14,82.14,3.33,2.0681
dentin,K2Sr10Ca10Si2O25,86.47,3.683,2.2646
dentin,K2Sr5Ca5SiO13,83.05,3.626,2.1533
dentin,K6Sr10Ca10Si2O27,87.34,3.58,2.2701
dentin,K4Sr5Ca5SiO14,82.94,3.475,2.12
dentin,K10Sr10Ca10Si2O29,82.14,3.454,2.0924
dentin,K6Sr5Ca5SiO15,82.14,3.436,2.0888
dentin,K2Sr12Ca10Si2O27,87.39,3.792,2.3132
dentin,K2Sr6Ca5SiO14,85.12,3.731,2.2346
dentin,K6Sr12Ca10Si2O29,85.99,3.665,2.2472
dentin,K4Sr6Ca5SiO15,86.11,3.575,2.2329
dentin,K10Sr12Ca10Si2O31,84.75,3.55,2.1882
dentin,K6Sr6Ca5SiO16,84.75,3.521,2.1825
dentin,K2Sr2Ca10Si4O21,109.9,3.361,2.8906
dentin,K2SrCa5Si2O11,75.16,2.981,1.7946
dentin,K6Sr2Ca10Si4O23,73.41,2.952,1.7373
dentin,K4SrCa5(SiO6)2,69.74,2.894,1.6181
dentin,K10Sr2Ca10Si4O25,74.44,2.86,1.7498
dentin,K6SrCa5Si2O13,74.48,2.851,1.7491
dentin,K2Sr4Ca10Si4O23,113.59,3.604,3.0464
dentin,K2Sr6Ca10Si4O25,111.8,3.747,3.0221
dentin,K2Sr8Ca10Si4O27,89.66,3.524,2.3272
dentin,K2Sr10Ca10Si4O29,87.22,3.578,2.2663
dentin,K2Sr12Ca10Si4O31,84.75,3.677,2.2132
dentin,K2Sr2Ca10Si6O25,106.23,3.245,2.7596
dentin,K2SrCa5Si3O13,104.83,3.267,2.723
dentin,K6Sr2Ca10(Si2O9)3,69.54,2.88,1.6096
dentin,K4SrCa5Si3O14,66.09,2.872,1.5066
dentin,K10Sr2Ca10Si6O29,70.04,2.816,1.6118
dentin,K6SrCa5(SiO5)3,69.26,2.83,1.5915
dentin,K2Sr4Ca10(Si2O9)3,111.08,3.473,2.9472
dentin,K2Sr6Ca10Si6O29,119.72,3.672,3.2403
dentin,K2Sr8Ca10Si6O31,115.41,3.819,3.1423
dentin,K2Sr10Ca10(Si2O11)3,115.23,3.99,3.1705
dentin,K2Sr12Ca10Si6O35,93.18,3.9,2.5045
dentin,K2Sr2Ca10Si8O29,97.51,3.187,2.4921
dentin,K2SrCa5Si4O15,109.93,3.181,2.856
dentin,K6Sr2Ca10Si8O31,103.36,3.201,2.6669
dentin,K4SrCa5(SiO4)4,68.84,2.826,1.5781
dentin,K10Sr2Ca10Si8O33,66.55,2.808,1.5075
dentin,K6SrCa5Si4O17,64.1,2.775,1.429
dentin,K2Sr4Ca10Si8O31,107.66,3.39,2.8303
dentin,K2Sr6Ca10Si8O33,115.1,3.562,3.0828
dentin,K2Sr8Ca10Si8O35,116.45,3.722,3.1538
dentin,K2Sr10Ca10Si8O37,114.88,3.852,3.1331
dentin,K2Sr12Ca10Si8O39,115.98,3.966,3.1879
dentin,K2Sr2Ca10Si10O33,102.69,3.105,2.6284
dentin,K2SrCa5Si5O17,101.05,3.131,2.5851
dentin,K6Sr2Ca10(Si2O7)5,109.4,3.145,2.8335
dentin,K4SrCa5Si5O18,104.78,3.169,2.7021
dentin,K10Sr2Ca10Si10O37,68.71,2.776,1.5646
dentin,K6SrCa5Si5O19,66.58,2.765,1.5
dentin,K2Sr4Ca10(Si2O7)5,101.34,3.293,2.6256
dentin,K2Sr6Ca10Si10O37,104.86,3.482,2.766
dentin,K2Sr8Ca10Si10O39,116.42,3.624,3.1336
dentin,K2Sr10Ca10Si10O41,116.71,3.753,3.1676
dentin,K2Sr12Ca10Si10O43,121.37,3.881,3.3298
dentin,K2Sr2Ca10Si12O37,99.51,3.097,2.5332
dentin,K2SrCa5Si6O19,100.47,3.088,2.5598
dentin,K6Sr2Ca10(Si4O13)3,104.38,3.115,2.68
dentin,K4SrCa5(Si3O10)2,103.55,3.106,2.6539
dentin,K10Sr2Ca10Si12O41,102.68,3.135,2.6337
dentin,K6SrCa5(Si2O7)3,68.11,2.738,1.5396
dentin,K2Sr4Ca10(Si4O13)3,105.42,3.227,2.7326
dentin,K2Sr6Ca10Si12O41,104.58,3.377,2.7371
dentin,K2Sr8Ca10Si12O43,107.87,3.524,2.8628
dentin,K2Sr10Ca10(Si4O15)3,113.03,3.68,3.045
dentin,K2Sr12Ca10Si12O47,117.47,3.786,3.1963
dentin,K2Sr2Ca12Si2O19,95.44,3.207,2.435
dentin,K2SrCa6SiO10,80.86,2.978,1.9615
dentin,K6Sr2Ca12Si2O21,73.35,2.951,1.7354
dentin,K4SrCa6SiO11,75.61,2.901,1.792
dentin,K10Sr2Ca12Si2O23,77.54,2.902,1.8491
dentin,K6SrCa6SiO12,78.07,2.909,1.866
dentin,K2Sr4Ca12Si2O21,83.49,3.205,2.0835
dentin,K2Sr2Ca6SiO11,86.04,3.162,2.15
dentin,K6Sr4Ca12Si2O23,76.51,3.129,1.8634
dentin,K4Sr2Ca6SiO12,78.85,3.065,1.9195
dentin,K10Sr4Ca12Si2O25,80.98,3.057,1.9805
dentin,K6Sr2Ca6SiO13,80.98,3.06,1.9811
dentin,K2Sr6Ca12Si2O23,81.46,3.379,2.0577
dentin,K2Sr3Ca6SiO12,82.57,3.328,2.0806
dentin,K6Sr6Ca12Si2O25,80.66,3.283,2.0157
dentin,K4Sr3Ca6SiO13,82.32,3.211,2.05
dentin,K10Sr6Ca12Si2O27,82.14,3.191,2.0408
dentin,K6Sr3Ca6SiO14,82.14,3.183,2.0392
dentin,K2Sr8Ca12Si2O25,86.35,3.511,2.2274
dentin,K2Sr4Ca6SiO13,85.5,3.467,2.1938
dentin,K6Sr8Ca12Si2O27,80.66,3.415,2.0416
dentin,K4Sr4Ca6SiO14,82.82,3.336,2.0896
dentin,K10Sr8Ca12Si2O29,82.14,3.312,2.0645
dentin,K6Sr4Ca6SiO15,82.14,3.301,2.0625
dentin,K2Sr10Ca12Si2O27,86.47,3.616,2.2516
dentin,K2Sr5Ca6SiO14,89.5,3.58,2.3337
dentin,K6Sr10Ca12Si2O29,85.31,3.529,2.2005
dentin,K4Sr5Ca6SiO15,82.82,3.444,2.1108
dentin,K10Sr10Ca12Si2O31,82.14,3.413,2.0843
dentin,K6Sr5Ca6SiO16,82.14,3.4,2.0817
dentin,K2Sr12Ca12Si2O29,87.39,3.723,2.2998
dentin,K2Sr6Ca6SiO15,89.5,3.675,2.3524
dentin,K6Sr12Ca12Si2O31,87.34,3.625,2.2788
dentin,K4Sr6Ca6SiO16,85.46,3.538,2.2069
dentin,K10Sr12Ca12Si2O33,82.72,3.501,2.1189
dentin,K6Sr6Ca6SiO17,81.93,3.479,2.0912
dentin,K2Sr2Ca12Si4O23,107.38,3.334,2.8113
dentin,K2SrCa6(SiO6)2,75.76,2.991,1.8142
dentin,K6Sr2Ca12Si4O25,81.68,2.944,1.9789
dentin,K4SrCa6Si2O13,76.6,2.894,1.8197
dentin,K10Sr2Ca12Si4O27,74.44,2.854,1.7485
dentin,K6SrCa6(SiO7)2,73.8,2.851,1.7291
dentin,K2Sr4Ca12Si4O25,118.38,3.536,3.1741
dentin,K2Sr6Ca12Si4O27,121.53,3.724,3.3037
dentin,K2Sr8Ca12Si4O29,96.89,3.587,2.5522
dentin,K2Sr10Ca12Si4O31,81.9,3.517,2.0978
dentin,K2Sr12Ca12Si4O33,81.2,3.617,2.0968
dentin,K2Sr2Ca12(Si2O9)3,107.47,3.239,2.7951
dentin,K2SrCa6Si3O14,108.04,3.266,2.817
dentin,K6Sr2Ca12Si6O29,69.8,2.912,1.6234
dentin,K4SrCa6(SiO5)3,67.16,2.885,1.5405
dentin,K10Sr2Ca12Si6O31,67.66,2.83,1.5446
dentin,K6SrCa6Si3O16,68.72,2.826,1.5748
dentin,K2Sr4Ca12Si6O29,112.5,3.466,2.9875
dentin,K2Sr6Ca12Si6O31,119.22,3.651,3.2215
dentin,K2Sr8Ca12(Si2O11)3,112.96,3.8,3.0665
dentin,K2Sr10Ca12Si6O35,111.21,3.92,3.0389
dentin,K2Sr12Ca12Si6O37,96.55,3.856,2.5951
dentin,K2Sr2Ca12Si8O31,101.59,3.181,2.6107
dentin,K2SrCa6(SiO4)4,110.28,3.193,2.8687
dentin,K6Sr2Ca12Si8O33,103.39,3.206,2.6688
dentin,K4SrCa6Si4O17,70.45,2.864,1.633
dentin,K10Sr2Ca12Si8O35,71.71,2.853,1.668
dentin,K6SrCa6(Si2O9)2,61.31,2.773,1.3465
dentin,K2Sr4Ca12Si8O33,111.9,3.373,2.9517
dentin,K2Sr6Ca12Si8O35,114.59,3.545,3.0644
dentin,K2Sr8Ca12Si8O37,118.16,3.688,3.1975
dentin,K2Sr10Ca12Si8O39,119.37,3.814,3.2578
dentin,K2Sr12Ca12Si8O41,116.02,3.931,3.1822
dentin,K2Sr2Ca12(Si2O7)5,102.31,3.125,2.6209
dentin,K2SrCa6Si5O18,105.27,3.143,2.7115
dentin,K6Sr2Ca12Si10O37,109.21,3.157,2.8302
dentin,K4SrCa6Si5O19,105.2,3.174,2.7155
dentin,K10Sr2Ca12Si10O39,68.51,2.79,1.5615
dentin,K6SrCa6(SiO4)5,68.09,2.801,1.5513
dentin,K2Sr4Ca12Si10O37,98.98,3.308,2.559
dentin,K2Sr6Ca12Si10O39,106.98,3.47,2.8259
dentin,K2Sr8Ca12Si10O41,115.26,3.6,3.0948
dentin,K2Sr10Ca12Si10O43,116.07,3.728,3.144
dentin,K2Sr12Ca12(Si2O9)5,116.67,3.838,3.1832
dentin,K2Sr2Ca12(Si4O13)3,103.92,3.086,2.6606
dentin,K2SrCa6(Si3O10)2,99.57,3.101,2.5358
dentin,K6Sr2Ca12Si12O41,104.07,3.108,2.6693
dentin,K4SrCa6(Si2O7)3,103.7,3.12,2.661
dentin,K10Sr2Ca12Si12O43,104.29,3.143,2.6829
dentin,K6SrCa6(Si3O11)2,68.71,2.752,1.56
dentin,K2Sr4Ca12Si12O41,104.46,3.217,2.7022
dentin,K2Sr6Ca12Si12O43,102.89,3.39,2.6899
dentin,K2Sr8Ca12(Si4O15)3,106.91,3.54,2.8377
dentin,K2Sr10Ca12Si12O47,116.95,3.649,3.1541
dentin,K2Sr12Ca12Si12O49,116.18,3.756,3.1524
dentin,Sr2Ca2Al2Si2O11,121.43,3.478,3.2523
dentin,SrCaAl2SiO7,116.52,3.351,3.0831
dentin,Sr2Ca2Al6Si2O17,130.95,3.392,3.5155
dentin,SrCaAl4SiO10,165.07,3.399,4.5199
dentin,Sr2Ca2Al10Si2O23,156.93,3.311,4.2633
dentin,SrCaAl6SiO13,161.79,3.308,4.4055
dentin,Sr4Ca2Al2Si2O13,121.77,3.952,3.3553
dentin,Sr2CaAl2SiO8,129.88,3.679,3.5401
dentin,Sr4Ca2Al6Si2O19,118.72,3.557,3.1881
dentin,Sr2CaAl4SiO11,116.79,3.452,3.1108
dentin,Sr4Ca2Al10Si2O25,132.32,3.476,3.5722
dentin,Sr2CaAl6SiO14,139.03,3.505,3.7753
dentin,Sr6Ca2Al2Si2O15,144.28,4.271,4.0796
dentin,Sr3CaAl2SiO9,130.22,3.998,3.6129
dentin,Sr6Ca2Al6Si2O21,125.61,3.781,3.4347
dentin,Sr3CaAl4SiO12,127.72,3.645,3.47
dentin,Sr6Ca2Al10Si2O27,120.5,3.591,3.2473
dentin,Sr3CaAl6SiO15,117.78,3.493,3.1481
dentin,Sr8Ca2Al2Si2O17,128.35,4.488,3.654
dentin,Sr4CaAl2SiO10,142.71,4.233,4.0261
dentin,Sr8Ca2Al6Si2O23,129.94,4.031,3.6112
dentin,Sr4CaAl4SiO13,121.35,3.859,3.3249
dentin,Sr8Ca2Al10Si2O29,127.97,3.738,3.4956
dentin,Sr4CaAl6SiO16,126.23,3.627,3.4228
dentin,Sr10Ca2Al2Si2O19,136.95,4.576,3.9242
dentin,Sr5CaAl2SiO11,130.77,4.423,3.7124
dentin,Sr10Ca2Al6Si2O25,139.89,4.217,3.9399
dentin,Sr5CaAl4SiO14,133.23,4.053,3.7123
dentin,Sr10Ca2Al10Si2O31,124.75,3.906,3.4341
dentin,Sr5CaAl6SiO17,127.26,3.802,3.4873
dentin,Sr12Ca2Al2Si2O21,114.73,4.163,3.1899
dentin,Sr6CaAl2SiO12,126.6,4.558,3.6161
dentin,Sr12Ca2Al6Si2O27,126.62,4.361,3.5781
dentin,Sr6CaAl4SiO15,140.12,4.208,3.9451
dentin,Sr12Ca2Al10Si2O33,133.23,4.065,3.7146
dentin,Sr6CaAl6SiO18,124.14,3.934,3.4215
dentin,Sr2Ca2Al2Si4O15,129.13,3.405,3.4644
dentin,SrCaAl2Si2O9,180.5,3.468,4.9869
dentin,Sr2Ca2Al6Si4O21,185.91,3.475,5.1475
dentin,SrCaAl4(SiO6)2,168.57,3.397,4.6222
dentin,Sr2Ca2Al10Si4O27,164.47,3.342,4.491
dentin,SrCaAl6Si2O15,159.49,3.289,4.3343
dentin,Sr4Ca2Al2Si4O17,130.2,3.638,3.5414
dentin,Sr2CaAl2(SiO5)2,126.44,3.509,3.4058
dentin,Sr4Ca2Al6Si4O23,116.58,3.458,3.106
dentin,Sr2CaAl4Si2O13,144.62,3.546,3.9476
dentin,Sr4Ca2Al10Si4O29,181.62,3.539,5.0338
dentin,Sr2CaAl6(SiO8)2,184.58,3.566,5.1263
dentin,Sr6Ca2Al2Si4O19,120.38,3.928,3.3097
dentin,Sr3CaAl2Si2O11,127.76,3.744,3.4907
dentin,Sr6Ca2Al6Si4O25,128.45,3.619,3.4864
dentin,Sr3CaAl4(SiO7)2,121.97,3.561,3.2845
dentin,Sr6Ca2Al10Si4O31,117.39,3.481,3.1343
dentin,Sr3CaAl6Si2O17,139.47,3.572,3.8012
dentin,Sr8Ca2Al2Si4O21,138.74,4.214,3.9057
dentin,Sr4CaAl2(SiO6)2,121.1,3.986,3.3423
dentin,Sr8Ca2Al6Si4O27,125.44,3.808,3.435
dentin,Sr4CaAl4Si2O15,127.99,3.714,3.4917
dentin,Sr8Ca2Al10Si4O33,124.17,3.591,3.3552
dentin,Sr4CaAl6(SiO9)2,122.19,3.58,3.2947
dentin,Sr10Ca2Al2Si4O23,122.54,4.371,3.4604
dentin,Sr5CaAl2Si2O13,137.76,4.199,3.8741
dentin,Sr10Ca2Al6Si4O29,130.4,4.011,3.6206
dentin,Sr5CaAl4(SiO8)2,122.49,3.865,3.3596
dentin,Sr10Ca2Al10Si4O35,128.9,3.771,3.5296
dentin,Sr5CaAl6Si2O19,125.25,3.684,3.4051
dentin,Sr12Ca2Al2Si4O25,123.89,4.5,3.5252
dentin,Sr6CaAl2(SiO7)2,129.18,4.318,3.6451
dentin,Sr12Ca2Al6Si4O31,137.21,4.195,3.857
dentin,Sr6CaAl4Si2O17,132.53,4.034,3.6877
dentin,Sr12Ca2Al10Si4O37,124.12,3.91,3.4163
dentin,Sr6CaAl6(SiO10)2,127.34,3.812,3.4916
dentin,Sr2Ca2Al2Si6O19,125.68,3.304,3.3431
dentin,SrCaAl2Si3O11,164.63,3.338,4.4952
dentin,Sr2Ca2Al6Si6O25,159.76,3.243,4.3331
dentin,SrCaAl4Si3O14,161.51,3.234,4.383
dentin,Sr2Ca2Al10Si6O31,151.13,3.175,4.0661
dentin,SrCaAl6Si3O17,151.64,3.15,4.0762
dentin,Sr4Ca2Al2(Si2O7)3,128.16,3.522,3.459
dentin,Sr2CaAl2(SiO4)3,122.69,3.475,3.2889
dentin,Sr4Ca2Al6(Si2O9)3,188.05,3.595,5.2341
dentin,Sr2CaAl4(SiO5)3,190.17,3.532,5.284
dentin,Sr4Ca2Al10(Si2O11)3,189.56,3.574,5.2744
dentin,Sr2CaAl6(SiO6)3,180.16,3.503,4.984
dentin,Sr6Ca2Al2Si6O23,126.85,3.734,3.4621
dentin,Sr3CaAl2Si3O13,129.54,3.598,3.5143
dentin,Sr6Ca2Al6Si6O29,127.09,3.617,3.4462
dentin,Sr3CaAl4Si3O16,121.63,3.516,3.2657
dentin,Sr6Ca2Al10Si6O35,152.89,3.651,4.2112
dentin,Sr3CaAl6Si3O19,149.7,3.589,4.1054
dentin,Sr8Ca2Al2Si6O25,120.41,3.934,3.3119
dentin,Sr4CaAl2Si3O14,129.22,3.776,3.5399
dentin,Sr8Ca2Al6Si6O31,129.42,3.674,3.5259
dentin,Sr4CaAl4Si3O17,128.51,3.581,3.4807
dentin,Sr8Ca2Al10Si6O37,128.69,3.583,3.4864
dentin,Sr4CaAl6Si3O20,120.41,3.515,3.2295
dentin,Sr10Ca2Al2(Si2O9)3,135.96,4.144,3.8101
dentin,Sr5CaAl2(SiO5)3,120.18,3.971,3.3122
dentin,Sr10Ca2Al6(Si2O11)3,124.94,3.839,3.4265
dentin,Sr5CaAl4(SiO6)3,129.35,3.749,3.5385
dentin,Sr10Ca2Al10(Si2O13)3,127.97,3.644,3.4773
dentin,Sr5CaAl6(SiO7)3,126.98,3.601,3.4397
dentin,Sr12Ca2Al2Si6O29,137.74,4.329,3.899
dentin,Sr6CaAl2Si3O16,135.03,4.147,3.7835
dentin,Sr12Ca2Al6Si6O35,128.74,3.995,3.5689
dentin,Sr6CaAl4Si3O19,122.66,3.877,3.3668
dentin,Sr12Ca2Al10Si6O41,126.08,3.806,3.4534
dentin,Sr6CaAl6Si3O22,129.03,3.71,3.5213
dentin,Sr2Ca2Al2Si8O23,136.97,3.229,3.6603
dentin,SrCaAl2Si4O13,131.9,3.19,3.5037
dentin,Sr2Ca2Al6Si8O29,128.4,3.113,3.3858
dentin,SrCaAl4(SiO4)4,119.32,3.055,3.1075
dentin,Sr2Ca2Al10Si8O35,120.6,3.067,3.1475
dentin,SrCaAl6Si4O19,144.58,3.102,3.8592
dentin,Sr4Ca2Al2Si8O25,117.59,3.4,3.1241
dentin,Sr2CaAl2(Si2O7)2,134.28,3.475,3.6295
dentin,Sr4Ca2Al6Si8O31,138.18,3.419,3.7332
dentin,Sr2CaAl4Si4O17,169.06,3.43,4.6435
dentin,Sr4Ca2Al10Si8O37,168.64,3.378,4.621
dentin,Sr2CaAl6(SiO5)4,167.39,3.361,4.5806
dentin,Sr6Ca2Al2Si8O27,128.13,3.567,3.4669
dentin,Sr3CaAl2Si4O15,129.34,3.609,3.5106
dentin,Sr6Ca2Al6Si8O33,121.84,3.494,3.2675
dentin,Sr3CaAl4(Si2O9)2,152.1,3.643,4.1865
dentin,Sr6Ca2Al10Si8O39,186.71,3.593,5.194
dentin,Sr3CaAl6Si4O21,196.87,3.636,5.5013
dentin,Sr8Ca2Al2Si8O29,127.79,3.774,3.4974
dentin,Sr4CaAl2(SiO4)4,131.17,3.646,3.5718
dentin,Sr8Ca2Al6Si8O35,128.43,3.572,3.4767
dentin,Sr4CaAl4Si4O19,127.8,3.603,3.4643
dentin,Sr8Ca2Al10Si8O41,124.18,3.537,3.345
dentin,Sr4CaAl6(Si2O11)2,140.78,3.568,3.839
dentin,Sr10Ca2Al2Si8O31,122.81,3.934,3.3825
dentin,Sr5CaAl2Si4O17,128.36,3.821,3.5236
dentin,Sr10Ca2Al6Si8O37,129.9,3.73,3.5509
dentin,Sr5CaAl4(SiO5)4,130.24,3.63,3.5414
dentin,Sr10Ca2Al10Si8O43,127.52,3.6,3.4553
dentin,Sr5CaAl6Si4O23,127.69,3.598,3.4601
dentin,Sr12Ca2Al2Si8O33,134.77,4.094,3.7653
dentin,Sr6CaAl2(Si2O9)2,118.74,3.969,3.2696
dentin,Sr12Ca2Al6Si8O39,122.6,3.854,3.3606
dentin,Sr6CaAl4Si4O21,131.74,3.776,3.6139
dentin,Sr12Ca2Al10Si8O45,130.45,3.687,3.5586
dentin,Sr6CaAl6(SiO6)4,129.05,3.624,3.5049
dentin,Sr2Ca2Al2Si10O27,134.99,3.132,3.5833
dentin,SrCaAl2(SiO3)5,130.49,3.106,3.4457
dentin,Sr2Ca2Al6Si10O33,128.06,3.08,3.3692
dentin,SrCaAl4Si5O18,124.36,3.008,3.2464
dentin,Sr2Ca2Al10Si10O39,121.19,2.98,3.1478
dentin,SrCaAl6Si5O21,120.98,2.977,3.1408
dentin,Sr4Ca2Al2Si10O29,132.44,3.418,3.5644
dentin,Sr2CaAl2Si5O16,124.87,3.34,3.3266
dentin,Sr4Ca2Al6(Si2O7)5,138.72,3.365,3.7386
dentin,Sr2CaAl4Si5O19,136.19,3.305,3.6523
dentin,Sr4Ca2Al10Si10O41,133.88,3.272,3.5778
dentin,Sr2CaAl6Si5O22,130.58,3.229,3.4725
dentin,Sr6Ca2Al2Si10O31,124.29,3.542,3.3489
dentin,Sr3CaAl2Si5O17,119.05,3.475,3.1818
dentin,Sr6Ca2Al6Si10O37,149.7,3.56,4.0996
dentin,Sr3CaAl4(SiO4)5,147.66,3.518,4.0313
dentin,Sr6Ca2Al10Si10O43,144.2,3.5,3.9261
dentin,Sr3CaAl6Si5O23,180.99,3.502,5.0082
dentin,Sr8Ca2Al2Si10O33,132.35,3.635,3.6043
dentin,Sr4CaAl2Si5O18,128.52,3.551,3.4752
dentin,Sr8Ca2Al6Si10O39,125.52,3.611,3.3989
dentin,Sr4CaAl4Si5O21,122.64,3.514,3.2949
dentin,Sr8Ca2Al10(Si2O9)5,139.09,3.546,3.7849
dentin,Sr4CaAl6Si5O24,190.18,3.639,5.3052
dentin,Sr10Ca2Al2(Si2O7)5,128.13,3.815,3.5154
dentin,Sr5CaAl2Si5O19,134.81,3.719,3.6932
dentin,Sr10Ca2Al6Si10O41,131.65,3.632,3.5831
dentin,Sr5CaAl4Si5O22,128.89,3.611,3.4979
dentin,Sr10Ca2Al10Si10O47,128.99,3.605,3.4995
dentin,Sr5CaAl6(SiO5)5,124.29,3.549,3.3506
dentin,Sr12Ca2Al2Si10O37,126.05,3.95,3.481
dentin,Sr6CaAl2(SiO4)5,121.56,3.854,3.3301
dentin,Sr12Ca2Al6Si10O43,130.0,3.778,3.5632
dentin,Sr6CaAl4Si5O23,130.22,3.672,3.549
dentin,Sr12Ca2Al10Si10O49,130.32,3.616,3.5406
dentin,Sr6CaAl6Si5O26,127.42,3.612,3.4548
dentin,Sr2Ca2Al2Si12O31,130.85,3.055,3.4464
dentin,SrCaAl2Si6O17,128.5,3.045,3.3755
dentin,Sr2Ca2Al6Si12O37,128.36,3.04,3.37
dentin,SrCaAl4(Si3O10)2,123.83,2.969,3.2229
dentin,Sr2Ca2Al10Si12O43,123.65,2.948,3.2138
dentin,SrCaAl6Si6O23,126.53,2.934,3.2957
dentin,Sr4Ca2Al2(Si4O11)3,129.01,3.29,3.4384
dentin,Sr2CaAl2(SiO3)6,134.19,3.331,3.5987
dentin,Sr4Ca2Al6(Si4O13)3,133.98,3.303,3.5871
dentin,Sr2CaAl4(Si2O7)3,131.59,3.227,3.502
dentin,Sr4Ca2Al10(Si4O15)3,127.45,3.193,3.3734
dentin,Sr2CaAl6(SiO4)6,118.83,3.133,3.1082
dentin,Sr6Ca2Al2Si12O35,116.06,3.403,3.0799
dentin,Sr3CaAl2Si6O19,126.09,3.457,3.3851
dentin,Sr6Ca2Al6Si12O41,129.72,3.452,3.4908
dentin,Sr3CaAl4(Si3O11)2,141.45,3.474,3.8401
dentin,Sr6Ca2Al10Si12O47,140.15,3.431,3.7936
dentin,Sr3CaAl6Si6O25,139.17,3.393,3.7574
dentin,Sr8Ca2Al2Si12O37,127.17,3.515,3.4283
dentin,Sr4CaAl2(Si3O10)2,125.28,3.572,3.3841
dentin,Sr8Ca2Al6Si12O43,118.51,3.475,3.1659
dentin,Sr4CaAl4Si6O23,129.46,3.488,3.4903
dentin,Sr8Ca2Al10Si12O49,148.87,3.565,4.0761
dentin,Sr4CaAl6(Si3O13)2,147.6,3.525,4.0309
dentin,Sr10Ca2Al2(Si4O13)3,133.77,3.683,3.6556
dentin,Sr5CaAl2(Si2O7)3,132.25,3.61,3.5964
dentin,Sr10Ca2Al6(Si4O15)3,133.43,3.593,3.6277
dentin,Sr5CaAl4(SiO4)6,127.08,3.609,3.444
dentin,Sr10Ca2Al10(Si4O17)3,122.25,3.528,3.2864
dentin,Sr5CaAl6(Si2O9)3,132.59,3.524,3.5893
dentin,Sr12Ca2Al2Si12O41,125.67,3.848,3.4496
dentin,Sr6CaAl2(Si3O11)2,135.44,3.748,3.7173
dentin,Sr12Ca2Al6Si12O47,132.58,3.664,3.6166
dentin,Sr6CaAl4Si6O25,131.53,3.611,3.5755
dentin,Sr12Ca2Al10Si12O53,129.07,3.632,3.5072
dentin,Sr6CaAl6(Si3O14)2,125.54,3.603,3.3979
dentin,Sr2Ca4Al2Si2O13,119.31,3.48,3.1904
dentin,SrCa2Al2SiO8,121.44,3.355,3.2286
dentin,Sr2Ca4Al6Si2O19,110.36,3.319,2.8957
dentin,SrCa2Al4SiO11,122.15,3.297,3.238
dentin,Sr2Ca4Al10Si2O25,132.92,3.288,3.553
dentin,SrCa2Al6SiO14,130.65,3.259,3.4805
dentin,Sr4Ca4Al2Si2O15,132.78,3.841,3.6574
dentin,Sr2Ca2Al2SiO9,125.27,3.635,3.3959
dentin,Sr4Ca4Al6Si2O21,121.49,3.508,3.26
dentin,Sr2Ca2Al4SiO12,119.86,3.485,3.2078
dentin,Sr4Ca4Al10Si2O27,110.29,3.375,2.9046
dentin,Sr2Ca2Al6SiO15,122.19,3.415,3.2623
dentin,Sr6Ca4Al2Si2O17,149.06,4.153,4.1971
dentin,Sr3Ca2Al2SiO10,127.52,3.909,3.516
dentin,Sr6Ca4Al6Si2O23,124.97,3.748,3.4093
dentin,Sr3Ca2Al4SiO13,127.59,3.634,3.4641
dentin,Sr6Ca4Al10Si2O29,122.24,3.522,3.2849
dentin,Sr3Ca2Al6SiO16,117.79,3.506,3.151
dentin,Sr8Ca4Al2Si2O19,154.49,4.346,4.3946
dentin,Sr4Ca2Al2SiO11,147.5,4.153,4.1514
dentin,Sr8Ca4Al6Si2O25,125.76,3.963,3.4749
dentin,Sr4Ca2Al4SiO14,124.52,3.822,3.4107
dentin,Sr8Ca4Al10Si2O31,128.67,3.716,3.5119
dentin,Sr4Ca2Al6SiO17,128.22,3.615,3.4789
dentin,Sr10Ca4Al2Si2O21,147.99,4.469,4.2277
dentin,Sr5Ca2Al2SiO12,142.75,4.339,4.0481
dentin,Sr10Ca4Al6Si2O27,140.9,4.141,3.9547
dentin,Sr5Ca2Al4SiO15,126.86,3.992,3.5128
dentin,Sr10Ca4Al10Si2O33,120.14,3.868,3.2908
dentin,Sr5Ca2Al6SiO18,126.62,3.757,3.4596
dentin,Sr12Ca4Al2Si2O23,117.25,4.093,3.2502
dentin,Sr6Ca2Al2SiO13,139.25,4.443,3.9656
dentin,Sr12Ca4Al6Si2O29,145.98,4.32,4.1395
dentin,Sr6Ca2Al4SiO16,142.81,4.14,4.0107
dentin,Sr12Ca4Al10Si2O35,133.74,4.009,3.7184
dentin,Sr6Ca2Al6SiO19,125.07,3.905,3.4433
dentin,Sr2Ca4Al2Si4O17,117.29,3.303,3.0964
dentin,SrCa2Al2(SiO5)2,120.83,3.304,3.2006
dentin,Sr2Ca4Al6Si4O23,130.03,3.339,3.4781
dentin,SrCa2Al4Si2O13,174.84,3.386,4.8046
dentin,Sr2Ca4Al10Si4O29,172.65,3.371,4.7373
dentin,SrCa2Al6(SiO8)2,166.79,3.334,4.5576
dentin,Sr4Ca4Al2Si4O19,127.6,3.582,3.4542
dentin,Sr6Ca4Al2Si4O21,121.21,3.901,3.329
dentin,Sr8Ca4Al2Si4O23,140.72,4.116,3.9446
dentin,Sr10Ca4Al2Si4O25,144.55,4.306,4.0945
dentin,Sr12Ca4Al2Si4O27,124.9,4.407,3.5367
dentin,Sr2Ca4Al2(Si2O7)3,123.65,3.307,3.284
dentin,SrCa2Al2(SiO4)3,170.2,3.442,4.6791
dentin,Sr2Ca4Al6(Si2O9)3,175.83,3.434,4.843
dentin,SrCa2Al4(SiO5)3,175.92,3.375,4.8342
dentin,Sr2Ca4Al10(Si2O11)3,172.64,3.337,4.7304
dentin,SrCa2Al6(SiO6)3,170.12,3.372,4.663
dentin,Sr4Ca4Al2Si6O23,117.69,3.463,3.1393
dentin,Sr6Ca4Al2Si6O25,126.65,3.667,3.443
dentin,Sr8Ca4Al2(Si2O9)3,123.13,3.894,3.384
dentin,Sr10Ca4Al2Si6O29,139.36,4.102,3.9021
dentin,Sr12Ca4Al2Si6O31,141.15,4.25,3.9836
dentin,Sr2Ca4Al2Si8O25,130.95,3.306,3.4986
dentin,SrCa2Al2(Si2O7)2,163.94,3.306,4.4685
dentin,Sr2Ca4Al6Si8O31,169.34,3.271,4.6203
dentin,SrCa2Al4Si4O17,164.99,3.204,4.4792
dentin,Sr2Ca4Al10Si8O37,164.74,3.207,4.4724
dentin,SrCa2Al6(SiO5)4,162.11,3.224,4.3985
dentin,Sr4Ca4Al2Si8O27,116.96,3.458,3.117
dentin,Sr6Ca4Al2Si8O29,123.85,3.564,3.3403
dentin,Sr8Ca4Al2Si8O31,126.92,3.716,3.4606
dentin,Sr10Ca4Al2Si8O33,121.41,3.889,3.3325
dentin,Sr12Ca4Al2Si8O35,134.57,4.07,3.7548
dentin,Sr2Ca4Al2Si10O29,134.53,3.243,3.5913
dentin,SrCa2Al2Si5O16,133.97,3.182,3.5631
dentin,Sr2Ca4Al6(Si2O7)5,134.48,3.142,3.5701
dentin,SrCa2Al4Si5O19,135.42,3.108,3.591
dentin,Sr2Ca4Al10Si10O41,131.93,3.1,3.4867
dentin,SrCa2Al6Si5O22,130.41,3.049,3.4324
dentin,Sr4Ca4Al2Si10O31,115.45,3.337,3.049
dentin,Sr6Ca4Al2Si10O33,122.09,3.439,3.2641
dentin,Sr8Ca4Al2(Si2O7)5,131.77,3.642,3.5886
dentin,Sr10Ca4Al2Si10O37,129.04,3.756,3.5306
dentin,Sr12Ca4Al2Si10O39,121.7,3.898,3.3427
dentin,Sr2Ca4Al2(Si4O11)3,135.22,3.121,3.5876
dentin,SrCa2Al2(SiO3)6,135.08,3.11,3.5813
dentin,Sr2Ca4Al6(Si4O13)3,132.22,3.095,3.4946
dentin,SrCa2Al4(Si2O7)3,130.64,3.043,3.4379
dentin,Sr2Ca4Al10(Si4O15)3,126.45,3.028,3.3118
dentin,SrCa2Al6(SiO4)6,115.79,2.976,2.9882
dentin,Sr4Ca4Al2Si12O35,126.07,3.376,3.369
dentin,Sr6Ca4Al2Si12O37,116.7,3.466,3.1108
dentin,Sr8Ca4Al2(Si4O13)3,127.95,3.517,3.4516
dentin,Sr10Ca4Al2Si12O41,132.78,3.695,3.6285
dentin,Sr12Ca4Al2Si12O43,125.61,3.801,3.4387
dentin,Sr2Ca6Al2Si2O15,123.8,3.419,3.3103
dentin,SrCa3Al2SiO9,117.12,3.316,3.0939
dentin,Sr2Ca6Al6Si2O21,117.19,3.304,3.0936
dentin,SrCa3Al4SiO12,115.08,3.273,3.0254
dentin,Sr2Ca6Al10Si2O27,120.79,3.268,3.1924
dentin,SrCa3Al6SiO15,127.6,3.268,3.3925
dentin,Sr4Ca6Al2Si2O17,138.1,3.791,3.804
dentin,Sr2Ca3Al2SiO10,127.51,3.593,3.4537
dentin,Sr4Ca6Al6Si2O23,119.73,3.501,3.2071
dentin,Sr2Ca3Al4SiO13,121.59,3.386,3.239
dentin,Sr4Ca6Al10Si2O29,118.54,3.395,3.1511
dentin,Sr2Ca3Al6SiO16,109.71,3.33,2.8789
dentin,Sr6Ca6Al2Si2O19,168.27,4.055,4.7425
dentin,Sr3Ca3Al2SiO11,132.92,3.865,3.666
dentin,Sr6Ca6Al6Si2O25,124.91,3.707,3.3998
dentin,Sr3Ca3Al4SiO14,126.78,3.623,3.4381
dentin,Sr6Ca6Al10Si2O31,120.99,3.523,3.2481
dentin,Sr3Ca3Al6SiO17,121.25,3.47,3.2455
dentin,Sr8Ca6Al2Si2O21,161.06,4.21,4.561
dentin,Sr4Ca3Al2SiO12,148.36,4.088,4.164
dentin,Sr8Ca6Al6Si2O27,128.5,3.907,3.5444
dentin,Sr4Ca3Al4SiO15,125.73,3.779,3.4377
dentin,Sr8Ca6Al10Si2O33,125.32,3.677,3.4057
dentin,Sr4Ca3Al6SiO18,125.61,3.605,3.4003
dentin,Sr10Ca6Al2Si2O23,159.31,4.352,4.5374
dentin,Sr5Ca3Al2SiO13,157.45,4.255,4.4639
dentin,Sr10Ca6Al6Si2O29,145.68,4.097,4.0867
dentin,Sr5Ca3Al4SiO16,127.14,3.941,3.5111
dentin,Sr10Ca6Al10Si2O35,126.51,3.833,3.4713
dentin,Sr5Ca3Al6SiO19,125.78,3.735,3.4307
dentin,Sr12Ca6Al2Si2O25,125.21,4.128,3.4909
dentin,Sr6Ca3Al2SiO14,155.03,4.339,4.4091
dentin,Sr12Ca6Al6Si2O31,164.11,4.244,4.6574
dentin,Sr6Ca3Al4SiO17,141.01,4.092,3.9485
dentin,Sr12Ca6Al10Si2O37,125.38,3.971,3.4653
dentin,Sr6Ca3Al6SiO20,122.22,3.868,3.3521
dentin,Sr2Ca6Al2Si4O19,117.58,3.29,3.1022
dentin,SrCa3Al2Si2O11,115.98,3.279,3.0529
dentin,Sr2Ca6Al6Si4O25,121.92,3.27,3.2259
dentin,SrCa3Al4(SiO7)2,122.19,3.236,3.2273
dentin,Sr2Ca6Al10Si4O31,134.33,3.264,3.5898
dentin,SrCa3Al6Si2O17,163.87,3.255,4.4563
dentin,Sr4Ca6Al2Si4O21,122.52,3.587,3.3058
dentin,Sr6Ca6Al2Si4O23,131.7,3.834,3.6242
dentin,Sr8Ca6Al2Si4O25,146.33,4.041,4.0951
dentin,Sr10Ca6Al2Si4O27,147.69,4.219,4.1698
dentin,Sr12Ca6Al2Si4O29,136.93,4.338,3.8768
dentin,Sr2Ca6Al2Si6O23,109.52,3.27,2.8614
dentin,SrCa3Al2Si3O13,123.85,3.286,3.2859
dentin,Sr2Ca6Al6Si6O29,163.21,3.362,4.4581
dentin,SrCa3Al4Si3O16,174.68,3.391,4.8007
dentin,Sr2Ca6Al10Si6O35,175.71,3.345,4.8223
dentin,SrCa3Al6Si3O19,175.44,3.32,4.8093
dentin,Sr4Ca6Al2Si6O25,120.68,3.433,3.2215
dentin,Sr6Ca6Al2(Si2O9)3,124.57,3.651,3.3784
dentin,Sr8Ca6Al2Si6O29,123.97,3.879,3.4056
dentin,Sr10Ca6Al2Si6O31,138.11,4.044,3.854
dentin,Sr12Ca6Al2(Si2O11)3,147.51,4.174,4.1557
dentin,Sr2Ca6Al2Si8O27,124.14,3.284,3.2939
dentin,SrCa3Al2Si4O15,168.38,3.397,4.6169
dentin,Sr2Ca6Al6Si8O33,174.81,3.392,4.8049
dentin,SrCa3Al4(Si2O9)2,177.66,3.377,4.8858
dentin,Sr2Ca6Al10Si8O39,174.47,3.319,4.7804
dentin,SrCa3Al6Si4O21,172.58,3.281,4.7175
dentin,Sr4Ca6Al2Si8O29,116.9,3.347,3.0934
dentin,Sr6Ca6Al2Si8O31,123.38,3.518,3.3176
dentin,Sr8Ca6Al2Si8O33,124.06,3.68,3.3694
dentin,Sr10Ca6Al2Si8O35,121.7,3.88,3.3393
dentin,Sr12Ca6Al2Si8O37,138.87,4.049,3.877
dentin,Sr2Ca6Al2Si10O31,156.2,3.309,4.2414
dentin,SrCa3Al2Si5O17,168.59,3.343,4.6122
dentin,Sr2Ca6Al6Si10O37,169.06,3.276,4.613
dentin,SrCa3Al4(SiO4)5,170.41,3.227,4.6431
dentin,Sr2Ca6Al10Si10O43,166.27,3.169,4.5101
dentin,SrCa3Al6Si5O23,166.33,3.219,4.5217
dentin,Sr4Ca6Al2Si10O33,116.85,3.373,3.0972
dentin,Sr6Ca6Al2(Si2O7)5,121.26,3.455,3.243
dentin,Sr8Ca6Al2Si10O37,129.08,3.599,3.5009
dentin,Sr10Ca6Al2Si10O39,123.53,3.723,3.3622
dentin,Sr12Ca6Al2Si10O41,122.08,3.879,3.3503
dentin,Sr2Ca6Al2Si12O35,128.68,3.232,3.4172
dentin,SrCa3Al2Si6O19,162.62,3.196,4.408
dentin,Sr2Ca6Al6Si12O41,164.7,3.167,4.4636
dentin,SrCa3Al4(Si3O11)2,162.83,3.159,4.407
dentin,Sr2Ca6Al10Si12O47,162.71,3.125,4.3967
dentin,SrCa3Al6Si6O25,162.3,3.106,4.3811
dentin,Sr4Ca6Al2Si12O37,117.31,3.308,3.098
dentin,Sr6Ca6Al2(Si4O13)3,117.8,3.417,3.1338
dentin,Sr8Ca6Al2Si12O41,126.99,3.536,3.4272
dentin,Sr10Ca6Al2Si12O43,129.58,3.641,3.524
dentin,Sr12Ca6Al2(Si4O15)3,124.34,3.751,3.3915
dentin,Sr2Ca8Al2Si2O17,124.67,3.417,3.3359
dentin,SrCa4Al2SiO10,118.2,3.299,3.1224
dentin,Sr2Ca8Al6Si2O23,114.36,3.241,2.9978
dentin,SrCa4Al4SiO13,117.73,3.248,3.0986
dentin,Sr2Ca8Al10Si2O29,117.54,3.257,3.0947
dentin,SrCa4Al6SiO16,122.92,3.257,3.2527
dentin,Sr4Ca8Al2Si2O19,151.68,3.739,4.1928
dentin,Sr2Ca4Al2SiO11,131.58,3.577,3.5701
dentin,Sr4Ca8Al6Si2O25,121.3,3.467,3.2464
dentin,Sr2Ca4Al4SiO14,119.45,3.399,3.1788
dentin,Sr4Ca8Al10Si2O31,119.83,3.365,3.1831
dentin,Sr2Ca4Al6SiO17,117.3,3.346,3.105
dentin,Sr6Ca8Al2Si2O21,153.04,3.976,4.2795
dentin,Sr3Ca4Al2SiO12,138.3,3.831,3.8177
dentin,Sr6Ca8Al6Si2O27,128.71,3.671,3.5043
dentin,Sr3Ca4Al4SiO15,122.21,3.57,3.2936
dentin,Sr6Ca8Al10Si2O33,119.97,3.521,3.2179
dentin,Sr3Ca4Al6SiO18,119.73,3.432,3.1932
dentin,Sr8Ca8Al2Si2O23,159.67,4.123,4.5031
dentin,Sr4Ca4Al2SiO13,159.15,4.014,4.4664
dentin,Sr8Ca8Al6Si2O29,133.24,3.877,3.6778
dentin,Sr4Ca4Al4SiO16,130.04,3.743,3.5576
dentin,Sr8Ca8Al10Si2O35,126.32,3.647,3.4293
dentin,Sr4Ca4Al6SiO19,126.41,3.597,3.4223
dentin,Sr10Ca8Al2Si2O25,159.79,4.229,4.5277
dentin,Sr5Ca4Al2SiO14,168.86,4.177,4.7838
dentin,Sr10Ca8Al6Si2O31,161.54,4.053,4.5446
dentin,Sr5Ca4Al4SiO17,128.6,3.908,3.5476
dentin,Sr10Ca8Al10Si2O37,127.09,3.798,3.4817
dentin,Sr5Ca4Al6SiO20,125.78,3.709,3.4256
dentin,Sr12Ca8Al2Si2O27,136.01,4.149,3.8127
dentin,Sr6Ca4Al2SiO15,156.17,4.252,4.4258
dentin,Sr12Ca8Al6Si2O33,164.26,4.178,4.649
dentin,Sr6Ca4Al4SiO18,146.84,4.059,4.1134
dentin,Sr12Ca8Al10Si2O39,125.94,3.936,3.475
dentin,Sr6Ca4Al6SiO21,127.34,3.838,3.4968
dentin,Sr2Ca8Al2Si4O21,116.47,3.306,3.073
dentin,SrCa4Al2(SiO6)2,116.83,3.226,3.0675
dentin,Sr2Ca8Al6Si4O27,109.93,3.223,2.8642
dentin,SrCa4Al4Si2O15,118.47,3.245,3.1195
dentin,Sr2Ca8Al10Si4O33,119.55,3.243,3.1509
dentin,SrCa4Al6(SiO9)2,121.61,3.189,3.2009
dentin,Sr4Ca8Al2Si4O23,122.96,3.553,3.3122
dentin,Sr6Ca8Al2Si4O25,136.35,3.788,3.7519
dentin,Sr8Ca8Al2Si4O27,137.89,3.981,3.835
dentin,Sr10Ca8Al2Si4O29,146.35,4.159,4.1185
dentin,Sr12Ca8Al2Si4O31,153.52,4.262,4.3498
dentin,Sr2Ca8Al2Si6O25,113.89,3.197,2.9756
dentin,SrCa4Al2Si3O14,111.6,3.19,2.9069
dentin,Sr2Ca8Al6Si6O31,120.15,3.234,3.1669
dentin,SrCa4Al4Si3O17,130.68,3.291,3.4877
dentin,Sr2Ca8Al10Si6O37,132.36,3.21,3.5211
dentin,SrCa4Al6Si3O20,166.31,3.262,4.5295
dentin,Sr4Ca8Al2(Si2O9)3,119.43,3.441,3.1865
dentin,Sr6Ca8Al2Si6O29,123.35,3.652,3.3432
dentin,Sr8Ca8Al2Si6O31,128.39,3.838,3.5276
dentin,Sr10Ca8Al2(Si2O11)3,134.8,3.984,3.7445
dentin,Sr12Ca8Al2Si6O35,148.8,4.125,4.1839
dentin,Sr2Ca8Al2Si8O29,110.55,3.218,2.8814
dentin,SrCa4Al2(SiO4)4,125.44,3.259,3.3273
dentin,Sr2Ca8Al6Si8O35,168.57,3.361,4.6155
dentin,SrCa4Al4Si4O19,171.14,3.293,4.6776
dentin,Sr2Ca8Al10Si8O41,176.49,3.344,4.8449
dentin,SrCa4Al6(Si2O11)2,177.31,3.306,4.8617
dentin,Sr4Ca8Al2Si8O31,114.91,3.335,3.0325
dentin,Sr6Ca8Al2Si8O33,122.13,3.49,3.2752
dentin,Sr8Ca8Al2Si8O35,121.09,3.695,3.285
dentin,Sr10Ca8Al2Si8O37,120.8,3.87,3.3109
dentin,Sr12Ca8Al2Si8O39,137.28,4.006,3.8221
dentin,Sr2Ca8Al2Si10O33,124.14,3.253,3.2877
dentin,SrCa4Al2Si5O18,166.31,3.36,4.5488
dentin,Sr2Ca8Al6Si10O39,170.25,3.346,4.6618
dentin,SrCa4Al4Si5O21,176.99,3.361,4.8629
dentin,Sr2Ca8Al10(Si2O9)5,176.19,3.335,4.8344
dentin,SrCa4Al6Si5O24,176.81,3.288,4.8431
dentin,Sr4Ca8Al2(Si2O7)5,113.88,3.305,2.9965
dentin,Sr6Ca8Al2Si10O37,117.65,3.437,3.1332
dentin,Sr8Ca8Al2Si10O39,125.4,3.554,3.3841
dentin,Sr10Ca8Al2Si10O41,124.06,3.718,3.3767
dentin,Sr12Ca8Al2Si10O43,122.87,3.872,3.3721
dentin,Sr2Ca8Al2Si12O37,154.72,3.295,4.1952
dentin,SrCa4Al2(Si3O10)2,163.0,3.256,4.431
dentin,Sr2Ca8Al6Si12O43,169.08,3.259,4.6103
dentin,SrCa4Al4Si6O23,170.13,3.248,4.639
dentin,Sr2Ca8Al10Si12O49,171.21,3.211,4.6634
dentin,SrCa4Al6(Si3O13)2,169.92,3.178,4.6191
dentin,Sr4Ca8Al2(Si4O13)3,113.84,3.306,2.9955
dentin,Sr6Ca8Al2Si12O41,121.64,3.374,3.2382
dentin,Sr8Ca8Al2Si12O43,116.81,3.507,3.1224
dentin,Sr10Ca8Al2(Si4O15)3,127.86,3.604,3.4661
dentin,Sr12Ca8Al2Si12O47,122.84,3.726,3.3425
dentin,Sr2Ca10Al2Si2O19,135.97,3.413,3.6673
dentin,SrCa5Al2SiO11,127.4,3.286,3.3903
dentin,Sr2Ca10Al6Si2O25,115.35,3.239,3.0269
dentin,SrCa5Al4SiO14,114.06,3.227,2.9866
dentin,Sr2Ca10Al10Si2O31,116.16,3.227,3.0481
dentin,SrCa5Al6SiO17,118.65,3.246,3.1253
dentin,Sr4Ca10Al2Si2O21,152.59,3.698,4.2115
dentin,Sr2Ca5Al2SiO12,129.21,3.566,3.4986
dentin,Sr4Ca10Al6Si2O27,120.7,3.438,3.2231
dentin,Sr2Ca5Al4SiO15,119.76,3.39,3.1859
dentin,Sr4Ca10Al10Si2O33,116.5,3.324,3.0773
dentin,Sr2Ca5Al6SiO18,118.69,3.367,3.1502
dentin,Sr6Ca10Al2Si2O23,152.64,3.919,4.2565
dentin,Sr3Ca5Al2SiO13,150.25,3.78,4.1589
dentin,Sr6Ca10Al6Si2O29,130.08,3.66,3.5426
dentin,Sr3Ca5Al4SiO16,126.93,3.546,3.4276
dentin,Sr6Ca10Al10Si2O35,121.61,3.497,3.2616
dentin,Sr3Ca5Al6SiO19,120.23,3.436,3.2088
dentin,Sr8Ca10Al2Si2O25,162.4,4.041,4.5673
dentin,Sr4Ca5Al2SiO14,151.26,3.96,4.2239
dentin,Sr8Ca10Al6Si2O31,144.73,3.851,4.0107
dentin,Sr4Ca5Al4SiO17,125.28,3.721,3.4131
dentin,Sr8Ca10Al10Si2O37,126.53,3.627,3.4315
dentin,Sr4Ca5Al6SiO20,127.86,3.581,3.4615
dentin,Sr10Ca10Al2Si2O27,159.14,4.135,4.49
dentin,Sr5Ca5Al2SiO15,167.88,4.116,4.7431
dentin,Sr10Ca10Al6Si2O33,151.26,3.992,4.2301
dentin,Sr5Ca5Al4SiO18,134.3,3.886,3.7109
dentin,Sr10Ca10Al10Si2O39,126.04,3.771,3.4453
dentin,Sr5Ca5Al6SiO21,127.47,3.689,3.4714
dentin,Sr12Ca10Al2Si2O29,136.16,4.063,3.8002
dentin,Sr6Ca5Al2SiO16,153.53,4.18,4.3338
dentin,Sr12Ca10Al6Si2O35,167.31,4.124,4.7279
dentin,Sr6Ca5Al4SiO19,157.34,4.025,4.4154
dentin,Sr12Ca10Al10Si2O41,132.06,3.91,3.6497
dentin,Sr6Ca5Al6SiO22,130.41,3.816,3.5828
dentin,Sr2Ca10Al2Si4O23,120.25,3.277,3.1782
dentin,SrCa5Al2Si2O13,114.13,3.233,2.9899
dentin,Sr2Ca10Al6Si4O29,117.22,3.214,3.0767
dentin,SrCa5Al4(SiO8)2,110.65,3.203,2.8814
dentin,Sr2Ca10Al10Si4O35,117.3,3.232,3.0827
dentin,SrCa5Al6Si2O19,125.04,3.262,3.3161
dentin,Sr4Ca10Al2Si4O25,127.86,3.532,3.4521
dentin,Sr6Ca10Al2Si4O27,141.41,3.749,3.8929
dentin,Sr8Ca10Al2Si4O29,137.89,3.939,3.8269
dentin,Sr10Ca10Al2Si4O31,166.04,4.093,4.6845
dentin,Sr12Ca10Al2Si4O33,159.16,4.199,4.5033
dentin,Sr2Ca10Al2(Si2O9)3,113.34,3.221,2.9642
dentin,SrCa5Al2(SiO5)3,115.12,3.186,3.0096
dentin,Sr2Ca10Al6(Si2O11)3,108.91,3.185,2.8266
dentin,SrCa5Al4(SiO6)3,118.34,3.211,3.109
dentin,Sr2Ca10Al10(Si2O13)3,127.6,3.252,3.3896
dentin,SrCa5Al6(SiO7)3,126.39,3.16,3.3357
dentin,Sr4Ca10Al2Si6O29,120.42,3.427,3.2126
dentin,Sr6Ca10Al2Si6O31,125.85,3.63,3.4121
dentin,Sr8Ca10Al2(Si2O11)3,134.21,3.787,3.6887
dentin,Sr10Ca10Al2Si6O35,137.37,3.944,3.8125
dentin,Sr12Ca10Al2Si6O37,149.34,4.071,4.1893
dentin,Sr2Ca10Al2Si8O31,109.45,3.166,2.8388
dentin,SrCa5Al2Si4O17,110.25,3.155,2.8604
dentin,Sr2Ca10Al6Si8O37,119.45,3.214,3.1425
dentin,SrCa5Al4(SiO5)4,160.18,3.295,4.3557
dentin,Sr2Ca10Al10Si8O43,163.34,3.252,4.4403
dentin,SrCa5Al6Si4O23,167.81,3.258,4.5728
dentin,Sr4Ca10Al2Si8O33,116.58,3.32,3.0789
dentin,Sr6Ca10Al2Si8O35,120.8,3.504,3.2389
dentin,Sr8Ca10Al2Si8O37,123.24,3.691,3.3474
dentin,Sr10Ca10Al2Si8O39,127.8,3.837,3.5103
dentin,Sr12Ca10Al2Si8O41,131.76,3.947,3.6482
dentin,Sr2Ca10Al2(Si2O7)5,112.21,3.181,2.9231
dentin,SrCa5Al2Si5O19,125.08,3.245,3.3139
dentin,Sr2Ca10Al6Si10O41,167.82,3.357,4.5927
dentin,SrCa5Al4Si5O22,170.45,3.302,4.6591
dentin,Sr2Ca10Al10Si10O47,173.43,3.342,4.7544
dentin,SrCa5Al6(SiO5)5,177.09,3.313,4.8563
dentin,Sr4Ca10Al2Si10O37,113.99,3.262,2.9913
dentin,Sr6Ca10Al2Si10O39,119.36,3.412,3.1785
dentin,Sr8Ca10Al2Si10O41,125.35,3.556,3.3828
dentin,Sr10Ca10Al2Si10O43,122.26,3.717,3.3236
dentin,Sr12Ca10Al2(Si2O9)5,121.36,3.866,3.3265
dentin,Sr2Ca10Al2(Si4O13)3,123.08,3.234,3.2532
dentin,SrCa5Al2(Si2O7)3,167.45,3.353,4.5808
dentin,Sr2Ca10Al6(Si4O15)3,169.58,3.323,4.6377
dentin,SrCa5Al4(SiO4)6,175.32,3.394,4.8201
dentin,Sr2Ca10Al10(Si4O17)3,175.53,3.332,4.8142
dentin,SrCa5Al6(Si2O9)3,176.19,3.306,4.8286
dentin,Sr4Ca10Al2Si12O41,115.51,3.328,3.0489
dentin,Sr6Ca10Al2Si12O43,117.07,3.377,3.1043
dentin,Sr8Ca10Al2(Si4O15)3,119.03,3.483,3.1827
dentin,Sr10Ca10Al2Si12O47,123.63,3.596,3.34
dentin,Sr12Ca10Al2Si12O49,123.44,3.741,3.363
dentin,Sr2Ca12Al2Si2O21,136.06,3.403,3.668
dentin,SrCa6Al2SiO12,128.06,3.298,3.4119
dentin,Sr2Ca12Al6Si2O27,117.63,3.23,3.0922
dentin,SrCa6Al4SiO15,113.89,3.192,2.9747
dentin,Sr2Ca12Al10Si2O33,114.24,3.245,2.9951
dentin,SrCa6Al6SiO18,114.15,3.202,2.984
dentin,Sr4Ca12Al2Si2O23,152.33,3.666,4.1977
dentin,Sr2Ca6Al2SiO13,140.44,3.545,3.8244
dentin,Sr4Ca12Al6Si2O29,123.54,3.444,3.3076
dentin,Sr2Ca6Al4SiO16,121.76,3.374,3.2418
dentin,Sr4Ca12Al10Si2O35,117.55,3.322,3.1077
dentin,Sr2Ca6Al6SiO19,117.03,3.271,3.0825
dentin,Sr6Ca12Al2Si2O25,150.99,3.832,4.1909
dentin,Sr3Ca6Al2SiO14,150.25,3.749,4.1528
dentin,Sr6Ca12Al6Si2O31,143.65,3.646,3.9386
dentin,Sr3Ca6Al4SiO17,120.5,3.534,3.2361
dentin,Sr6Ca12Al10Si2O37,121.5,3.467,3.2523
dentin,Sr3Ca6Al6SiO20,120.97,3.429,3.2293
dentin,Sr8Ca12Al2Si2O27,150.31,3.98,4.1999
dentin,Sr4Ca6Al2SiO15,151.58,3.922,4.2258
dentin,Sr8Ca12Al6Si2O33,150.25,3.803,4.1635
dentin,Sr4Ca6Al4SiO18,132.4,3.71,3.6205
dentin,Sr8Ca12Al10Si2O39,125.28,3.611,3.3916
dentin,Sr4Ca6Al6SiO21,122.65,3.541,3.3006
dentin,Sr10Ca12Al2Si2O29,157.92,4.067,4.4408
dentin,Sr5Ca6Al2SiO16,161.86,4.035,4.5503
dentin,Sr10Ca12Al6Si2O35,151.26,3.953,4.2224
dentin,Sr5Ca6Al4SiO19,144.73,3.863,4.0131
dentin,Sr10Ca12Al10Si2O41,129.77,3.755,3.5519
dentin,Sr5Ca6Al6SiO22,130.04,3.674,3.544
dentin,Sr12Ca12Al2Si2O31,135.17,4.074,3.7732
dentin,Sr6Ca6Al2SiO17,158.14,4.125,4.4586
dentin,Sr12Ca12Al6Si2O37,167.75,4.072,4.7305
dentin,Sr6Ca6Al4SiO20,150.3,3.984,4.2005
dentin,Sr12Ca12Al10Si2O43,142.29,3.888,3.9462
dentin,Sr6Ca6Al6SiO23,126.0,3.794,3.4487
dentin,Sr2Ca12Al2Si4O25,126.95,3.271,3.3741
dentin,SrCa6Al2(SiO7)2,114.55,3.232,3.0018
dentin,Sr2Ca12Al6Si4O31,115.3,3.201,3.0177
dentin,SrCa6Al4Si2O17,116.3,3.215,3.0501
dentin,Sr2Ca12Al10Si4O37,111.38,3.184,2.8991
dentin,SrCa6Al6(SiO10)2,117.41,3.213,3.0823
dentin,Sr4Ca12Al2Si4O27,129.63,3.513,3.5003
dentin,Sr6Ca12Al2Si4O29,139.33,3.728,3.8277
dentin,Sr8Ca12Al2Si4O31,151.57,3.9,4.2214
dentin,Sr10Ca12Al2Si4O33,164.18,4.039,4.6193
dentin,Sr12Ca12Al2Si4O35,163.42,4.122,4.6134
dentin,Sr2Ca12Al2Si6O29,114.64,3.233,3.0046
dentin,SrCa6Al2Si3O16,115.68,3.18,3.0249
dentin,Sr2Ca12Al6Si6O35,114.99,3.195,3.0075
dentin,SrCa6Al4Si3O19,109.59,3.175,2.8448
dentin,Sr2Ca12Al10Si6O41,118.91,3.219,3.1275
dentin,SrCa6Al6Si3O22,126.65,3.242,3.3596
dentin,Sr4Ca12Al2Si6O31,123.53,3.418,3.3023
dentin,Sr6Ca12Al2(Si2O11)3,130.27,3.593,3.5348
dentin,Sr8Ca12Al2Si6O35,136.35,3.762,3.7469
dentin,Sr10Ca12Al2Si6O37,137.44,3.903,3.8067
dentin,Sr12Ca12Al2(Si2O13)3,146.87,4.038,4.1101
dentin,Sr2Ca12Al2Si8O33,113.93,3.147,2.9667
dentin,SrCa6Al2(Si2O9)2,106.85,3.168,2.7628
dentin,Sr2Ca12Al6Si8O39,109.77,3.148,2.8448
dentin,SrCa6Al4Si4O21,120.25,3.195,3.1623
dentin,Sr2Ca12Al10Si8O45,129.63,3.239,3.4465
dentin,SrCa6Al6(SiO6)4,129.94,3.209,3.4499
dentin,Sr4Ca12Al2Si8O35,115.44,3.342,3.0495
dentin,Sr6Ca12Al2Si8O37,122.75,3.516,3.2988
dentin,Sr8Ca12Al2Si8O39,125.37,3.672,3.4064
dentin,Sr10Ca12Al2Si8O41,130.78,3.788,3.5882
dentin,Sr12Ca12Al2Si8O43,137.37,3.912,3.8063
dentin,Sr2Ca12Al2Si10O37,108.9,3.166,2.8228
dentin,SrCa6Al2(SiO4)5,108.35,3.161,2.8057
dentin,Sr2Ca12Al6Si10O43,123.89,3.22,3.2742
dentin,SrCa6Al4Si5O23,158.96,3.298,4.3204
dentin,Sr2Ca12Al10Si10O49,163.3,3.258,4.4401
dentin,SrCa6Al6Si5O26,170.32,3.256,4.6462
dentin,Sr4Ca12Al2Si10O39,116.3,3.272,3.0611
dentin,Sr6Ca12Al2Si10O41,119.04,3.419,3.1706
dentin,Sr8Ca12Al2Si10O43,120.16,3.564,3.2321
dentin,Sr10Ca12Al2(Si2O9)5,123.81,3.723,3.3702
dentin,Sr12Ca12Al2Si10O47,127.89,3.831,3.5116
dentin,Sr2Ca12Al2Si12O41,121.35,3.188,3.1932
dentin,SrCa6Al2(Si3O11)2,131.74,3.238,3.5083
dentin,Sr2Ca12Al6Si12O47,165.5,3.343,4.5215
dentin,SrCa6Al4Si6O25,164.4,3.298,4.4804
dentin,Sr2Ca12Al10Si12O53,174.25,3.357,4.7815
dentin,SrCa6Al6(Si3O14)2,175.59,3.312,4.8121
dentin,Sr4Ca12Al2Si12O43,112.3,3.242,2.9376
dentin,Sr6Ca12Al2(Si4O15)3,118.57,3.356,3.1445
dentin,Sr8Ca12Al2Si12O47,120.43,3.46,3.2195
dentin,Sr10Ca12Al2Si12O49,123.67,3.605,3.3432
dentin,Sr12Ca12Al2(Si4O17)3,122.26,3.739,3.3278
dentin,KCaAlSiO5,100.14,2.988,2.5304
dentin,K2Ca2Al4Si2O13,100.6,2.944,2.5353
dentin,KCaAl3SiO8,98.53,2.86,2.4578
dentin,K2Ca2Al8Si2O19,104.99,2.867,2.6493
dentin,KCaAl5SiO11,107.02,2.893,2.7139
dentin,K2Ca2Al12Si2O25,117.53,2.911,3.0266
dentin,K4Ca2Al2Si2O11,63.62,2.531,1.3669
dentin,K2CaAl2SiO7,100.29,3.01,2.5392
dentin,K4Ca2Al6Si2O17,100.51,2.976,2.5388
dentin,K2CaAl4SiO10,98.76,2.928,2.4779
dentin,K4Ca2Al10Si2O23,96.53,2.881,2.4033
dentin,K2CaAl6SiO13,99.44,2.814,2.4755
dentin,K3CaAlSiO6,71.92,2.566,1.6178
dentin,K6Ca2Al4Si2O15,64.68,2.527,1.3974
dentin,K3CaAl3SiO9,100.03,3.019,2.5331
dentin,K6Ca2Al8Si2O21,95.55,2.998,2.3975
dentin,K3CaAl5SiO12,97.0,2.948,2.4302
dentin,K6Ca2Al12Si2O27,98.83,2.925,2.4795
dentin,K8Ca2Al2Si2O13,66.62,2.547,1.4585
dentin,K4CaAl2SiO8,65.03,2.531,1.4084
dentin,K8Ca2Al6Si2O19,63.84,2.534,1.374
dentin,K4CaAl4SiO11,99.58,3.023,2.5209
dentin,K8Ca2Al10Si2O25,96.08,3.011,2.4155
dentin,K4CaAl6SiO14,95.22,2.989,2.3858
dentin,K5CaAlSiO7,71.48,2.557,1.6034
dentin,K10Ca2Al4Si2O17,64.37,2.554,1.3935
dentin,K5CaAl3SiO10,64.29,2.541,1.3887
dentin,K10Ca2Al8Si2O23,64.37,2.539,1.3905
dentin,K5CaAl5SiO13,72.49,2.768,1.6744
dentin,K10Ca2Al12Si2O29,99.67,3.019,2.5226
dentin,K12Ca2Al2Si2O15,74.59,2.599,1.7028
dentin,K6CaAl2SiO9,67.6,2.539,1.4855
dentin,K12Ca2Al6Si2O21,64.28,2.538,1.3879
dentin,K6CaAl4SiO12,64.37,2.538,1.3904
dentin,K12Ca2Al10Si2O27,64.37,2.533,1.3894
dentin,K6CaAl6SiO15,66.6,2.524,1.4532
dentin,KCaAlSi2O7,107.06,2.926,2.7216
dentin,K2Ca2Al4Si4O17,102.6,2.826,2.5709
dentin,KCaAl3(SiO5)2,107.35,2.86,2.7171
dentin,K2Ca2Al8Si4O23,108.3,2.893,2.7515
dentin,KCaAl5Si2O13,117.7,2.92,3.0334
dentin,K2Ca2Al12Si4O29,113.78,2.888,2.9116
dentin,K4Ca2Al2Si4O15,98.62,3.012,2.4904
dentin,K2CaAl2Si2O9,100.07,2.972,2.5252
dentin,K4Ca2Al6Si4O21,98.99,2.926,2.4845
dentin,K2CaAl4(SiO6)2,99.78,2.88,2.4986
dentin,K4Ca2Al10Si4O27,98.52,2.806,2.4468
dentin,K2CaAl6Si2O15,99.23,2.791,2.465
dentin,K3CaAl(SiO4)2,65.53,2.506,1.4182
dentin,K6Ca2Al4Si4O19,101.16,3.006,2.5639
dentin,K3CaAl3Si2O11,99.19,2.997,2.5042
dentin,K6Ca2Al8Si4O25,101.3,2.936,2.554
dentin,K3CaAl5(SiO7)2,95.21,2.897,2.3675
dentin,K6Ca2Al12Si4O31,97.61,2.885,2.4358
dentin,K8Ca2Al2Si4O17,63.12,2.555,1.3568
dentin,K4CaAl2(SiO5)2,64.8,2.518,1.3991
dentin,K8Ca2Al6Si4O23,99.93,3.041,2.5345
dentin,K4CaAl4Si2O13,98.1,3.005,2.4736
dentin,K8Ca2Al10Si4O29,99.3,2.98,2.504
dentin,K4CaAl6(SiO8)2,102.28,2.936,2.5832
dentin,K5CaAlSi2O9,66.29,2.549,1.4488
dentin,K10Ca2Al4Si4O21,63.99,2.562,1.3838
dentin,K5CaAl3(SiO6)2,65.08,2.512,1.4062
dentin,K10Ca2Al8Si4O27,73.73,2.781,1.7133
dentin,K5CaAl5Si2O15,96.69,3.016,2.4343
dentin,K10Ca2Al12Si4O33,95.55,2.992,2.3964
dentin,K12Ca2Al2Si4O19,67.34,2.561,1.4823
dentin,K6CaAl2Si2O11,67.32,2.543,1.4781
dentin,K12Ca2Al6Si4O25,64.67,2.563,1.4042
dentin,K6CaAl4(SiO7)2,63.3,2.522,1.3558
dentin,K12Ca2Al10Si4O31,67.29,2.518,1.4723
dentin,K6CaAl6Si2O17,100.25,3.027,2.5412
dentin,KCaAl(SiO3)3,107.46,2.833,2.7151
dentin,K2Ca2Al4(Si2O7)3,110.19,2.851,2.7988
dentin,KCaAl3(SiO4)3,118.82,2.904,3.0629
dentin,K2Ca2Al8(Si2O9)3,149.65,2.934,3.9754
dentin,KCaAl5(SiO5)3,114.62,2.892,2.9373
dentin,K2Ca2Al12(Si2O11)3,113.83,2.875,2.9107
dentin,K4Ca2Al2Si6O19,106.5,3.003,2.7201
dentin,K2CaAl2Si3O11,102.87,2.911,2.5956
dentin,K4Ca2Al6Si6O25,103.82,2.866,2.6145
dentin,K2CaAl4Si3O14,103.24,2.78,2.5807
dentin,K4Ca2Al10Si6O31,100.48,2.766,2.4969
dentin,K2CaAl6Si3O17,104.87,2.821,2.6366
dentin,K3CaAlSi3O10,96.67,3.024,2.4353
dentin,K6Ca2Al4Si6O23,103.15,2.973,2.616
dentin,K3CaAl3Si3O13,100.47,2.95,2.5326
dentin,K6Ca2Al8Si6O29,102.73,2.919,2.593
dentin,K3CaAl5Si3O16,99.08,2.884,2.4789
dentin,K6Ca2Al12Si6O35,99.38,2.854,2.4815
dentin,K8Ca2Al2(Si2O7)3,65.79,2.498,1.4243
dentin,K4CaAl2(SiO4)3,95.56,3.034,2.4047
dentin,K8Ca2Al6(Si2O9)3,95.79,3.009,2.4064
dentin,K4CaAl4(SiO5)3,106.15,2.972,2.704
dentin,K8Ca2Al10(Si2O11)3,99.89,2.935,2.5127
dentin,K4CaAl6(SiO6)3,96.11,2.897,2.3941
dentin,K5CaAlSi3O11,64.98,2.545,1.4097
dentin,K10Ca2Al4Si6O25,65.53,2.503,1.4176
dentin,K5CaAl3Si3O14,102.38,3.017,2.602
dentin,K10Ca2Al8Si6O31,96.46,3.01,2.4265
dentin,K5CaAl5Si3O17,96.76,2.993,2.4319
dentin,K10Ca2Al12Si6O37,111.24,2.973,2.8535
dentin,K12Ca2Al2Si6O23,66.13,2.547,1.4439
dentin,K6CaAl2Si3O13,64.94,2.544,1.4083
dentin,K12Ca2Al6Si6O29,65.39,2.511,1.4151
dentin,K6CaAl4Si3O16,74.78,2.772,1.7425
dentin,K12Ca2Al10Si6O35,98.39,3.029,2.487
dentin,K6CaAl6Si3O19,96.09,2.999,2.4132
dentin,KCaAlSi4O11,103.92,2.733,2.5915
dentin,K2Ca2Al4Si8O25,108.47,2.821,2.7424
dentin,KCaAl3(Si2O7)2,112.38,2.836,2.8602
dentin,K2Ca2Al8Si8O31,108.0,2.809,2.7262
dentin,KCaAl5Si4O17,106.13,2.806,2.6707
dentin,K2Ca2Al12Si8O37,109.58,2.828,2.7764
dentin,K4Ca2Al2Si8O23,110.23,2.921,2.8139
dentin,K2CaAl2Si4O13,109.2,2.863,2.7724
dentin,K4Ca2Al6Si8O29,102.48,2.776,2.5575
dentin,K2CaAl4(SiO4)4,101.9,2.762,2.5376
dentin,K4Ca2Al10Si8O35,103.71,2.804,2.5991
dentin,K2CaAl6Si4O19,109.69,2.873,2.7884
dentin,K3CaAl(SiO3)4,113.02,3.037,2.9185
dentin,K6Ca2Al4Si8O27,105.16,2.952,2.6709
dentin,K3CaAl3Si4O15,103.35,2.907,2.6088
dentin,K6Ca2Al8Si8O33,103.98,2.882,2.6224
dentin,K3CaAl5(Si2O9)2,101.92,2.849,2.5554
dentin,K6Ca2Al12Si8O39,101.77,2.814,2.544
dentin,K8Ca2Al2Si8O25,97.21,3.024,2.4513
dentin,K4CaAl2(Si2O7)2,95.37,2.99,2.3905
dentin,K8Ca2Al6Si8O31,109.53,2.99,2.8068
dentin,K4CaAl4Si4O17,99.99,2.932,2.5151
dentin,K8Ca2Al10Si8O37,102.73,2.911,2.5915
dentin,K4CaAl6(SiO5)4,98.17,2.888,2.4528
dentin,K5CaAlSi4O13,66.1,2.485,1.4309
dentin,K10Ca2Al4Si8O29,95.35,3.045,2.4007
dentin,K5CaAl3(SiO4)4,95.4,3.015,2.3962
dentin,K10Ca2Al8Si8O35,96.34,2.979,2.4167
dentin,K5CaAl5Si4O19,112.17,2.973,2.8809
dentin,K10Ca2Al12Si8O41,98.89,2.916,2.4796
dentin,K12Ca2Al2Si8O27,64.36,2.528,1.388
dentin,K6CaAl2Si4O15,65.79,2.492,1.423
dentin,K12Ca2Al6Si8O33,83.5,2.771,1.9984
dentin,K6CaAl4(Si2O9)2,96.12,3.016,2.4176
dentin,K12Ca2Al10Si8O39,98.48,3.005,2.4847
dentin,K6CaAl6Si4O21,95.46,2.972,2.3897
dentin,KCaAlSi5O13,106.49,2.725,2.6654
dentin,K2Ca2Al4Si10O29,108.72,2.776,2.7409
dentin,KCaAl3Si5O16,103.92,2.779,2.6004
dentin,K2Ca2Al8(Si2O7)5,102.25,2.752,2.546
dentin,KCaAl5Si5O19,103.4,2.747,2.579
dentin,K2Ca2Al12Si10O41,104.14,2.769,2.605
dentin,K4Ca2Al2Si10O27,107.46,2.842,2.7169
dentin,K2CaAl2(SiO3)5,105.8,2.758,2.6515
dentin,K4Ca2Al6Si10O33,105.03,2.754,2.6281
dentin,K2CaAl4Si5O18,111.32,2.802,2.8225
dentin,K4Ca2Al10Si10O39,111.85,2.866,2.8508
dentin,K2CaAl6Si5O21,111.33,2.856,2.8332
dentin,K3CaAlSi5O14,109.46,2.943,2.7954
dentin,K6Ca2Al4Si10O31,107.79,2.905,2.7389
dentin,K3CaAl3Si5O17,106.61,2.867,2.6967
dentin,K6Ca2Al8Si10O37,104.37,2.841,2.6258
dentin,K3CaAl5(SiO4)5,102.49,2.759,2.5545
dentin,K6Ca2Al12Si10O43,99.84,2.759,2.4767
dentin,K8Ca2Al2Si10O29,103.06,3.031,2.6247
dentin,K4CaAl2Si5O16,112.37,3.008,2.8936
dentin,K8Ca2Al6(Si2O7)5,103.02,2.934,2.6045
dentin,K4CaAl4Si5O19,103.88,2.903,2.6237
dentin,K8Ca2Al10Si10O41,103.02,2.888,2.5954
dentin,K4CaAl6Si5O22,106.14,2.865,2.6824
dentin,K5CaAl(SiO3)5,101.28,3.046,2.5752
dentin,K10Ca2Al4Si10O33,95.83,3.007,2.4074
dentin,K5CaAl3Si5O18,99.12,2.996,2.5021
dentin,K10Ca2Al8Si10O39,109.85,2.976,2.8135
dentin,K5CaAl5Si5O21,99.72,2.924,2.5055
dentin,K10Ca2Al12(Si2O9)5,104.56,2.907,2.6443
dentin,K12Ca2Al2Si10O31,67.28,2.481,1.4648
dentin,K6CaAl2Si5O17,95.19,2.995,2.386
dentin,K12Ca2Al6Si10O37,98.41,3.024,2.4867
dentin,K6CaAl4(SiO4)5,96.75,2.994,2.4318
dentin,K12Ca2Al10Si10O43,98.86,2.982,2.4915
dentin,K6CaAl6Si5O23,108.36,2.955,2.7656
dentin,KCaAl(Si2O5)3,112.02,2.658,2.8148
dentin,K2Ca2Al4(Si4O11)3,106.56,2.731,2.6687
dentin,KCaAl3(SiO3)6,105.29,2.717,2.6285
dentin,K2Ca2Al8(Si4O13)3,102.23,2.716,2.5384
dentin,KCaAl5(Si2O7)3,104.34,2.716,2.6003
dentin,K2Ca2Al12(Si4O15)3,104.88,2.725,2.6181
dentin,K4Ca2Al2Si12O31,105.54,2.738,2.6399
dentin,K2CaAl2Si6O17,104.31,2.716,2.5995
dentin,K4Ca2Al6Si12O37,103.7,2.769,2.5919
dentin,K2CaAl4(Si3O10)2,108.47,2.84,2.7462
dentin,K4Ca2Al10Si12O43,108.94,2.818,2.7558
dentin,K2CaAl6Si6O23,109.64,2.824,2.7772
dentin,K3CaAl(Si3O8)2,110.16,2.912,2.81
dentin,K6Ca2Al4Si12O35,111.85,2.863,2.8499
dentin,K3CaAl3Si6O19,104.95,2.819,2.6387
dentin,K6Ca2Al8Si12O41,104.52,2.742,2.611
dentin,K3CaAl5(Si3O11)2,104.93,2.747,2.6238
dentin,K6Ca2Al12Si12O47,103.88,2.738,2.5914
dentin,K8Ca2Al2(Si4O11)3,113.46,2.992,2.9226
dentin,K4CaAl2(SiO3)6,109.69,2.933,2.8004
dentin,K8Ca2Al6(Si4O13)3,107.42,2.901,2.7271
dentin,K4CaAl4(Si2O7)3,103.34,2.87,2.6012
dentin,K8Ca2Al10(Si4O15)3,104.13,2.847,2.6199
dentin,K4CaAl6(SiO4)6,103.39,2.822,2.5933
dentin,K5CaAlSi6O17,103.06,2.997,2.618
dentin,K10Ca2Al4Si12O37,103.43,3.029,2.6351
dentin,K5CaAl3(Si3O10)2,111.26,2.972,2.8541
dentin,K10Ca2Al8Si12O43,103.02,2.924,2.6026
dentin,K5CaAl5Si6O23,103.18,2.902,2.6028
dentin,K10Ca2Al12Si12O49,103.02,2.887,2.5952
dentin,K12Ca2Al2Si12O35,101.32,3.054,2.5779
dentin,K6CaAl2Si6O19,100.38,3.031,2.5459
dentin,K12Ca2Al6Si12O41,97.51,2.986,2.4527
dentin,K6CaAl4(Si3O11)2,106.29,2.988,2.7111
dentin,K12Ca2Al10Si12O47,109.89,2.959,2.8113
dentin,K6CaAl6Si6O25,99.72,2.92,2.5046
dentin,KCa2AlSiO6,104.01,3.017,2.6496
dentin,K2Ca4Al4Si2O15,96.78,2.977,2.4293
dentin,KCa2Al3SiO9,98.8,2.967,2.4869
dentin,K2Ca4Al8Si2O21,95.45,2.881,2.3713
dentin,KCa2Al5SiO12,106.9,2.909,2.7136
dentin,K2Ca4Al12Si2O27,104.66,2.91,2.6479
dentin,K4Ca4Al2Si2O13,66.79,2.652,1.4839
dentin,K2Ca2Al2SiO8,101.69,3.015,2.5811
dentin,K4Ca4Al6Si2O19,102.82,3.006,2.6126
dentin,K2Ca2Al4SiO11,94.53,2.976,2.3631
dentin,K4Ca4Al10Si2O25,98.34,2.957,2.4714
dentin,K2Ca2Al6SiO14,99.83,2.904,2.5049
dentin,K3Ca2AlSiO7,69.73,2.601,1.5602
dentin,K6Ca4Al4Si2O17,64.76,2.574,1.4089
dentin,K3Ca2Al3SiO10,100.07,3.03,2.5366
dentin,K6Ca4Al8Si2O23,101.41,3.008,2.5718
dentin,K3Ca2Al5SiO13,98.6,3.0,2.4875
dentin,K6Ca4Al12Si2O29,94.42,2.951,2.3548
dentin,K8Ca4Al2Si2O15,66.31,2.584,1.4565
dentin,K4Ca2Al2SiO9,68.73,2.575,1.526
dentin,K8Ca4Al6Si2O21,64.76,2.554,1.405
dentin,K4Ca2Al4SiO12,100.55,3.043,2.5532
dentin,K8Ca4Al10Si2O27,100.34,3.004,2.5393
dentin,K4Ca2Al6SiO15,97.43,3.019,2.4568
dentin,K5Ca2AlSiO8,72.94,2.578,1.6501
dentin,K10Ca4Al4Si2O19,66.19,2.593,1.4548
dentin,K5Ca2Al3SiO11,68.73,2.565,1.5239
dentin,K10Ca4Al8Si2O25,65.45,2.551,1.4249
dentin,K5Ca2Al5SiO14,81.2,2.835,1.9435
dentin,K10Ca4Al12Si2O31,99.58,3.002,2.5167
dentin,K12Ca4Al2Si2O17,72.52,2.623,1.6469
dentin,K6Ca2Al2SiO10,68.17,2.559,1.5064
dentin,K12Ca4Al6Si2O23,66.68,2.572,1.4651
dentin,K6Ca2Al4SiO13,61.63,2.562,1.3147
dentin,K12Ca4Al10Si2O29,65.01,2.554,1.4123
dentin,K6Ca2Al6SiO16,65.82,2.545,1.4344
dentin,KCa2Al(SiO4)2,98.11,2.983,2.4699
dentin,K2Ca4Al4Si4O19,107.17,2.972,2.7339
dentin,KCa2Al3Si2O11,98.7,2.87,2.4648
dentin,K2Ca4Al8Si4O25,110.5,2.927,2.8232
dentin,KCa2Al5(SiO7)2,112.72,2.925,2.888
dentin,K2Ca4Al12Si4O31,142.6,2.99,3.779
dentin,K4Ca4Al2Si4O17,102.66,3.02,2.6108
dentin,K3Ca2AlSi2O9,66.86,2.607,1.4772
dentin,K8Ca4Al2Si4O19,65.24,2.593,1.4267
dentin,K5Ca2Al(SiO5)2,72.84,2.588,1.6495
dentin,K12Ca4Al2Si4O21,63.67,2.576,1.3772
dentin,KCa2AlSi3O10,108.48,2.97,2.772
dentin,K2Ca4Al4Si6O23,100.55,2.887,2.5224
dentin,KCa2Al3Si3O13,113.78,2.953,2.9245
dentin,K2Ca4Al8Si6O29,117.53,2.944,3.0332
dentin,KCa2Al5Si3O16,155.03,3.009,4.1481
dentin,K2Ca4Al12Si6O35,145.6,2.981,3.8653
dentin,K4Ca4Al2(Si2O7)3,98.83,2.992,2.4926
dentin,K3Ca2AlSi3O11,102.02,3.016,2.5911
dentin,K8Ca4Al2Si6O23,64.97,2.539,1.4083
dentin,K5Ca2Al(SiO4)3,64.56,2.586,1.4054
dentin,K12Ca4Al2Si6O25,63.26,2.574,1.3649
dentin,KCa2Al(SiO3)4,111.16,2.903,2.8378
dentin,K2Ca4Al4Si8O27,119.32,2.978,3.0924
dentin,KCa2Al3Si4O15,117.69,2.945,3.0379
dentin,K2Ca4Al8Si8O33,152.58,2.982,4.071
dentin,KCa2Al5(Si2O9)2,161.24,2.98,4.325
dentin,K2Ca4Al12Si8O39,149.77,2.943,3.9806
dentin,K4Ca4Al2Si8O25,107.5,2.998,2.7487
dentin,K3Ca2AlSi4O13,103.01,3.004,2.6177
dentin,K8Ca4Al2Si8O27,99.48,3.018,2.5169
dentin,K5Ca2Al(Si2O7)2,64.74,2.526,1.399
dentin,K12Ca4Al2Si8O29,65.5,2.55,1.426
dentin,KCa2AlSi5O14,112.73,2.896,2.8824
dentin,K2Ca4Al4Si10O31,112.6,2.901,2.8797
dentin,KCa2Al3Si5O17,120.96,2.928,3.1306
dentin,K2Ca4Al8Si10O37,118.82,2.916,3.0655
dentin,KCa2Al5(SiO4)5,116.05,2.902,2.9812
dentin,K2Ca4Al12Si10O43,112.64,2.854,2.8717
dentin,K4Ca4Al2Si10O29,111.9,2.939,2.8664
dentin,K3Ca2Al(SiO3)5,108.09,3.026,2.7717
dentin,K8Ca4Al2Si10O31,97.57,3.005,2.4583
dentin,K5Ca2AlSi5O16,100.7,3.027,2.5544
dentin,K12Ca4Al2Si10O33,65.79,2.502,1.425
dentin,KCa2Al(Si3O8)2,110.77,2.837,2.8134
dentin,K2Ca4Al4Si12O35,111.33,2.869,2.8361
dentin,KCa2Al3Si6O19,111.76,2.862,2.8472
dentin,K2Ca4Al8Si12O41,109.94,2.835,2.7883
dentin,KCa2Al5(Si3O11)2,107.63,2.79,2.7116
dentin,K2Ca4Al12Si12O47,104.99,2.769,2.63
dentin,K4Ca4Al2(Si4O11)3,106.83,2.859,2.7015
dentin,K3Ca2AlSi6O17,109.64,2.954,2.803
dentin,K8Ca4Al2Si12O35,111.25,3.038,2.8668
dentin,K5Ca2Al(SiO3)6,96.76,3.008,2.4348
dentin,K12Ca4Al2Si12O37,100.41,3.038,2.5481
dentin,KCa3AlSiO7,106.27,3.044,2.7214
dentin,K2Ca6Al4Si2O17,97.83,3.006,2.4662
dentin,KCa3Al3SiO10,99.77,2.996,2.521
dentin,K2Ca6Al8Si2O23,98.8,2.972,2.4879
dentin,KCa3Al5SiO13,97.3,2.922,2.4339
dentin,K2Ca6Al12Si2O29,105.37,2.964,2.6794
dentin,K4Ca6Al2Si2O15,65.7,2.694,1.4601
dentin,K2Ca3Al2SiO9,101.76,3.038,2.5877
dentin,K4Ca6Al6Si2O21,105.05,3.019,2.6808
dentin,K2Ca3Al4SiO12,94.45,2.993,2.364
dentin,K4Ca6Al10Si2O27,95.72,2.976,2.3981
dentin,K2Ca3Al6SiO15,98.74,2.965,2.4844
dentin,K3Ca3AlSiO8,71.07,2.626,1.6046
dentin,K6Ca6Al4Si2O19,64.28,2.647,1.4091
dentin,K3Ca3Al3SiO11,101.92,3.038,2.5925
dentin,K6Ca6Al8Si2O25,102.12,3.031,2.5969
dentin,K3Ca3Al5SiO14,104.82,3.01,2.6721
dentin,K6Ca6Al12Si2O31,95.35,2.977,2.3875
dentin,K8Ca6Al2Si2O17,65.21,2.626,1.4325
dentin,K4Ca3Al2SiO10,71.14,2.601,1.602
dentin,K8Ca6Al6Si2O23,61.76,2.579,1.3218
dentin,K4Ca3Al4SiO13,100.31,3.045,2.5466
dentin,K8Ca6Al10Si2O29,102.63,3.029,2.6117
dentin,K4Ca3Al6SiO16,101.12,3.02,2.5654
dentin,K5Ca3AlSiO9,71.72,2.595,1.6177
dentin,K10Ca6Al4Si2O21,66.05,2.613,1.4546
dentin,K5Ca3Al3SiO12,70.13,2.585,1.5689
dentin,K10Ca6Al8Si2O27,58.47,2.544,1.2182
dentin,K5Ca3Al5SiO15,93.78,2.953,2.3363
dentin,K10Ca6Al12Si2O33,99.02,3.029,2.5056
dentin,K12Ca6Al2Si2O19,78.69,2.629,1.8293
dentin,K6Ca3Al2SiO11,66.49,2.587,1.4623
dentin,K12Ca6Al6Si2O25,68.04,2.591,1.5088
dentin,K6Ca3Al4SiO14,65.72,2.572,1.4369
dentin,K12Ca6Al10Si2O31,61.13,2.548,1.2972
dentin,K6Ca3Al6SiO17,70.93,2.747,1.6243
dentin,KCa3AlSi2O9,99.25,3.0,2.5064
dentin,K2Ca6Al4Si4O21,99.65,2.982,2.5146
dentin,KCa3Al3(SiO6)2,101.65,2.983,2.5738
dentin,K2Ca6Al8Si4O27,95.75,2.887,2.3814
dentin,KCa3Al5Si2O15,108.26,2.951,2.7619
dentin,K2Ca6Al12Si4O33,107.87,2.93,2.7462
dentin,K4Ca6Al2Si4O19,105.99,3.022,2.709
dentin,K3Ca3Al(SiO5)2,67.64,2.678,1.514
dentin,K8Ca6Al2Si4O21,66.41,2.617,1.4659
dentin,K5Ca3AlSi2O11,66.79,2.604,1.4745
dentin,K12Ca6Al2Si4O23,61.77,2.615,1.3291
dentin,KCa3AlSi3O11,102.15,3.004,2.5924
dentin,K2Ca6Al4Si6O25,100.64,2.941,2.5359
dentin,KCa3Al3Si3O14,101.04,2.917,2.5429
dentin,K2Ca6Al8Si6O31,113.7,2.984,2.9282
dentin,KCa3Al5Si3O17,115.74,2.967,2.9849
dentin,K2Ca6Al12Si6O37,145.9,3.022,3.8824
dentin,K4Ca6Al2Si6O23,100.38,3.005,2.5406
dentin,K3Ca3Al(SiO4)3,102.15,3.027,2.5971
dentin,K8Ca6Al2Si6O25,66.48,2.618,1.4682
dentin,K5Ca3AlSi3O13,64.81,2.603,1.416
dentin,K12Ca6Al2(Si2O9)3,66.16,2.588,1.4529
dentin,KCa3AlSi4O13,99.7,2.92,2.5042
dentin,K2Ca6Al4Si8O29,102.97,2.904,2.5972
dentin,KCa3Al3(SiO4)4,117.07,2.999,3.0302
dentin,K2Ca6Al8Si8O35,118.94,2.971,3.0799
dentin,KCa3Al5Si4O19,149.15,3.019,3.9773
dentin,K2Ca6Al12Si8O41,167.07,3.077,4.5156
dentin,K4Ca6Al2Si8O27,97.83,2.991,2.463
dentin,K3Ca3Al(Si2O7)2,103.32,3.022,2.6303
dentin,K8Ca6Al2Si8O29,103.28,3.038,2.6324
dentin,K5Ca3AlSi4O15,66.91,2.59,1.4754
dentin,K12Ca6Al2Si8O31,65.52,2.581,1.4325
dentin,KCa3Al(SiO3)5,108.26,2.924,2.7565
dentin,K2Ca6Al4Si10O33,159.23,3.061,4.2818
dentin,KCa3Al3Si5O18,118.17,2.987,3.0603
dentin,K2Ca6Al8Si10O39,151.52,3.019,4.0469
dentin,KCa3Al5Si5O21,154.53,2.993,4.1303
dentin,K2Ca6Al12(Si2O9)5,161.56,3.004,4.3392
dentin,K4Ca6Al2Si10O31,109.64,2.998,2.8115
dentin,K3Ca3AlSi5O16,97.89,3.009,2.4683
dentin,K8Ca6Al2Si10O33,97.57,3.019,2.4609
dentin,K5Ca3AlSi5O17,99.31,3.042,2.5165
dentin,K12Ca6Al2(Si2O7)5,64.97,2.54,1.4085
dentin,KCa3AlSi6O17,119.98,2.997,3.1155
dentin,K2Ca6Al4Si12O37,118.44,2.962,3.0632
dentin,KCa3Al3(Si3O10)2,119.12,2.977,3.0863
dentin,K2Ca6Al8Si12O43,120.01,2.954,3.1079
dentin,KCa3Al5Si6O23,121.0,2.938,3.1338
dentin,K2Ca6Al12Si12O49,118.16,2.922,3.047
dentin,K4Ca6Al2Si12O35,108.6,2.931,2.768
dentin,K3Ca3Al(SiO3)6,108.03,3.018,2.7682
dentin,K8Ca6Al2Si12O37,101.93,3.013,2.5878
dentin,K5Ca3AlSi6O19,98.39,3.017,2.4845
dentin,K12Ca6Al2(Si4O13)3,99.47,3.041,2.5211
dentin,KCa4AlSiO8,103.56,3.045,2.642
dentin,K2Ca8Al4Si2O19,99.32,3.002,2.5089
dentin,KCa4Al3SiO11,102.02,3.011,2.5901
dentin,K2Ca8Al8Si2O25,99.31,2.996,2.5076
dentin,KCa4Al5SiO14,98.53,2.972,2.4798
dentin,K2Ca8Al12Si2O31,96.6,2.949,2.4186
dentin,K4Ca8Al2Si2O17,77.25,2.899,1.8399
dentin,K2Ca4Al2SiO10,101.63,3.066,2.5893
dentin,K4Ca8Al6Si2O23,103.85,3.019,2.6456
dentin,K2Ca4Al4SiO13,100.36,3.019,2.5428
dentin,K4Ca8Al10Si2O29,96.36,2.99,2.4195
dentin,K2Ca4Al6SiO16,99.74,2.995,2.5197
dentin,K3Ca4AlSiO9,68.1,2.671,1.5261
dentin,K6Ca8Al4Si2O21,64.36,2.663,1.4149
dentin,K3Ca4Al3SiO12,101.0,3.048,2.5675
dentin,K6Ca8Al8Si2O27,100.91,3.028,2.5609
dentin,K3Ca4Al5SiO15,106.61,3.018,2.7265
dentin,K6Ca8Al12Si2O33,99.22,2.998,2.5053
dentin,K8Ca8Al2Si2O19,71.56,2.635,1.6208
dentin,K4Ca4Al2SiO11,71.63,2.61,1.6181
dentin,K8Ca8Al6Si2O25,62.25,2.637,1.3473
dentin,K4Ca4Al4SiO14,100.14,3.049,2.5423
dentin,K8Ca8Al10Si2O31,101.85,3.025,2.5878
dentin,K4Ca4Al6SiO17,107.44,3.027,2.7524
dentin,K5Ca4AlSiO10,78.31,2.627,1.8175
dentin,K10Ca8Al4Si2O23,65.68,2.636,1.4481
dentin,K5Ca4Al3SiO13,71.63,2.595,1.6151
dentin,K10Ca8Al8Si2O29,63.54,2.586,1.3753
dentin,K5Ca4Al5SiO16,98.18,3.032,2.4813
dentin,K10Ca8Al12Si2O35,102.67,3.021,2.6111
dentin,K12Ca8Al2Si2O21,76.76,2.64,1.7746
dentin,K6Ca4Al2SiO12,66.24,2.609,1.4593
dentin,K12Ca8Al6Si2O27,68.04,2.608,1.512
dentin,K6Ca4Al4SiO15,70.13,2.584,1.5688
dentin,K12Ca8Al10Si2O33,61.15,2.545,1.2971
dentin,K6Ca4Al6SiO18,71.75,2.874,1.6732
dentin,KCa4Al(SiO5)2,98.12,3.027,2.4785
dentin,K2Ca8Al4Si4O23,97.84,3.014,2.4679
dentin,KCa4Al3Si2O13,99.4,2.997,2.5102
dentin,K2Ca8Al8Si4O29,101.06,2.994,2.5586
dentin,KCa4Al5(SiO8)2,95.99,2.929,2.3968
dentin,K2Ca8Al12Si4O35,108.39,2.977,2.7706
dentin,K4Ca8Al2Si4O21,107.07,3.054,2.7471
dentin,K3Ca4AlSi2O11,71.26,2.711,1.6269
dentin,K8Ca8Al2Si4O23,60.69,2.62,1.2984
dentin,K5Ca4Al(SiO6)2,70.69,2.627,1.5939
dentin,K12Ca8Al2Si4O25,68.67,2.65,1.5389
dentin,KCa4Al(SiO4)3,100.24,3.003,2.5361
dentin,K2Ca8Al4(Si2O9)3,100.73,3.002,2.5504
dentin,KCa4Al3(SiO5)3,106.46,2.989,2.7161
dentin,K2Ca8Al8(Si2O11)3,103.24,2.95,2.6141
dentin,KCa4Al5(SiO6)3,110.62,2.96,2.8329
dentin,K2Ca8Al12(Si2O13)3,108.63,2.943,2.7713
dentin,K4Ca8Al2Si6O25,106.04,3.028,2.7117
dentin,K3Ca4AlSi3O13,103.79,3.018,2.6437
dentin,K8Ca8Al2(Si2O9)3,69.28,2.679,1.5623
dentin,K5Ca4AlSi3O14,65.01,2.614,1.4241
dentin,K12Ca8Al2Si6O29,66.4,2.6,1.4622
dentin,KCa4Al(Si2O7)2,106.02,3.003,2.706
dentin,K2Ca8Al4Si8O31,108.69,2.996,2.7834
dentin,KCa4Al3Si4O17,108.64,2.955,2.7737
dentin,K2Ca8Al8Si8O37,117.54,3.013,3.0469
dentin,KCa4Al5(SiO5)4,118.28,3.001,3.0663
dentin,K2Ca8Al12Si8O43,119.32,3.007,3.0979
dentin,K4Ca8Al2Si8O29,98.24,2.98,2.4729
dentin,K3Ca4AlSi4O15,107.29,3.033,2.7493
dentin,K8Ca8Al2Si8O31,103.2,3.02,2.6266
dentin,K5Ca4Al(SiO4)4,66.95,2.616,1.4816
dentin,K12Ca8Al2Si8O33,65.35,2.601,1.4315
dentin,KCa4AlSi5O16,108.61,3.0,2.7817
dentin,K2Ca8Al4(Si2O7)5,107.62,2.946,2.742
dentin,KCa4Al3Si5O19,118.06,3.051,3.0696
dentin,K2Ca8Al8Si10O41,154.85,3.036,4.1484
dentin,KCa4Al5Si5O22,158.45,3.033,4.2534
dentin,K2Ca8Al12Si10O47,168.67,3.096,4.5665
dentin,K4Ca8Al2Si10O33,99.96,2.989,2.5254
dentin,K3Ca4AlSi5O17,99.87,2.992,2.5231
dentin,K8Ca8Al2(Si2O7)5,108.0,3.027,2.7691
dentin,K5Ca4AlSi5O18,102.99,3.047,2.6257
dentin,K12Ca8Al2Si10O37,66.91,2.598,1.4769
dentin,KCa4Al(SiO3)6,108.71,2.941,2.7731
dentin,K2Ca8Al4(Si4O13)3,168.47,3.08,4.5574
dentin,KCa4Al3(Si2O7)3,119.72,3.015,3.1112
dentin,K2Ca8Al8(Si4O15)3,120.38,2.988,3.1255
dentin,KCa4Al5(SiO4)6,170.58,3.045,4.6124
dentin,K2Ca8Al12(Si4O17)3,164.32,3.011,4.4217
dentin,K4Ca8Al2Si12O37,107.46,3.014,2.7508
dentin,K3Ca4AlSi6O19,98.51,2.991,2.483
dentin,K8Ca8Al2(Si4O13)3,102.18,3.001,2.5928
dentin,K5Ca4Al(Si3O10)2,102.46,3.012,2.6033
dentin,K12Ca8Al2Si12O41,101.9,3.055,2.5952
dentin,KCa5AlSiO9,106.53,3.052,2.7308
dentin,K2Ca10Al4Si2O21,98.78,3.034,2.4994
dentin,KCa5Al3SiO12,98.66,3.015,2.4922
dentin,K2Ca10Al8Si2O27,102.63,3.008,2.6075
dentin,KCa5Al5SiO15,99.31,2.997,2.5077
dentin,K2Ca10Al12Si2O33,101.79,3.015,2.584
dentin,K4Ca10Al2Si2O19,85.17,2.941,2.0809
dentin,K2Ca5Al2SiO11,106.5,3.061,2.7316
dentin,K4Ca10Al6Si2O25,103.69,3.037,2.6445
dentin,K2Ca5Al4SiO14,98.83,3.001,2.4944
dentin,K4Ca10Al10Si2O31,100.56,3.009,2.5469
dentin,K2Ca5Al6SiO17,99.53,3.007,2.516
dentin,K3Ca5AlSiO10,79.62,2.713,1.8731
dentin,K6Ca10Al4Si2O23,68.33,2.698,1.5382
dentin,K3Ca5Al3SiO13,101.92,3.053,2.5954
dentin,K6Ca10Al8Si2O29,104.75,3.045,2.6769
dentin,K3Ca5Al5SiO16,103.77,3.011,2.6416
dentin,K6Ca10Al12Si2O35,100.83,3.016,2.5563
dentin,K8Ca10Al2Si2O21,72.05,2.644,1.6369
dentin,K4Ca5Al2SiO12,71.79,2.645,1.6296
dentin,K8Ca10Al6Si2O27,67.48,2.651,1.504
dentin,K4Ca5Al4SiO15,100.8,3.063,2.5645
dentin,K8Ca10Al10Si2O33,99.29,3.034,2.5143
dentin,K4Ca5Al6SiO18,105.75,3.018,2.7013
dentin,K5Ca5AlSiO11,77.72,2.649,1.8046
dentin,K10Ca10Al4Si2O25,72.46,2.649,1.6498
dentin,K5Ca5Al3SiO14,71.63,2.604,1.6168
dentin,K10Ca10Al8Si2O31,62.76,2.638,1.3629
dentin,K5Ca5Al5SiO17,102.77,3.042,2.6185
dentin,K10Ca10Al12Si2O37,100.4,3.028,2.546
dentin,K12Ca10Al2Si2O23,78.31,2.652,1.8224
dentin,K6Ca5Al2SiO13,72.95,2.64,1.6628
dentin,K12Ca10Al6Si2O29,67.66,2.618,1.5028
dentin,K6Ca5Al4SiO16,70.83,2.59,1.5905
dentin,K12Ca10Al10Si2O35,62.22,2.587,1.3369
dentin,K6Ca5Al6SiO19,70.9,2.872,1.648
dentin,KCa5AlSi2O11,103.06,3.019,2.6223
dentin,K2Ca10Al4Si4O25,101.52,3.009,2.5752
dentin,KCa5Al3(SiO7)2,98.67,3.01,2.4916
dentin,K2Ca10Al8Si4O31,98.28,2.997,2.4775
dentin,KCa5Al5Si2O17,102.04,3.002,2.5891
dentin,K2Ca10Al12Si4O37,100.07,2.976,2.5259
dentin,K4Ca10Al2Si4O23,107.11,3.042,2.7459
dentin,K3Ca5Al(SiO6)2,73.8,2.898,1.7381
dentin,K8Ca10Al2Si4O25,66.54,2.671,1.4804
dentin,K5Ca5AlSi2O13,71.18,2.653,1.6132
dentin,K12Ca10Al2Si4O27,67.37,2.669,1.5041
dentin,KCa5AlSi3O13,101.33,3.012,2.57
dentin,K2Ca10Al4Si6O29,99.56,3.014,2.5184
dentin,KCa5Al3Si3O16,98.23,2.991,2.4748
dentin,K2Ca10Al8Si6O35,103.78,2.987,2.6372
dentin,KCa5Al5Si3O19,108.43,2.974,2.7714
dentin,K2Ca10Al12Si6O41,110.33,2.993,2.831
dentin,K4Ca10Al2(Si2O9)3,106.59,3.019,2.7261
dentin,K3Ca5AlSi3O14,104.39,3.034,2.6641
dentin,K8Ca10Al2Si6O29,71.26,2.712,1.6273
dentin,K5Ca5Al(SiO5)3,64.64,2.631,1.4166
dentin,K12Ca10Al2Si6O31,64.37,2.615,1.4057
dentin,KCa5AlSi4O15,99.3,3.011,2.5101
dentin,K2Ca10Al4Si8O33,102.38,3.001,2.5987
dentin,KCa5Al3(Si2O9)2,105.94,2.986,2.7006
dentin,K2Ca10Al8Si8O39,110.91,2.976,2.8446
dentin,KCa5Al5Si4O21,118.25,3.029,3.0709
dentin,K2Ca10Al12Si8O45,113.16,2.972,2.91
dentin,K4Ca10Al2Si8O31,98.08,3.012,2.4745
dentin,K3Ca5Al(SiO4)4,105.23,3.025,2.6872
dentin,K8Ca10Al2Si8O33,103.64,3.03,2.6413
dentin,K5Ca5AlSi4O17,69.28,2.678,1.562
dentin,K12Ca10Al2Si8O35,64.98,2.634,1.4271
dentin,KCa5AlSi5O17,106.4,3.007,2.7182
dentin,K2Ca10Al4Si10O37,108.06,3.015,2.7686
dentin,KCa5Al3(SiO4)5,107.5,2.981,2.7454
dentin,K2Ca10Al8Si10O43,152.9,3.086,4.1007
dentin,KCa5Al5Si5O23,116.07,3.022,3.0054
dentin,K2Ca10Al12Si10O49,120.01,3.022,3.1211
dentin,K4Ca10Al2(Si2O7)5,98.59,2.98,2.4831
dentin,K3Ca5AlSi5O18,102.87,3.011,2.6152
dentin,K8Ca10Al2Si10O37,105.15,3.033,2.6866
dentin,K5Ca5AlSi5O19,102.82,3.035,2.6186
dentin,K12Ca10Al2Si10O39,67.94,2.652,1.5175
dentin,KCa5AlSi6O19,108.72,3.003,2.7853
dentin,K2Ca10Al4Si12O41,111.77,2.994,2.8733
dentin,KCa5Al3(Si3O11)2,164.18,3.116,4.4383
dentin,K2Ca10Al8Si12O47,164.11,3.104,4.4339
dentin,KCa5Al5Si6O25,159.7,3.046,4.2927
dentin,K2Ca10Al12Si12O53,171.37,3.109,4.6483
dentin,K4Ca10Al2(Si4O13)3,102.16,3.0,2.5922
dentin,K3Ca5Al(Si3O10)2,98.07,2.983,2.4686
dentin,K8Ca10Al2Si12O41,104.33,3.023,2.6602
dentin,K5Ca5Al(Si2O7)3,100.41,3.022,2.545
dentin,K12Ca10Al2Si12O43,103.36,3.043,2.6357
dentin,KCa6AlSiO10,117.57,3.074,3.0596
dentin,K2Ca12Al4Si2O23,97.31,3.03,2.4553
dentin,KCa6Al3SiO13,99.12,2.998,2.5023
dentin,K2Ca12Al8Si2O29,102.95,3.014,2.618
dentin,KCa6Al5SiO16,104.18,3.009,2.6533
dentin,K2Ca12Al12Si2O35,99.04,2.979,2.4961
dentin,K4Ca12Al2Si2O21,92.21,3.04,2.3074
dentin,K2Ca6Al2SiO12,105.9,3.044,2.7105
dentin,K4Ca12Al6Si2O27,104.49,3.055,2.6713
dentin,K2Ca6Al4SiO15,99.76,3.017,2.5249
dentin,K4Ca12Al10Si2O33,97.49,3.01,2.4568
dentin,K2Ca6Al6SiO18,101.2,2.998,2.5635
dentin,K3Ca6AlSiO11,78.76,2.718,1.849
dentin,K6Ca12Al4Si2O25,81.98,2.823,1.9642
dentin,K3Ca6Al3SiO14,102.38,3.058,2.6101
dentin,K6Ca12Al8Si2O31,105.04,3.047,2.686
dentin,K3Ca6Al5SiO17,106.07,3.026,2.7119
dentin,K6Ca12Al12Si2O37,100.47,3.018,2.546
dentin,K8Ca12Al2Si2O23,72.13,2.682,1.6469
dentin,K4Ca6Al2SiO13,78.01,2.697,1.8227
dentin,K8Ca12Al6Si2O29,67.71,2.68,1.5163
dentin,K4Ca6Al4SiO16,101.61,3.077,2.5908
dentin,K8Ca12Al10Si2O35,101.67,3.029,2.5833
dentin,K4Ca6Al6SiO19,106.24,3.029,2.7177
dentin,K5Ca6AlSiO12,77.17,2.688,1.7961
dentin,K10Ca12Al4Si2O27,75.42,2.666,1.7404
dentin,K5Ca6Al3SiO15,71.79,2.632,1.6271
dentin,K10Ca12Al8Si2O33,65.58,2.648,1.4475
dentin,K5Ca6Al5SiO18,101.1,3.067,2.5741
dentin,K10Ca12Al12Si2O39,101.67,3.026,2.5827
dentin,K12Ca12Al2Si2O25,78.31,2.662,1.8244
dentin,K6Ca6Al2SiO14,71.1,2.661,1.6125
dentin,K12Ca12Al6Si2O31,79.02,2.64,1.8413
dentin,K6Ca6Al4SiO17,71.63,2.607,1.6174
dentin,K12Ca12Al10Si2O37,65.28,2.639,1.4369
dentin,K6Ca6Al6SiO20,74.21,2.91,1.7525
dentin,KCa6Al(SiO6)2,104.37,3.001,2.6572
dentin,K2Ca12Al4Si4O27,100.59,3.003,2.5465
dentin,KCa6Al3Si2O15,100.08,3.03,2.5368
dentin,K2Ca12Al8Si4O33,98.64,3.004,2.4893
dentin,KCa6Al5(SiO9)2,98.47,2.969,2.4775
dentin,K2Ca12Al12Si4O39,103.07,3.01,2.621
dentin,K4Ca12Al2Si4O25,105.91,3.05,2.7121
dentin,K3Ca6AlSi2O13,75.21,2.906,1.7813
dentin,K8Ca12Al2Si4O27,67.15,2.697,1.5034
dentin,K5Ca6Al(SiO7)2,71.18,2.66,1.6145
dentin,K12Ca12Al2Si4O29,67.37,2.671,1.5046
dentin,KCa6AlSi3O14,101.34,3.038,2.5753
dentin,K2Ca12Al4Si6O31,101.33,3.019,2.5712
dentin,KCa6Al3Si3O17,99.98,3.017,2.5312
dentin,K2Ca12Al8Si6O37,98.49,2.979,2.4799
dentin,KCa6Al5Si3O20,101.76,3.004,2.581
dentin,K2Ca12Al12Si6O43,102.1,2.979,2.5861
dentin,K4Ca12Al2Si6O29,107.56,3.033,2.7575
dentin,K3Ca6Al(SiO5)3,103.71,3.063,2.6501
dentin,K8Ca12Al2Si6O31,74.17,2.817,1.7333
dentin,K5Ca6AlSi3O16,63.73,2.68,1.3994
dentin,K12Ca12Al2(Si2O11)3,61.98,2.634,1.339
dentin,KCa6Al(SiO4)4,97.67,3.01,2.462
dentin,K2Ca12Al4Si8O35,99.93,3.005,2.5273
dentin,KCa6Al3Si4O19,99.51,2.97,2.5083
dentin,K2Ca12Al8Si8O41,105.38,2.991,2.685
dentin,KCa6Al5(Si2O11)2,108.25,2.983,2.7677
dentin,K2Ca12Al12Si8O47,116.14,3.054,3.0136
dentin,K4Ca12Al2Si8O33,98.78,3.021,2.4969
dentin,K3Ca6AlSi4O17,107.34,3.022,2.7487
dentin,K8Ca12Al2Si8O35,104.39,3.041,2.6656
dentin,K5Ca6Al(Si2O9)2,71.34,2.699,1.6269
dentin,K12Ca12Al2Si8O37,64.84,2.655,1.4271
dentin,KCa6AlSi5O18,99.42,3.015,2.5144
dentin,K2Ca12Al4Si10O39,100.83,2.973,2.5475
dentin,KCa6Al3Si5O21,109.57,3.003,2.8106
dentin,K2Ca12Al8(Si2O9)5,107.72,2.99,2.7534
dentin,KCa6Al5Si5O24,115.29,3.071,2.9921
dentin,K2Ca12Al12Si10O51,111.65,2.991,2.8692
dentin,K4Ca12Al2Si10O37,97.95,2.988,2.466
dentin,K3Ca6AlSi5O19,105.29,3.028,2.6895
dentin,K8Ca12Al2Si10O39,106.0,3.03,2.711
dentin,K5Ca6Al(SiO4)5,103.64,3.036,2.6425
dentin,K12Ca12Al2Si10O41,69.28,2.677,1.5619
dentin,KCa6Al(Si3O10)2,100.16,2.98,2.5294
dentin,K2Ca12Al4Si12O43,110.05,3.022,2.8284
dentin,KCa6Al3Si6O23,109.37,3.011,2.8062
dentin,K2Ca12Al8Si12O49,161.71,3.12,4.3665
dentin,KCa6Al5(Si3O13)2,153.6,3.071,4.1185
dentin,K2Ca12Al12Si12O55,118.3,3.042,3.0748
dentin,K4Ca12Al2Si12O41,100.49,3.005,2.544
dentin,K3Ca6Al(Si2O7)3,97.68,3.005,2.4615
dentin,K8Ca12Al2Si12O43,106.07,3.034,2.7138
dentin,K5Ca6Al(Si3O11)2,102.79,3.014,2.6135
dentin,K12Ca12Al2(Si4O15)3,103.71,3.038,2.645
