showcase,formula,pred_modulus_GPa
enamel,ZrO2,190.9
enamel,TiO2,143.8
enamel,SiO2,95.0
enamel,CeO2,131.9
enamel,P2O5,148.6
enamel,Al2O3,214.5
enamel,Y2O3,147.4
enamel,La2O3,114.4
enamel,CaO,128.7
enamel,MgO,186.0
enamel,SrO,111.5
enamel,ZrTiO4,170.6
enamel,ZrTi2O6,153.2
enamel,ZrTi3O8,167.6
enamel,ZrTi4O10,162.1
enamel,Zr2TiO6,161.2
enamel,Zr2Ti3O10,166.1
enamel,Zr3TiO8,168.4
enamel,Zr3Ti2O10,157.1
enamel,Zr3Ti4O14,152.8
enamel,Zr4TiO10,167.5
enamel,Zr4Ti3O14,151.8
enamel,ZrSiO4,225.2
enamel,Zr(SiO3)2,192.4
enamel,ZrSi3O8,173.5
enamel,Zr(Si2O5)2,176.0
enamel,Zr2SiO6,149.3
enamel,Zr2Si3O10,198.5
enamel,Zr3SiO8,152.3
enamel,Zr3(SiO5)2,160.7
enamel,Zr3(Si2O7)2,200.2
enamel,Zr4SiO10,148.9
enamel,Zr4Si3O14,178.6
enamel,CeZrO4,154.7
enamel,Ce2ZrO6,151.4
enamel,Ce3ZrO8,148.1
enamel,Ce4ZrO10,147.6
enamel,CeZr2O6,157.0
enamel,Ce3Zr2O10,130.6
enamel,CeZr3O8,158.5
enamel,Ce2Zr3O10,160.5
enamel,Ce4Zr3O14,135.6
enamel,CeZr4O10,156.1
enamel,Ce3Zr4O14,160.5
enamel,Zr2P2O9,126.7
enamel,ZrP2O7,137.3
enamel,Zr2P6O19,112.2
enamel,Zr(PO3)4,105.5
enamel,Zr4P2O13,174.2
enamel,Zr4P6O23,119.0
enamel,Zr6P2O17,152.6
enamel,Zr3P2O11,171.2
enamel,Zr3(PO4)4,120.4
enamel,Zr8P2O21,136.1
enamel,Zr2Al2O7,180.8
enamel,ZrAl2O5,225.7
enamel,Zr2Al6O13,200.8
enamel,ZrAl4O8,207.3
enamel,Zr4Al2O11,169.0
enamel,Zr4Al6O17,192.3
enamel,Zr6Al2O15,182.9
enamel,Zr3Al2O9,162.0
enamel,Zr3Al4O12,192.3
enamel,Zr8Al2O19,193.8
enamel,Zr8Al6O25,162.3
enamel,Y2Zr2O7,211.6
enamel,Y2ZrO5,179.6
enamel,Y6Zr2O13,193.5
enamel,Y4ZrO8,193.3
enamel,Y2Zr4O11,199.5
enamel,Y6Zr4O17,186.9
enamel,Y2Zr6O15,182.4
enamel,Y2Zr3O9,204.7
enamel,Y4Zr3O12,185.1
enamel,Y2Zr8O19,181.9
enamel,Y6Zr8O25,207.0
enamel,La2Zr2O7,200.4
enamel,La2ZrO5,167.9
enamel,La6Zr2O13,152.3
enamel,La4ZrO8,156.9
enamel,La2Zr4O11,211.8
enamel,La6Zr4O17,180.8
enamel,La2Zr6O15,184.1
enamel,La2Zr3O9,200.5
enamel,La4Zr3O12,181.3
enamel,La2Zr8O19,183.7
enamel,La6Zr8O25,187.6
enamel,CaZrO3,208.0
enamel,Ca2ZrO4,174.6
enamel,Ca3ZrO5,146.4
enamel,Ca4ZrO6,161.8
enamel,CaZr2O5,209.4
enamel,Ca3Zr2O7,192.8
enamel,CaZr3O7,218.3
enamel,Ca2Zr3O8,204.8
enamel,Ca4Zr3O10,201.9
enamel,CaZr4O9,189.2
enamel,Ca3Zr4O11,207.4
enamel,MgZrO3,185.9
enamel,Mg2ZrO4,150.4
enamel,Mg3ZrO5,143.7
enamel,Mg4ZrO6,137.5
enamel,MgZr2O5,174.1
enamel,Mg3Zr2O7,151.7
enamel,MgZr3O7,210.5
enamel,Mg2Zr3O8,170.6
enamel,Mg4Zr3O10,164.4
enamel,MgZr4O9,186.1
enamel,Mg3Zr4O11,170.7
enamel,SrZrO3,215.1
enamel,Sr2ZrO4,158.7
enamel,Sr3ZrO5,137.1
enamel,Sr4ZrO6,133.1
enamel,SrZr2O5,211.4
enamel,Sr3Zr2O7,173.1
enamel,SrZr3O7,221.8
enamel,Sr2Zr3O8,200.2
enamel,Sr4Zr3O10,180.3
enamel,SrZr4O9,188.9
enamel,Sr3Zr4O11,201.4
enamel,TiSiO4,192.2
enamel,Ti(SiO3)2,191.0
enamel,TiSi3O8,183.8
enamel,Ti(Si2O5)2,174.2
enamel,Ti2SiO6,159.6
enamel,Ti2Si3O10,195.7
enamel,Ti3SiO8,158.9
enamel,Ti3(SiO5)2,170.3
enamel,Ti3(Si2O7)2,193.1
enamel,Ti4SiO10,141.7
enamel,Ti4Si3O14,166.1
enamel,CeTiO4,157.3
enamel,Ce2TiO6,151.4
enamel,Ce3TiO8,144.1
enamel,Ce4TiO10,141.8
enamel,CeTi2O6,129.3
enamel,Ce3Ti2O10,147.5
enamel,CeTi3O8,132.6
enamel,Ce2Ti3O10,148.7
enamel,Ce4Ti3O14,155.8
enamel,CeTi4O10,127.6
enamel,Ce3Ti4O14,156.6
enamel,Ti2P2O9,115.4
enamel,TiP2O7,117.7
enamel,Ti2P6O19,95.5
enamel,Ti(PO3)4,101.7
enamel,Ti4P2O13,153.9
enamel,Ti4P6O23,122.4
enamel,Ti6P2O17,160.9
enamel,Ti3P2O11,154.2
enamel,Ti3(PO4)4,115.6
enamel,Ti8P2O21,119.4
enamel,Ti2Al2O7,215.1
enamel,TiAl2O5,239.9
enamel,Ti2Al6O13,214.6
enamel,TiAl4O8,214.4
enamel,Ti4Al2O11,155.2
enamel,Ti4Al6O17,234.8
enamel,Ti6Al2O15,152.9
enamel,Ti3Al2O9,160.0
enamel,Ti3Al4O12,234.8
enamel,Ti8Al2O19,152.2
enamel,Ti8Al6O25,170.8
enamel,Y2Ti2O7,192.5
enamel,Y2TiO5,182.1
enamel,Y6Ti2O13,188.5
enamel,Y4TiO8,188.4
enamel,Y2Ti4O11,165.3
enamel,Y6Ti4O17,171.8
enamel,Y2Ti6O15,168.0
enamel,Y2Ti3O9,168.2
enamel,Y4Ti3O12,179.8
enamel,Y2Ti8O19,171.0
enamel,Y6Ti8O25,169.8
enamel,La2Ti2O7,187.5
enamel,La2TiO5,152.0
enamel,La6Ti2O13,146.0
enamel,La4TiO8,150.8
enamel,La2Ti4O11,192.8
enamel,La6Ti4O17,150.9
enamel,La2Ti6O15,149.7
enamel,La2Ti3O9,203.2
enamel,La4Ti3O12,172.6
enamel,La2Ti8O19,141.0
enamel,La6Ti8O25,197.6
enamel,CaTiO3,206.6
enamel,Ca2TiO4,148.8
enamel,Ca3TiO5,142.3
enamel,Ca4TiO6,137.7
enamel,CaTi2O5,204.8
enamel,Ca3Ti2O7,185.2
enamel,CaTi3O7,179.0
enamel,Ca2Ti3O8,224.9
enamel,Ca4Ti3O10,190.4
enamel,CaTi4O9,164.6
enamel,Ca3Ti4O11,206.0
enamel,MgTiO3,199.0
enamel,Mg2TiO4,188.7
enamel,Mg3TiO5,162.9
enamel,Mg4TiO6,165.9
enamel,MgTi2O5,186.2
enamel,Mg3Ti2O7,190.4
enamel,MgTi3O7,183.1
enamel,Mg2Ti3O8,190.1
enamel,Mg4Ti3O10,197.3
enamel,MgTi4O9,170.7
enamel,Mg3Ti4O11,191.8
enamel,SrTiO3,198.4
enamel,Sr2TiO4,177.3
enamel,Sr3TiO5,123.0
enamel,Sr4TiO6,126.0
enamel,SrTi2O5,172.5
enamel,Sr3Ti2O7,176.7
enamel,SrTi3O7,202.3
enamel,Sr2Ti3O8,177.8
enamel,Sr4Ti3O10,173.3
enamel,SrTi4O9,179.6
enamel,Sr3Ti4O11,190.7
enamel,CeSiO4,138.7
enamel,Ce2SiO6,129.5
enamel,Ce3SiO8,131.0
enamel,Ce4SiO10,134.8
enamel,Ce(SiO3)2,154.3
enamel,Ce3(SiO5)2,133.4
enamel,CeSi3O8,168.3
enamel,Ce2Si3O10,127.8
enamel,Ce4Si3O14,142.9
enamel,Ce(Si2O5)2,167.8
enamel,Ce3(Si2O7)2,132.2
enamel,Si2P2O9,89.0
enamel,SiP2O7,97.4
enamel,Si2P6O19,98.5
enamel,Si(PO3)4,96.5
enamel,Si4P2O13,78.8
enamel,Si4P6O23,90.7
enamel,Si6P2O17,121.7
enamel,Si3P2O11,85.9
enamel,Si3(PO4)4,97.4
enamel,Si8P2O21,118.2
enamel,Al2Si2O7,185.2
enamel,Al2SiO5,221.5
enamel,Al6Si2O13,225.4
enamel,Al4SiO8,199.9
enamel,Al2Si4O11,108.9
enamel,Al6Si4O17,201.0
enamel,Al2(Si2O5)3,110.0
enamel,Al2(SiO3)3,142.8
enamel,Al4(SiO4)3,190.1
enamel,Al2Si8O19,110.0
enamel,Al6Si8O25,158.2
enamel,Y2Si2O7,158.8
enamel,Y2SiO5,159.1
enamel,Y6Si2O13,186.4
enamel,Y4SiO8,196.4
enamel,Y2Si4O11,175.9
enamel,Y6Si4O17,153.1
enamel,Y2(Si2O5)3,169.9
enamel,Y2(SiO3)3,145.4
enamel,Y4(SiO4)3,157.9
enamel,Y2Si8O19,178.0
enamel,Y6Si8O25,149.0
enamel,La2Si2O7,147.5
enamel,La2SiO5,129.0
enamel,La6Si2O13,140.8
enamel,La4SiO8,142.6
enamel,La2Si4O11,147.1
enamel,La6Si4O17,186.6
enamel,La2(Si2O5)3,167.0
enamel,La2(SiO3)3,140.8
enamel,La4(SiO4)3,187.8
enamel,La2Si8O19,177.6
enamel,La6Si8O25,143.0
enamel,CaSiO3,208.8
enamel,Ca2SiO4,127.4
enamel,Ca3SiO5,127.4
enamel,Ca4SiO6,115.4
enamel,CaSi2O5,136.2
enamel,Ca3Si2O7,123.0
enamel,CaSi3O7,115.6
enamel,Ca2Si3O8,145.3
enamel,Ca4Si3O10,145.2
enamel,CaSi4O9,144.8
enamel,Ca3Si4O11,125.4
enamel,MgSiO3,222.4
enamel,Mg2SiO4,218.3
enamel,Mg3SiO5,178.7
enamel,Mg4SiO6,172.0
enamel,MgSi2O5,151.6
enamel,Mg3Si2O7,224.2
enamel,MgSi3O7,134.0
enamel,Mg2Si3O8,120.9
enamel,Mg4Si3O10,217.3
enamel,MgSi4O9,128.6
enamel,Mg3Si4O11,136.7
enamel,SrSiO3,154.7
enamel,Sr2SiO4,144.2
enamel,Sr3SiO5,121.6
enamel,Sr4SiO6,117.9
enamel,SrSi2O5,108.9
enamel,Sr3Si2O7,142.5
enamel,SrSi3O7,117.1
enamel,Sr2Si3O8,117.8
enamel,Sr4Si3O10,142.9
enamel,SrSi4O9,125.4
enamel,Sr3Si4O11,126.4
enamel,Ce2P2O9,122.2
enamel,CeP2O7,104.2
enamel,Ce2P6O19,105.1
enamel,Ce(PO3)4,95.8
enamel,Ce4P2O13,117.3
enamel,Ce4P6O23,102.0
enamel,Ce6P2O17,124.5
enamel,Ce3P2O11,126.7
enamel,Ce3(PO4)4,109.9
enamel,Ce8P2O21,132.4
enamel,Ce2Al2O7,163.9
enamel,CeAl2O5,157.0
enamel,Ce2Al6O13,155.6
enamel,CeAl4O8,183.2
enamel,Ce4Al2O11,157.8
enamel,Ce4Al6O17,163.8
enamel,Ce6Al2O15,137.2
enamel,Ce3Al2O9,144.1
enamel,Ce3Al4O12,181.3
enamel,Ce8Al2O19,136.7
enamel,Ce8Al6O25,141.8
enamel,Ce2Y2O7,151.6
enamel,CeY2O5,142.1
enamel,Ce2Y6O13,161.6
enamel,CeY4O8,164.3
enamel,Ce4Y2O11,149.8
enamel,Ce4Y6O17,148.3
enamel,Ce6Y2O15,137.4
enamel,Ce3Y2O9,152.8
enamel,Ce3Y4O12,158.0
enamel,Ce8Y2O19,140.3
enamel,Ce8Y6O25,155.0
enamel,La2Ce2O7,148.2
enamel,La2CeO5,132.1
enamel,La6Ce2O13,130.7
enamel,La4CeO8,131.2
enamel,La2Ce4O11,153.1
enamel,La6Ce4O17,143.5
enamel,La2Ce6O15,139.2
enamel,La2Ce3O9,147.3
enamel,La4Ce3O12,143.5
enamel,La2Ce8O19,137.9
enamel,La6Ce8O25,148.7
enamel,CaCeO3,115.1
enamel,Ca2CeO4,130.5
enamel,Ca3CeO5,130.6
enamel,Ca4CeO6,130.5
enamel,CaCe2O5,136.0
enamel,Ca3Ce2O7,141.5
enamel,CaCe3O7,146.9
enamel,Ca2Ce3O8,133.2
enamel,Ca4Ce3O10,133.1
enamel,CaCe4O9,152.0
enamel,Ca3Ce4O11,130.4
enamel,CeMgO3,155.6
enamel,CeMg2O4,146.9
enamel,CeMg3O5,137.7
enamel,CeMg4O6,136.6
enamel,Ce2MgO5,139.4
enamel,Ce2Mg3O7,163.5
enamel,Ce3MgO7,147.6
enamel,Ce3Mg2O8,154.3
enamel,Ce3Mg4O10,155.1
enamel,Ce4MgO9,133.0
enamel,Ce4Mg3O11,151.3
enamel,SrCeO3,139.7
enamel,Sr2CeO4,113.2
enamel,Sr3CeO5,111.0
enamel,Sr4CeO6,111.6
enamel,SrCe2O5,146.7
enamel,Sr3Ce2O7,124.1
enamel,SrCe3O7,149.6
enamel,Sr2Ce3O8,143.1
enamel,Sr4Ce3O10,120.7
enamel,SrCe4O9,137.1
enamel,Sr3Ce4O11,144.5
enamel,AlPO4,73.9
enamel,Al4P2O11,139.5
enamel,Al3PO7,194.8
enamel,Al8P2O17,208.5
enamel,Al2P4O13,87.4
enamel,Al6P4O19,109.0
enamel,Al(PO3)3,66.2
enamel,Al4(P2O7)3,98.1
enamel,Al2P8O23,67.9
enamel,YPO4,143.6
enamel,Y4P2O11,164.0
enamel,Y3PO7,144.0
enamel,Y8P2O17,172.1
enamel,Y2P4O13,122.7
enamel,Y6P4O19,150.3
enamel,Y(PO3)3,117.3
enamel,Y4(P2O7)3,152.2
enamel,Y2P8O23,119.9
enamel,LaPO4,133.2
enamel,La4P2O11,160.1
enamel,La3PO7,124.5
enamel,La8P2O17,120.0
enamel,La2P4O13,125.9
enamel,La6P4O19,142.3
enamel,La(PO3)3,102.1
enamel,La4(P2O7)3,154.0
enamel,La2P8O23,101.5
enamel,Ca2P2O7,102.5
enamel,Ca4P2O9,118.8
enamel,Ca6P2O11,109.5
enamel,Ca8P2O13,109.8
enamel,Ca(PO3)2,112.1
enamel,Ca3(PO4)2,117.5
enamel,Ca2P6O17,94.4
enamel,Ca4P6O19,124.6
enamel,Ca8P6O23,121.2
enamel,CaP4O11,72.8
enamel,Ca3P4O13,115.6
enamel,Mg2P2O7,138.3
enamel,Mg4P2O9,158.2
enamel,Mg6P2O11,193.3
enamel,Mg8P2O13,162.6
enamel,Mg(PO3)2,102.7
enamel,Mg3(PO4)2,120.6
enamel,Mg2P6O17,68.3
enamel,Mg4P6O19,146.8
enamel,Mg8P6O23,126.7
enamel,MgP4O11,70.7
enamel,Mg3P4O13,142.1
enamel,Sr2P2O7,94.3
enamel,Sr4P2O9,122.9
enamel,Sr6P2O11,100.8
enamel,Sr8P2O13,104.8
enamel,Sr(PO3)2,82.6
enamel,Sr3(PO4)2,114.9
enamel,Sr2P6O17,89.0
enamel,Sr4P6O19,100.0
enamel,Sr8P6O23,109.5
enamel,SrP4O11,79.4
enamel,Sr3P4O13,93.7
enamel,YAlO3,269.3
enamel,Y4Al2O9,216.2
enamel,Y3AlO6,188.9
enamel,Y8Al2O15,197.9
enamel,Y2Al4O9,206.5
enamel,Y6Al4O15,215.7
enamel,YAl3O6,141.0
enamel,Y4Al6O15,218.8
enamel,Y8Al6O21,240.8
enamel,Y2Al8O15,169.2
enamel,Y6Al8O21,246.0
enamel,LaAlO3,281.8
enamel,La4Al2O9,169.1
enamel,La3AlO6,151.7
enamel,La8Al2O15,161.1
enamel,La2Al4O9,208.1
enamel,La6Al4O15,191.9
enamel,LaAl3O6,146.6
enamel,La4Al6O15,199.1
enamel,La8Al6O21,218.5
enamel,La2Al8O15,132.4
enamel,La6Al8O21,242.1
enamel,Ca2Al2O5,125.3
enamel,Ca4Al2O7,126.9
enamel,Ca6Al2O9,126.1
enamel,Ca8Al2O11,130.7
enamel,CaAl2O4,120.1
enamel,Ca3Al2O6,123.5
enamel,Ca2Al6O11,132.5
enamel,Ca4Al6O13,128.4
enamel,Ca8Al6O17,115.9
enamel,CaAl4O7,150.8
enamel,Ca3Al4O9,128.8
enamel,Mg2Al2O5,187.1
enamel,Mg4Al2O7,172.2
enamel,Mg6Al2O9,223.7
enamel,Mg8Al2O11,225.4
enamel,MgAl2O4,207.3
enamel,Mg3Al2O6,169.5
enamel,Mg2Al6O11,202.3
enamel,Mg4Al6O13,172.4
enamel,Mg8Al6O17,171.3
enamel,MgAl4O7,207.6
enamel,Mg3Al4O9,174.7
enamel,Sr2Al2O5,133.4
enamel,Sr4Al2O7,143.2
enamel,Sr6Al2O9,130.1
enamel,Sr8Al2O11,134.3
enamel,SrAl2O4,116.7
enamel,Sr3Al2O6,145.3
enamel,Sr2Al6O11,138.1
enamel,Sr4Al6O13,118.0
enamel,Sr8Al6O17,147.4
enamel,SrAl4O7,157.9
enamel,Sr3Al4O9,121.6
enamel,LaYO3,153.3
enamel,La4Y2O9,130.6
enamel,La3YO6,136.9
enamel,La8Y2O15,133.9
enamel,La2Y4O9,168.4
enamel,La6Y4O15,137.3
enamel,LaY3O6,168.7
enamel,La4Y6O15,166.7
enamel,La8Y6O21,136.9
enamel,La2Y8O15,168.8
enamel,La6Y8O21,164.7
enamel,Ca2Y2O5,148.3
enamel,Ca4Y2O7,133.9
enamel,Ca6Y2O9,137.4
enamel,Ca8Y2O11,129.9
enamel,CaY2O4,147.7
enamel,Ca3Y2O6,141.5
enamel,Ca2Y6O11,150.0
enamel,Ca4Y6O13,146.5
enamel,Ca8Y6O17,144.0
enamel,CaY4O7,175.8
enamel,Ca3Y4O9,148.4
enamel,Y2Mg2O5,161.1
enamel,Y2Mg4O7,153.6
enamel,Y2Mg6O9,139.8
enamel,Y2Mg8O11,136.4
enamel,Y2MgO4,193.1
enamel,Y2Mg3O6,156.7
enamel,Y6Mg2O11,186.0
enamel,Y6Mg4O13,178.4
enamel,Y6Mg8O17,157.7
enamel,Y4MgO7,179.7
enamel,Y4Mg3O9,175.7
enamel,Sr2Y2O5,150.6
enamel,Sr4Y2O7,112.1
enamel,Sr6Y2O9,122.6
enamel,Sr8Y2O11,110.8
enamel,SrY2O4,164.6
enamel,Sr3Y2O6,106.9
enamel,Sr2Y6O11,168.0
enamel,Sr4Y6O13,164.0
enamel,Sr8Y6O17,107.3
enamel,SrY4O7,166.5
enamel,Sr3Y4O9,158.6
enamel,Ca2La2O5,121.8
enamel,Ca4La2O7,128.4
enamel,Ca6La2O9,130.1
enamel,Ca8La2O11,134.2
enamel,CaLa2O4,115.3
enamel,Ca3La2O6,120.8
enamel,Ca2La6O11,127.7
enamel,Ca4La6O13,114.7
enamel,Ca8La6O17,112.7
enamel,CaLa4O7,131.7
enamel,Ca3La4O9,110.6
enamel,La2Mg2O5,175.5
enamel,La2Mg4O7,160.6
enamel,La2Mg6O9,156.1
enamel,La2Mg8O11,161.7
enamel,La2MgO4,150.1
enamel,La2Mg3O6,162.4
enamel,La6Mg2O11,149.4
enamel,La6Mg4O13,150.3
enamel,La6Mg8O17,155.3
enamel,La4MgO7,143.5
enamel,La4Mg3O9,171.2
enamel,Sr2La2O5,114.9
enamel,Sr4La2O7,116.4
enamel,Sr6La2O9,120.3
enamel,Sr8La2O11,119.0
enamel,SrLa2O4,131.7
enamel,Sr3La2O6,116.2
enamel,Sr2La6O11,138.1
enamel,Sr4La6O13,121.2
enamel,Sr8La6O17,114.5
enamel,SrLa4O7,136.0
enamel,Sr3La4O9,113.2
enamel,CaMgO2,135.8
enamel,CaMg2O3,126.5
enamel,CaMg3O4,134.6
enamel,CaMg4O5,132.7
enamel,Ca2MgO3,130.6
enamel,Ca2Mg3O5,141.7
enamel,Ca3MgO4,129.0
enamel,Ca3Mg2O5,133.2
enamel,Ca3Mg4O7,141.7
enamel,Ca4MgO5,121.7
enamel,Ca4Mg3O7,131.2
enamel,SrCaO2,136.6
enamel,Sr2CaO3,128.8
enamel,Sr3CaO4,127.9
enamel,Sr4CaO5,128.9
enamel,SrCa2O3,129.6
enamel,Sr3Ca2O5,136.1
enamel,SrCa3O4,131.6
enamel,Sr2Ca3O5,132.5
enamel,Sr4Ca3O7,136.1
enamel,SrCa4O5,129.7
enamel,Sr3Ca4O7,134.3
enamel,SrMgO2,164.4
enamel,Sr2MgO3,132.6
enamel,Sr3MgO4,130.7
enamel,Sr4MgO5,127.1
enamel,SrMg2O3,139.3
enamel,Sr3Mg2O5,127.1
enamel,SrMg3O4,135.1
enamel,Sr2Mg3O5,141.9
enamel,Sr4Mg3O7,126.4
enamel,SrMg4O5,136.4
enamel,Sr3Mg4O7,153.0
enamel,ZrTiSiO6,155.2
enamel,ZrTi(SiO4)2,178.2
enamel,ZrTiSi3O10,179.1
enamel,ZrTi(SiO3)4,161.4
enamel,ZrTi2SiO8,141.5
enamel,ZrTi2(SiO5)2,181.0
enamel,ZrTi2(SiO4)3,180.4
enamel,ZrTi2(Si2O7)2,177.2
enamel,ZrTi3SiO10,133.3
enamel,ZrTi3(SiO6)2,173.0
enamel,ZrTi3Si3O14,181.9
enamel,ZrTi3(SiO4)4,180.4
enamel,ZrTi4SiO12,130.5
enamel,ZrTi4(SiO7)2,164.9
enamel,ZrTi4Si3O16,178.9
enamel,ZrTi4(Si2O9)2,185.6
enamel,Zr2TiSiO8,144.8
enamel,Zr2Ti(SiO5)2,185.7
enamel,Zr2Ti(SiO4)3,205.1
enamel,Zr2Ti(Si2O7)2,177.0
enamel,Zr2Ti2SiO10,131.0
enamel,Zr2Ti2Si3O14,178.7
enamel,Zr2Ti3SiO12,131.0
enamel,Zr2Ti3(SiO7)2,128.0
enamel,Zr2Ti3Si3O16,170.1
enamel,Zr2Ti3(Si2O9)2,182.5
enamel,Zr2Ti4SiO14,140.5
enamel,Zr2Ti4(SiO6)3,169.9
enamel,Zr3TiSiO10,147.9
enamel,Zr3Ti(SiO6)2,151.4
enamel,Zr3TiSi3O14,182.9
enamel,Zr3Ti(SiO4)4,205.9
enamel,Zr3Ti2SiO12,141.8
enamel,Zr3Ti2(SiO7)2,140.6
enamel,Zr3Ti2Si3O16,162.1
enamel,Zr3Ti2(Si2O9)2,190.7
enamel,Zr3Ti3SiO14,148.0
enamel,Zr3Ti3(SiO8)2,142.9
enamel,Zr3Ti3(SiO5)4,187.5
enamel,Zr3Ti4SiO16,146.4
enamel,Zr3Ti4(SiO9)2,130.1
enamel,Zr3Ti4Si3O20,131.0
enamel,Zr3Ti4(Si2O11)2,173.9
enamel,Zr4TiSiO12,141.5
enamel,Zr4Ti(SiO7)2,140.3
enamel,Zr4TiSi3O16,152.6
enamel,Zr4Ti(Si2O9)2,185.7
enamel,Zr4Ti2SiO14,144.3
enamel,Zr4Ti2(SiO6)3,151.4
enamel,Zr4Ti3SiO16,144.7
enamel,Zr4Ti3(SiO9)2,143.8
enamel,Zr4Ti3Si3O20,140.1
enamel,Zr4Ti3(Si2O11)2,162.1
enamel,Zr4Ti4SiO18,152.7
enamel,Zr4Ti4Si3O22,137.4
enamel,CeZrTiO6,171.4
enamel,Ce2ZrTiO8,165.3
enamel,Ce3ZrTiO10,161.8
enamel,Ce4ZrTiO12,154.1
enamel,CeZrTi2O8,153.5
enamel,Ce2ZrTi2O10,175.9
enamel,Ce3ZrTi2O12,168.3
enamel,Ce4ZrTi2O14,161.6
enamel,CeZrTi3O10,147.9
enamel,Ce2ZrTi3O12,154.4
enamel,Ce3ZrTi3O14,175.9
enamel,Ce4ZrTi3O16,167.7
enamel,CeZrTi4O12,136.3
enamel,Ce2ZrTi4O14,150.1
enamel,Ce3ZrTi4O16,168.1
enamel,Ce4ZrTi4O18,175.9
enamel,CeZr2TiO8,173.5
enamel,Ce2Zr2TiO10,171.9
enamel,Ce3Zr2TiO12,168.7
enamel,Ce4Zr2TiO14,167.1
enamel,CeZr2Ti2O10,153.5
enamel,Ce3Zr2Ti2O14,177.5
enamel,CeZr2Ti3O12,159.1
enamel,Ce2Zr2Ti3O14,156.7
enamel,Ce3Zr2Ti3O16,172.5
enamel,Ce4Zr2Ti3O18,189.1
enamel,CeZr2Ti4O14,153.5
enamel,Ce3Zr2Ti4O18,158.7
enamel,CeZr3TiO10,168.9
enamel,Ce2Zr3TiO12,175.3
enamel,Ce3Zr3TiO14,173.2
enamel,Ce4Zr3TiO16,165.5
enamel,CeZr3Ti2O12,163.9
enamel,Ce2Zr3Ti2O14,175.9
enamel,Ce3Zr3Ti2O16,188.8
enamel,Ce4Zr3Ti2O18,171.5
enamel,CeZr3Ti3O14,163.7
enamel,Ce2Zr3Ti3O16,168.2
enamel,Ce4Zr3Ti3O20,177.9
enamel,CeZr3Ti4O16,152.6
enamel,Ce2Zr3Ti4O18,153.5
enamel,Ce3Zr3Ti4O20,160.0
enamel,Ce4Zr3Ti4O22,172.5
enamel,CeZr4TiO12,159.9
enamel,Ce2Zr4TiO14,173.8
enamel,Ce3Zr4TiO16,172.9
enamel,Ce4Zr4TiO18,173.5
enamel,CeZr4Ti2O14,167.5
enamel,Ce3Zr4Ti2O18,172.7
enamel,CeZr4Ti3O16,159.8
enamel,Ce2Zr4Ti3O18,168.0
enamel,Ce3Zr4Ti3O20,174.2
enamel,Ce4Zr4Ti3O22,176.2
enamel,CeZr4Ti4O18,148.1
enamel,Ce3Zr4Ti4O22,169.5
enamel,Zr2Ti2P2O13,161.3
enamel,ZrTiP2O9,110.8
enamel,Zr2Ti2P6O23,115.0
enamel,ZrTi(P2O7)2,128.1
enamel,Zr2Ti4P2O17,155.5
enamel,ZrTi2P2O11,134.7
enamel,Zr2Ti4(P2O9)3,102.6
enamel,ZrTi2(PO4)4,109.6
enamel,Zr2Ti6P2O21,120.0
enamel,ZrTi3P2O13,141.0
enamel,ZrTi3(P2O9)2,103.4
enamel,Zr2Ti8P2O25,117.7
enamel,ZrTi4P2O15,164.1
enamel,ZrTi4(PO5)4,154.3
enamel,Zr4Ti2P2O17,131.7
enamel,Zr2TiP2O11,166.4
enamel,Zr4Ti2(P2O9)3,123.5
enamel,Zr2Ti(PO4)4,114.7
enamel,Zr4Ti4P2O21,112.7
enamel,Zr4Ti6P2O25,117.7
enamel,Zr2Ti3P2O15,170.0
enamel,Zr2Ti3(PO5)4,137.6
enamel,Zr6Ti2P2O21,120.4
enamel,Zr3TiP2O13,150.9
enamel,Zr3Ti(P2O9)2,128.3
enamel,Zr6Ti4P2O25,114.4
enamel,Zr3Ti2P2O15,151.4
enamel,Zr3Ti2(PO5)4,156.7
enamel,Zr3Ti3P2O17,145.1
enamel,Zr3Ti3(P2O11)2,154.1
enamel,Zr3Ti4P2O19,121.2
enamel,Zr3Ti4(PO6)4,137.8
enamel,Zr8Ti2P2O25,116.9
enamel,Zr4TiP2O15,143.3
enamel,Zr4Ti(PO5)4,165.3
enamel,Zr4Ti3P2O19,125.6
enamel,Zr4Ti3(PO6)4,135.3
enamel,Zr2Ti2Al2O11,162.1
enamel,ZrTiAl2O7,158.0
enamel,Zr2Ti2Al6O17,181.8
enamel,ZrTiAl4O10,183.7
enamel,Zr2Ti4Al2O15,169.8
enamel,ZrTi2Al2O9,162.2
enamel,Zr2Ti4Al6O21,165.0
enamel,ZrTi2Al4O12,197.4
enamel,Zr2Ti6Al2O19,168.0
enamel,ZrTi3Al2O11,160.9
enamel,Zr2Ti6Al6O25,165.2
enamel,ZrTi3Al4O14,167.6
enamel,Zr2Ti8Al2O23,168.0
enamel,ZrTi4Al2O13,155.5
enamel,ZrTi4Al4O16,165.2
enamel,Zr4Ti2Al2O15,171.5
enamel,Zr2TiAl2O9,150.9
enamel,Zr4Ti2Al6O21,175.2
enamel,Zr2TiAl4O12,169.4
enamel,Zr4Ti4Al2O19,174.0
enamel,Zr4Ti4Al6O25,171.1
enamel,Zr4Ti6Al2O23,178.7
enamel,Zr2Ti3Al2O13,162.9
enamel,Zr2Ti3Al4O16,161.9
enamel,Zr6Ti2Al2O19,186.2
enamel,Zr3TiAl2O11,146.6
enamel,Zr6Ti2Al6O25,153.4
enamel,Zr3TiAl4O14,175.8
enamel,Zr6Ti4Al2O23,179.4
enamel,Zr3Ti2Al2O13,165.9
enamel,Zr3Ti2Al4O16,171.3
enamel,Zr3Ti3Al2O15,168.7
enamel,Zr3Ti3Al4O18,168.1
enamel,Zr3Ti4Al2O17,172.6
enamel,Zr3Ti4Al4O20,162.5
enamel,Zr8Ti2Al2O23,193.0
enamel,Zr4TiAl2O13,178.8
enamel,Zr4TiAl4O16,155.0
enamel,Zr4Ti3Al2O17,172.9
enamel,Zr4Ti3Al4O20,144.6
enamel,Y2Zr2Ti2O11,182.4
enamel,Y2ZrTiO7,194.4
enamel,Y6Zr2Ti2O17,191.1
enamel,Y4ZrTiO10,186.7
enamel,Y2Zr2Ti4O15,166.8
enamel,Y2ZrTi2O9,182.7
enamel,Y6Zr2Ti4O21,192.3
enamel,Y4ZrTi2O12,188.1
enamel,Y2Zr2Ti6O19,159.2
enamel,Y2ZrTi3O11,163.2
enamel,Y6Zr2Ti6O25,183.6
enamel,Y4ZrTi3O14,192.7
enamel,Y2Zr2Ti8O23,163.3
enamel,Y2ZrTi4O13,164.0
enamel,Y4ZrTi4O16,184.8
enamel,Y2Zr4Ti2O15,195.6
enamel,Y2Zr2TiO9,189.5
enamel,Y6Zr4Ti2O21,200.8
enamel,Y4Zr2TiO12,192.6
enamel,Y2Zr4Ti4O19,175.0
enamel,Y6Zr4Ti4O25,190.3
enamel,Y2Zr4Ti6O23,164.0
enamel,Y2Zr2Ti3O13,172.8
enamel,Y4Zr2Ti3O16,187.0
enamel,Y2Zr6Ti2O19,190.2
enamel,Y2Zr3TiO11,188.6
enamel,Y6Zr6Ti2O25,195.4
enamel,Y4Zr3TiO14,201.9
enamel,Y2Zr6Ti4O23,178.8
enamel,Y2Zr3Ti2O13,182.7
enamel,Y4Zr3Ti2O16,189.9
enamel,Y2Zr3Ti3O15,181.6
enamel,Y4Zr3Ti3O18,186.4
enamel,Y2Zr3Ti4O17,173.4
enamel,Y4Zr3Ti4O20,181.4
enamel,Y2Zr8Ti2O23,186.8
enamel,Y2Zr4TiO13,198.5
enamel,Y4Zr4TiO16,198.0
enamel,Y2Zr4Ti3O17,192.5
enamel,Y4Zr4Ti3O20,182.0
enamel,La2Zr2Ti2O11,198.2
enamel,La2ZrTiO7,177.9
enamel,La6Zr2Ti2O17,173.0
enamel,La4ZrTiO10,161.3
enamel,La2Zr2Ti4O15,194.2
enamel,La2ZrTi2O9,199.0
enamel,La6Zr2Ti4O21,180.6
enamel,La4ZrTi2O12,170.5
enamel,La2Zr2Ti6O19,175.9
enamel,La2ZrTi3O11,196.8
enamel,La6Zr2Ti6O25,188.2
enamel,La4ZrTi3O14,182.3
enamel,La2Zr2Ti8O23,155.8
enamel,La2ZrTi4O13,193.8
enamel,La4ZrTi4O16,186.1
enamel,La2Zr4Ti2O15,207.5
enamel,La2Zr2TiO9,198.0
enamel,La6Zr4Ti2O21,178.0
enamel,La4Zr2TiO12,173.0
enamel,La2Zr4Ti4O19,192.7
enamel,La6Zr4Ti4O25,192.9
enamel,La2Zr4Ti6O23,183.2
enamel,La2Zr2Ti3O13,194.8
enamel,La4Zr2Ti3O16,191.7
enamel,La2Zr6Ti2O19,199.5
enamel,La2Zr3TiO11,200.1
enamel,La6Zr6Ti2O25,187.9
enamel,La4Zr3TiO14,176.0
enamel,La2Zr6Ti4O23,190.0
enamel,La2Zr3Ti2O13,195.4
enamel,La4Zr3Ti2O16,186.2
enamel,La2Zr3Ti3O15,196.1
enamel,La4Zr3Ti3O18,197.6
enamel,La2Zr3Ti4O17,194.2
enamel,La4Zr3Ti4O20,199.4
enamel,La2Zr8Ti2O23,199.7
enamel,La2Zr4TiO13,200.3
enamel,La4Zr4TiO16,201.2
enamel,La2Zr4Ti3O17,210.4
enamel,La4Zr4Ti3O20,198.8
enamel,CaZrTiO5,171.8
enamel,Ca2ZrTiO6,171.4
enamel,Ca3ZrTiO7,171.3
enamel,Ca4ZrTiO8,167.4
enamel,CaZrTi2O7,199.8
enamel,Ca2ZrTi2O8,166.5
enamel,Ca3ZrTi2O9,166.7
enamel,Ca4ZrTi2O10,159.9
enamel,CaZrTi3O9,193.9
enamel,Ca2ZrTi3O10,176.8
enamel,Ca3ZrTi3O11,156.7
enamel,Ca4ZrTi3O12,159.9
enamel,CaZrTi4O11,192.3
enamel,Ca2ZrTi4O12,199.5
enamel,Ca3ZrTi4O13,166.7
enamel,Ca4ZrTi4O14,161.5
enamel,CaZr2TiO7,211.9
enamel,Ca2Zr2TiO8,182.8
enamel,Ca3Zr2TiO9,199.4
enamel,Ca4Zr2TiO10,193.7
enamel,CaZr2Ti2O9,190.5
enamel,Ca3Zr2Ti2O11,175.8
enamel,CaZr2Ti3O11,166.2
enamel,Ca2Zr2Ti3O12,200.6
enamel,Ca3Zr2Ti3O13,175.4
enamel,Ca4Zr2Ti3O14,173.7
enamel,CaZr2Ti4O13,190.9
enamel,Ca3Zr2Ti4O15,172.9
enamel,CaZr3TiO9,211.5
enamel,Ca2Zr3TiO10,200.8
enamel,Ca3Zr3TiO11,190.4
enamel,Ca4Zr3TiO12,202.2
enamel,CaZr3Ti2O11,189.5
enamel,Ca2Zr3Ti2O12,179.9
enamel,Ca3Zr3Ti2O13,186.7
enamel,Ca4Zr3Ti2O14,183.9
enamel,CaZr3Ti3O13,188.1
enamel,Ca2Zr3Ti3O14,193.7
enamel,Ca4Zr3Ti3O16,172.0
enamel,CaZr3Ti4O15,189.3
enamel,Ca2Zr3Ti4O16,195.2
enamel,Ca3Zr3Ti4O17,181.1
enamel,Ca4Zr3Ti4O18,175.4
enamel,CaZr4TiO11,196.2
enamel,Ca2Zr4TiO12,194.6
enamel,Ca3Zr4TiO13,202.6
enamel,Ca4Zr4TiO14,188.7
enamel,CaZr4Ti2O13,206.3
enamel,Ca3Zr4Ti2O15,180.9
enamel,CaZr4Ti3O15,192.9
enamel,Ca2Zr4Ti3O16,190.8
enamel,Ca3Zr4Ti3O17,177.6
enamel,Ca4Zr4Ti3O18,173.1
enamel,CaZr4Ti4O17,191.7
enamel,Ca3Zr4Ti4O19,193.1
enamel,MgZrTiO5,159.1
enamel,Mg2ZrTiO6,155.5
enamel,Mg3ZrTiO7,127.4
enamel,Mg4ZrTiO8,147.0
enamel,MgZrTi2O7,161.3
enamel,Mg2ZrTi2O8,154.8
enamel,Mg3ZrTi2O9,158.6
enamel,Mg4ZrTi2O10,150.7
enamel,MgZrTi3O9,166.4
enamel,Mg2ZrTi3O10,150.3
enamel,Mg3ZrTi3O11,151.3
enamel,Mg4ZrTi3O12,140.3
enamel,MgZrTi4O11,160.5
enamel,Mg2ZrTi4O12,155.8
enamel,Mg3ZrTi4O13,156.5
enamel,Mg4ZrTi4O14,147.2
enamel,MgZr2TiO7,180.8
enamel,Mg2Zr2TiO8,166.6
enamel,Mg3Zr2TiO9,160.2
enamel,Mg4Zr2TiO10,143.8
enamel,MgZr2Ti2O9,164.1
enamel,Mg3Zr2Ti2O11,149.6
enamel,MgZr2Ti3O11,163.6
enamel,Mg2Zr2Ti3O12,160.7
enamel,Mg3Zr2Ti3O13,150.2
enamel,Mg4Zr2Ti3O14,150.8
enamel,MgZr2Ti4O13,176.8
enamel,Mg3Zr2Ti4O15,150.4
enamel,MgZr3TiO9,190.3
enamel,Mg2Zr3TiO10,178.8
enamel,Mg3Zr3TiO11,176.8
enamel,Mg4Zr3TiO12,171.2
enamel,MgZr3Ti2O11,158.2
enamel,Mg2Zr3Ti2O12,180.5
enamel,Mg3Zr3Ti2O13,170.4
enamel,Mg4Zr3Ti2O14,158.8
enamel,MgZr3Ti3O13,165.1
enamel,Mg2Zr3Ti3O14,169.3
enamel,Mg4Zr3Ti3O16,153.5
enamel,MgZr3Ti4O15,167.5
enamel,Mg2Zr3Ti4O16,166.3
enamel,Mg3Zr3Ti4O17,164.1
enamel,Mg4Zr3Ti4O18,149.2
enamel,MgZr4TiO11,176.0
enamel,Mg2Zr4TiO12,174.3
enamel,Mg3Zr4TiO13,177.3
enamel,Mg4Zr4TiO14,178.5
enamel,MgZr4Ti2O13,168.6
enamel,Mg3Zr4Ti2O15,168.2
enamel,MgZr4Ti3O15,167.7
enamel,Mg2Zr4Ti3O16,164.9
enamel,Mg3Zr4Ti3O17,168.5
enamel,Mg4Zr4Ti3O18,165.2
enamel,MgZr4Ti4O17,163.6
enamel,Mg3Zr4Ti4O19,167.9
enamel,SrZrTiO5,193.8
enamel,Sr2ZrTiO6,201.2
enamel,Sr3ZrTiO7,177.7
enamel,Sr4ZrTiO8,153.8
enamel,SrZrTi2O7,184.8
enamel,Sr2ZrTi2O8,192.1
enamel,Sr3ZrTi2O9,193.5
enamel,Sr4ZrTi2O10,195.1
enamel,SrZrTi3O9,194.7
enamel,Sr2ZrTi3O10,185.8
enamel,Sr3ZrTi3O11,192.4
enamel,Sr4ZrTi3O12,191.1
enamel,SrZrTi4O11,174.8
enamel,Sr2ZrTi4O12,175.2
enamel,Sr3ZrTi4O13,191.9
enamel,Sr4ZrTi4O14,186.3
enamel,SrZr2TiO7,204.0
enamel,Sr2Zr2TiO8,198.4
enamel,Sr3Zr2TiO9,207.0
enamel,Sr4Zr2TiO10,179.4
enamel,SrZr2Ti2O9,189.0
enamel,Sr3Zr2Ti2O11,194.7
enamel,SrZr2Ti3O11,191.2
enamel,Sr2Zr2Ti3O12,184.5
enamel,Sr3Zr2Ti3O13,198.4
enamel,Sr4Zr2Ti3O14,192.3
enamel,SrZr2Ti4O13,176.7
enamel,Sr3Zr2Ti4O15,192.6
enamel,SrZr3TiO9,204.1
enamel,Sr2Zr3TiO10,203.0
enamel,Sr3Zr3TiO11,202.9
enamel,Sr4Zr3TiO12,208.7
enamel,SrZr3Ti2O11,189.5
enamel,Sr2Zr3Ti2O12,206.8
enamel,Sr3Zr3Ti2O13,206.2
enamel,Sr4Zr3Ti2O14,194.0
enamel,SrZr3Ti3O13,192.9
enamel,Sr2Zr3Ti3O14,201.9
enamel,Sr4Zr3Ti3O16,199.0
enamel,SrZr3Ti4O15,181.9
enamel,Sr2Zr3Ti4O16,189.0
enamel,Sr3Zr3Ti4O17,193.4
enamel,Sr4Zr3Ti4O18,198.4
enamel,SrZr4TiO11,203.4
enamel,Sr2Zr4TiO12,213.2
enamel,Sr3Zr4TiO13,203.7
enamel,Sr4Zr4TiO14,202.1
enamel,SrZr4Ti2O13,201.2
enamel,Sr3Zr4Ti2O15,195.4
enamel,SrZr4Ti3O15,199.8
enamel,Sr2Zr4Ti3O16,190.9
enamel,Sr3Zr4Ti3O17,206.8
enamel,Sr4Zr4Ti3O18,209.2
enamel,SrZr4Ti4O17,189.1
enamel,Sr3Zr4Ti4O19,189.9
enamel,CeZrSiO6,148.8
enamel,Ce2ZrSiO8,161.5
enamel,Ce3ZrSiO10,135.0
enamel,Ce4ZrSiO12,130.3
enamel,CeZr(SiO4)2,144.5
enamel,Ce2Zr(SiO5)2,140.7
enamel,Ce3Zr(SiO6)2,154.2
enamel,Ce4Zr(SiO7)2,150.3
enamel,CeZrSi3O10,171.3
enamel,Ce2Zr(SiO4)3,143.1
enamel,Ce3ZrSi3O14,136.6
enamel,Ce4ZrSi3O16,161.9
enamel,CeZr(SiO3)4,174.9
enamel,Ce2Zr(Si2O7)2,133.7
enamel,Ce3Zr(SiO4)4,143.6
enamel,Ce4Zr(Si2O9)2,138.8
enamel,CeZr2SiO8,160.2
enamel,Ce2Zr2SiO10,148.7
enamel,Ce3Zr2SiO12,159.9
enamel,Ce4Zr2SiO14,142.5
enamel,CeZr2(SiO5)2,147.1
enamel,Ce3Zr2(SiO7)2,160.3
enamel,CeZr2(SiO4)3,169.0
enamel,Ce2Zr2Si3O14,136.8
enamel,Ce3Zr2Si3O16,134.9
enamel,Ce4Zr2(SiO6)3,152.9
enamel,CeZr2(Si2O7)2,171.5
enamel,Ce3Zr2(Si2O9)2,146.3
enamel,CeZr3SiO10,159.8
enamel,Ce2Zr3SiO12,166.3
enamel,Ce3Zr3SiO14,167.7
enamel,Ce4Zr3SiO16,158.3
enamel,CeZr3(SiO6)2,147.3
enamel,Ce2Zr3(SiO7)2,163.5
enamel,Ce3Zr3(SiO8)2,153.0
enamel,Ce4Zr3(SiO9)2,162.4
enamel,CeZr3Si3O14,151.7
enamel,Ce2Zr3Si3O16,145.5
enamel,Ce4Zr3Si3O20,147.7
enamel,CeZr3(SiO4)4,170.6
enamel,Ce2Zr3(Si2O9)2,149.0
enamel,Ce3Zr3(SiO5)4,145.9
enamel,Ce4Zr3(Si2O11)2,138.6
enamel,CeZr4SiO12,151.9
enamel,Ce2Zr4SiO14,169.1
enamel,Ce3Zr4SiO16,166.7
enamel,Ce4Zr4SiO18,161.2
enamel,CeZr4(SiO7)2,147.6
enamel,Ce3Zr4(SiO9)2,153.0
enamel,CeZr4Si3O16,147.2
enamel,Ce2Zr4(SiO6)3,144.4
enamel,Ce3Zr4Si3O20,152.6
enamel,Ce4Zr4Si3O22,155.4
enamel,CeZr4(Si2O9)2,154.4
enamel,Ce3Zr4(Si2O11)2,144.7
enamel,Zr2Si2P2O13,153.6
enamel,ZrSiP2O9,118.0
enamel,Zr2Si2P6O23,112.1
enamel,ZrSi(P2O7)2,109.5
enamel,Zr2Si4P2O17,139.8
enamel,ZrSi2P2O11,133.5
enamel,Zr2Si4(P2O9)3,90.3
enamel,ZrSi2(PO4)4,98.5
enamel,Zr2Si6P2O21,141.8
enamel,ZrSi3P2O13,104.2
enamel,ZrSi3(P2O9)2,90.5
enamel,Zr2Si8P2O25,132.9
enamel,ZrSi4P2O15,97.7
enamel,ZrSi4(PO5)4,92.7
enamel,Zr4Si2P2O17,182.1
enamel,Zr2SiP2O11,138.4
enamel,Zr4Si2(P2O9)3,116.6
enamel,Zr2Si(PO4)4,120.4
enamel,Zr4Si4P2O21,179.6
enamel,Zr4Si6P2O25,174.7
enamel,Zr2Si3P2O15,143.0
enamel,Zr2Si3(PO5)4,139.0
enamel,Zr6Si2P2O21,156.2
enamel,Zr3SiP2O13,177.5
enamel,Zr3Si(P2O9)2,113.1
enamel,Zr6Si4P2O25,188.5
enamel,Zr3Si2P2O15,178.3
enamel,Zr3Si2(PO5)4,140.5
enamel,Zr3Si3P2O17,177.9
enamel,Zr3Si3(P2O11)2,137.9
enamel,Zr3Si4P2O19,174.0
enamel,Zr3Si4(PO6)4,136.7
enamel,Zr8Si2P2O25,153.2
enamel,Zr4SiP2O15,179.5
enamel,Zr4Si(PO5)4,138.9
enamel,Zr4Si3P2O19,178.8
enamel,Zr4Si3(PO6)4,137.6
enamel,Zr2Al2Si2O11,187.9
enamel,ZrAl2SiO7,174.2
enamel,Zr2Al6Si2O17,164.6
enamel,ZrAl4SiO10,162.2
enamel,Zr2Al2Si4O15,185.1
enamel,ZrAl2Si2O9,165.1
enamel,Zr2Al6Si4O21,161.0
enamel,ZrAl4(SiO6)2,162.6
enamel,Zr2Al2Si6O19,205.7
enamel,ZrAl2Si3O11,171.3
enamel,Zr2Al6Si6O25,173.6
enamel,ZrAl4Si3O14,171.2
enamel,Zr2Al2Si8O23,197.9
enamel,ZrAl2Si4O13,179.1
enamel,ZrAl4(SiO4)4,173.6
enamel,Zr4Al2Si2O15,165.6
enamel,Zr2Al2SiO9,197.9
enamel,Zr4Al6Si2O21,190.5
enamel,Zr2Al4SiO12,179.2
enamel,Zr4Al2Si4O19,202.5
enamel,Zr4Al6Si4O25,179.8
enamel,Zr4Al2Si6O23,182.9
enamel,Zr2Al2Si3O13,197.7
enamel,Zr2Al4Si3O16,165.8
enamel,Zr6Al2Si2O19,162.5
enamel,Zr3Al2SiO11,158.8
enamel,Zr6Al6Si2O25,190.9
enamel,Zr3Al4SiO14,211.7
enamel,Zr6Al2Si4O23,193.2
enamel,Zr3Al2Si2O13,189.9
enamel,Zr3Al4(SiO8)2,175.8
enamel,Zr3Al2(SiO5)3,199.1
enamel,Zr3Al4(SiO6)3,179.2
enamel,Zr3Al2Si4O17,184.5
enamel,Zr3Al4(SiO5)4,184.8
enamel,Zr8Al2Si2O23,157.7
enamel,Zr4Al2SiO13,165.4
enamel,Zr4Al4SiO16,188.4
enamel,Zr4Al2Si3O17,195.6
enamel,Zr4Al4Si3O20,193.3
enamel,Y2Zr2Si2O11,156.9
enamel,Y2ZrSiO7,171.6
enamel,Y6Zr2Si2O17,183.4
enamel,Y4ZrSiO10,181.2
enamel,Y2Zr2Si4O15,158.5
enamel,Y2ZrSi2O9,136.8
enamel,Y6Zr2Si4O21,161.4
enamel,Y4Zr(SiO6)2,158.8
enamel,Y2Zr2Si6O19,190.8
enamel,Y2ZrSi3O11,156.0
enamel,Y6Zr2Si6O25,153.9
enamel,Y4ZrSi3O14,156.2
enamel,Y2Zr2Si8O23,176.5
enamel,Y2ZrSi4O13,190.9
enamel,Y4Zr(SiO4)4,154.1
enamel,Y2Zr4Si2O15,168.0
enamel,Y2Zr2SiO9,175.1
enamel,Y6Zr4Si2O21,174.5
enamel,Y4Zr2SiO12,182.6
enamel,Y2Zr4Si4O19,158.4
enamel,Y6Zr4Si4O25,159.1
enamel,Y2Zr4Si6O23,186.3
enamel,Y2Zr2Si3O13,153.3
enamel,Y4Zr2Si3O16,160.3
enamel,Y2Zr6Si2O19,173.6
enamel,Y2Zr3SiO11,172.5
enamel,Y6Zr6Si2O25,176.5
enamel,Y4Zr3SiO14,181.5
enamel,Y2Zr6Si4O23,155.7
enamel,Y2Zr3Si2O13,155.5
enamel,Y4Zr3(SiO8)2,177.6
enamel,Y2Zr3(SiO5)3,151.1
enamel,Y4Zr3(SiO6)3,163.2
enamel,Y2Zr3Si4O17,158.5
enamel,Y4Zr3(SiO5)4,157.2
enamel,Y2Zr8Si2O23,178.2
enamel,Y2Zr4SiO13,183.2
enamel,Y4Zr4SiO16,182.3
enamel,Y2Zr4Si3O17,157.1
enamel,Y4Zr4Si3O20,157.6
enamel,La2Zr2Si2O11,174.7
enamel,La2ZrSiO7,157.1
enamel,La6Zr2Si2O17,148.2
enamel,La4ZrSiO10,145.2
enamel,La2Zr2Si4O15,143.7
enamel,La2ZrSi2O9,153.4
enamel,La6Zr2Si4O21,153.7
enamel,La4Zr(SiO6)2,147.0
enamel,La2Zr2Si6O19,153.9
enamel,La2ZrSi3O11,134.6
enamel,La6Zr2Si6O25,150.8
enamel,La4ZrSi3O14,151.3
enamel,La2Zr2Si8O23,185.1
enamel,La2ZrSi4O13,132.1
enamel,La4Zr(SiO4)4,147.2
enamel,La2Zr4Si2O15,176.4
enamel,La2Zr2SiO9,189.8
enamel,La6Zr4Si2O21,150.3
enamel,La4Zr2SiO12,150.5
enamel,La2Zr4Si4O19,143.0
enamel,La6Zr4Si4O25,179.0
enamel,La2Zr4Si6O23,163.8
enamel,La2Zr2Si3O13,124.1
enamel,La4Zr2Si3O16,153.9
enamel,La2Zr6Si2O19,179.0
enamel,La2Zr3SiO11,180.3
enamel,La6Zr6Si2O25,177.6
enamel,La4Zr3SiO14,150.4
enamel,La2Zr6Si4O23,162.3
enamel,La2Zr3Si2O13,164.6
enamel,La4Zr3(SiO8)2,188.9
enamel,La2Zr3(SiO5)3,130.6
enamel,La4Zr3(SiO6)3,152.2
enamel,La2Zr3Si4O17,145.8
enamel,La4Zr3(SiO5)4,166.3
enamel,La2Zr8Si2O23,183.9
enamel,La2Zr4SiO13,188.8
enamel,La4Zr4SiO16,156.8
enamel,La2Zr4Si3O17,151.1
enamel,La4Zr4Si3O20,166.5
enamel,CaZrSiO5,154.5
enamel,Ca2ZrSiO6,153.3
enamel,Ca3ZrSiO7,151.7
enamel,Ca4ZrSiO8,152.9
enamel,CaZrSi2O7,154.3
enamel,Ca2Zr(SiO4)2,135.5
enamel,Ca3ZrSi2O9,139.5
enamel,Ca4Zr(SiO5)2,157.3
enamel,CaZr(SiO3)3,149.6
enamel,Ca2ZrSi3O10,126.7
enamel,Ca3ZrSi3O11,129.3
enamel,Ca4Zr(SiO4)3,131.0
enamel,CaZrSi4O11,144.6
enamel,Ca2Zr(SiO3)4,123.9
enamel,Ca3ZrSi4O13,129.0
enamel,Ca4Zr(Si2O7)2,124.5
enamel,CaZr2SiO7,165.9
enamel,Ca2Zr2SiO8,172.3
enamel,Ca3Zr2SiO9,177.2
enamel,Ca4Zr2SiO10,164.3
enamel,CaZr2Si2O9,144.5
enamel,Ca3Zr2Si2O11,148.0
enamel,CaZr2Si3O11,148.7
enamel,Ca2Zr2(SiO4)3,153.2
enamel,Ca3Zr2Si3O13,135.8
enamel,Ca4Zr2Si3O14,147.8
enamel,CaZr2Si4O13,186.0
enamel,Ca3Zr2Si4O15,139.4
enamel,CaZr3SiO9,170.4
enamel,Ca2Zr3SiO10,173.7
enamel,Ca3Zr3SiO11,173.5
enamel,Ca4Zr3SiO12,182.4
enamel,CaZr3Si2O11,156.6
enamel,Ca2Zr3(SiO6)2,163.8
enamel,Ca3Zr3Si2O13,170.9
enamel,Ca4Zr3(SiO7)2,166.5
enamel,CaZr3Si3O13,155.5
enamel,Ca2Zr3Si3O14,150.5
enamel,Ca4Zr3Si3O16,148.4
enamel,CaZr3Si4O15,157.2
enamel,Ca2Zr3(SiO4)4,153.7
enamel,Ca3Zr3Si4O17,149.3
enamel,Ca4Zr3(Si2O9)2,134.5
enamel,CaZr4SiO11,172.3
enamel,Ca2Zr4SiO12,166.8
enamel,Ca3Zr4SiO13,185.9
enamel,Ca4Zr4SiO14,196.8
enamel,CaZr4Si2O13,160.8
enamel,Ca3Zr4Si2O15,173.8
enamel,CaZr4(SiO5)3,162.8
enamel,Ca2Zr4Si3O16,158.0
enamel,Ca3Zr4Si3O17,162.6
enamel,Ca4Zr4(SiO6)3,165.4
enamel,CaZr4Si4O17,162.4
enamel,Ca3Zr4Si4O19,150.6
enamel,MgZrSiO5,151.1
enamel,Mg2ZrSiO6,126.4
enamel,Mg3ZrSiO7,145.0
enamel,Mg4ZrSiO8,145.2
enamel,MgZrSi2O7,149.7
enamel,Mg2Zr(SiO4)2,115.8
enamel,Mg3ZrSi2O9,140.6
enamel,Mg4Zr(SiO5)2,149.1
enamel,MgZr(SiO3)3,150.2
enamel,Mg2ZrSi3O10,114.2
enamel,Mg3ZrSi3O11,123.7
enamel,Mg4Zr(SiO4)3,140.3
enamel,MgZrSi4O11,147.9
enamel,Mg2Zr(SiO3)4,108.3
enamel,Mg3ZrSi4O13,116.2
enamel,Mg4Zr(Si2O7)2,139.4
enamel,MgZr2SiO7,149.7
enamel,Mg2Zr2SiO8,156.4
enamel,Mg3Zr2SiO9,142.6
enamel,Mg4Zr2SiO10,139.0
enamel,MgZr2Si2O9,141.3
enamel,Mg3Zr2Si2O11,128.7
enamel,MgZr2Si3O11,171.3
enamel,Mg2Zr2(SiO4)3,169.5
enamel,Mg3Zr2Si3O13,127.2
enamel,Mg4Zr2Si3O14,116.0
enamel,MgZr2Si4O13,178.6
enamel,Mg3Zr2Si4O15,126.6
enamel,MgZr3SiO9,161.7
enamel,Mg2Zr3SiO10,169.5
enamel,Mg3Zr3SiO11,167.6
enamel,Mg4Zr3SiO12,162.6
enamel,MgZr3Si2O11,152.4
enamel,Mg2Zr3(SiO6)2,146.7
enamel,Mg3Zr3Si2O13,153.6
enamel,Mg4Zr3(SiO7)2,144.1
enamel,MgZr3Si3O13,175.0
enamel,Mg2Zr3Si3O14,142.5
enamel,Mg4Zr3Si3O16,135.2
enamel,MgZr3Si4O15,198.0
enamel,Mg2Zr3(SiO4)4,151.4
enamel,Mg3Zr3Si4O17,167.7
enamel,Mg4Zr3(Si2O9)2,126.9
enamel,MgZr4SiO11,169.5
enamel,Mg2Zr4SiO12,158.3
enamel,Mg3Zr4SiO13,172.8
enamel,Mg4Zr4SiO14,175.6
enamel,MgZr4Si2O13,157.2
enamel,Mg3Zr4Si2O15,159.0
enamel,MgZr4(SiO5)3,157.2
enamel,Mg2Zr4Si3O16,149.3
enamel,Mg3Zr4Si3O17,149.1
enamel,Mg4Zr4(SiO6)3,148.2
enamel,MgZr4Si4O17,179.9
enamel,Mg3Zr4Si4O19,147.8
enamel,SrZrSiO5,147.0
enamel,Sr2ZrSiO6,168.4
enamel,Sr3ZrSiO7,173.7
enamel,Sr4ZrSiO8,179.5
enamel,SrZrSi2O7,137.3
enamel,Sr2Zr(SiO4)2,133.4
enamel,Sr3ZrSi2O9,151.4
enamel,Sr4Zr(SiO5)2,168.7
enamel,SrZr(SiO3)3,156.9
enamel,Sr2ZrSi3O10,127.7
enamel,Sr3ZrSi3O11,120.7
enamel,Sr4Zr(SiO4)3,131.7
enamel,SrZrSi4O11,154.5
enamel,Sr2Zr(SiO3)4,120.8
enamel,Sr3ZrSi4O13,142.7
enamel,Sr4Zr(Si2O7)2,118.5
enamel,SrZr2SiO7,178.2
enamel,Sr2Zr2SiO8,171.0
enamel,Sr3Zr2SiO9,180.2
enamel,Sr4Zr2SiO10,180.7
enamel,SrZr2Si2O9,141.8
enamel,Sr3Zr2Si2O11,149.1
enamel,SrZr2Si3O11,155.4
enamel,Sr2Zr2(SiO4)3,146.6
enamel,Sr3Zr2Si3O13,138.5
enamel,Sr4Zr2Si3O14,145.7
enamel,SrZr2Si4O13,158.3
enamel,Sr3Zr2Si4O15,150.8
enamel,SrZr3SiO9,195.0
enamel,Sr2Zr3SiO10,192.8
enamel,Sr3Zr3SiO11,181.9
enamel,Sr4Zr3SiO12,192.4
enamel,SrZr3Si2O11,159.1
enamel,Sr2Zr3(SiO6)2,173.5
enamel,Sr3Zr3Si2O13,163.8
enamel,Sr4Zr3(SiO7)2,159.7
enamel,SrZr3Si3O13,162.4
enamel,Sr2Zr3Si3O14,156.0
enamel,Sr4Zr3Si3O16,152.5
enamel,SrZr3Si4O15,164.9
enamel,Sr2Zr3(SiO4)4,141.8
enamel,Sr3Zr3Si4O17,165.4
enamel,Sr4Zr3(Si2O9)2,140.1
enamel,SrZr4SiO11,187.7
enamel,Sr2Zr4SiO12,173.0
enamel,Sr3Zr4SiO13,194.2
enamel,Sr4Zr4SiO14,196.6
enamel,SrZr4Si2O13,161.0
enamel,Sr3Zr4Si2O15,173.2
enamel,SrZr4(SiO5)3,146.5
enamel,Sr2Zr4Si3O16,143.4
enamel,Sr3Zr4Si3O17,152.4
enamel,Sr4Zr4(SiO6)3,158.0
enamel,SrZr4Si4O17,161.3
enamel,Sr3Zr4Si4O19,163.3
enamel,Ce2Zr2P2O13,127.3
enamel,CeZrP2O9,109.8
enamel,Ce2Zr2P6O23,106.4
enamel,CeZr(P2O7)2,113.6
enamel,Ce4Zr2P2O17,149.0
enamel,Ce2ZrP2O11,126.8
enamel,Ce4Zr2(P2O9)3,116.3
enamel,Ce2Zr(PO4)4,106.8
enamel,Ce6Zr2P2O21,141.1
enamel,Ce3ZrP2O13,119.7
enamel,Ce3Zr(P2O9)2,107.6
enamel,Ce8Zr2P2O25,122.7
enamel,Ce4ZrP2O15,140.3
enamel,Ce4Zr(PO5)4,125.8
enamel,Ce2Zr4P2O17,134.6
enamel,CeZr2P2O11,131.2
enamel,Ce2Zr4(P2O9)3,120.7
enamel,CeZr2(PO4)4,110.7
enamel,Ce4Zr4P2O21,141.4
enamel,Ce6Zr4P2O25,149.0
enamel,Ce3Zr2P2O15,135.5
enamel,Ce3Zr2(PO5)4,131.0
enamel,Ce2Zr6P2O21,141.6
enamel,CeZr3P2O13,134.0
enamel,CeZr3(P2O9)2,107.8
enamel,Ce4Zr6P2O25,138.1
enamel,Ce2Zr3P2O15,139.3
enamel,Ce2Zr3(PO5)4,133.1
enamel,Ce3Zr3P2O17,136.8
enamel,Ce3Zr3(P2O11)2,127.8
enamel,Ce4Zr3P2O19,135.1
enamel,Ce4Zr3(PO6)4,119.5
enamel,Ce2Zr8P2O25,140.5
enamel,CeZr4P2O15,137.4
enamel,CeZr4(PO5)4,154.6
enamel,Ce3Zr4P2O19,140.2
enamel,Ce3Zr4(PO6)4,126.5
enamel,Ce2Zr2Al2O11,163.2
enamel,CeZrAl2O7,171.1
enamel,Ce2Zr2Al6O17,163.6
enamel,CeZrAl4O10,163.5
enamel,Ce4Zr2Al2O15,179.6
enamel,Ce2ZrAl2O9,180.7
enamel,Ce4Zr2Al6O21,140.0
enamel,Ce2ZrAl4O12,166.5
enamel,Ce6Zr2Al2O19,142.0
enamel,Ce3ZrAl2O11,167.7
enamel,Ce6Zr2Al6O25,179.5
enamel,Ce3ZrAl4O14,136.5
enamel,Ce8Zr2Al2O23,151.6
enamel,Ce4ZrAl2O13,164.5
enamel,Ce4ZrAl4O16,158.4
enamel,Ce2Zr4Al2O15,183.3
enamel,CeZr2Al2O9,152.0
enamel,Ce2Zr4Al6O21,148.4
enamel,CeZr2Al4O12,162.9
enamel,Ce4Zr4Al2O19,184.2
enamel,Ce4Zr4Al6O25,143.8
enamel,Ce6Zr4Al2O23,164.2
enamel,Ce3Zr2Al2O13,179.6
enamel,Ce3Zr2Al4O16,153.3
enamel,Ce2Zr6Al2O19,188.7
enamel,CeZr3Al2O11,155.7
enamel,Ce2Zr6Al6O25,147.5
enamel,CeZr3Al4O14,148.9
enamel,Ce4Zr6Al2O23,184.5
enamel,Ce2Zr3Al2O13,158.3
enamel,Ce2Zr3Al4O16,145.2
enamel,Ce3Zr3Al2O15,177.2
enamel,Ce3Zr3Al4O18,145.9
enamel,Ce4Zr3Al2O17,185.6
enamel,Ce4Zr3Al4O20,159.7
enamel,Ce2Zr8Al2O23,190.3
enamel,CeZr4Al2O13,180.3
enamel,CeZr4Al4O16,145.7
enamel,Ce3Zr4Al2O17,187.1
enamel,Ce3Zr4Al4O20,177.1
enamel,Ce2Y2Zr2O11,167.9
enamel,CeY2ZrO7,177.0
enamel,Ce2Y6Zr2O17,180.0
enamel,CeY4ZrO10,183.1
enamel,Ce4Y2Zr2O15,168.9
enamel,Ce2Y2ZrO9,167.6
enamel,Ce4Y6Zr2O21,172.5
enamel,Ce2Y4ZrO12,176.7
enamel,Ce6Y2Zr2O19,162.4
enamel,Ce3Y2ZrO11,167.6
enamel,Ce6Y6Zr2O25,167.7
enamel,Ce3Y4ZrO14,165.8
enamel,Ce8Y2Zr2O23,169.8
enamel,Ce4Y2ZrO13,162.4
enamel,Ce4Y4ZrO16,167.7
enamel,Ce2Y2Zr4O15,178.8
enamel,CeY2Zr2O9,170.3
enamel,Ce2Y6Zr4O21,179.8
enamel,CeY4Zr2O12,178.3
enamel,Ce4Y2Zr4O19,171.1
enamel,Ce4Y6Zr4O25,177.5
enamel,Ce6Y2Zr4O23,164.6
enamel,Ce3Y2Zr2O13,164.4
enamel,Ce3Y4Zr2O16,174.6
enamel,Ce2Y2Zr6O19,179.1
enamel,CeY2Zr3O11,173.1
enamel,Ce2Y6Zr6O25,173.5
enamel,CeY4Zr3O14,178.8
enamel,Ce4Y2Zr6O23,178.9
enamel,Ce2Y2Zr3O13,165.7
enamel,Ce2Y4Zr3O16,180.1
enamel,Ce3Y2Zr3O15,163.9
enamel,Ce3Y4Zr3O18,177.5
enamel,Ce4Y2Zr3O17,164.9
enamel,Ce4Y4Zr3O20,170.6
enamel,Ce2Y2Zr8O23,178.1
enamel,CeY2Zr4O13,178.6
enamel,CeY4Zr4O16,176.6
enamel,Ce3Y2Zr4O17,175.9
enamel,Ce3Y4Zr4O20,168.7
enamel,La2Ce2Zr2O11,169.0
enamel,La2CeZrO7,159.7
enamel,La6Ce2Zr2O17,151.7
enamel,La4CeZrO10,154.6
enamel,La2Ce4Zr2O15,155.6
enamel,La2Ce2ZrO9,156.9
enamel,La6Ce4Zr2O21,159.4
enamel,La4Ce2ZrO12,154.5
enamel,La2Ce6Zr2O19,162.4
enamel,La2Ce3ZrO11,157.8
enamel,La6Ce6Zr2O25,161.5
enamel,La4Ce3ZrO14,150.9
enamel,La2Ce8Zr2O23,159.0
enamel,La2Ce4ZrO13,164.1
enamel,La4Ce4ZrO16,155.9
enamel,La2Ce2Zr4O15,171.9
enamel,La2CeZr2O9,167.1
enamel,La6Ce2Zr4O21,152.4
enamel,La4CeZr2O12,156.3
enamel,La2Ce4Zr4O19,174.1
enamel,La6Ce4Zr4O25,154.1
enamel,La2Ce6Zr4O23,168.8
enamel,La2Ce3Zr2O13,155.2
enamel,La4Ce3Zr2O16,157.9
enamel,La2Ce2Zr6O19,178.9
enamel,La2CeZr3O11,166.3
enamel,La6Ce2Zr6O25,167.7
enamel,La4CeZr3O14,169.5
enamel,La2Ce4Zr6O23,166.7
enamel,La2Ce2Zr3O13,167.6
enamel,La4Ce2Zr3O16,154.1
enamel,La2Ce3Zr3O15,170.6
enamel,La4Ce3Zr3O18,157.7
enamel,La2Ce4Zr3O17,168.0
enamel,La4Ce4Zr3O20,158.5
enamel,La2Ce2Zr8O23,179.3
enamel,La2CeZr4O13,180.7
enamel,La4CeZr4O16,168.1
enamel,La2Ce3Zr4O17,172.3
enamel,La4Ce3Zr4O20,169.0
enamel,CaCeZrO5,185.1
enamel,Ca2CeZrO6,182.6
enamel,Ca3CeZrO7,176.7
enamel,Ca4CeZrO8,137.1
enamel,CaCe2ZrO7,180.7
enamel,Ca2Ce2ZrO8,183.6
enamel,Ca3Ce2ZrO9,184.5
enamel,Ca4Ce2ZrO10,183.2
enamel,CaCe3ZrO9,169.7
enamel,Ca2Ce3ZrO10,169.4
enamel,Ca3Ce3ZrO11,171.4
enamel,Ca4Ce3ZrO12,184.9
enamel,CaCe4ZrO11,171.2
enamel,Ca2Ce4ZrO12,164.2
enamel,Ca3Ce4ZrO13,182.9
enamel,Ca4Ce4ZrO14,156.8
enamel,CaCeZr2O7,179.8
enamel,Ca2CeZr2O8,181.0
enamel,Ca3CeZr2O9,183.9
enamel,Ca4CeZr2O10,173.7
enamel,CaCe2Zr2O9,182.1
enamel,Ca3Ce2Zr2O11,180.1
enamel,CaCe3Zr2O11,172.1
enamel,Ca2Ce3Zr2O12,182.8
enamel,Ca3Ce3Zr2O13,183.6
enamel,Ca4Ce3Zr2O14,179.1
enamel,CaCe4Zr2O13,165.2
enamel,Ca3Ce4Zr2O15,175.6
enamel,CaCeZr3O9,187.8
enamel,Ca2CeZr3O10,185.3
enamel,Ca3CeZr3O11,181.1
enamel,Ca4CeZr3O12,185.4
enamel,CaCe2Zr3O11,171.5
enamel,Ca2Ce2Zr3O12,186.5
enamel,Ca3Ce2Zr3O13,181.9
enamel,Ca4Ce2Zr3O14,185.0
enamel,CaCe3Zr3O13,180.6
enamel,Ca2Ce3Zr3O14,188.6
enamel,Ca4Ce3Zr3O16,179.3
enamel,CaCe4Zr3O15,173.7
enamel,Ca2Ce4Zr3O16,181.3
enamel,Ca3Ce4Zr3O17,185.4
enamel,Ca4Ce4Zr3O18,185.0
enamel,CaCeZr4O11,182.5
enamel,Ca2CeZr4O12,187.1
enamel,Ca3CeZr4O13,194.4
enamel,Ca4CeZr4O14,183.4
enamel,CaCe2Zr4O13,183.8
enamel,Ca3Ce2Zr4O15,184.8
enamel,CaCe3Zr4O15,172.4
enamel,Ca2Ce3Zr4O16,181.3
enamel,Ca3Ce3Zr4O17,187.8
enamel,Ca4Ce3Zr4O18,185.1
enamel,CaCe4Zr4O17,179.9
enamel,Ca3Ce4Zr4O19,187.7
enamel,CeMgZrO5,172.8
enamel,CeMg2ZrO6,152.7
enamel,CeMg3ZrO7,151.9
enamel,CeMg4ZrO8,147.0
enamel,Ce2MgZrO7,173.5
enamel,Ce2Mg2ZrO8,175.7
enamel,Ce2Mg3ZrO9,157.6
enamel,Ce2Mg4ZrO10,157.1
enamel,Ce3MgZrO9,164.8
enamel,Ce3Mg2ZrO10,171.6
enamel,Ce3Mg3ZrO11,173.4
enamel,Ce3Mg4ZrO12,160.3
enamel,Ce4MgZrO11,169.0
enamel,Ce4Mg2ZrO12,161.6
enamel,Ce4Mg3ZrO13,181.0
enamel,Ce4Mg4ZrO14,173.4
enamel,CeMgZr2O7,171.1
enamel,CeMg2Zr2O8,165.5
enamel,CeMg3Zr2O9,148.4
enamel,CeMg4Zr2O10,151.8
enamel,Ce2MgZr2O9,177.4
enamel,Ce2Mg3Zr2O11,165.3
enamel,Ce3MgZr2O11,168.7
enamel,Ce3Mg2Zr2O12,177.0
enamel,Ce3Mg3Zr2O13,172.2
enamel,Ce3Mg4Zr2O14,164.0
enamel,Ce4MgZr2O13,164.8
enamel,Ce4Mg3Zr2O15,179.1
enamel,CeMgZr3O9,193.3
enamel,CeMg2Zr3O10,167.6
enamel,CeMg3Zr3O11,152.2
enamel,CeMg4Zr3O12,149.1
enamel,Ce2MgZr3O11,168.7
enamel,Ce2Mg2Zr3O12,171.8
enamel,Ce2Mg3Zr3O13,171.0
enamel,Ce2Mg4Zr3O14,166.1
enamel,Ce3MgZr3O13,180.4
enamel,Ce3Mg2Zr3O14,174.8
enamel,Ce3Mg4Zr3O16,167.5
enamel,Ce4MgZr3O15,168.2
enamel,Ce4Mg2Zr3O16,178.5
enamel,Ce4Mg3Zr3O17,177.0
enamel,Ce4Mg4Zr3O18,174.5
enamel,CeMgZr4O11,194.9
enamel,CeMg2Zr4O12,190.9
enamel,CeMg3Zr4O13,167.0
enamel,CeMg4Zr4O14,147.4
enamel,Ce2MgZr4O13,175.5
enamel,Ce2Mg3Zr4O15,172.6
enamel,Ce3MgZr4O15,178.7
enamel,Ce3Mg2Zr4O16,176.5
enamel,Ce3Mg3Zr4O17,169.4
enamel,Ce3Mg4Zr4O18,170.7
enamel,Ce4MgZr4O17,179.3
enamel,Ce4Mg3Zr4O19,173.5
enamel,SrCeZrO5,156.5
enamel,Sr2CeZrO6,160.8
enamel,Sr3CeZrO7,143.6
enamel,Sr4CeZrO8,115.4
enamel,SrCe2ZrO7,157.5
enamel,Sr2Ce2ZrO8,158.7
enamel,Sr3Ce2ZrO9,153.9
enamel,Sr4Ce2ZrO10,146.7
enamel,SrCe3ZrO9,156.0
enamel,Sr2Ce3ZrO10,160.2
enamel,Sr3Ce3ZrO11,157.5
enamel,Sr4Ce3ZrO12,153.5
enamel,SrCe4ZrO11,169.0
enamel,Sr2Ce4ZrO12,152.7
enamel,Sr3Ce4ZrO13,167.9
enamel,Sr4Ce4ZrO14,154.7
enamel,SrCeZr2O7,181.0
enamel,Sr2CeZr2O8,170.2
enamel,Sr3CeZr2O9,162.2
enamel,Sr4CeZr2O10,152.9
enamel,SrCe2Zr2O9,179.0
enamel,Sr3Ce2Zr2O11,154.4
enamel,SrCe3Zr2O11,173.8
enamel,Sr2Ce3Zr2O12,158.3
enamel,Sr3Ce3Zr2O13,165.0
enamel,Sr4Ce3Zr2O14,159.5
enamel,SrCe4Zr2O13,157.6
enamel,Sr3Ce4Zr2O15,161.2
enamel,SrCeZr3O9,183.1
enamel,Sr2CeZr3O10,193.1
enamel,Sr3CeZr3O11,191.0
enamel,Sr4CeZr3O12,161.4
enamel,SrCe2Zr3O11,174.1
enamel,Sr2Ce2Zr3O12,181.1
enamel,Sr3Ce2Zr3O13,161.9
enamel,Sr4Ce2Zr3O14,152.8
enamel,SrCe3Zr3O13,180.2
enamel,Sr2Ce3Zr3O14,179.3
enamel,Sr4Ce3Zr3O16,162.6
enamel,SrCe4Zr3O15,172.8
enamel,Sr2Ce4Zr3O16,179.7
enamel,Sr3Ce4Zr3O17,158.7
enamel,Sr4Ce4Zr3O18,165.1
enamel,SrCeZr4O11,192.2
enamel,Sr2CeZr4O12,191.8
enamel,Sr3CeZr4O13,194.8
enamel,Sr4CeZr4O14,203.6
enamel,SrCe2Zr4O13,179.4
enamel,Sr3Ce2Zr4O15,182.0
enamel,SrCe3Zr4O15,176.9
enamel,Sr2Ce3Zr4O16,181.2
enamel,Sr3Ce3Zr4O17,180.0
enamel,Sr4Ce3Zr4O18,161.9
enamel,SrCe4Zr4O17,175.5
enamel,Sr3Ce4Zr4O19,177.8
enamel,ZrAlPO6,151.4
enamel,Zr2Al4P2O15,178.7
enamel,ZrAl3PO9,165.9
enamel,Zr2Al8P2O21,172.9
enamel,Zr2Al2P4O17,129.6
enamel,ZrAl2(PO5)2,139.1
enamel,Zr2Al6P4O23,144.5
enamel,ZrAl4P2O13,170.5
enamel,ZrAlP3O11,114.5
enamel,Zr2Al4P6O25,124.9
enamel,ZrAl3P3O14,158.9
enamel,Zr2Al2P8O27,100.5
enamel,ZrAl2P4O15,109.9
enamel,ZrAl4(P2O9)2,153.5
enamel,Zr2AlPO8,161.5
enamel,Zr4Al4P2O19,185.9
enamel,Zr2Al3PO11,188.2
enamel,Zr4Al8P2O25,179.7
enamel,Zr4Al2P4O21,164.3
enamel,Zr2AlP3O13,132.2
enamel,Zr2Al3P3O16,171.2
enamel,Zr3AlPO10,156.5
enamel,Zr6Al4P2O23,168.0
enamel,Zr3Al3PO13,188.7
enamel,Zr6Al2P4O25,174.3
enamel,Zr3Al2(PO7)2,185.2
enamel,Zr3Al4P2O17,176.4
enamel,Zr3Al(PO5)3,165.5
enamel,Zr3Al2P4O19,137.9
enamel,Zr3Al4(P2O11)2,177.2
enamel,Zr4AlPO12,153.0
enamel,Zr4Al3PO15,163.6
enamel,Zr4AlP3O17,173.7
enamel,Zr4Al3P3O20,182.5
enamel,YZrPO6,153.8
enamel,Y4Zr2P2O15,164.4
enamel,Y3ZrPO9,159.0
enamel,Y8Zr2P2O21,192.9
enamel,Y2Zr2P4O17,153.0
enamel,Y2Zr(PO5)2,151.7
enamel,Y6Zr2P4O23,157.0
enamel,Y4ZrP2O13,167.2
enamel,YZrP3O11,127.7
enamel,Y4Zr2P6O25,154.8
enamel,Y3ZrP3O14,151.6
enamel,Y2Zr2P8O27,108.7
enamel,Y2ZrP4O15,151.9
enamel,Y4Zr(P2O9)2,147.4
enamel,YZr2PO8,160.4
enamel,Y4Zr4P2O19,164.3
enamel,Y3Zr2PO11,175.4
enamel,Y8Zr4P2O25,179.6
enamel,Y2Zr4P4O21,138.7
enamel,YZr2P3O13,176.3
enamel,Y3Zr2P3O16,150.4
enamel,YZr3PO10,165.6
enamel,Y4Zr6P2O23,175.5
enamel,Y3Zr3PO13,191.9
enamel,Y2Zr6P4O25,139.0
enamel,Y2Zr3(PO7)2,158.4
enamel,Y4Zr3P2O17,158.9
enamel,YZr3(PO5)3,158.4
enamel,Y2Zr3P4O19,161.1
enamel,Y4Zr3(P2O11)2,150.1
enamel,YZr4PO12,154.3
enamel,Y3Zr4PO15,190.2
enamel,YZr4P3O17,137.8
enamel,Y3Zr4P3O20,157.4
enamel,LaZrPO6,130.4
enamel,La4Zr2P2O15,159.7
enamel,La3ZrPO9,142.9
enamel,La8Zr2P2O21,145.6
enamel,La2Zr2P4O17,129.8
enamel,La2Zr(PO5)2,127.4
enamel,La6Zr2P4O23,155.1
enamel,La4ZrP2O13,156.1
enamel,LaZrP3O11,124.2
enamel,La4Zr2P6O25,136.1
enamel,La3ZrP3O14,125.8
enamel,La2Zr2P8O27,107.2
enamel,La2ZrP4O15,123.7
enamel,La4Zr(P2O9)2,135.4
enamel,LaZr2PO8,168.4
enamel,La4Zr4P2O19,151.9
enamel,La3Zr2PO11,144.9
enamel,La8Zr4P2O25,149.6
enamel,La2Zr4P4O21,120.0
enamel,LaZr2P3O13,135.2
enamel,La3Zr2P3O16,127.2
enamel,LaZr3PO10,160.8
enamel,La4Zr6P2O23,152.3
enamel,La3Zr3PO13,175.8
enamel,La2Zr6P4O25,136.4
enamel,La2Zr3(PO7)2,184.4
enamel,La4Zr3P2O17,159.8
enamel,LaZr3(PO5)3,139.1
enamel,La2Zr3P4O19,133.9
enamel,La4Zr3(P2O11)2,140.0
enamel,LaZr4PO12,145.6
enamel,La3Zr4PO15,186.7
enamel,LaZr4P3O17,130.6
enamel,La3Zr4P3O20,155.7
enamel,Ca2Zr2P2O11,143.3
enamel,Ca4Zr2P2O13,151.7
enamel,Ca6Zr2P2O15,140.3
enamel,Ca8Zr2P2O17,143.1
enamel,CaZr(PO4)2,144.5
enamel,Ca2ZrP2O9,115.4
enamel,Ca3Zr(PO5)2,133.7
enamel,Ca4ZrP2O11,113.7
enamel,Ca2Zr2(P2O7)3,136.9
enamel,Ca4Zr2P6O23,132.7
enamel,Ca6Zr2P6O25,119.6
enamel,CaZrP4O13,111.1
enamel,Ca2Zr(P2O7)2,135.5
enamel,Ca3ZrP4O15,148.8
enamel,Ca4Zr(PO4)4,112.3
enamel,Ca2Zr4P2O15,133.6
enamel,Ca4Zr4P2O17,138.4
enamel,Ca6Zr4P2O19,148.1
enamel,Ca8Zr4P2O21,152.8
enamel,CaZr2(PO5)2,144.1
enamel,Ca3Zr2(PO6)2,129.4
enamel,Ca2Zr4P6O25,150.1
enamel,CaZr2P4O15,149.2
enamel,Ca3Zr2P4O17,130.4
enamel,Ca2Zr6P2O19,159.8
enamel,Ca4Zr6P2O21,162.9
enamel,Ca6Zr6P2O23,164.9
enamel,CaZr3(PO6)2,150.7
enamel,Ca2Zr3P2O13,123.7
enamel,Ca3Zr3(PO7)2,155.8
enamel,Ca4Zr3P2O15,139.1
enamel,CaZr3P4O17,151.9
enamel,Ca2Zr3(P2O9)2,138.7
enamel,Ca3Zr3P4O19,127.2
enamel,Ca4Zr3(PO5)4,127.7
enamel,Ca2Zr8P2O23,168.7
enamel,Ca4Zr8P2O25,161.7
enamel,CaZr4(PO7)2,143.4
enamel,Ca3Zr4(PO8)2,158.5
enamel,CaZr4P4O19,160.2
enamel,Ca3Zr4P4O21,143.8
enamel,Mg2Zr2P2O11,146.9
enamel,Mg4Zr2P2O13,121.0
enamel,Mg6Zr2P2O15,127.4
enamel,Mg8Zr2P2O17,129.5
enamel,MgZr(PO4)2,154.8
enamel,Mg2ZrP2O9,124.1
enamel,Mg3Zr(PO5)2,114.9
enamel,Mg4ZrP2O11,112.8
enamel,Mg2Zr2(P2O7)3,117.4
enamel,Mg4Zr2P6O23,152.2
enamel,Mg6Zr2P6O25,116.4
enamel,MgZrP4O13,116.5
enamel,Mg2Zr(P2O7)2,195.8
enamel,Mg3ZrP4O15,176.2
enamel,Mg4Zr(PO4)4,115.0
enamel,Mg2Zr4P2O15,141.8
enamel,Mg4Zr4P2O17,131.5
enamel,Mg6Zr4P2O19,142.4
enamel,Mg8Zr4P2O21,136.2
enamel,MgZr2(PO5)2,162.8
enamel,Mg3Zr2(PO6)2,108.9
enamel,Mg2Zr4P6O25,150.2
enamel,MgZr2P4O15,121.5
enamel,Mg3Zr2P4O17,128.3
enamel,Mg2Zr6P2O19,152.3
enamel,Mg4Zr6P2O21,152.4
enamel,Mg6Zr6P2O23,164.4
enamel,MgZr3(PO6)2,165.3
enamel,Mg2Zr3P2O13,143.8
enamel,Mg3Zr3(PO7)2,125.5
enamel,Mg4Zr3P2O15,113.0
enamel,MgZr3P4O17,150.3
enamel,Mg2Zr3(P2O9)2,148.7
enamel,Mg3Zr3P4O19,141.1
enamel,Mg4Zr3(PO5)4,122.6
enamel,Mg2Zr8P2O23,150.1
enamel,Mg4Zr8P2O25,159.0
enamel,MgZr4(PO7)2,153.3
enamel,Mg3Zr4(PO8)2,135.4
enamel,MgZr4P4O19,176.0
enamel,Mg3Zr4P4O21,150.6
enamel,Sr2Zr2P2O11,128.5
enamel,Sr4Zr2P2O13,116.1
enamel,Sr6Zr2P2O15,119.2
enamel,Sr8Zr2P2O17,128.8
enamel,SrZr(PO4)2,139.9
enamel,Sr2ZrP2O9,105.2
enamel,Sr3Zr(PO5)2,134.2
enamel,Sr4ZrP2O11,98.9
enamel,Sr2Zr2(P2O7)3,121.7
enamel,Sr4Zr2P6O23,124.1
enamel,Sr6Zr2P6O25,105.9
enamel,SrZrP4O13,109.2
enamel,Sr2Zr(P2O7)2,119.0
enamel,Sr3ZrP4O15,114.8
enamel,Sr4Zr(PO4)4,108.9
enamel,Sr2Zr4P2O15,134.1
enamel,Sr4Zr4P2O17,156.0
enamel,Sr6Zr4P2O19,134.4
enamel,Sr8Zr4P2O21,142.5
enamel,SrZr2(PO5)2,131.0
enamel,Sr3Zr2(PO6)2,136.2
enamel,Sr2Zr4P6O25,154.1
enamel,SrZr2P4O15,146.6
enamel,Sr3Zr2P4O17,109.3
enamel,Sr2Zr6P2O19,153.8
enamel,Sr4Zr6P2O21,163.5
enamel,Sr6Zr6P2O23,149.5
enamel,SrZr3(PO6)2,142.3
enamel,Sr2Zr3P2O13,130.4
enamel,Sr3Zr3(PO7)2,153.8
enamel,Sr4Zr3P2O15,121.7
enamel,SrZr3P4O17,154.6
enamel,Sr2Zr3(P2O9)2,147.7
enamel,Sr3Zr3P4O19,123.5
enamel,Sr4Zr3(PO5)4,124.1
enamel,Sr2Zr8P2O23,189.6
enamel,Sr4Zr8P2O25,195.2
enamel,SrZr4(PO7)2,140.0
enamel,Sr3Zr4(PO8)2,154.1
enamel,SrZr4P4O19,136.6
enamel,Sr3Zr4P4O21,132.8
enamel,YZrAlO5,176.0
enamel,Y4Zr2Al2O13,207.4
enamel,Y3ZrAlO8,190.6
enamel,Y8Zr2Al2O19,196.2
enamel,Y2Zr2Al4O13,172.3
enamel,Y2ZrAl2O8,174.3
enamel,Y6Zr2Al4O19,209.8
enamel,Y4ZrAl2O11,211.4
enamel,YZrAl3O8,158.3
enamel,Y4Zr2Al6O19,192.3
enamel,Y3ZrAl3O11,198.1
enamel,Y2Zr2Al8O19,142.6
enamel,Y2ZrAl4O11,168.8
enamel,Y4ZrAl4O14,198.0
enamel,YZr2AlO7,204.2
enamel,Y4Zr4Al2O17,207.6
enamel,Y3Zr2AlO10,193.7
enamel,Y8Zr4Al2O23,194.4
enamel,Y2Zr4Al4O17,171.0
enamel,Y6Zr4Al4O23,207.0
enamel,YZr2Al3O10,182.8
enamel,Y4Zr4Al6O23,172.5
enamel,Y3Zr2Al3O13,197.7
enamel,Y2Zr4Al8O23,178.4
enamel,YZr3AlO9,213.4
enamel,Y4Zr6Al2O21,200.9
enamel,Y3Zr3AlO12,206.7
enamel,Y2Zr6Al4O21,191.3
enamel,Y2Zr3Al2O12,199.4
enamel,Y4Zr3Al2O15,209.5
enamel,YZr3Al3O12,181.9
enamel,Y2Zr3Al4O15,193.9
enamel,Y4Zr3Al4O18,198.9
enamel,YZr4AlO11,212.7
enamel,Y4Zr8Al2O25,190.5
enamel,Y3Zr4AlO14,192.8
enamel,Y2Zr8Al4O25,196.0
enamel,YZr4Al3O14,183.4
enamel,Y3Zr4Al3O17,198.1
enamel,LaZrAlO5,188.7
enamel,La4Zr2Al2O13,155.2
enamel,La3ZrAlO8,160.2
enamel,La8Zr2Al2O19,163.6
enamel,La2Zr2Al4O13,163.3
enamel,La2ZrAl2O8,192.8
enamel,La6Zr2Al4O19,201.5
enamel,La4ZrAl2O11,157.1
enamel,LaZrAl3O8,152.6
enamel,La4Zr2Al6O19,207.9
enamel,La3ZrAl3O11,210.7
enamel,La2Zr2Al8O19,149.0
enamel,La2ZrAl4O11,175.8
enamel,La4ZrAl4O14,208.6
enamel,LaZr2AlO7,202.4
enamel,La4Zr4Al2O17,199.4
enamel,La3Zr2AlO10,155.2
enamel,La8Zr4Al2O23,175.5
enamel,La2Zr4Al4O17,177.7
enamel,La6Zr4Al4O23,191.6
enamel,LaZr2Al3O10,160.8
enamel,La4Zr4Al6O23,181.3
enamel,La3Zr2Al3O13,193.8
enamel,La2Zr4Al8O23,150.7
enamel,LaZr3AlO9,213.1
enamel,La4Zr6Al2O21,188.8
enamel,La3Zr3AlO12,195.0
enamel,La2Zr6Al4O21,208.1
enamel,La2Zr3Al2O12,196.8
enamel,La4Zr3Al2O15,188.6
enamel,LaZr3Al3O12,171.0
enamel,La2Zr3Al4O15,176.6
enamel,La4Zr3Al4O18,188.2
enamel,LaZr4AlO11,215.3
enamel,La4Zr8Al2O25,196.0
enamel,La3Zr4AlO14,195.3
enamel,La2Zr8Al4O25,210.8
enamel,LaZr4Al3O14,166.4
enamel,La3Zr4Al3O17,196.8
enamel,Ca2Zr2Al2O9,175.6
enamel,Ca4Zr2Al2O11,158.2
enamel,Ca6Zr2Al2O13,150.8
enamel,Ca8Zr2Al2O15,149.4
enamel,CaZrAl2O6,178.8
enamel,Ca2ZrAl2O7,157.2
enamel,Ca3ZrAl2O8,163.8
enamel,Ca4ZrAl2O9,149.4
enamel,Ca2Zr2Al6O15,177.4
enamel,Ca4Zr2Al6O17,158.2
enamel,Ca6Zr2Al6O19,139.3
enamel,Ca8Zr2Al6O21,155.9
enamel,CaZrAl4O9,139.8
enamel,Ca2ZrAl4O10,148.6
enamel,Ca3ZrAl4O11,141.0
enamel,Ca4ZrAl4O12,137.1
enamel,Ca2Zr4Al2O13,191.5
enamel,Ca4Zr4Al2O15,174.1
enamel,Ca6Zr4Al2O17,171.8
enamel,Ca8Zr4Al2O19,170.4
enamel,CaZr2Al2O8,167.3
enamel,Ca3Zr2Al2O10,173.4
enamel,Ca2Zr4Al6O19,164.3
enamel,Ca4Zr4Al6O21,185.4
enamel,Ca6Zr4Al6O23,191.2
enamel,CaZr2Al4O11,156.5
enamel,Ca3Zr2Al4O13,157.5
enamel,Ca2Zr6Al2O17,196.4
enamel,Ca4Zr6Al2O19,183.9
enamel,Ca6Zr6Al2O21,186.5
enamel,Ca8Zr6Al2O23,192.5
enamel,CaZr3Al2O10,169.2
enamel,Ca2Zr3Al2O11,171.5
enamel,Ca3Zr3Al2O12,197.1
enamel,Ca4Zr3Al2O13,168.4
enamel,Ca2Zr6Al6O23,173.9
enamel,CaZr3Al4O13,178.7
enamel,Ca2Zr3Al4O14,188.5
enamel,Ca3Zr3Al4O15,169.6
enamel,Ca4Zr3Al4O16,187.5
enamel,Ca2Zr8Al2O21,210.4
enamel,Ca4Zr8Al2O23,182.6
enamel,CaZr4Al2O12,196.3
enamel,Ca3Zr4Al2O14,171.3
enamel,CaZr4Al4O15,183.4
enamel,Ca3Zr4Al4O17,186.7
enamel,Mg2Zr2Al2O9,172.1
enamel,Mg4Zr2Al2O11,146.0
enamel,Mg6Zr2Al2O13,148.1
enamel,Mg8Zr2Al2O15,144.3
enamel,MgZrAl2O6,168.7
enamel,Mg2ZrAl2O7,135.4
enamel,Mg3ZrAl2O8,139.9
enamel,Mg4ZrAl2O9,142.5
enamel,Mg2Zr2Al6O15,171.3
enamel,Mg4Zr2Al6O17,161.2
enamel,Mg6Zr2Al6O19,140.8
enamel,Mg8Zr2Al6O21,133.2
enamel,MgZrAl4O9,163.2
enamel,Mg2ZrAl4O10,160.5
enamel,Mg3ZrAl4O11,127.2
enamel,Mg4ZrAl4O12,123.4
enamel,Mg2Zr4Al2O13,168.0
enamel,Mg4Zr4Al2O15,180.0
enamel,Mg6Zr4Al2O17,166.2
enamel,Mg8Zr4Al2O19,144.7
enamel,MgZr2Al2O8,151.6
enamel,Mg3Zr2Al2O10,163.6
enamel,Mg2Zr4Al6O19,159.4
enamel,Mg4Zr4Al6O21,160.9
enamel,Mg6Zr4Al6O23,167.2
enamel,MgZr2Al4O11,152.9
enamel,Mg3Zr2Al4O13,163.7
enamel,Mg2Zr6Al2O17,177.4
enamel,Mg4Zr6Al2O19,169.5
enamel,Mg6Zr6Al2O21,182.8
enamel,Mg8Zr6Al2O23,168.0
enamel,MgZr3Al2O10,155.1
enamel,Mg2Zr3Al2O11,177.8
enamel,Mg3Zr3Al2O12,179.2
enamel,Mg4Zr3Al2O13,175.6
enamel,Mg2Zr6Al6O23,155.1
enamel,MgZr3Al4O13,158.0
enamel,Mg2Zr3Al4O14,158.4
enamel,Mg3Zr3Al4O15,152.1
enamel,Mg4Zr3Al4O16,166.6
enamel,Mg2Zr8Al2O21,196.8
enamel,Mg4Zr8Al2O23,166.0
enamel,MgZr4Al2O12,175.6
enamel,Mg3Zr4Al2O14,183.2
enamel,MgZr4Al4O15,169.3
enamel,Mg3Zr4Al4O17,167.7
enamel,Sr2Zr2Al2O9,187.6
enamel,Sr4Zr2Al2O11,176.1
enamel,Sr6Zr2Al2O13,181.8
enamel,Sr8Zr2Al2O15,149.1
enamel,SrZrAl2O6,171.8
enamel,Sr2ZrAl2O7,173.0
enamel,Sr3ZrAl2O8,169.3
enamel,Sr4ZrAl2O9,174.5
enamel,Sr2Zr2Al6O15,168.8
enamel,Sr4Zr2Al6O17,163.5
enamel,Sr6Zr2Al6O19,146.0
enamel,Sr8Zr2Al6O21,161.3
enamel,SrZrAl4O9,146.3
enamel,Sr2ZrAl4O10,164.7
enamel,Sr3ZrAl4O11,156.2
enamel,Sr4ZrAl4O12,152.6
enamel,Sr2Zr4Al2O13,197.3
enamel,Sr4Zr4Al2O15,202.5
enamel,Sr6Zr4Al2O17,183.2
enamel,Sr8Zr4Al2O19,181.7
enamel,SrZr2Al2O8,167.4
enamel,Sr3Zr2Al2O10,179.0
enamel,Sr2Zr4Al6O19,171.2
enamel,Sr4Zr4Al6O21,175.4
enamel,Sr6Zr4Al6O23,189.1
enamel,SrZr2Al4O11,158.4
enamel,Sr3Zr2Al4O13,169.5
enamel,Sr2Zr6Al2O17,212.6
enamel,Sr4Zr6Al2O19,207.6
enamel,Sr6Zr6Al2O21,194.0
enamel,Sr8Zr6Al2O23,185.9
enamel,SrZr3Al2O10,177.7
enamel,Sr2Zr3Al2O11,189.2
enamel,Sr3Zr3Al2O12,208.1
enamel,Sr4Zr3Al2O13,179.7
enamel,Sr2Zr6Al6O23,171.1
enamel,SrZr3Al4O13,167.5
enamel,Sr2Zr3Al4O14,170.4
enamel,Sr3Zr3Al4O15,174.7
enamel,Sr4Zr3Al4O16,186.1
enamel,Sr2Zr8Al2O21,198.7
enamel,Sr4Zr8Al2O23,207.3
enamel,SrZr4Al2O12,199.0
enamel,Sr3Zr4Al2O14,196.9
enamel,SrZr4Al4O15,169.6
enamel,Sr3Zr4Al4O17,171.8
enamel,LaYZrO5,183.4
enamel,La4Y2Zr2O13,169.9
enamel,La3YZrO8,169.0
enamel,La8Y2Zr2O19,159.5
enamel,La2Y4Zr2O13,168.6
enamel,La2Y2ZrO8,169.9
enamel,La6Y4Zr2O19,169.4
enamel,La4Y2ZrO11,166.2
enamel,LaY3ZrO8,179.6
enamel,La4Y6Zr2O19,172.2
enamel,La3Y3ZrO11,164.9
enamel,La2Y8Zr2O19,179.6
enamel,La2Y4ZrO11,172.5
enamel,La4Y4ZrO14,167.4
enamel,LaYZr2O7,188.3
enamel,La4Y2Zr4O17,182.7
enamel,La3YZr2O10,173.5
enamel,La8Y2Zr4O23,172.7
enamel,La2Y4Zr4O17,183.1
enamel,La6Y4Zr4O23,168.8
enamel,LaY3Zr2O10,185.6
enamel,La4Y6Zr4O23,168.6
enamel,La3Y3Zr2O13,171.1
enamel,La2Y8Zr4O23,186.6
enamel,LaYZr3O9,207.8
enamel,La4Y2Zr6O21,189.5
enamel,La3YZr3O12,180.3
enamel,La2Y4Zr6O21,192.1
enamel,La2Y2Zr3O12,182.8
enamel,La4Y2Zr3O15,166.9
enamel,LaY3Zr3O12,185.0
enamel,La2Y4Zr3O15,183.1
enamel,La4Y4Zr3O18,170.7
enamel,LaYZr4O11,205.5
enamel,La4Y2Zr8O25,187.6
enamel,La3YZr4O14,188.8
enamel,La2Y4Zr8O25,195.7
enamel,LaY3Zr4O14,195.6
enamel,La3Y3Zr4O17,183.0
enamel,Ca2Y2Zr2O9,199.2
enamel,Ca4Y2Zr2O11,193.6
enamel,Ca6Y2Zr2O13,189.3
enamel,Ca8Y2Zr2O15,144.0
enamel,CaY2ZrO6,197.8
enamel,Ca2Y2ZrO7,195.6
enamel,Ca3Y2ZrO8,192.2
enamel,Ca4Y2ZrO9,190.5
enamel,Ca2Y6Zr2O15,202.9
enamel,Ca4Y6Zr2O17,197.1
enamel,Ca6Y6Zr2O19,192.6
enamel,Ca8Y6Zr2O21,192.7
enamel,CaY4ZrO9,210.1
enamel,Ca2Y4ZrO10,198.8
enamel,Ca3Y4ZrO11,193.7
enamel,Ca4Y4ZrO12,193.1
enamel,Ca2Y2Zr4O13,199.2
enamel,Ca4Y2Zr4O15,202.3
enamel,Ca6Y2Zr4O17,191.1
enamel,Ca8Y2Zr4O19,185.8
enamel,CaY2Zr2O8,193.5
enamel,Ca3Y2Zr2O10,193.7
enamel,Ca2Y6Zr4O19,199.2
enamel,Ca4Y6Zr4O21,203.6
enamel,Ca6Y6Zr4O23,191.3
enamel,CaY4Zr2O11,200.9
enamel,Ca3Y4Zr2O13,196.9
enamel,Ca2Y2Zr6O17,202.2
enamel,Ca4Y2Zr6O19,196.9
enamel,Ca6Y2Zr6O21,197.3
enamel,Ca8Y2Zr6O23,190.3
enamel,CaY2Zr3O10,202.3
enamel,Ca2Y2Zr3O11,204.8
enamel,Ca3Y2Zr3O12,202.3
enamel,Ca4Y2Zr3O13,195.9
enamel,Ca2Y6Zr6O23,193.8
enamel,CaY4Zr3O13,196.1
enamel,Ca2Y4Zr3O14,189.4
enamel,Ca3Y4Zr3O15,203.8
enamel,Ca4Y4Zr3O16,196.9
enamel,Ca2Y2Zr8O21,208.5
enamel,Ca4Y2Zr8O23,196.7
enamel,CaY2Zr4O12,200.9
enamel,Ca3Y2Zr4O14,204.9
enamel,CaY4Zr4O15,195.0
enamel,Ca3Y4Zr4O17,192.1
enamel,Y2Mg2Zr2O9,185.9
enamel,Y2Mg4Zr2O11,169.4
enamel,Y2Mg6Zr2O13,164.0
enamel,Y2Mg8Zr2O15,154.7
enamel,Y2MgZrO6,193.8
enamel,Y2Mg2ZrO7,180.6
enamel,Y2Mg3ZrO8,166.2
enamel,Y2Mg4ZrO9,160.8
enamel,Y6Mg2Zr2O15,200.7
enamel,Y6Mg4Zr2O17,189.7
enamel,Y6Mg6Zr2O19,178.8
enamel,Y6Mg8Zr2O21,166.2
enamel,Y4MgZrO9,205.7
enamel,Y4Mg2ZrO10,199.4
enamel,Y4Mg3ZrO11,185.5
enamel,Y4Mg4ZrO12,178.8
enamel,Y2Mg2Zr4O13,196.1
enamel,Y2Mg4Zr4O15,168.2
enamel,Y2Mg6Zr4O17,170.7
enamel,Y2Mg8Zr4O19,169.5
enamel,Y2MgZr2O8,193.4
enamel,Y2Mg3Zr2O10,170.5
enamel,Y6Mg2Zr4O19,194.2
enamel,Y6Mg4Zr4O21,188.7
enamel,Y6Mg6Zr4O23,182.8
enamel,Y4MgZr2O11,193.5
enamel,Y4Mg3Zr2O13,187.6
enamel,Y2Mg2Zr6O17,192.4
enamel,Y2Mg4Zr6O19,180.7
enamel,Y2Mg6Zr6O21,171.5
enamel,Y2Mg8Zr6O23,173.5
enamel,Y2MgZr3O10,201.0
enamel,Y2Mg2Zr3O11,185.9
enamel,Y2Mg3Zr3O12,166.0
enamel,Y2Mg4Zr3O13,169.3
enamel,Y6Mg2Zr6O23,193.7
enamel,Y4MgZr3O13,192.5
enamel,Y4Mg2Zr3O14,193.3
enamel,Y4Mg3Zr3O15,186.2
enamel,Y4Mg4Zr3O16,186.6
enamel,Y2Mg2Zr8O21,203.5
enamel,Y2Mg4Zr8O23,185.4
enamel,Y2MgZr4O12,198.0
enamel,Y2Mg3Zr4O14,181.6
enamel,Y4MgZr4O15,199.6
enamel,Y4Mg3Zr4O17,186.6
enamel,Sr2Y2Zr2O9,208.7
enamel,Sr4Y2Zr2O11,176.9
enamel,Sr6Y2Zr2O13,156.8
enamel,Sr8Y2Zr2O15,117.6
enamel,SrY2ZrO6,187.5
enamel,Sr2Y2ZrO7,178.4
enamel,Sr3Y2ZrO8,171.6
enamel,Sr4Y2ZrO9,158.4
enamel,Sr2Y6Zr2O15,186.6
enamel,Sr4Y6Zr2O17,174.1
enamel,Sr6Y6Zr2O19,177.2
enamel,Sr8Y6Zr2O21,171.6
enamel,SrY4ZrO9,209.7
enamel,Sr2Y4ZrO10,177.2
enamel,Sr3Y4ZrO11,181.4
enamel,Sr4Y4ZrO12,171.8
enamel,Sr2Y2Zr4O13,202.6
enamel,Sr4Y2Zr4O15,201.1
enamel,Sr6Y2Zr4O17,175.8
enamel,Sr8Y2Zr4O19,178.7
enamel,SrY2Zr2O8,202.3
enamel,Sr3Y2Zr2O10,172.0
enamel,Sr2Y6Zr4O19,202.3
enamel,Sr4Y6Zr4O21,205.4
enamel,Sr6Y6Zr4O23,176.4
enamel,SrY4Zr2O11,198.9
enamel,Sr3Y4Zr2O13,177.2
enamel,Sr2Y2Zr6O17,212.3
enamel,Sr4Y2Zr6O19,201.5
enamel,Sr6Y2Zr6O21,206.1
enamel,Sr8Y2Zr6O23,180.3
enamel,SrY2Zr3O10,202.2
enamel,Sr2Y2Zr3O11,193.8
enamel,Sr3Y2Zr3O12,200.4
enamel,Sr4Y2Zr3O13,177.5
enamel,Sr2Y6Zr6O23,201.1
enamel,SrY4Zr3O13,201.1
enamel,Sr2Y4Zr3O14,191.8
enamel,Sr3Y4Zr3O15,205.4
enamel,Sr4Y4Zr3O16,177.3
enamel,Sr2Y2Zr8O21,218.6
enamel,Sr4Y2Zr8O23,204.2
enamel,SrY2Zr4O12,203.5
enamel,Sr3Y2Zr4O14,197.6
enamel,SrY4Zr4O15,198.3
enamel,Sr3Y4Zr4O17,196.3
enamel,Ca2La2Zr2O9,191.4
enamel,Ca4La2Zr2O11,151.0
enamel,Ca6La2Zr2O13,147.1
enamel,Ca8La2Zr2O15,145.5
enamel,CaLa2ZrO6,172.4
enamel,Ca2La2ZrO7,155.1
enamel,Ca3La2ZrO8,140.5
enamel,Ca4La2ZrO9,140.2
enamel,Ca2La6Zr2O15,177.1
enamel,Ca4La6Zr2O17,148.2
enamel,Ca6La6Zr2O19,141.4
enamel,Ca8La6Zr2O21,134.0
enamel,CaLa4ZrO9,164.4
enamel,Ca2La4ZrO10,152.2
enamel,Ca3La4ZrO11,137.3
enamel,Ca4La4ZrO12,141.8
enamel,Ca2La2Zr4O13,203.8
enamel,Ca4La2Zr4O15,196.1
enamel,Ca6La2Zr4O17,195.5
enamel,Ca8La2Zr4O19,194.3
enamel,CaLa2Zr2O8,176.2
enamel,Ca3La2Zr2O10,182.8
enamel,Ca2La6Zr4O19,177.7
enamel,Ca4La6Zr4O21,171.3
enamel,Ca6La6Zr4O23,159.4
enamel,CaLa4Zr2O11,170.1
enamel,Ca3La4Zr2O13,149.5
enamel,Ca2La2Zr6O17,200.4
enamel,Ca4La2Zr6O19,199.6
enamel,Ca6La2Zr6O21,198.4
enamel,Ca8La2Zr6O23,187.4
enamel,CaLa2Zr3O10,195.0
enamel,Ca2La2Zr3O11,197.7
enamel,Ca3La2Zr3O12,198.6
enamel,Ca4La2Zr3O13,194.1
enamel,Ca2La6Zr6O23,194.8
enamel,CaLa4Zr3O13,175.4
enamel,Ca2La4Zr3O14,178.0
enamel,Ca3La4Zr3O15,173.7
enamel,Ca4La4Zr3O16,158.8
enamel,Ca2La2Zr8O21,213.1
enamel,Ca4La2Zr8O23,193.7
enamel,CaLa2Zr4O12,191.2
enamel,Ca3La2Zr4O14,200.1
enamel,CaLa4Zr4O15,192.1
enamel,Ca3La4Zr4O17,193.6
enamel,La2Mg2Zr2O9,193.7
enamel,La2Mg4Zr2O11,175.1
enamel,La2Mg6Zr2O13,156.1
enamel,La2Mg8Zr2O15,154.7
enamel,La2MgZrO6,190.8
enamel,La2Mg2ZrO7,189.7
enamel,La2Mg3ZrO8,174.0
enamel,La2Mg4ZrO9,171.8
enamel,La6Mg2Zr2O15,179.9
enamel,La6Mg4Zr2O17,183.6
enamel,La6Mg6Zr2O19,175.4
enamel,La6Mg8Zr2O21,186.3
enamel,La4MgZrO9,177.2
enamel,La4Mg2ZrO10,166.0
enamel,La4Mg3ZrO11,184.2
enamel,La4Mg4ZrO12,180.0
enamel,La2Mg2Zr4O13,198.1
enamel,La2Mg4Zr4O15,183.4
enamel,La2Mg6Zr4O17,170.4
enamel,La2Mg8Zr4O19,161.2
enamel,La2MgZr2O8,183.5
enamel,La2Mg3Zr2O10,190.3
enamel,La6Mg2Zr4O19,183.8
enamel,La6Mg4Zr4O21,184.5
enamel,La6Mg6Zr4O23,190.1
enamel,La4MgZr2O11,172.4
enamel,La4Mg3Zr2O13,203.5
enamel,La2Mg2Zr6O17,199.4
enamel,La2Mg4Zr6O19,193.5
enamel,La2Mg6Zr6O21,177.9
enamel,La2Mg8Zr6O23,166.4
enamel,La2MgZr3O10,200.9
enamel,La2Mg2Zr3O11,190.5
enamel,La2Mg3Zr3O12,189.7
enamel,La2Mg4Zr3O13,180.1
enamel,La6Mg2Zr6O23,179.9
enamel,La4MgZr3O13,178.8
enamel,La4Mg2Zr3O14,184.8
enamel,La4Mg3Zr3O15,194.1
enamel,La4Mg4Zr3O16,192.7
enamel,La2Mg2Zr8O21,206.9
enamel,La2Mg4Zr8O23,196.0
enamel,La2MgZr4O12,196.0
enamel,La2Mg3Zr4O14,193.1
enamel,La4MgZr4O15,179.5
enamel,La4Mg3Zr4O17,196.5
enamel,Sr2La2Zr2O9,171.7
enamel,Sr4La2Zr2O11,147.7
enamel,Sr6La2Zr2O13,109.7
enamel,Sr8La2Zr2O15,106.9
enamel,SrLa2ZrO6,164.5
enamel,Sr2La2ZrO7,155.3
enamel,Sr3La2ZrO8,135.0
enamel,Sr4La2ZrO9,122.2
enamel,Sr2La6Zr2O15,156.8
enamel,Sr4La6Zr2O17,151.1
enamel,Sr6La6Zr2O19,139.6
enamel,Sr8La6Zr2O21,139.7
enamel,SrLa4ZrO9,146.8
enamel,Sr2La4ZrO10,147.8
enamel,Sr3La4ZrO11,142.7
enamel,Sr4La4ZrO12,139.8
enamel,Sr2La2Zr4O13,192.6
enamel,Sr4La2Zr4O15,174.3
enamel,Sr6La2Zr4O17,150.3
enamel,Sr8La2Zr4O19,141.1
enamel,SrLa2Zr2O8,175.2
enamel,Sr3La2Zr2O10,156.3
enamel,Sr2La6Zr4O19,179.9
enamel,Sr4La6Zr4O21,170.0
enamel,Sr6La6Zr4O23,162.0
enamel,SrLa4Zr2O11,176.9
enamel,Sr3La4Zr2O13,156.0
enamel,Sr2La2Zr6O17,194.9
enamel,Sr4La2Zr6O19,199.5
enamel,Sr6La2Zr6O21,173.7
enamel,Sr8La2Zr6O23,166.1
enamel,SrLa2Zr3O10,191.2
enamel,Sr2La2Zr3O11,179.4
enamel,Sr3La2Zr3O12,169.8
enamel,Sr4La2Zr3O13,156.8
enamel,Sr2La6Zr6O23,188.2
enamel,SrLa4Zr3O13,176.2
enamel,Sr2La4Zr3O14,173.3
enamel,Sr3La4Zr3O15,166.4
enamel,Sr4La4Zr3O16,157.0
enamel,Sr2La2Zr8O21,205.4
enamel,Sr4La2Zr8O23,200.3
enamel,SrLa2Zr4O12,197.7
enamel,Sr3La2Zr4O14,183.0
enamel,SrLa4Zr4O15,198.8
enamel,Sr3La4Zr4O17,175.7
enamel,CaMgZrO4,166.0
enamel,CaMg2ZrO5,159.3
enamel,CaMg3ZrO6,148.5
enamel,CaMg4ZrO7,135.2
enamel,Ca2MgZrO5,145.5
enamel,Ca2Mg2ZrO6,148.4
enamel,Ca2Mg3ZrO7,151.8
enamel,Ca2Mg4ZrO8,143.0
enamel,Ca3MgZrO6,146.6
enamel,Ca3Mg2ZrO7,149.0
enamel,Ca3Mg3ZrO8,145.6
enamel,Ca3Mg4ZrO9,146.4
enamel,Ca4MgZrO7,149.4
enamel,Ca4Mg2ZrO8,136.1
enamel,Ca4Mg3ZrO9,144.5
enamel,Ca4Mg4ZrO10,143.1
enamel,CaMgZr2O6,175.0
enamel,CaMg2Zr2O7,172.0
enamel,CaMg3Zr2O8,175.3
enamel,CaMg4Zr2O9,170.2
enamel,Ca2MgZr2O7,181.4
enamel,Ca2Mg3Zr2O9,158.6
enamel,Ca3MgZr2O8,175.9
enamel,Ca3Mg2Zr2O9,155.3
enamel,Ca3Mg3Zr2O10,154.2
enamel,Ca3Mg4Zr2O11,153.4
enamel,Ca4MgZr2O9,168.2
enamel,Ca4Mg3Zr2O11,150.4
enamel,CaMgZr3O8,192.8
enamel,CaMg2Zr3O9,180.5
enamel,CaMg3Zr3O10,182.3
enamel,CaMg4Zr3O11,167.1
enamel,Ca2MgZr3O9,186.4
enamel,Ca2Mg2Zr3O10,175.2
enamel,Ca2Mg3Zr3O11,163.6
enamel,Ca2Mg4Zr3O12,162.2
enamel,Ca3MgZr3O10,193.5
enamel,Ca3Mg2Zr3O11,164.6
enamel,Ca3Mg4Zr3O13,160.4
enamel,Ca4MgZr3O11,177.5
enamel,Ca4Mg2Zr3O12,175.9
enamel,Ca4Mg3Zr3O13,156.4
enamel,Ca4Mg4Zr3O14,149.7
enamel,CaMgZr4O10,198.1
enamel,CaMg2Zr4O11,175.7
enamel,CaMg3Zr4O12,183.1
enamel,CaMg4Zr4O13,182.3
enamel,Ca2MgZr4O11,195.1
enamel,Ca2Mg3Zr4O13,180.7
enamel,Ca3MgZr4O12,195.1
enamel,Ca3Mg2Zr4O13,192.2
enamel,Ca3Mg3Zr4O14,169.6
enamel,Ca3Mg4Zr4O15,163.6
enamel,Ca4MgZr4O13,189.2
enamel,Ca4Mg3Zr4O15,162.4
enamel,SrCaZrO4,160.6
enamel,Sr2CaZrO5,141.5
enamel,Sr3CaZrO6,122.8
enamel,Sr4CaZrO7,124.6
enamel,SrCa2ZrO5,156.3
enamel,Sr2Ca2ZrO6,143.4
enamel,Sr3Ca2ZrO7,128.5
enamel,Sr4Ca2ZrO8,122.9
enamel,SrCa3ZrO6,138.5
enamel,Sr2Ca3ZrO7,143.1
enamel,Sr3Ca3ZrO8,129.9
enamel,Sr4Ca3ZrO9,131.7
enamel,SrCa4ZrO7,127.6
enamel,Sr2Ca4ZrO8,140.6
enamel,Sr3Ca4ZrO9,132.8
enamel,Sr4Ca4ZrO10,131.8
enamel,SrCaZr2O6,211.2
enamel,Sr2CaZr2O7,164.4
enamel,Sr3CaZr2O8,158.5
enamel,Sr4CaZr2O9,144.7
enamel,SrCa2Zr2O7,183.0
enamel,Sr3Ca2Zr2O9,160.5
enamel,SrCa3Zr2O8,182.3
enamel,Sr2Ca3Zr2O9,163.7
enamel,Sr3Ca3Zr2O10,148.7
enamel,Sr4Ca3Zr2O11,139.1
enamel,SrCa4Zr2O9,154.0
enamel,Sr3Ca4Zr2O11,141.8
enamel,SrCaZr3O8,200.9
enamel,Sr2CaZr3O9,210.6
enamel,Sr3CaZr3O10,202.8
enamel,Sr4CaZr3O11,170.8
enamel,SrCa2Zr3O9,207.8
enamel,Sr2Ca2Zr3O10,193.9
enamel,Sr3Ca2Zr3O11,151.0
enamel,Sr4Ca2Zr3O12,164.9
enamel,SrCa3Zr3O10,194.2
enamel,Sr2Ca3Zr3O11,180.3
enamel,Sr4Ca3Zr3O13,158.2
enamel,SrCa4Zr3O11,178.0
enamel,Sr2Ca4Zr3O12,153.7
enamel,Sr3Ca4Zr3O13,158.8
enamel,Sr4Ca4Zr3O14,159.0
enamel,SrCaZr4O10,210.4
enamel,Sr2CaZr4O11,204.6
enamel,Sr3CaZr4O12,205.9
enamel,Sr4CaZr4O13,202.8
enamel,SrCa2Zr4O11,203.7
enamel,Sr3Ca2Zr4O13,197.0
enamel,SrCa3Zr4O12,213.6
enamel,Sr2Ca3Zr4O13,195.4
enamel,Sr3Ca3Zr4O14,185.8
enamel,Sr4Ca3Zr4O15,151.7
enamel,SrCa4Zr4O13,203.9
enamel,Sr3Ca4Zr4O15,149.2
enamel,SrMgZrO4,176.5
enamel,Sr2MgZrO5,150.5
enamel,Sr3MgZrO6,138.7
enamel,Sr4MgZrO7,125.1
enamel,SrMg2ZrO5,157.6
enamel,Sr2Mg2ZrO6,164.8
enamel,Sr3Mg2ZrO7,146.2
enamel,Sr4Mg2ZrO8,138.3
enamel,SrMg3ZrO6,147.3
enamel,Sr2Mg3ZrO7,157.0
enamel,Sr3Mg3ZrO8,166.4
enamel,Sr4Mg3ZrO9,141.0
enamel,SrMg4ZrO7,149.0
enamel,Sr2Mg4ZrO8,140.9
enamel,Sr3Mg4ZrO9,160.7
enamel,Sr4Mg4ZrO10,141.1
enamel,SrMgZr2O6,212.9
enamel,Sr2MgZr2O7,184.5
enamel,Sr3MgZr2O8,184.8
enamel,Sr4MgZr2O9,155.9
enamel,SrMg2Zr2O7,185.4
enamel,Sr3Mg2Zr2O9,177.9
enamel,SrMg3Zr2O8,163.2
enamel,Sr2Mg3Zr2O9,173.1
enamel,Sr3Mg3Zr2O10,168.0
enamel,Sr4Mg3Zr2O11,172.6
enamel,SrMg4Zr2O9,156.2
enamel,Sr3Mg4Zr2O11,160.1
enamel,SrMgZr3O8,202.1
enamel,Sr2MgZr3O9,201.1
enamel,Sr3MgZr3O10,198.1
enamel,Sr4MgZr3O11,187.7
enamel,SrMg2Zr3O9,199.8
enamel,Sr2Mg2Zr3O10,208.2
enamel,Sr3Mg2Zr3O11,178.7
enamel,Sr4Mg2Zr3O12,180.1
enamel,SrMg3Zr3O10,181.8
enamel,Sr2Mg3Zr3O11,185.2
enamel,Sr4Mg3Zr3O13,179.6
enamel,SrMg4Zr3O11,167.5
enamel,Sr2Mg4Zr3O12,173.2
enamel,Sr3Mg4Zr3O13,174.7
enamel,Sr4Mg4Zr3O14,168.5
enamel,SrMgZr4O10,208.4
enamel,Sr2MgZr4O11,205.6
enamel,Sr3MgZr4O12,213.1
enamel,Sr4MgZr4O13,194.1
enamel,SrMg2Zr4O11,197.8
enamel,Sr3Mg2Zr4O13,203.7
enamel,SrMg3Zr4O12,183.3
enamel,Sr2Mg3Zr4O13,203.7
enamel,Sr3Mg3Zr4O14,189.3
enamel,Sr4Mg3Zr4O15,179.8
enamel,SrMg4Zr4O13,183.2
enamel,Sr3Mg4Zr4O15,172.9
enamel,CeTiSiO6,133.2
enamel,Ce2TiSiO8,155.6
enamel,Ce3TiSiO10,147.9
enamel,Ce4TiSiO12,148.8
enamel,CeTi(SiO4)2,163.1
enamel,Ce2Ti(SiO5)2,131.4
enamel,Ce3Ti(SiO6)2,153.6
enamel,Ce4Ti(SiO7)2,150.8
enamel,CeTiSi3O10,170.8
enamel,Ce2Ti(SiO4)3,132.9
enamel,Ce3TiSi3O14,131.4
enamel,Ce4TiSi3O16,145.4
enamel,CeTi(SiO3)4,176.3
enamel,Ce2Ti(Si2O7)2,160.8
enamel,Ce3Ti(SiO4)4,139.4
enamel,Ce4Ti(Si2O9)2,138.8
enamel,CeTi2SiO8,120.6
enamel,Ce2Ti2SiO10,133.7
enamel,Ce3Ti2SiO12,147.9
enamel,Ce4Ti2SiO14,154.7
enamel,CeTi2(SiO5)2,143.1
enamel,Ce3Ti2(SiO7)2,144.5
enamel,CeTi2(SiO4)3,175.7
enamel,Ce2Ti2Si3O14,128.5
enamel,Ce3Ti2Si3O16,124.4
enamel,Ce4Ti2(SiO6)3,144.6
enamel,CeTi2(Si2O7)2,162.2
enamel,Ce3Ti2(Si2O9)2,138.8
enamel,CeTi3SiO10,108.9
enamel,Ce2Ti3SiO12,129.1
enamel,Ce3Ti3SiO14,150.4
enamel,Ce4Ti3SiO16,145.2
enamel,CeTi3(SiO6)2,116.9
enamel,Ce2Ti3(SiO7)2,128.3
enamel,Ce3Ti3(SiO8)2,137.0
enamel,Ce4Ti3(SiO9)2,142.5
enamel,CeTi3Si3O14,162.9
enamel,Ce2Ti3Si3O16,125.9
enamel,Ce4Ti3Si3O20,128.7
enamel,CeTi3(SiO4)4,168.0
enamel,Ce2Ti3(Si2O9)2,158.7
enamel,Ce3Ti3(SiO5)4,128.3
enamel,Ce4Ti3(Si2O11)2,126.8
enamel,CeTi4SiO12,107.4
enamel,Ce2Ti4SiO14,131.9
enamel,Ce3Ti4SiO16,133.6
enamel,Ce4Ti4SiO18,148.7
enamel,CeTi4(SiO7)2,114.7
enamel,Ce3Ti4(SiO9)2,128.5
enamel,CeTi4Si3O16,154.6
enamel,Ce2Ti4(SiO6)3,121.3
enamel,Ce3Ti4Si3O20,128.3
enamel,Ce4Ti4Si3O22,131.6
enamel,CeTi4(Si2O9)2,165.1
enamel,Ce3Ti4(Si2O11)2,126.7
enamel,Ti2Si2P2O13,148.4
enamel,TiSiP2O9,83.9
enamel,Ti2Si2P6O23,95.5
enamel,TiSi(P2O7)2,99.2
enamel,Ti2Si4P2O17,133.3
enamel,TiSi2P2O11,89.7
enamel,Ti2Si4(P2O9)3,82.9
enamel,TiSi2(PO4)4,98.3
enamel,Ti2Si6P2O21,117.6
enamel,TiSi3P2O13,84.9
enamel,TiSi3(P2O9)2,85.9
enamel,Ti2Si8P2O25,94.1
enamel,TiSi4P2O15,84.5
enamel,TiSi4(PO5)4,85.9
enamel,Ti4Si2P2O17,167.0
enamel,Ti2SiP2O11,130.2
enamel,Ti4Si2(P2O9)3,98.9
enamel,Ti2Si(PO4)4,105.9
enamel,Ti4Si4P2O21,169.2
enamel,Ti4Si6P2O25,164.8
enamel,Ti2Si3P2O15,135.8
enamel,Ti2Si3(PO5)4,93.5
enamel,Ti6Si2P2O21,163.0
enamel,Ti3SiP2O13,162.2
enamel,Ti3Si(P2O9)2,109.7
enamel,Ti6Si4P2O25,176.4
enamel,Ti3Si2P2O15,167.0
enamel,Ti3Si2(PO5)4,120.1
enamel,Ti3Si3P2O17,136.0
enamel,Ti3Si3(P2O11)2,165.1
enamel,Ti3Si4P2O19,166.0
enamel,Ti3Si4(PO6)4,138.1
enamel,Ti8Si2P2O25,161.0
enamel,Ti4SiP2O15,167.3
enamel,Ti4Si(PO5)4,163.0
enamel,Ti4Si3P2O19,168.1
enamel,Ti4Si3(PO6)4,138.3
enamel,Ti2Al2Si2O11,200.9
enamel,TiAl2SiO7,178.0
enamel,Ti2Al6Si2O17,164.4
enamel,TiAl4SiO10,159.4
enamel,Ti2Al2Si4O15,192.7
enamel,TiAl2Si2O9,185.1
enamel,Ti2Al6Si4O21,185.6
enamel,TiAl4(SiO6)2,181.8
enamel,Ti2Al2Si6O19,212.4
enamel,TiAl2Si3O11,186.8
enamel,Ti2Al6Si6O25,188.3
enamel,TiAl4Si3O14,177.9
enamel,Ti2Al2Si8O23,187.7
enamel,TiAl2Si4O13,198.5
enamel,TiAl4(SiO4)4,188.3
enamel,Ti4Al2Si2O15,178.8
enamel,Ti2Al2SiO9,201.2
enamel,Ti4Al6Si2O21,180.6
enamel,Ti2Al4SiO12,182.5
enamel,Ti4Al2Si4O19,208.1
enamel,Ti4Al6Si4O25,183.7
enamel,Ti4Al2Si6O23,206.4
enamel,Ti2Al2Si3O13,200.1
enamel,Ti2Al4Si3O16,181.1
enamel,Ti6Al2Si2O19,163.9
enamel,Ti3Al2SiO11,178.5
enamel,Ti6Al6Si2O25,181.6
enamel,Ti3Al4SiO14,184.6
enamel,Ti6Al2Si4O23,195.8
enamel,Ti3Al2Si2O13,176.8
enamel,Ti3Al4(SiO8)2,178.7
enamel,Ti3Al2(SiO5)3,206.6
enamel,Ti3Al4(SiO6)3,182.5
enamel,Ti3Al2Si4O17,200.5
enamel,Ti3Al4(SiO5)4,181.4
enamel,Ti8Al2Si2O23,160.9
enamel,Ti4Al2SiO13,157.4
enamel,Ti4Al4SiO16,177.4
enamel,Ti4Al2Si3O17,179.6
enamel,Ti4Al4Si3O20,206.1
enamel,Y2Ti2Si2O11,149.8
enamel,Y2TiSiO7,151.2
enamel,Y6Ti2Si2O17,165.9
enamel,Y4TiSiO10,182.3
enamel,Y2Ti2Si4O15,175.0
enamel,Y2TiSi2O9,148.2
enamel,Y6Ti2Si4O21,154.3
enamel,Y4Ti(SiO6)2,153.8
enamel,Y2Ti2Si6O19,184.5
enamel,Y2TiSi3O11,147.8
enamel,Y6Ti2Si6O25,147.9
enamel,Y4TiSi3O14,156.6
enamel,Y2Ti2Si8O23,164.9
enamel,Y2TiSi4O13,181.9
enamel,Y4Ti(SiO4)4,149.0
enamel,Y2Ti4Si2O15,142.3
enamel,Y2Ti2SiO9,153.7
enamel,Y6Ti4Si2O21,148.9
enamel,Y4Ti2SiO12,168.7
enamel,Y2Ti4Si4O19,148.9
enamel,Y6Ti4Si4O25,151.0
enamel,Y2Ti4Si6O23,180.0
enamel,Y2Ti2Si3O13,137.9
enamel,Y4Ti2Si3O16,150.7
enamel,Y2Ti6Si2O19,136.6
enamel,Y2Ti3SiO11,184.7
enamel,Y6Ti6Si2O25,158.5
enamel,Y4Ti3SiO14,141.9
enamel,Y2Ti6Si4O23,140.8
enamel,Y2Ti3Si2O13,130.5
enamel,Y4Ti3(SiO8)2,153.6
enamel,Y2Ti3(SiO5)3,136.0
enamel,Y4Ti3(SiO6)3,151.5
enamel,Y2Ti3Si4O17,175.0
enamel,Y4Ti3(SiO5)4,149.3
enamel,Y2Ti8Si2O23,138.4
enamel,Y2Ti4SiO13,185.3
enamel,Y4Ti4SiO16,157.9
enamel,Y2Ti4Si3O17,140.5
enamel,Y4Ti4Si3O20,149.3
enamel,La2Ti2Si2O11,143.1
enamel,La2TiSiO7,169.8
enamel,La6Ti2Si2O17,151.2
enamel,La4TiSiO10,149.0
enamel,La2Ti2Si4O15,144.2
enamel,La2TiSi2O9,147.3
enamel,La6Ti2Si4O21,140.3
enamel,La4Ti(SiO6)2,179.0
enamel,La2Ti2Si6O19,184.1
enamel,La2TiSi3O11,132.0
enamel,La6Ti2Si6O25,136.2
enamel,La4TiSi3O14,166.2
enamel,La2Ti2Si8O23,170.3
enamel,La2TiSi4O13,154.2
enamel,La4Ti(SiO4)4,136.5
enamel,La2Ti4Si2O15,138.4
enamel,La2Ti2SiO9,165.6
enamel,La6Ti4Si2O21,169.8
enamel,La4Ti2SiO12,180.7
enamel,La2Ti4Si4O19,132.2
enamel,La6Ti4Si4O25,144.3
enamel,La2Ti4Si6O23,172.3
enamel,La2Ti2Si3O13,134.2
enamel,La4Ti2Si3O16,159.8
enamel,La2Ti6Si2O19,133.0
enamel,La2Ti3SiO11,157.4
enamel,La6Ti6Si2O25,172.3
enamel,La4Ti3SiO14,166.4
enamel,La2Ti6Si4O23,131.1
enamel,La2Ti3Si2O13,133.4
enamel,La4Ti3(SiO8)2,156.8
enamel,La2Ti3(SiO5)3,134.3
enamel,La4Ti3(SiO6)3,144.6
enamel,La2Ti3Si4O17,145.8
enamel,La4Ti3(SiO5)4,146.4
enamel,La2Ti8Si2O23,153.4
enamel,La2Ti4SiO13,158.4
enamel,La4Ti4SiO16,174.8
enamel,La2Ti4Si3O17,132.9
enamel,La4Ti4Si3O20,149.6
enamel,CaTiSiO5,141.6
enamel,Ca2TiSiO6,158.7
enamel,Ca3TiSiO7,150.8
enamel,Ca4TiSiO8,146.0
enamel,CaTiSi2O7,166.7
enamel,Ca2Ti(SiO4)2,129.4
enamel,Ca3TiSi2O9,159.2
enamel,Ca4Ti(SiO5)2,160.0
enamel,CaTi(SiO3)3,146.0
enamel,Ca2TiSi3O10,134.6
enamel,Ca3TiSi3O11,131.6
enamel,Ca4Ti(SiO4)3,157.8
enamel,CaTiSi4O11,161.4
enamel,Ca2Ti(SiO3)4,123.7
enamel,Ca3TiSi4O13,132.1
enamel,Ca4Ti(Si2O7)2,151.1
enamel,CaTi2SiO7,155.8
enamel,Ca2Ti2SiO8,177.2
enamel,Ca3Ti2SiO9,186.5
enamel,Ca4Ti2SiO10,178.7
enamel,CaTi2Si2O9,145.5
enamel,Ca3Ti2Si2O11,140.1
enamel,CaTi2Si3O11,164.2
enamel,Ca2Ti2(SiO4)3,159.5
enamel,Ca3Ti2Si3O13,132.0
enamel,Ca4Ti2Si3O14,137.6
enamel,CaTi2Si4O13,166.7
enamel,Ca3Ti2Si4O15,137.1
enamel,CaTi3SiO9,162.5
enamel,Ca2Ti3SiO10,183.0
enamel,Ca3Ti3SiO11,192.0
enamel,Ca4Ti3SiO12,209.2
enamel,CaTi3Si2O11,159.4
enamel,Ca2Ti3(SiO6)2,160.3
enamel,Ca3Ti3Si2O13,150.3
enamel,Ca4Ti3(SiO7)2,167.6
enamel,CaTi3Si3O13,162.1
enamel,Ca2Ti3Si3O14,162.8
enamel,Ca4Ti3Si3O16,136.1
enamel,CaTi3Si4O15,169.7
enamel,Ca2Ti3(SiO4)4,144.3
enamel,Ca3Ti3Si4O17,159.5
enamel,Ca4Ti3(Si2O9)2,132.0
enamel,CaTi4SiO11,163.8
enamel,Ca2Ti4SiO12,176.1
enamel,Ca3Ti4SiO13,189.8
enamel,Ca4Ti4SiO14,202.8
enamel,CaTi4Si2O13,134.8
enamel,Ca3Ti4Si2O15,176.4
enamel,CaTi4(SiO5)3,142.0
enamel,Ca2Ti4Si3O16,142.2
enamel,Ca3Ti4Si3O17,160.3
enamel,Ca4Ti4(SiO6)3,147.7
enamel,CaTi4Si4O17,164.1
enamel,Ca3Ti4Si4O19,159.3
enamel,MgTiSiO5,150.1
enamel,Mg2TiSiO6,154.5
enamel,Mg3TiSiO7,173.1
enamel,Mg4TiSiO8,161.2
enamel,MgTiSi2O7,150.5
enamel,Mg2Ti(SiO4)2,137.9
enamel,Mg3TiSi2O9,169.7
enamel,Mg4Ti(SiO5)2,174.4
enamel,MgTi(SiO3)3,158.3
enamel,Mg2TiSi3O10,113.2
enamel,Mg3TiSi3O11,134.7
enamel,Mg4Ti(SiO4)3,168.9
enamel,MgTiSi4O11,167.0
enamel,Mg2Ti(SiO3)4,110.8
enamel,Mg3TiSi4O13,114.1
enamel,Mg4Ti(Si2O7)2,158.9
enamel,MgTi2SiO7,143.6
enamel,Mg2Ti2SiO8,145.8
enamel,Mg3Ti2SiO9,166.1
enamel,Mg4Ti2SiO10,170.9
enamel,MgTi2Si2O9,150.7
enamel,Mg3Ti2Si2O11,142.8
enamel,MgTi2Si3O11,162.2
enamel,Mg2Ti2(SiO4)3,157.1
enamel,Mg3Ti2Si3O13,144.4
enamel,Mg4Ti2Si3O14,141.9
enamel,MgTi2Si4O13,170.0
enamel,Mg3Ti2Si4O15,144.3
enamel,MgTi3SiO9,147.3
enamel,Mg2Ti3SiO10,142.7
enamel,Mg3Ti3SiO11,150.3
enamel,Mg4Ti3SiO12,176.8
enamel,MgTi3Si2O11,164.8
enamel,Mg2Ti3(SiO6)2,145.6
enamel,Mg3Ti3Si2O13,135.4
enamel,Mg4Ti3(SiO7)2,152.2
enamel,MgTi3Si3O13,154.3
enamel,Mg2Ti3Si3O14,160.5
enamel,Mg4Ti3Si3O16,141.3
enamel,MgTi3Si4O15,171.6
enamel,Mg2Ti3(SiO4)4,151.5
enamel,Mg3Ti3Si4O17,156.7
enamel,Mg4Ti3(Si2O9)2,144.4
enamel,MgTi4SiO11,152.8
enamel,Mg2Ti4SiO12,139.0
enamel,Mg3Ti4SiO13,148.5
enamel,Mg4Ti4SiO14,155.2
enamel,MgTi4Si2O13,148.9
enamel,Mg3Ti4Si2O15,134.4
enamel,MgTi4(SiO5)3,159.7
enamel,Mg2Ti4Si3O16,149.8
enamel,Mg3Ti4Si3O17,148.9
enamel,Mg4Ti4(SiO6)3,134.7
enamel,MgTi4Si4O17,159.1
enamel,Mg3Ti4Si4O19,152.8
enamel,SrTiSiO5,148.4
enamel,Sr2TiSiO6,137.6
enamel,Sr3TiSiO7,164.6
enamel,Sr4TiSiO8,175.2
enamel,SrTiSi2O7,149.4
enamel,Sr2Ti(SiO4)2,136.7
enamel,Sr3TiSi2O9,139.0
enamel,Sr4Ti(SiO5)2,158.1
enamel,SrTi(SiO3)3,143.9
enamel,Sr2TiSi3O10,147.4
enamel,Sr3TiSi3O11,128.3
enamel,Sr4Ti(SiO4)3,138.7
enamel,SrTiSi4O11,134.5
enamel,Sr2Ti(SiO3)4,113.2
enamel,Sr3TiSi4O13,130.8
enamel,Sr4Ti(Si2O7)2,137.6
enamel,SrTi2SiO7,134.4
enamel,Sr2Ti2SiO8,157.1
enamel,Sr3Ti2SiO9,170.8
enamel,Sr4Ti2SiO10,169.6
enamel,SrTi2Si2O9,138.9
enamel,Sr3Ti2Si2O11,150.7
enamel,SrTi2Si3O11,174.1
enamel,Sr2Ti2(SiO4)3,142.6
enamel,Sr3Ti2Si3O13,146.7
enamel,Sr4Ti2Si3O14,144.1
enamel,SrTi2Si4O13,165.2
enamel,Sr3Ti2Si4O15,136.6
enamel,SrTi3SiO9,139.6
enamel,Sr2Ti3SiO10,161.2
enamel,Sr3Ti3SiO11,158.3
enamel,Sr4Ti3SiO12,185.7
enamel,SrTi3Si2O11,148.8
enamel,Sr2Ti3(SiO6)2,142.1
enamel,Sr3Ti3Si2O13,151.9
enamel,Sr4Ti3(SiO7)2,152.4
enamel,SrTi3Si3O13,149.0
enamel,Sr2Ti3Si3O14,143.2
enamel,Sr4Ti3Si3O16,152.1
enamel,SrTi3Si4O15,176.5
enamel,Sr2Ti3(SiO4)4,139.4
enamel,Sr3Ti3Si4O17,138.5
enamel,Sr4Ti3(Si2O9)2,146.7
enamel,SrTi4SiO11,143.6
enamel,Sr2Ti4SiO12,169.0
enamel,Sr3Ti4SiO13,160.0
enamel,Sr4Ti4SiO14,184.2
enamel,SrTi4Si2O13,141.4
enamel,Sr3Ti4Si2O15,154.6
enamel,SrTi4(SiO5)3,138.8
enamel,Sr2Ti4Si3O16,135.1
enamel,Sr3Ti4Si3O17,139.1
enamel,Sr4Ti4(SiO6)3,150.1
enamel,SrTi4Si4O17,172.0
enamel,Sr3Ti4Si4O19,134.2
enamel,Ce2Ti2P2O13,115.5
enamel,CeTiP2O9,100.4
enamel,Ce2Ti2P6O23,105.5
enamel,CeTi(P2O7)2,118.8
enamel,Ce4Ti2P2O17,124.0
enamel,Ce2TiP2O11,126.0
enamel,Ce4Ti2(P2O9)3,105.8
enamel,Ce2Ti(PO4)4,110.9
enamel,Ce6Ti2P2O21,131.7
enamel,Ce3TiP2O13,118.8
enamel,Ce3Ti(P2O9)2,112.7
enamel,Ce8Ti2P2O25,136.7
enamel,Ce4TiP2O15,130.9
enamel,Ce4Ti(PO5)4,125.3
enamel,Ce2Ti4P2O17,122.2
enamel,CeTi2P2O11,144.7
enamel,Ce2Ti4(P2O9)3,98.6
enamel,CeTi2(PO4)4,103.8
enamel,Ce4Ti4P2O21,110.7
enamel,Ce6Ti4P2O25,142.8
enamel,Ce3Ti2P2O15,114.8
enamel,Ce3Ti2(PO5)4,147.3
enamel,Ce2Ti6P2O21,102.6
enamel,CeTi3P2O13,127.7
enamel,CeTi3(P2O9)2,97.4
enamel,Ce4Ti6P2O25,109.0
enamel,Ce2Ti3P2O15,118.0
enamel,Ce2Ti3(PO5)4,142.7
enamel,Ce3Ti3P2O17,122.2
enamel,Ce3Ti3(P2O11)2,128.3
enamel,Ce4Ti3P2O19,112.4
enamel,Ce4Ti3(PO6)4,112.1
enamel,Ce2Ti8P2O25,98.6
enamel,CeTi4P2O15,148.1
enamel,CeTi4(PO5)4,113.8
enamel,Ce3Ti4P2O19,119.9
enamel,Ce3Ti4(PO6)4,123.1
enamel,Ce2Ti2Al2O11,139.7
enamel,CeTiAl2O7,147.0
enamel,Ce2Ti2Al6O17,154.5
enamel,CeTiAl4O10,156.3
enamel,Ce4Ti2Al2O15,176.4
enamel,Ce2TiAl2O9,172.8
enamel,Ce4Ti2Al6O21,141.9
enamel,Ce2TiAl4O12,155.8
enamel,Ce6Ti2Al2O19,169.2
enamel,Ce3TiAl2O11,161.9
enamel,Ce6Ti2Al6O25,166.7
enamel,Ce3TiAl4O14,134.1
enamel,Ce8Ti2Al2O23,143.6
enamel,Ce4TiAl2O13,162.4
enamel,Ce4TiAl4O16,167.5
enamel,Ce2Ti4Al2O15,156.0
enamel,CeTi2Al2O9,130.6
enamel,Ce2Ti4Al6O21,149.3
enamel,CeTi2Al4O12,164.4
enamel,Ce4Ti4Al2O19,184.1
enamel,Ce4Ti4Al6O25,133.0
enamel,Ce6Ti4Al2O23,179.0
enamel,Ce3Ti2Al2O13,175.3
enamel,Ce3Ti2Al4O16,135.3
enamel,Ce2Ti6Al2O19,152.6
enamel,CeTi3Al2O11,129.2
enamel,Ce2Ti6Al6O25,130.0
enamel,CeTi3Al4O14,146.4
enamel,Ce4Ti6Al2O23,143.0
enamel,Ce2Ti3Al2O13,125.5
enamel,Ce2Ti3Al4O16,131.2
enamel,Ce3Ti3Al2O15,174.7
enamel,Ce3Ti3Al4O18,131.3
enamel,Ce4Ti3Al2O17,188.5
enamel,Ce4Ti3Al4O20,144.9
enamel,Ce2Ti8Al2O23,156.3
enamel,CeTi4Al2O13,145.4
enamel,CeTi4Al4O16,148.7
enamel,Ce3Ti4Al2O17,150.6
enamel,Ce3Ti4Al4O20,126.9
enamel,Ce2Y2Ti2O11,165.6
enamel,CeY2TiO7,171.1
enamel,Ce2Y6Ti2O17,167.2
enamel,CeY4TiO10,170.6
enamel,Ce4Y2Ti2O15,154.4
enamel,Ce2Y2TiO9,157.2
enamel,Ce4Y6Ti2O21,162.4
enamel,Ce2Y4TiO12,161.5
enamel,Ce6Y2Ti2O19,160.0
enamel,Ce3Y2TiO11,163.3
enamel,Ce6Y6Ti2O25,164.2
enamel,Ce3Y4TiO14,155.9
enamel,Ce8Y2Ti2O23,160.3
enamel,Ce4Y2TiO13,165.4
enamel,Ce4Y4TiO16,163.0
enamel,Ce2Y2Ti4O15,168.6
enamel,CeY2Ti2O9,164.8
enamel,Ce2Y6Ti4O21,168.2
enamel,CeY4Ti2O12,171.5
enamel,Ce4Y2Ti4O19,174.5
enamel,Ce4Y6Ti4O25,168.8
enamel,Ce6Y2Ti4O23,163.0
enamel,Ce3Y2Ti2O13,164.6
enamel,Ce3Y4Ti2O16,174.4
enamel,Ce2Y2Ti6O19,159.2
enamel,CeY2Ti3O11,168.9
enamel,Ce2Y6Ti6O25,160.6
enamel,CeY4Ti3O14,169.4
enamel,Ce4Y2Ti6O23,165.6
enamel,Ce2Y2Ti3O13,167.3
enamel,Ce2Y4Ti3O16,171.3
enamel,Ce3Y2Ti3O15,170.1
enamel,Ce3Y4Ti3O18,164.7
enamel,Ce4Y2Ti3O17,166.7
enamel,Ce4Y4Ti3O20,169.9
enamel,Ce2Y2Ti8O23,137.3
enamel,CeY2Ti4O13,161.5
enamel,CeY4Ti4O16,165.7
enamel,Ce3Y2Ti4O17,174.2
enamel,Ce3Y4Ti4O20,162.5
enamel,La2Ce2Ti2O11,143.4
enamel,La2CeTiO7,136.0
enamel,La6Ce2Ti2O17,144.7
enamel,La4CeTiO10,143.3
enamel,La2Ce4Ti2O15,159.9
enamel,La2Ce2TiO9,140.4
enamel,La6Ce4Ti2O21,142.4
enamel,La4Ce2TiO12,148.0
enamel,La2Ce6Ti2O19,163.1
enamel,La2Ce3TiO11,146.5
enamel,La6Ce6Ti2O25,145.9
enamel,La4Ce3TiO14,144.5
enamel,La2Ce8Ti2O23,160.5
enamel,La2Ce4TiO13,151.7
enamel,La4Ce4TiO16,150.4
enamel,La2Ce2Ti4O15,172.0
enamel,La2CeTi2O9,155.2
enamel,La6Ce2Ti4O21,150.0
enamel,La4CeTi2O12,152.8
enamel,La2Ce4Ti4O19,172.1
enamel,La6Ce4Ti4O25,137.6
enamel,La2Ce6Ti4O23,156.0
enamel,La2Ce3Ti2O13,154.4
enamel,La4Ce3Ti2O16,142.6
enamel,La2Ce2Ti6O19,165.9
enamel,La2CeTi3O11,167.5
enamel,La6Ce2Ti6O25,155.2
enamel,La4CeTi3O14,145.6
enamel,La2Ce4Ti6O23,173.6
enamel,La2Ce2Ti3O13,156.4
enamel,La4Ce2Ti3O16,152.0
enamel,La2Ce3Ti3O15,158.3
enamel,La4Ce3Ti3O18,150.8
enamel,La2Ce4Ti3O17,153.1
enamel,La4Ce4Ti3O20,148.8
enamel,La2Ce2Ti8O23,161.5
enamel,La2CeTi4O13,177.8
enamel,La4CeTi4O16,159.6
enamel,La2Ce3Ti4O17,171.4
enamel,La4Ce3Ti4O20,143.3
enamel,CaCeTiO5,162.2
enamel,Ca2CeTiO6,154.2
enamel,Ca3CeTiO7,144.3
enamel,Ca4CeTiO8,159.2
enamel,CaCe2TiO7,176.9
enamel,Ca2Ce2TiO8,170.0
enamel,Ca3Ce2TiO9,165.5
enamel,Ca4Ce2TiO10,160.0
enamel,CaCe3TiO9,160.2
enamel,Ca2Ce3TiO10,178.3
enamel,Ca3Ce3TiO11,174.3
enamel,Ca4Ce3TiO12,174.8
enamel,CaCe4TiO11,162.7
enamel,Ca2Ce4TiO12,158.7
enamel,Ca3Ce4TiO13,177.6
enamel,Ca4Ce4TiO14,153.8
enamel,CaCeTi2O7,162.3
enamel,Ca2CeTi2O8,156.0
enamel,Ca3CeTi2O9,162.2
enamel,Ca4CeTi2O10,153.1
enamel,CaCe2Ti2O9,166.0
enamel,Ca3Ce2Ti2O11,153.3
enamel,CaCe3Ti2O11,170.8
enamel,Ca2Ce3Ti2O12,174.2
enamel,Ca3Ce3Ti2O13,162.5
enamel,Ca4Ce3Ti2O14,160.4
enamel,CaCe4Ti2O13,167.2
enamel,Ca3Ce4Ti2O15,173.2
enamel,CaCeTi3O9,167.5
enamel,Ca2CeTi3O10,143.1
enamel,Ca3CeTi3O11,145.4
enamel,Ca4CeTi3O12,147.4
enamel,CaCe2Ti3O11,161.9
enamel,Ca2Ce2Ti3O12,162.9
enamel,Ca3Ce2Ti3O13,158.6
enamel,Ca4Ce2Ti3O14,141.7
enamel,CaCe3Ti3O13,173.6
enamel,Ca2Ce3Ti3O14,155.8
enamel,Ca4Ce3Ti3O16,155.1
enamel,CaCe4Ti3O15,166.7
enamel,Ca2Ce4Ti3O16,169.2
enamel,Ca3Ce4Ti3O17,175.6
enamel,Ca4Ce4Ti3O18,164.3
enamel,CaCeTi4O11,173.1
enamel,Ca2CeTi4O12,170.5
enamel,Ca3CeTi4O13,152.4
enamel,Ca4CeTi4O14,145.2
enamel,CaCe2Ti4O13,175.9
enamel,Ca3Ce2Ti4O15,150.7
enamel,CaCe3Ti4O15,165.1
enamel,Ca2Ce3Ti4O16,161.0
enamel,Ca3Ce3Ti4O17,158.2
enamel,Ca4Ce3Ti4O18,159.4
enamel,CaCe4Ti4O17,171.6
enamel,Ca3Ce4Ti4O19,154.9
enamel,CeMgTiO5,150.3
enamel,CeMg2TiO6,139.6
enamel,CeMg3TiO7,152.6
enamel,CeMg4TiO8,142.8
enamel,Ce2MgTiO7,167.9
enamel,Ce2Mg2TiO8,159.9
enamel,Ce2Mg3TiO9,150.5
enamel,Ce2Mg4TiO10,153.4
enamel,Ce3MgTiO9,168.3
enamel,Ce3Mg2TiO10,171.2
enamel,Ce3Mg3TiO11,157.7
enamel,Ce3Mg4TiO12,150.9
enamel,Ce4MgTiO11,165.8
enamel,Ce4Mg2TiO12,161.1
enamel,Ce4Mg3TiO13,172.9
enamel,Ce4Mg4TiO14,157.1
enamel,CeMgTi2O7,164.7
enamel,CeMg2Ti2O8,143.1
enamel,CeMg3Ti2O9,140.0
enamel,CeMg4Ti2O10,159.0
enamel,Ce2MgTi2O9,183.6
enamel,Ce2Mg3Ti2O11,135.7
enamel,Ce3MgTi2O11,167.7
enamel,Ce3Mg2Ti2O12,164.3
enamel,Ce3Mg3Ti2O13,158.5
enamel,Ce3Mg4Ti2O14,146.0
enamel,Ce4MgTi2O13,160.7
enamel,Ce4Mg3Ti2O15,165.0
enamel,CeMgTi3O9,160.5
enamel,CeMg2Ti3O10,148.2
enamel,CeMg3Ti3O11,146.5
enamel,CeMg4Ti3O12,134.5
enamel,Ce2MgTi3O11,172.2
enamel,Ce2Mg2Ti3O12,169.9
enamel,Ce2Mg3Ti3O13,136.8
enamel,Ce2Mg4Ti3O14,136.1
enamel,Ce3MgTi3O13,187.5
enamel,Ce3Mg2Ti3O14,161.4
enamel,Ce3Mg4Ti3O16,137.5
enamel,Ce4MgTi3O15,169.8
enamel,Ce4Mg2Ti3O16,167.3
enamel,Ce4Mg3Ti3O17,158.8
enamel,Ce4Mg4Ti3O18,147.2
enamel,CeMgTi4O11,145.5
enamel,CeMg2Ti4O12,154.2
enamel,CeMg3Ti4O13,162.3
enamel,CeMg4Ti4O14,134.4
enamel,Ce2MgTi4O13,171.8
enamel,Ce2Mg3Ti4O15,141.2
enamel,Ce3MgTi4O15,182.1
enamel,Ce3Mg2Ti4O16,175.9
enamel,Ce3Mg3Ti4O17,152.6
enamel,Ce3Mg4Ti4O18,143.0
enamel,Ce4MgTi4O17,188.3
enamel,Ce4Mg3Ti4O19,155.9
enamel,SrCeTiO5,164.6
enamel,Sr2CeTiO6,148.1
enamel,Sr3CeTiO7,133.1
enamel,Sr4CeTiO8,98.9
enamel,SrCe2TiO7,170.4
enamel,Sr2Ce2TiO8,147.8
enamel,Sr3Ce2TiO9,133.6
enamel,Sr4Ce2TiO10,124.2
enamel,SrCe3TiO9,161.3
enamel,Sr2Ce3TiO10,161.2
enamel,Sr3Ce3TiO11,136.8
enamel,Sr4Ce3TiO12,150.2
enamel,SrCe4TiO11,164.1
enamel,Sr2Ce4TiO12,140.0
enamel,Sr3Ce4TiO13,148.4
enamel,Sr4Ce4TiO14,145.9
enamel,SrCeTi2O7,156.7
enamel,Sr2CeTi2O8,164.0
enamel,Sr3CeTi2O9,167.7
enamel,Sr4CeTi2O10,145.5
enamel,SrCe2Ti2O9,163.0
enamel,Sr3Ce2Ti2O11,156.0
enamel,SrCe3Ti2O11,171.2
enamel,Sr2Ce3Ti2O12,171.9
enamel,Sr3Ce3Ti2O13,137.6
enamel,Sr4Ce3Ti2O14,129.7
enamel,SrCe4Ti2O13,156.5
enamel,Sr3Ce4Ti2O15,151.5
enamel,SrCeTi3O9,165.3
enamel,Sr2CeTi3O10,167.5
enamel,Sr3CeTi3O11,162.4
enamel,Sr4CeTi3O12,165.3
enamel,SrCe2Ti3O11,148.0
enamel,Sr2Ce2Ti3O12,159.6
enamel,Sr3Ce2Ti3O13,162.3
enamel,Sr4Ce2Ti3O14,160.4
enamel,SrCe3Ti3O13,168.6
enamel,Sr2Ce3Ti3O14,161.8
enamel,Sr4Ce3Ti3O16,157.5
enamel,SrCe4Ti3O15,166.5
enamel,Sr2Ce4Ti3O16,171.2
enamel,Sr3Ce4Ti3O17,176.9
enamel,Sr4Ce4Ti3O18,164.0
enamel,SrCeTi4O11,181.4
enamel,Sr2CeTi4O12,161.6
enamel,Sr3CeTi4O13,149.8
enamel,Sr4CeTi4O14,162.2
enamel,SrCe2Ti4O13,163.3
enamel,Sr3Ce2Ti4O15,160.4
enamel,SrCe3Ti4O15,165.3
enamel,Sr2Ce3Ti4O16,159.7
enamel,Sr3Ce3Ti4O17,162.3
enamel,Sr4Ce3Ti4O18,166.2
enamel,SrCe4Ti4O17,174.5
enamel,Sr3Ce4Ti4O19,158.3
enamel,TiAlPO6,176.2
enamel,Ti2Al4P2O15,182.3
enamel,TiAl3PO9,178.0
enamel,Ti2Al8P2O21,175.1
enamel,Ti2Al2P4O17,126.2
enamel,TiAl2(PO5)2,170.6
enamel,Ti2Al6P4O23,165.3
enamel,TiAl4P2O13,190.5
enamel,TiAlP3O11,85.3
enamel,Ti2Al4P6O25,97.5
enamel,TiAl3P3O14,154.0
enamel,Ti2Al2P8O27,83.1
enamel,TiAl2P4O15,76.2
enamel,TiAl4(P2O9)2,129.4
enamel,Ti2AlPO8,167.1
enamel,Ti4Al4P2O19,193.7
enamel,Ti2Al3PO11,203.0
enamel,Ti4Al8P2O25,178.0
enamel,Ti4Al2P4O21,159.7
enamel,Ti2AlP3O13,162.8
enamel,Ti2Al3P3O16,189.4
enamel,Ti3AlPO10,165.4
enamel,Ti6Al4P2O23,178.6
enamel,Ti3Al3PO13,168.1
enamel,Ti6Al2P4O25,163.2
enamel,Ti3Al2(PO7)2,184.3
enamel,Ti3Al4P2O17,203.4
enamel,Ti3Al(PO5)3,157.0
enamel,Ti3Al2P4O19,152.5
enamel,Ti3Al4(P2O11)2,184.9
enamel,Ti4AlPO12,161.6
enamel,Ti4Al3PO15,168.5
enamel,Ti4AlP3O17,164.1
enamel,Ti4Al3P3O20,191.4
enamel,YTiPO6,134.1
enamel,Y4Ti2P2O15,149.4
enamel,Y3TiPO9,140.9
enamel,Y8Ti2P2O21,179.3
enamel,Y2Ti2P4O17,147.2
enamel,Y2Ti(PO5)2,143.0
enamel,Y6Ti2P4O23,160.0
enamel,Y4TiP2O13,164.0
enamel,YTiP3O11,130.8
enamel,Y4Ti2P6O25,154.4
enamel,Y3TiP3O14,142.9
enamel,Y2Ti2P8O27,109.1
enamel,Y2TiP4O15,121.3
enamel,Y4Ti(P2O9)2,147.8
enamel,YTi2PO8,131.8
enamel,Y4Ti4P2O19,139.0
enamel,Y3Ti2PO11,151.1
enamel,Y8Ti4P2O25,151.4
enamel,Y2Ti4P4O21,149.7
enamel,YTi2P3O13,123.2
enamel,Y3Ti2P3O16,134.6
enamel,YTi3PO10,113.1
enamel,Y4Ti6P2O23,146.7
enamel,Y3Ti3PO13,168.9
enamel,Y2Ti6P4O25,133.8
enamel,Y2Ti3(PO7)2,148.1
enamel,Y4Ti3P2O17,149.8
enamel,YTi3(PO5)3,152.9
enamel,Y2Ti3P4O19,169.1
enamel,Y4Ti3(P2O11)2,133.8
enamel,YTi4PO12,97.6
enamel,Y3Ti4PO15,168.3
enamel,YTi4P3O17,147.9
enamel,Y3Ti4P3O20,152.3
enamel,LaTiPO6,140.8
enamel,La4Ti2P2O15,146.7
enamel,La3TiPO9,147.8
enamel,La8Ti2P2O21,148.5
enamel,La2Ti2P4O17,151.3
enamel,La2Ti(PO5)2,126.9
enamel,La6Ti2P4O23,153.6
enamel,La4TiP2O13,144.5
enamel,LaTiP3O11,124.8
enamel,La4Ti2P6O25,127.5
enamel,La3TiP3O14,128.5
enamel,La2Ti2P8O27,107.5
enamel,La2TiP4O15,131.7
enamel,La4Ti(P2O9)2,144.5
enamel,LaTi2PO8,129.8
enamel,La4Ti4P2O19,125.9
enamel,La3Ti2PO11,142.1
enamel,La8Ti4P2O25,179.1
enamel,La2Ti4P4O21,134.0
enamel,LaTi2P3O13,121.4
enamel,La3Ti2P3O16,121.3
enamel,LaTi3PO10,105.0
enamel,La4Ti6P2O23,119.6
enamel,La3Ti3PO13,158.2
enamel,La2Ti6P4O25,126.7
enamel,La2Ti3(PO7)2,143.4
enamel,La4Ti3P2O17,142.8
enamel,LaTi3(PO5)3,147.7
enamel,La2Ti3P4O19,136.0
enamel,La4Ti3(P2O11)2,121.3
enamel,LaTi4PO12,93.0
enamel,La3Ti4PO15,166.6
enamel,LaTi4P3O17,122.1
enamel,La3Ti4P3O20,143.4
enamel,Ca2Ti2P2O11,130.9
enamel,Ca4Ti2P2O13,141.3
enamel,Ca6Ti2P2O15,132.7
enamel,Ca8Ti2P2O17,146.7
enamel,CaTi(PO4)2,149.9
enamel,Ca2TiP2O9,126.2
enamel,Ca3Ti(PO5)2,133.1
enamel,Ca4TiP2O11,126.6
enamel,Ca2Ti2(P2O7)3,139.2
enamel,Ca4Ti2P6O23,150.7
enamel,Ca6Ti2P6O25,124.6
enamel,CaTiP4O13,119.7
enamel,Ca2Ti(P2O7)2,140.5
enamel,Ca3TiP4O15,143.7
enamel,Ca4Ti(PO4)4,122.5
enamel,Ca2Ti4P2O15,126.0
enamel,Ca4Ti4P2O17,123.2
enamel,Ca6Ti4P2O19,142.5
enamel,Ca8Ti4P2O21,183.8
enamel,CaTi2(PO5)2,160.1
enamel,Ca3Ti2(PO6)2,121.4
enamel,Ca2Ti4P6O25,144.7
enamel,CaTi2P4O15,143.0
enamel,Ca3Ti2P4O17,128.9
enamel,Ca2Ti6P2O19,128.3
enamel,Ca4Ti6P2O21,156.3
enamel,Ca6Ti6P2O23,162.1
enamel,CaTi3(PO6)2,161.4
enamel,Ca2Ti3P2O13,129.4
enamel,Ca3Ti3(PO7)2,124.2
enamel,Ca4Ti3P2O15,127.5
enamel,CaTi3P4O17,130.5
enamel,Ca2Ti3(P2O9)2,157.0
enamel,Ca3Ti3P4O19,129.4
enamel,Ca4Ti3(PO5)4,114.6
enamel,Ca2Ti8P2O23,127.3
enamel,Ca4Ti8P2O25,169.8
enamel,CaTi4(PO7)2,139.9
enamel,Ca3Ti4(PO8)2,126.9
enamel,CaTi4P4O19,152.4
enamel,Ca3Ti4P4O21,142.5
enamel,Mg2Ti2P2O11,140.9
enamel,Mg4Ti2P2O13,129.9
enamel,Mg6Ti2P2O15,152.7
enamel,Mg8Ti2P2O17,152.0
enamel,MgTi(PO4)2,157.8
enamel,Mg2TiP2O9,139.5
enamel,Mg3Ti(PO5)2,110.5
enamel,Mg4TiP2O11,120.5
enamel,Mg2Ti2(P2O7)3,116.3
enamel,Mg4Ti2P6O23,173.1
enamel,Mg6Ti2P6O25,128.4
enamel,MgTiP4O13,110.3
enamel,Mg2Ti(P2O7)2,170.0
enamel,Mg3TiP4O15,184.7
enamel,Mg4Ti(PO4)4,125.8
enamel,Mg2Ti4P2O15,133.1
enamel,Mg4Ti4P2O17,119.9
enamel,Mg6Ti4P2O19,131.2
enamel,Mg8Ti4P2O21,149.9
enamel,MgTi2(PO5)2,146.1
enamel,Mg3Ti2(PO6)2,112.0
enamel,Mg2Ti4P6O25,137.3
enamel,MgTi2P4O15,140.9
enamel,Mg3Ti2P4O17,157.8
enamel,Mg2Ti6P2O19,118.9
enamel,Mg4Ti6P2O21,141.9
enamel,Mg6Ti6P2O23,142.7
enamel,MgTi3(PO6)2,146.1
enamel,Mg2Ti3P2O13,132.7
enamel,Mg3Ti3(PO7)2,123.1
enamel,Mg4Ti3P2O15,109.0
enamel,MgTi3P4O17,128.9
enamel,Mg2Ti3(P2O9)2,157.6
enamel,Mg3Ti3P4O19,138.0
enamel,Mg4Ti3(PO5)4,125.9
enamel,Mg2Ti8P2O23,114.8
enamel,Mg4Ti8P2O25,147.7
enamel,MgTi4(PO7)2,153.8
enamel,Mg3Ti4(PO8)2,123.4
enamel,MgTi4P4O19,144.4
enamel,Mg3Ti4P4O21,137.4
enamel,Sr2Ti2P2O11,125.5
enamel,Sr4Ti2P2O13,129.1
enamel,Sr6Ti2P2O15,139.1
enamel,Sr8Ti2P2O17,150.4
enamel,SrTi(PO4)2,168.3
enamel,Sr2TiP2O9,119.9
enamel,Sr3Ti(PO5)2,129.2
enamel,Sr4TiP2O11,122.8
enamel,Sr2Ti2(P2O7)3,113.8
enamel,Sr4Ti2P6O23,138.6
enamel,Sr6Ti2P6O25,107.5
enamel,SrTiP4O13,107.2
enamel,Sr2Ti(P2O7)2,147.9
enamel,Sr3TiP4O15,128.6
enamel,Sr4Ti(PO4)4,114.0
enamel,Sr2Ti4P2O15,139.0
enamel,Sr4Ti4P2O17,140.2
enamel,Sr6Ti4P2O19,141.6
enamel,Sr8Ti4P2O21,150.4
enamel,SrTi2(PO5)2,134.6
enamel,Sr3Ti2(PO6)2,119.9
enamel,Sr2Ti4P6O25,144.9
enamel,SrTi2P4O15,114.0
enamel,Sr3Ti2P4O17,126.6
enamel,Sr2Ti6P2O19,123.8
enamel,Sr4Ti6P2O21,127.4
enamel,Sr6Ti6P2O23,145.0
enamel,SrTi3(PO6)2,137.9
enamel,Sr2Ti3P2O13,138.3
enamel,Sr3Ti3(PO7)2,113.7
enamel,Sr4Ti3P2O15,125.9
enamel,SrTi3P4O17,148.9
enamel,Sr2Ti3(P2O9)2,139.4
enamel,Sr3Ti3P4O19,122.2
enamel,Sr4Ti3(PO5)4,115.1
enamel,Sr2Ti8P2O23,130.1
enamel,Sr4Ti8P2O25,152.5
enamel,SrTi4(PO7)2,145.0
enamel,Sr3Ti4(PO8)2,122.2
enamel,SrTi4P4O19,150.1
enamel,Sr3Ti4P4O21,139.5
enamel,YTiAlO5,184.8
enamel,Y4Ti2Al2O13,195.4
enamel,Y3TiAlO8,211.3
enamel,Y8Ti2Al2O19,215.0
enamel,Y2Ti2Al4O13,164.5
enamel,Y2TiAl2O8,183.8
enamel,Y6Ti2Al4O19,195.4
enamel,Y4TiAl2O11,199.1
enamel,YTiAl3O8,145.1
enamel,Y4Ti2Al6O19,189.9
enamel,Y3TiAl3O11,190.0
enamel,Y2Ti2Al8O19,127.1
enamel,Y2TiAl4O11,171.2
enamel,Y4TiAl4O14,193.5
enamel,YTi2AlO7,174.7
enamel,Y4Ti4Al2O17,192.0
enamel,Y3Ti2AlO10,193.2
enamel,Y8Ti4Al2O23,206.2
enamel,Y2Ti4Al4O17,155.1
enamel,Y6Ti4Al4O23,188.9
enamel,YTi2Al3O10,166.2
enamel,Y4Ti4Al6O23,180.0
enamel,Y3Ti2Al3O13,189.5
enamel,Y2Ti4Al8O23,162.4
enamel,YTi3AlO9,175.0
enamel,Y4Ti6Al2O21,176.5
enamel,Y3Ti3AlO12,188.5
enamel,Y2Ti6Al4O21,157.0
enamel,Y2Ti3Al2O12,177.2
enamel,Y4Ti3Al2O15,191.1
enamel,YTi3Al3O12,160.4
enamel,Y2Ti3Al4O15,168.7
enamel,Y4Ti3Al4O18,187.8
enamel,YTi4AlO11,174.7
enamel,Y4Ti8Al2O25,178.9
enamel,Y3Ti4AlO14,181.0
enamel,Y2Ti8Al4O25,153.3
enamel,YTi4Al3O14,159.5
enamel,Y3Ti4Al3O17,180.2
enamel,LaTiAlO5,172.8
enamel,La4Ti2Al2O13,192.9
enamel,La3TiAlO8,155.4
enamel,La8Ti2Al2O19,165.7
enamel,La2Ti2Al4O13,159.1
enamel,La2TiAl2O8,177.2
enamel,La6Ti2Al4O19,214.7
enamel,La4TiAl2O11,188.1
enamel,LaTiAl3O8,147.6
enamel,La4Ti2Al6O19,198.6
enamel,La3TiAl3O11,213.3
enamel,La2Ti2Al8O19,134.6
enamel,La2TiAl4O11,164.4
enamel,La4TiAl4O14,211.3
enamel,LaTi2AlO7,149.3
enamel,La4Ti4Al2O17,203.3
enamel,La3Ti2AlO10,186.3
enamel,La8Ti4Al2O23,190.8
enamel,La2Ti4Al4O17,148.1
enamel,La6Ti4Al4O23,207.8
enamel,LaTi2Al3O10,146.9
enamel,La4Ti4Al6O23,152.6
enamel,La3Ti2Al3O13,180.4
enamel,La2Ti4Al8O23,137.2
enamel,LaTi3AlO9,170.2
enamel,La4Ti6Al2O21,175.4
enamel,La3Ti3AlO12,205.3
enamel,La2Ti6Al4O21,143.6
enamel,La2Ti3Al2O12,166.3
enamel,La4Ti3Al2O15,208.5
enamel,LaTi3Al3O12,139.8
enamel,La2Ti3Al4O15,171.6
enamel,La4Ti3Al4O18,170.7
enamel,LaTi4AlO11,178.9
enamel,La4Ti8Al2O25,190.8
enamel,La3Ti4AlO14,199.4
enamel,La2Ti8Al4O25,139.7
enamel,LaTi4Al3O14,127.5
enamel,La3Ti4Al3O17,170.3
enamel,Ca2Ti2Al2O9,197.0
enamel,Ca4Ti2Al2O11,146.9
enamel,Ca6Ti2Al2O13,143.7
enamel,Ca8Ti2Al2O15,141.1
enamel,CaTiAl2O6,186.3
enamel,Ca2TiAl2O7,153.5
enamel,Ca3TiAl2O8,170.4
enamel,Ca4TiAl2O9,151.0
enamel,Ca2Ti2Al6O15,160.5
enamel,Ca4Ti2Al6O17,193.9
enamel,Ca6Ti2Al6O19,155.8
enamel,Ca8Ti2Al6O21,158.9
enamel,CaTiAl4O9,160.0
enamel,Ca2TiAl4O10,167.6
enamel,Ca3TiAl4O11,150.8
enamel,Ca4TiAl4O12,163.7
enamel,Ca2Ti4Al2O13,183.3
enamel,Ca4Ti4Al2O15,185.4
enamel,Ca6Ti4Al2O17,192.7
enamel,Ca8Ti4Al2O19,147.7
enamel,CaTi2Al2O8,161.4
enamel,Ca3Ti2Al2O10,185.2
enamel,Ca2Ti4Al6O19,164.9
enamel,Ca4Ti4Al6O21,195.0
enamel,Ca6Ti4Al6O23,188.7
enamel,CaTi2Al4O11,155.5
enamel,Ca3Ti2Al4O13,204.1
enamel,Ca2Ti6Al2O17,189.3
enamel,Ca4Ti6Al2O19,194.4
enamel,Ca6Ti6Al2O21,205.2
enamel,Ca8Ti6Al2O23,196.2
enamel,CaTi3Al2O10,163.0
enamel,Ca2Ti3Al2O11,183.0
enamel,Ca3Ti3Al2O12,195.2
enamel,Ca4Ti3Al2O13,188.1
enamel,Ca2Ti6Al6O23,160.5
enamel,CaTi3Al4O13,167.3
enamel,Ca2Ti3Al4O14,181.0
enamel,Ca3Ti3Al4O15,184.5
enamel,Ca4Ti3Al4O16,189.8
enamel,Ca2Ti8Al2O21,179.0
enamel,Ca4Ti8Al2O23,191.1
enamel,CaTi4Al2O12,164.8
enamel,Ca3Ti4Al2O14,199.9
enamel,CaTi4Al4O15,167.3
enamel,Ca3Ti4Al4O17,186.0
enamel,Mg2Ti2Al2O9,164.3
enamel,Mg4Ti2Al2O11,140.5
enamel,Mg6Ti2Al2O13,155.8
enamel,Mg8Ti2Al2O15,162.2
enamel,MgTiAl2O6,167.7
enamel,Mg2TiAl2O7,142.6
enamel,Mg3TiAl2O8,136.1
enamel,Mg4TiAl2O9,157.7
enamel,Mg2Ti2Al6O15,171.7
enamel,Mg4Ti2Al6O17,163.7
enamel,Mg6Ti2Al6O19,133.9
enamel,Mg8Ti2Al6O21,125.6
enamel,MgTiAl4O9,167.0
enamel,Mg2TiAl4O10,165.9
enamel,Mg3TiAl4O11,136.1
enamel,Mg4TiAl4O12,130.3
enamel,Mg2Ti4Al2O13,147.8
enamel,Mg4Ti4Al2O15,172.0
enamel,Mg6Ti4Al2O17,168.5
enamel,Mg8Ti4Al2O19,138.1
enamel,MgTi2Al2O8,146.3
enamel,Mg3Ti2Al2O10,159.3
enamel,Mg2Ti4Al6O19,162.6
enamel,Mg4Ti4Al6O21,179.9
enamel,Mg6Ti4Al6O23,166.0
enamel,MgTi2Al4O11,170.2
enamel,Mg3Ti2Al4O13,165.2
enamel,Mg2Ti6Al2O17,164.3
enamel,Mg4Ti6Al2O19,154.4
enamel,Mg6Ti6Al2O21,173.8
enamel,Mg8Ti6Al2O23,175.1
enamel,MgTi3Al2O10,148.1
enamel,Mg2Ti3Al2O11,146.8
enamel,Mg3Ti3Al2O12,161.3
enamel,Mg4Ti3Al2O13,166.6
enamel,Mg2Ti6Al6O23,147.6
enamel,MgTi3Al4O13,161.5
enamel,Mg2Ti3Al4O14,154.7
enamel,Mg3Ti3Al4O15,156.9
enamel,Mg4Ti3Al4O16,161.0
enamel,Mg2Ti8Al2O21,158.4
enamel,Mg4Ti8Al2O23,157.0
enamel,MgTi4Al2O12,152.7
enamel,Mg3Ti4Al2O14,148.9
enamel,MgTi4Al4O15,151.6
enamel,Mg3Ti4Al4O17,156.8
enamel,Sr2Ti2Al2O9,197.4
enamel,Sr4Ti2Al2O11,157.0
enamel,Sr6Ti2Al2O13,159.0
enamel,Sr8Ti2Al2O15,158.7
enamel,SrTiAl2O6,192.5
enamel,Sr2TiAl2O7,153.8
enamel,Sr3TiAl2O8,155.8
enamel,Sr4TiAl2O9,164.3
enamel,Sr2Ti2Al6O15,179.1
enamel,Sr4Ti2Al6O17,188.8
enamel,Sr6Ti2Al6O19,157.9
enamel,Sr8Ti2Al6O21,151.3
enamel,SrTiAl4O9,172.1
enamel,Sr2TiAl4O10,157.7
enamel,Sr3TiAl4O11,152.3
enamel,Sr4TiAl4O12,152.8
enamel,Sr2Ti4Al2O13,196.9
enamel,Sr4Ti4Al2O15,207.3
enamel,Sr6Ti4Al2O17,184.2
enamel,Sr8Ti4Al2O19,166.6
enamel,SrTi2Al2O8,156.1
enamel,Sr3Ti2Al2O10,172.3
enamel,Sr2Ti4Al6O19,171.7
enamel,Sr4Ti4Al6O21,191.2
enamel,Sr6Ti4Al6O23,192.5
enamel,SrTi2Al4O11,148.5
enamel,Sr3Ti2Al4O13,192.2
enamel,Sr2Ti6Al2O17,203.3
enamel,Sr4Ti6Al2O19,201.7
enamel,Sr6Ti6Al2O21,181.6
enamel,Sr8Ti6Al2O23,178.4
enamel,SrTi3Al2O10,169.7
enamel,Sr2Ti3Al2O11,202.2
enamel,Sr3Ti3Al2O12,197.4
enamel,Sr4Ti3Al2O13,175.2
enamel,Sr2Ti6Al6O23,170.8
enamel,SrTi3Al4O13,167.5
enamel,Sr2Ti3Al4O14,182.6
enamel,Sr3Ti3Al4O15,189.5
enamel,Sr4Ti3Al4O16,162.6
enamel,Sr2Ti8Al2O21,186.1
enamel,Sr4Ti8Al2O23,199.7
enamel,SrTi4Al2O12,168.3
enamel,Sr3Ti4Al2O14,201.0
enamel,SrTi4Al4O15,170.8
enamel,Sr3Ti4Al4O17,186.0
enamel,LaYTiO5,168.7
enamel,La4Y2Ti2O13,159.6
enamel,La3YTiO8,146.4
enamel,La8Y2Ti2O19,147.7
enamel,La2Y4Ti2O13,172.0
enamel,La2Y2TiO8,158.8
enamel,La6Y4Ti2O19,155.6
enamel,La4Y2TiO11,153.7
enamel,LaY3TiO8,173.6
enamel,La4Y6Ti2O19,166.0
enamel,La3Y3TiO11,157.9
enamel,La2Y8Ti2O19,173.5
enamel,La2Y4TiO11,166.6
enamel,La4Y4TiO14,157.6
enamel,LaYTi2O7,186.8
enamel,La4Y2Ti4O17,176.3
enamel,La3YTi2O10,157.0
enamel,La8Y2Ti4O23,159.3
enamel,La2Y4Ti4O17,179.1
enamel,La6Y4Ti4O23,165.7
enamel,LaY3Ti2O10,180.1
enamel,La4Y6Ti4O23,172.0
enamel,La3Y3Ti2O13,166.2
enamel,La2Y8Ti4O23,170.2
enamel,LaYTi3O9,193.8
enamel,La4Y2Ti6O21,188.5
enamel,La3YTi3O12,178.3
enamel,La2Y4Ti6O21,194.3
enamel,La2Y2Ti3O12,189.4
enamel,La4Y2Ti3O15,156.9
enamel,LaY3Ti3O12,190.0
enamel,La2Y4Ti3O15,180.6
enamel,La4Y4Ti3O18,167.9
enamel,LaYTi4O11,171.7
enamel,La4Y2Ti8O25,186.6
enamel,La3YTi4O14,188.7
enamel,La2Y4Ti8O25,191.9
enamel,LaY3Ti4O14,194.3
enamel,La3Y3Ti4O17,181.8
enamel,Ca2Y2Ti2O9,182.7
enamel,Ca4Y2Ti2O11,163.8
enamel,Ca6Y2Ti2O13,164.0
enamel,Ca8Y2Ti2O15,164.8
enamel,CaY2TiO6,197.2
enamel,Ca2Y2TiO7,162.9
enamel,Ca3Y2TiO8,177.9
enamel,Ca4Y2TiO9,166.8
enamel,Ca2Y6Ti2O15,200.2
enamel,Ca4Y6Ti2O17,195.2
enamel,Ca6Y6Ti2O19,174.1
enamel,Ca8Y6Ti2O21,170.3
enamel,CaY4TiO9,212.4
enamel,Ca2Y4TiO10,202.5
enamel,Ca3Y4TiO11,183.8
enamel,Ca4Y4TiO12,175.4
enamel,Ca2Y2Ti4O13,170.1
enamel,Ca4Y2Ti4O15,168.7
enamel,Ca6Y2Ti4O17,162.5
enamel,Ca8Y2Ti4O19,162.1
enamel,CaY2Ti2O8,172.3
enamel,Ca3Y2Ti2O10,179.8
enamel,Ca2Y6Ti4O19,182.2
enamel,Ca4Y6Ti4O21,186.5
enamel,Ca6Y6Ti4O23,174.4
enamel,CaY4Ti2O11,185.1
enamel,Ca3Y4Ti2O13,189.5
enamel,Ca2Y2Ti6O17,197.6
enamel,Ca4Y2Ti6O19,171.9
enamel,Ca6Y2Ti6O21,161.8
enamel,Ca8Y2Ti6O23,157.9
enamel,CaY2Ti3O10,175.5
enamel,Ca2Y2Ti3O11,165.1
enamel,Ca3Y2Ti3O12,168.7
enamel,Ca4Y2Ti3O13,177.6
enamel,Ca2Y6Ti6O23,179.3
enamel,CaY4Ti3O13,186.0
enamel,Ca2Y4Ti3O14,170.1
enamel,Ca3Y4Ti3O15,178.8
enamel,Ca4Y4Ti3O16,179.4
enamel,Ca2Y2Ti8O21,205.2
enamel,Ca4Y2Ti8O23,175.5
enamel,CaY2Ti4O12,196.1
enamel,Ca3Y2Ti4O14,164.9
enamel,CaY4Ti4O15,181.6
enamel,Ca3Y4Ti4O17,174.0
enamel,Y2Mg2Ti2O9,169.2
enamel,Y2Mg4Ti2O11,150.4
enamel,Y2Mg6Ti2O13,153.7
enamel,Y2Mg8Ti2O15,142.6
enamel,Y2MgTiO6,162.3
enamel,Y2Mg2TiO7,165.0
enamel,Y2Mg3TiO8,166.5
enamel,Y2Mg4TiO9,156.0
enamel,Y6Mg2Ti2O15,183.6
enamel,Y6Mg4Ti2O17,173.8
enamel,Y6Mg6Ti2O19,164.4
enamel,Y6Mg8Ti2O21,165.1
enamel,Y4MgTiO9,200.9
enamel,Y4Mg2TiO10,182.7
enamel,Y4Mg3TiO11,166.6
enamel,Y4Mg4TiO12,166.6
enamel,Y2Mg2Ti4O13,169.7
enamel,Y2Mg4Ti4O15,163.2
enamel,Y2Mg6Ti4O17,163.9
enamel,Y2Mg8Ti4O19,142.0
enamel,Y2MgTi2O8,165.6
enamel,Y2Mg3Ti2O10,173.6
enamel,Y6Mg2Ti4O19,168.4
enamel,Y6Mg4Ti4O21,167.3
enamel,Y6Mg6Ti4O23,168.9
enamel,Y4MgTi2O11,174.2
enamel,Y4Mg3Ti2O13,163.8
enamel,Y2Mg2Ti6O17,168.6
enamel,Y2Mg4Ti6O19,164.7
enamel,Y2Mg6Ti6O21,159.5
enamel,Y2Mg8Ti6O23,163.9
enamel,Y2MgTi3O10,158.1
enamel,Y2Mg2Ti3O11,170.9
enamel,Y2Mg3Ti3O12,151.4
enamel,Y2Mg4Ti3O13,153.8
enamel,Y6Mg2Ti6O23,162.3
enamel,Y4MgTi3O13,167.7
enamel,Y4Mg2Ti3O14,158.5
enamel,Y4Mg3Ti3O15,166.1
enamel,Y4Mg4Ti3O16,169.4
enamel,Y2Mg2Ti8O21,175.2
enamel,Y2Mg4Ti8O23,158.6
enamel,Y2MgTi4O12,189.5
enamel,Y2Mg3Ti4O14,160.0
enamel,Y4MgTi4O15,162.3
enamel,Y4Mg3Ti4O17,159.7
enamel,Sr2Y2Ti2O9,181.2
enamel,Sr4Y2Ti2O11,142.6
enamel,Sr6Y2Ti2O13,140.3
enamel,Sr8Y2Ti2O15,123.4
enamel,SrY2TiO6,189.2
enamel,Sr2Y2TiO7,142.1
enamel,Sr3Y2TiO8,150.6
enamel,Sr4Y2TiO9,133.1
enamel,Sr2Y6Ti2O15,198.2
enamel,Sr4Y6Ti2O17,147.4
enamel,Sr6Y6Ti2O19,146.5
enamel,Sr8Y6Ti2O21,159.7
enamel,SrY4TiO9,208.2
enamel,Sr2Y4TiO10,155.2
enamel,Sr3Y4TiO11,157.2
enamel,Sr4Y4TiO12,162.9
enamel,Sr2Y2Ti4O13,181.4
enamel,Sr4Y2Ti4O15,170.1
enamel,Sr6Y2Ti4O17,171.2
enamel,Sr8Y2Ti4O19,143.6
enamel,SrY2Ti2O8,199.6
enamel,Sr3Y2Ti2O10,174.0
enamel,Sr2Y6Ti4O19,187.4
enamel,Sr4Y6Ti4O21,190.7
enamel,Sr6Y6Ti4O23,146.6
enamel,SrY4Ti2O11,188.9
enamel,Sr3Y4Ti2O13,147.4
enamel,Sr2Y2Ti6O17,184.1
enamel,Sr4Y2Ti6O19,187.8
enamel,Sr6Y2Ti6O21,172.0
enamel,Sr8Y2Ti6O23,161.2
enamel,SrY2Ti3O10,195.7
enamel,Sr2Y2Ti3O11,197.8
enamel,Sr3Y2Ti3O12,170.1
enamel,Sr4Y2Ti3O13,171.0
enamel,Sr2Y6Ti6O23,187.1
enamel,SrY4Ti3O13,193.5
enamel,Sr2Y4Ti3O14,197.8
enamel,Sr3Y4Ti3O15,183.1
enamel,Sr4Y4Ti3O16,173.1
enamel,Sr2Y2Ti8O21,194.6
enamel,Sr4Y2Ti8O23,175.6
enamel,SrY2Ti4O12,177.4
enamel,Sr3Y2Ti4O14,190.8
enamel,SrY4Ti4O15,195.3
enamel,Sr3Y4Ti4O17,177.7
enamel,Ca2La2Ti2O9,170.3
enamel,Ca4La2Ti2O11,158.1
enamel,Ca6La2Ti2O13,130.9
enamel,Ca8La2Ti2O15,131.1
enamel,CaLa2TiO6,176.6
enamel,Ca2La2TiO7,163.6
enamel,Ca3La2TiO8,170.6
enamel,Ca4La2TiO9,136.1
enamel,Ca2La6Ti2O15,158.3
enamel,Ca4La6Ti2O17,143.8
enamel,Ca6La6Ti2O19,129.3
enamel,Ca8La6Ti2O21,129.6
enamel,CaLa4TiO9,162.0
enamel,Ca2La4TiO10,137.8
enamel,Ca3La4TiO11,138.4
enamel,Ca4La4TiO12,122.1
enamel,Ca2La2Ti4O13,178.9
enamel,Ca4La2Ti4O15,168.2
enamel,Ca6La2Ti4O17,168.1
enamel,Ca8La2Ti4O19,147.8
enamel,CaLa2Ti2O8,162.0
enamel,Ca3La2Ti2O10,163.0
enamel,Ca2La6Ti4O19,173.0
enamel,Ca4La6Ti4O21,174.5
enamel,Ca6La6Ti4O23,166.3
enamel,CaLa4Ti2O11,157.1
enamel,Ca3La4Ti2O13,171.9
enamel,Ca2La2Ti6O17,179.4
enamel,Ca4La2Ti6O19,172.4
enamel,Ca6La2Ti6O21,170.7
enamel,Ca8La2Ti6O23,167.5
enamel,CaLa2Ti3O10,181.7
enamel,Ca2La2Ti3O11,181.7
enamel,Ca3La2Ti3O12,183.1
enamel,Ca4La2Ti3O13,179.9
enamel,Ca2La6Ti6O23,164.9
enamel,CaLa4Ti3O13,164.3
enamel,Ca2La4Ti3O14,171.8
enamel,Ca3La4Ti3O15,174.8
enamel,Ca4La4Ti3O16,166.6
enamel,Ca2La2Ti8O21,191.6
enamel,Ca4La2Ti8O23,169.7
enamel,CaLa2Ti4O12,195.3
enamel,Ca3La2Ti4O14,163.4
enamel,CaLa4Ti4O15,181.9
enamel,Ca3La4Ti4O17,171.8
enamel,La2Mg2Ti2O9,181.0
enamel,La2Mg4Ti2O11,154.3
enamel,La2Mg6Ti2O13,156.3
enamel,La2Mg8Ti2O15,154.6
enamel,La2MgTiO6,187.9
enamel,La2Mg2TiO7,173.6
enamel,La2Mg3TiO8,171.4
enamel,La2Mg4TiO9,153.4
enamel,La6Mg2Ti2O15,172.9
enamel,La6Mg4Ti2O17,190.4
enamel,La6Mg6Ti2O19,184.2
enamel,La6Mg8Ti2O21,166.1
enamel,La4MgTiO9,159.9
enamel,La4Mg2TiO10,172.6
enamel,La4Mg3TiO11,190.5
enamel,La4Mg4TiO12,184.6
enamel,La2Mg2Ti4O13,159.8
enamel,La2Mg4Ti4O15,157.2
enamel,La2Mg6Ti4O17,184.6
enamel,La2Mg8Ti4O19,157.1
enamel,La2MgTi2O8,177.5
enamel,La2Mg3Ti2O10,168.8
enamel,La6Mg2Ti4O19,183.8
enamel,La6Mg4Ti4O21,193.0
enamel,La6Mg6Ti4O23,202.2
enamel,La4MgTi2O11,166.2
enamel,La4Mg3Ti2O13,188.6
enamel,La2Mg2Ti6O17,161.1
enamel,La2Mg4Ti6O19,166.5
enamel,La2Mg6Ti6O21,168.1
enamel,La2Mg8Ti6O23,176.2
enamel,La2MgTi3O10,187.0
enamel,La2Mg2Ti3O11,161.2
enamel,La2Mg3Ti3O12,155.6
enamel,La2Mg4Ti3O13,159.8
enamel,La6Mg2Ti6O23,180.5
enamel,La4MgTi3O13,176.4
enamel,La4Mg2Ti3O14,182.3
enamel,La4Mg3Ti3O15,187.2
enamel,La4Mg4Ti3O16,179.5
enamel,La2Mg2Ti8O21,184.0
enamel,La2Mg4Ti8O23,160.8
enamel,La2MgTi4O12,199.0
enamel,La2Mg3Ti4O14,157.6
enamel,La4MgTi4O15,180.4
enamel,La4Mg3Ti4O17,175.3
enamel,Sr2La2Ti2O9,149.3
enamel,Sr4La2Ti2O11,133.6
enamel,Sr6La2Ti2O13,127.8
enamel,Sr8La2Ti2O15,102.8
enamel,SrLa2TiO6,155.0
enamel,Sr2La2TiO7,133.4
enamel,Sr3La2TiO8,134.5
enamel,Sr4La2TiO9,109.0
enamel,Sr2La6Ti2O15,153.4
enamel,Sr4La6Ti2O17,136.9
enamel,Sr6La6Ti2O19,135.2
enamel,Sr8La6Ti2O21,133.5
enamel,SrLa4TiO9,151.3
enamel,Sr2La4TiO10,143.6
enamel,Sr3La4TiO11,140.2
enamel,Sr4La4TiO12,125.7
enamel,Sr2La2Ti4O13,161.8
enamel,Sr4La2Ti4O15,164.5
enamel,Sr6La2Ti4O17,145.4
enamel,Sr8La2Ti4O19,130.2
enamel,SrLa2Ti2O8,169.7
enamel,Sr3La2Ti2O10,140.5
enamel,Sr2La6Ti4O19,150.9
enamel,Sr4La6Ti4O21,146.7
enamel,Sr6La6Ti4O23,125.3
enamel,SrLa4Ti2O11,153.3
enamel,Sr3La4Ti2O13,140.9
enamel,Sr2La2Ti6O17,195.0
enamel,Sr4La2Ti6O19,173.1
enamel,Sr6La2Ti6O21,167.8
enamel,Sr8La2Ti6O23,166.1
enamel,SrLa2Ti3O10,187.7
enamel,Sr2La2Ti3O11,166.8
enamel,Sr3La2Ti3O12,165.5
enamel,Sr4La2Ti3O13,146.8
enamel,Sr2La6Ti6O23,170.1
enamel,SrLa4Ti3O13,164.6
enamel,Sr2La4Ti3O14,153.9
enamel,Sr3La4Ti3O15,144.7
enamel,Sr4La4Ti3O16,131.2
enamel,Sr2La2Ti8O21,190.2
enamel,Sr4La2Ti8O23,188.1
enamel,SrLa2Ti4O12,184.1
enamel,Sr3La2Ti4O14,165.1
enamel,SrLa4Ti4O15,170.4
enamel,Sr3La4Ti4O17,167.0
enamel,CaMgTiO4,168.2
enamel,CaMg2TiO5,185.2
enamel,CaMg3TiO6,146.8
enamel,CaMg4TiO7,135.0
enamel,Ca2MgTiO5,144.5
enamel,Ca2Mg2TiO6,138.5
enamel,Ca2Mg3TiO7,146.5
enamel,Ca2Mg4TiO8,144.9
enamel,Ca3MgTiO6,133.0
enamel,Ca3Mg2TiO7,138.8
enamel,Ca3Mg3TiO8,142.1
enamel,Ca3Mg4TiO9,142.0
enamel,Ca4MgTiO7,121.1
enamel,Ca4Mg2TiO8,137.5
enamel,Ca4Mg3TiO9,140.6
enamel,Ca4Mg4TiO10,138.4
enamel,CaMgTi2O6,200.5
enamel,CaMg2Ti2O7,164.3
enamel,CaMg3Ti2O8,184.5
enamel,CaMg4Ti2O9,183.9
enamel,Ca2MgTi2O7,171.0
enamel,Ca2Mg3Ti2O9,170.3
enamel,Ca3MgTi2O8,170.4
enamel,Ca3Mg2Ti2O9,168.4
enamel,Ca3Mg3Ti2O10,155.6
enamel,Ca3Mg4Ti2O11,156.6
enamel,Ca4MgTi2O9,140.2
enamel,Ca4Mg3Ti2O11,142.9
enamel,CaMgTi3O8,190.2
enamel,CaMg2Ti3O9,194.5
enamel,CaMg3Ti3O10,188.8
enamel,CaMg4Ti3O11,153.5
enamel,Ca2MgTi3O9,189.1
enamel,Ca2Mg2Ti3O10,178.4
enamel,Ca2Mg3Ti3O11,162.4
enamel,Ca2Mg4Ti3O12,183.5
enamel,Ca3MgTi3O10,197.5
enamel,Ca3Mg2Ti3O11,159.1
enamel,Ca3Mg4Ti3O13,166.8
enamel,Ca4MgTi3O11,174.3
enamel,Ca4Mg2Ti3O12,171.7
enamel,Ca4Mg3Ti3O13,168.9
enamel,Ca4Mg4Ti3O14,155.6
enamel,CaMgTi4O10,178.4
enamel,CaMg2Ti4O11,177.4
enamel,CaMg3Ti4O12,195.3
enamel,CaMg4Ti4O13,185.4
enamel,Ca2MgTi4O11,192.8
enamel,Ca2Mg3Ti4O13,200.5
enamel,Ca3MgTi4O12,196.0
enamel,Ca3Mg2Ti4O13,188.0
enamel,Ca3Mg3Ti4O14,168.2
enamel,Ca3Mg4Ti4O15,161.7
enamel,Ca4MgTi4O13,197.5
enamel,Ca4Mg3Ti4O15,157.1
enamel,SrCaTiO4,157.2
enamel,Sr2CaTiO5,167.2
enamel,Sr3CaTiO6,119.5
enamel,Sr4CaTiO7,119.0
enamel,SrCa2TiO5,154.4
enamel,Sr2Ca2TiO6,136.1
enamel,Sr3Ca2TiO7,123.8
enamel,Sr4Ca2TiO8,125.1
enamel,SrCa3TiO6,147.5
enamel,Sr2Ca3TiO7,132.5
enamel,Sr3Ca3TiO8,133.1
enamel,Sr4Ca3TiO9,124.5
enamel,SrCa4TiO7,147.6
enamel,Sr2Ca4TiO8,126.8
enamel,Sr3Ca4TiO9,133.1
enamel,Sr4Ca4TiO10,126.2
enamel,SrCaTi2O6,170.8
enamel,Sr2CaTi2O7,152.8
enamel,Sr3CaTi2O8,165.5
enamel,Sr4CaTi2O9,162.3
enamel,SrCa2Ti2O7,158.7
enamel,Sr3Ca2Ti2O9,169.3
enamel,SrCa3Ti2O8,141.5
enamel,Sr2Ca3Ti2O9,159.6
enamel,Sr3Ca3Ti2O10,169.8
enamel,Sr4Ca3Ti2O11,132.9
enamel,SrCa4Ti2O9,147.1
enamel,Sr3Ca4Ti2O11,159.2
enamel,SrCaTi3O8,176.9
enamel,Sr2CaTi3O9,180.6
enamel,Sr3CaTi3O10,164.7
enamel,Sr4CaTi3O11,166.0
enamel,SrCa2Ti3O9,169.9
enamel,Sr2Ca2Ti3O10,171.9
enamel,Sr3Ca2Ti3O11,151.2
enamel,Sr4Ca2Ti3O12,160.4
enamel,SrCa3Ti3O10,169.7
enamel,Sr2Ca3Ti3O11,149.6
enamel,Sr4Ca3Ti3O13,169.6
enamel,SrCa4Ti3O11,142.9
enamel,Sr2Ca4Ti3O12,150.3
enamel,Sr3Ca4Ti3O13,159.6
enamel,Sr4Ca4Ti3O14,163.1
enamel,SrCaTi4O10,176.2
enamel,Sr2CaTi4O11,165.8
enamel,Sr3CaTi4O12,189.8
enamel,Sr4CaTi4O13,164.7
enamel,SrCa2Ti4O11,171.2
enamel,Sr3Ca2Ti4O13,175.8
enamel,SrCa3Ti4O12,176.1
enamel,Sr2Ca3Ti4O13,174.4
enamel,Sr3Ca3Ti4O14,154.5
enamel,Sr4Ca3Ti4O15,151.2
enamel,SrCa4Ti4O13,161.2
enamel,Sr3Ca4Ti4O15,149.5
enamel,SrMgTiO4,152.1
enamel,Sr2MgTiO5,157.1
enamel,Sr3MgTiO6,154.0
enamel,Sr4MgTiO7,118.5
enamel,SrMg2TiO5,149.4
enamel,Sr2Mg2TiO6,143.9
enamel,Sr3Mg2TiO7,154.5
enamel,Sr4Mg2TiO8,154.5
enamel,SrMg3TiO6,141.5
enamel,Sr2Mg3TiO7,138.0
enamel,Sr3Mg3TiO8,146.6
enamel,Sr4Mg3TiO9,157.7
enamel,SrMg4TiO7,125.7
enamel,Sr2Mg4TiO8,143.7
enamel,Sr3Mg4TiO9,135.5
enamel,Sr4Mg4TiO10,152.2
enamel,SrMgTi2O6,205.7
enamel,Sr2MgTi2O7,159.0
enamel,Sr3MgTi2O8,154.0
enamel,Sr4MgTi2O9,164.5
enamel,SrMg2Ti2O7,154.0
enamel,Sr3Mg2Ti2O9,151.1
enamel,SrMg3Ti2O8,163.6
enamel,Sr2Mg3Ti2O9,149.6
enamel,Sr3Mg3Ti2O10,143.1
enamel,Sr4Mg3Ti2O11,151.3
enamel,SrMg4Ti2O9,152.3
enamel,Sr3Mg4Ti2O11,142.5
enamel,SrMgTi3O8,200.0
enamel,Sr2MgTi3O9,178.9
enamel,Sr3MgTi3O10,174.0
enamel,Sr4MgTi3O11,155.6
enamel,SrMg2Ti3O9,189.8
enamel,Sr2Mg2Ti3O10,201.4
enamel,Sr3Mg2Ti3O11,150.5
enamel,Sr4Mg2Ti3O12,148.1
enamel,SrMg3Ti3O10,175.2
enamel,Sr2Mg3Ti3O11,156.6
enamel,Sr4Mg3Ti3O13,147.4
enamel,SrMg4Ti3O11,145.4
enamel,Sr2Mg4Ti3O12,180.0
enamel,Sr3Mg4Ti3O13,149.4
enamel,Sr4Mg4Ti3O14,139.7
enamel,SrMgTi4O10,197.3
enamel,Sr2MgTi4O11,174.6
enamel,Sr3MgTi4O12,167.6
enamel,Sr4MgTi4O13,173.3
enamel,SrMg2Ti4O11,172.9
enamel,Sr3Mg2Ti4O13,199.5
enamel,SrMg3Ti4O12,180.7
enamel,Sr2Mg3Ti4O13,199.7
enamel,Sr3Mg3Ti4O14,154.4
enamel,Sr4Mg3Ti4O15,148.8
enamel,SrMg4Ti4O13,169.3
enamel,Sr3Mg4Ti4O15,154.0
enamel,Ce2Si2P2O13,153.4
enamel,CeSiP2O9,108.6
enamel,Ce2Si2P6O23,119.9
enamel,CeSi(P2O7)2,123.1
enamel,Ce4Si2P2O17,128.4
enamel,Ce2SiP2O11,117.1
enamel,Ce4Si2(P2O9)3,97.6
enamel,Ce2Si(PO4)4,110.8
enamel,Ce6Si2P2O21,139.5
enamel,Ce3SiP2O13,129.7
enamel,Ce3Si(P2O9)2,97.9
enamel,Ce8Si2P2O25,123.3
enamel,Ce4SiP2O15,125.3
enamel,Ce4Si(PO5)4,140.2
enamel,Ce2Si4P2O17,159.0
enamel,CeSi2P2O11,115.0
enamel,Ce2Si4(P2O9)3,111.7
enamel,CeSi2(PO4)4,106.5
enamel,Ce4Si4P2O21,130.6
enamel,Ce6Si4P2O25,133.2
enamel,Ce3Si2P2O15,129.1
enamel,Ce3Si2(PO5)4,116.2
enamel,Ce2Si6P2O21,156.3
enamel,CeSi3P2O13,116.0
enamel,CeSi3(P2O9)2,103.1
enamel,Ce4Si6P2O25,156.8
enamel,Ce2Si3P2O15,132.8
enamel,Ce2Si3(PO5)4,129.9
enamel,Ce3Si3P2O17,136.9
enamel,Ce3Si3(P2O11)2,120.0
enamel,Ce4Si3P2O19,133.9
enamel,Ce4Si3(PO6)4,145.4
enamel,Ce2Si8P2O25,133.9
enamel,CeSi4P2O15,117.0
enamel,CeSi4(PO5)4,100.0
enamel,Ce3Si4P2O19,154.8
enamel,Ce3Si4(PO6)4,119.8
enamel,Ce2Al2Si2O11,128.6
enamel,CeAl2SiO7,154.1
enamel,Ce2Al6Si2O17,131.4
enamel,CeAl4SiO10,128.1
enamel,Ce4Al2Si2O15,141.7
enamel,Ce2Al2SiO9,128.7
enamel,Ce4Al6Si2O21,132.2
enamel,Ce2Al4SiO12,131.5
enamel,Ce6Al2Si2O19,143.3
enamel,Ce3Al2SiO11,133.0
enamel,Ce6Al6Si2O25,135.8
enamel,Ce3Al4SiO14,137.4
enamel,Ce8Al2Si2O23,154.1
enamel,Ce4Al2SiO13,140.9
enamel,Ce4Al4SiO16,133.3
enamel,Ce2Al2Si4O15,162.5
enamel,CeAl2Si2O9,154.5
enamel,Ce2Al6Si4O21,160.0
enamel,CeAl4(SiO6)2,156.2
enamel,Ce4Al2Si4O19,141.2
enamel,Ce4Al6Si4O25,136.3
enamel,Ce6Al2Si4O23,146.1
enamel,Ce3Al2Si2O13,139.0
enamel,Ce3Al4(SiO8)2,128.9
enamel,Ce2Al2Si6O19,188.7
enamel,CeAl2Si3O11,158.8
enamel,Ce2Al6Si6O25,161.2
enamel,CeAl4Si3O14,152.8
enamel,Ce4Al2Si6O23,137.1
enamel,Ce2Al2Si3O13,160.5
enamel,Ce2Al4Si3O16,163.2
enamel,Ce3Al2(SiO5)3,134.5
enamel,Ce3Al4(SiO6)3,128.2
enamel,Ce4Al2Si3O17,149.0
enamel,Ce4Al4Si3O20,132.8
enamel,Ce2Al2Si8O23,164.9
enamel,CeAl2Si4O13,164.5
enamel,CeAl4(SiO4)4,155.5
enamel,Ce3Al2Si4O17,133.9
enamel,Ce3Al4(SiO5)4,160.1
enamel,Ce2Y2Si2O11,133.9
enamel,CeY2SiO7,142.1
enamel,Ce2Y6Si2O17,149.8
enamel,CeY4SiO10,155.3
enamel,Ce4Y2Si2O15,151.0
enamel,Ce2Y2SiO9,161.9
enamel,Ce4Y6Si2O21,147.5
enamel,Ce2Y4SiO12,158.8
enamel,Ce6Y2Si2O19,137.9
enamel,Ce3Y2SiO11,139.9
enamel,Ce6Y6Si2O25,142.2
enamel,Ce3Y4SiO14,145.6
enamel,Ce8Y2Si2O23,143.3
enamel,Ce4Y2SiO13,137.4
enamel,Ce4Y4SiO16,152.8
enamel,Ce2Y2Si4O15,142.9
enamel,CeY2Si2O9,138.3
enamel,Ce2Y6Si4O21,138.9
enamel,CeY4(SiO6)2,158.5
enamel,Ce4Y2Si4O19,143.9
enamel,Ce4Y6Si4O25,139.3
enamel,Ce6Y2Si4O23,144.0
enamel,Ce3Y2Si2O13,147.8
enamel,Ce3Y4(SiO8)2,159.0
enamel,Ce2Y2Si6O19,142.5
enamel,CeY2Si3O11,139.4
enamel,Ce2Y6Si6O25,128.6
enamel,CeY4Si3O14,144.6
enamel,Ce4Y2Si6O23,142.6
enamel,Ce2Y2Si3O13,132.3
enamel,Ce2Y4Si3O16,145.4
enamel,Ce3Y2(SiO5)3,143.2
enamel,Ce3Y4(SiO6)3,139.0
enamel,Ce4Y2Si3O17,145.1
enamel,Ce4Y4Si3O20,158.7
enamel,Ce2Y2Si8O23,169.5
enamel,CeY2Si4O13,145.8
enamel,CeY4(SiO4)4,141.3
enamel,Ce3Y2Si4O17,141.9
enamel,Ce3Y4(SiO5)4,149.6
enamel,La2Ce2Si2O11,147.1
enamel,La2CeSiO7,132.0
enamel,La6Ce2Si2O17,130.6
enamel,La4CeSiO10,136.0
enamel,La2Ce4Si2O15,143.3
enamel,La2Ce2SiO9,144.0
enamel,La6Ce4Si2O21,133.4
enamel,La4Ce2SiO12,140.8
enamel,La2Ce6Si2O19,137.8
enamel,La2Ce3SiO11,127.6
enamel,La6Ce6Si2O25,133.8
enamel,La4Ce3SiO14,136.2
enamel,La2Ce8Si2O23,143.2
enamel,La2Ce4SiO13,124.2
enamel,La4Ce4SiO16,144.7
enamel,La2Ce2Si4O15,141.1
enamel,La2CeSi2O9,143.6
enamel,La6Ce2Si4O21,143.9
enamel,La4Ce(SiO6)2,143.0
enamel,La2Ce4Si4O19,136.9
enamel,La6Ce4Si4O25,130.8
enamel,La2Ce6Si4O23,160.4
enamel,La2Ce3Si2O13,145.9
enamel,La4Ce3(SiO8)2,148.8
enamel,La2Ce2Si6O19,149.1
enamel,La2CeSi3O11,133.5
enamel,La6Ce2Si6O25,133.1
enamel,La4CeSi3O14,161.6
enamel,La2Ce4Si6O23,142.5
enamel,La2Ce2Si3O13,135.8
enamel,La4Ce2Si3O16,145.8
enamel,La2Ce3(SiO5)3,134.7
enamel,La4Ce3(SiO6)3,143.0
enamel,La2Ce4Si3O17,166.6
enamel,La4Ce4Si3O20,140.3
enamel,La2Ce2Si8O23,142.7
enamel,La2CeSi4O13,136.5
enamel,La4Ce(SiO4)4,137.8
enamel,La2Ce3Si4O17,146.9
enamel,La4Ce3(SiO5)4,153.5
enamel,CaCeSiO5,131.7
enamel,Ca2CeSiO6,132.7
enamel,Ca3CeSiO7,145.1
enamel,Ca4CeSiO8,140.5
enamel,CaCe2SiO7,151.3
enamel,Ca2Ce2SiO8,164.1
enamel,Ca3Ce2SiO9,155.3
enamel,Ca4Ce2SiO10,156.0
enamel,CaCe3SiO9,148.5
enamel,Ca2Ce3SiO10,158.4
enamel,Ca3Ce3SiO11,169.8
enamel,Ca4Ce3SiO12,168.3
enamel,CaCe4SiO11,141.2
enamel,Ca2Ce4SiO12,160.4
enamel,Ca3Ce4SiO13,160.4
enamel,Ca4Ce4SiO14,169.0
enamel,CaCeSi2O7,133.7
enamel,Ca2Ce(SiO4)2,132.8
enamel,Ca3CeSi2O9,132.1
enamel,Ca4Ce(SiO5)2,140.2
enamel,CaCe2Si2O9,129.4
enamel,Ca3Ce2Si2O11,122.3
enamel,CaCe3Si2O11,149.0
enamel,Ca2Ce3(SiO6)2,155.1
enamel,Ca3Ce3Si2O13,151.1
enamel,Ca4Ce3(SiO7)2,146.9
enamel,CaCe4Si2O13,157.6
enamel,Ca3Ce4Si2O15,145.8
enamel,CaCe(SiO3)3,134.1
enamel,Ca2CeSi3O10,131.5
enamel,Ca3CeSi3O11,135.4
enamel,Ca4Ce(SiO4)3,134.3
enamel,CaCe2Si3O11,132.7
enamel,Ca2Ce2(SiO4)3,138.8
enamel,Ca3Ce2Si3O13,130.0
enamel,Ca4Ce2Si3O14,123.1
enamel,CaCe3Si3O13,128.3
enamel,Ca2Ce3Si3O14,148.7
enamel,Ca4Ce3Si3O16,122.4
enamel,CaCe4(SiO5)3,156.9
enamel,Ca2Ce4Si3O16,154.5
enamel,Ca3Ce4Si3O17,148.9
enamel,Ca4Ce4(SiO6)3,140.4
enamel,CaCeSi4O11,134.9
enamel,Ca2Ce(SiO3)4,138.6
enamel,Ca3CeSi4O13,133.5
enamel,Ca4Ce(Si2O7)2,135.4
enamel,CaCe2Si4O13,137.5
enamel,Ca3Ce2Si4O15,138.4
enamel,CaCe3Si4O15,137.8
enamel,Ca2Ce3(SiO4)4,120.6
enamel,Ca3Ce3Si4O17,137.8
enamel,Ca4Ce3(Si2O9)2,130.0
enamel,CaCe4Si4O17,132.1
enamel,Ca3Ce4Si4O19,147.9
enamel,CeMgSiO5,133.2
enamel,CeMg2SiO6,142.2
enamel,CeMg3SiO7,138.9
enamel,CeMg4SiO8,138.1
enamel,Ce2MgSiO7,147.2
enamel,Ce2Mg2SiO8,143.2
enamel,Ce2Mg3SiO9,141.1
enamel,Ce2Mg4SiO10,158.9
enamel,Ce3MgSiO9,152.1
enamel,Ce3Mg2SiO10,156.8
enamel,Ce3Mg3SiO11,145.2
enamel,Ce3Mg4SiO12,149.0
enamel,Ce4MgSiO11,154.6
enamel,Ce4Mg2SiO12,149.2
enamel,Ce4Mg3SiO13,157.5
enamel,Ce4Mg4SiO14,158.6
enamel,CeMgSi2O7,129.7
enamel,CeMg2(SiO4)2,133.0
enamel,CeMg3Si2O9,130.9
enamel,CeMg4(SiO5)2,139.1
enamel,Ce2MgSi2O9,138.7
enamel,Ce2Mg3Si2O11,132.9
enamel,Ce3MgSi2O11,141.0
enamel,Ce3Mg2(SiO6)2,139.3
enamel,Ce3Mg3Si2O13,138.6
enamel,Ce3Mg4(SiO7)2,135.2
enamel,Ce4MgSi2O13,143.3
enamel,Ce4Mg3Si2O15,137.3
enamel,CeMg(SiO3)3,160.1
enamel,CeMg2Si3O10,133.8
enamel,CeMg3Si3O11,132.3
enamel,CeMg4(SiO4)3,130.5
enamel,Ce2MgSi3O11,133.4
enamel,Ce2Mg2(SiO4)3,133.6
enamel,Ce2Mg3Si3O13,128.6
enamel,Ce2Mg4Si3O14,116.7
enamel,Ce3MgSi3O13,138.3
enamel,Ce3Mg2Si3O14,134.4
enamel,Ce3Mg4Si3O16,133.8
enamel,Ce4Mg(SiO5)3,149.0
enamel,Ce4Mg2Si3O16,140.2
enamel,Ce4Mg3Si3O17,137.5
enamel,Ce4Mg4(SiO6)3,133.1
enamel,CeMgSi4O11,159.1
enamel,CeMg2(SiO3)4,130.9
enamel,CeMg3Si4O13,126.7
enamel,CeMg4(Si2O7)2,150.0
enamel,Ce2MgSi4O13,136.3
enamel,Ce2Mg3Si4O15,126.7
enamel,Ce3MgSi4O15,143.6
enamel,Ce3Mg2(SiO4)4,127.2
enamel,Ce3Mg3Si4O17,131.6
enamel,Ce3Mg4(Si2O9)2,129.3
enamel,Ce4MgSi4O17,136.8
enamel,Ce4Mg3Si4O19,131.0
enamel,SrCeSiO5,133.0
enamel,Sr2CeSiO6,142.2
enamel,Sr3CeSiO7,148.7
enamel,Sr4CeSiO8,95.6
enamel,SrCe2SiO7,141.2
enamel,Sr2Ce2SiO8,145.8
enamel,Sr3Ce2SiO9,137.3
enamel,Sr4Ce2SiO10,127.9
enamel,SrCe3SiO9,140.5
enamel,Sr2Ce3SiO10,146.6
enamel,Sr3Ce3SiO11,143.9
enamel,Sr4Ce3SiO12,138.8
enamel,SrCe4SiO11,141.3
enamel,Sr2Ce4SiO12,152.1
enamel,Sr3Ce4SiO13,146.0
enamel,Sr4Ce4SiO14,154.0
enamel,SrCeSi2O7,120.1
enamel,Sr2Ce(SiO4)2,129.3
enamel,Sr3CeSi2O9,145.0
enamel,Sr4Ce(SiO5)2,148.4
enamel,SrCe2Si2O9,151.8
enamel,Sr3Ce2Si2O11,131.8
enamel,SrCe3Si2O11,156.5
enamel,Sr2Ce3(SiO6)2,133.6
enamel,Sr3Ce3Si2O13,136.1
enamel,Sr4Ce3(SiO7)2,126.2
enamel,SrCe4Si2O13,150.7
enamel,Sr3Ce4Si2O15,126.7
enamel,SrCe(SiO3)3,127.7
enamel,Sr2CeSi3O10,128.3
enamel,Sr3CeSi3O11,117.6
enamel,Sr4Ce(SiO4)3,138.7
enamel,SrCe2Si3O11,123.7
enamel,Sr2Ce2(SiO4)3,136.4
enamel,Sr3Ce2Si3O13,135.4
enamel,Sr4Ce2Si3O14,137.4
enamel,SrCe3Si3O13,137.0
enamel,Sr2Ce3Si3O14,145.3
enamel,Sr4Ce3Si3O16,111.3
enamel,SrCe4(SiO5)3,149.4
enamel,Sr2Ce4Si3O16,141.8
enamel,Sr3Ce4Si3O17,133.6
enamel,Sr4Ce4(SiO6)3,119.9
enamel,SrCeSi4O11,139.3
enamel,Sr2Ce(SiO3)4,117.0
enamel,Sr3CeSi4O13,121.7
enamel,Sr4Ce(Si2O7)2,118.0
enamel,SrCe2Si4O13,124.4
enamel,Sr3Ce2Si4O15,132.0
enamel,SrCe3Si4O15,129.7
enamel,Sr2Ce3(SiO4)4,135.3
enamel,Sr3Ce3Si4O17,140.9
enamel,Sr4Ce3(Si2O9)2,136.9
enamel,SrCe4Si4O17,130.3
enamel,Sr3Ce4Si4O19,142.1
enamel,AlSiPO6,64.4
enamel,Al4Si2P2O15,105.7
enamel,Al3SiPO9,142.1
enamel,Al8Si2P2O21,177.2
enamel,Al2Si2P4O17,88.8
enamel,Al2Si(PO5)2,64.4
enamel,Al6Si2P4O23,102.3
enamel,Al4SiP2O13,131.3
enamel,AlSiP3O11,93.8
enamel,Al4Si2P6O25,89.6
enamel,Al3SiP3O14,65.8
enamel,Al2Si2P8O27,85.1
enamel,Al2SiP4O15,91.9
enamel,Al4Si(P2O9)2,65.8
enamel,AlSi2PO8,83.8
enamel,Al4Si4P2O19,102.8
enamel,Al3Si2PO11,120.3
enamel,Al8Si4P2O25,152.0
enamel,Al2Si4P4O21,90.8
enamel,AlSi2P3O13,87.6
enamel,Al3Si2P3O16,68.0
enamel,AlSi3PO10,82.5
enamel,Al4Si6P2O23,107.5
enamel,Al3Si3PO13,112.9
enamel,Al2Si6P4O25,87.6
enamel,Al2Si3(PO7)2,70.2
enamel,Al4Si3P2O17,102.6
enamel,AlSi3(PO5)3,91.3
enamel,Al2Si3P4O19,90.5
enamel,Al4Si3(P2O11)2,68.0
enamel,AlSi4PO12,82.1
enamel,Al3Si4PO15,107.7
enamel,AlSi4P3O17,92.3
enamel,Al3Si4P3O20,69.5
enamel,YSiPO6,175.0
enamel,Y4Si2P2O15,155.4
enamel,Y3SiPO9,153.1
enamel,Y8Si2P2O21,154.9
enamel,Y2Si2P4O17,126.5
enamel,Y2Si(PO5)2,169.7
enamel,Y6Si2P4O23,155.7
enamel,Y4SiP2O13,142.3
enamel,YSiP3O11,130.7
enamel,Y4Si2P6O25,136.8
enamel,Y3SiP3O14,171.6
enamel,Y2Si2P8O27,97.1
enamel,Y2SiP4O15,125.1
enamel,Y4Si(P2O9)2,171.5
enamel,YSi2PO8,178.0
enamel,Y4Si4P2O19,179.4
enamel,Y3Si2PO11,151.0
enamel,Y8Si4P2O25,159.5
enamel,Y2Si4P4O21,138.0
enamel,YSi2P3O13,119.2
enamel,Y3Si2P3O16,164.3
enamel,YSi3PO10,173.3
enamel,Y4Si6P2O23,175.0
enamel,Y3Si3PO13,151.6
enamel,Y2Si6P4O25,129.9
enamel,Y2Si3(PO7)2,177.7
enamel,Y4Si3P2O17,159.8
enamel,YSi3(PO5)3,116.3
enamel,Y2Si3P4O19,128.0
enamel,Y4Si3(P2O11)2,171.0
enamel,YSi4PO12,168.0
enamel,Y3Si4PO15,146.2
enamel,YSi4P3O17,116.7
enamel,Y3Si4P3O20,176.7
enamel,LaSiPO6,153.4
enamel,La4Si2P2O15,133.6
enamel,La3SiPO9,153.2
enamel,La8Si2P2O21,157.8
enamel,La2Si2P4O17,120.3
enamel,La2Si(PO5)2,146.2
enamel,La6Si2P4O23,138.2
enamel,La4SiP2O13,146.4
enamel,LaSiP3O11,117.5
enamel,La4Si2P6O25,135.1
enamel,La3SiP3O14,136.9
enamel,La2Si2P8O27,103.5
enamel,La2SiP4O15,122.7
enamel,La4Si(P2O9)2,136.6
enamel,LaSi2PO8,177.4
enamel,La4Si4P2O19,152.4
enamel,La3Si2PO11,133.8
enamel,La8Si4P2O25,143.7
enamel,La2Si4P4O21,118.6
enamel,LaSi2P3O13,115.6
enamel,La3Si2P3O16,142.6
enamel,LaSi3PO10,169.5
enamel,La4Si6P2O23,155.0
enamel,La3Si3PO13,142.7
enamel,La2Si6P4O25,129.2
enamel,La2Si3(PO7)2,155.5
enamel,La4Si3P2O17,141.1
enamel,LaSi3(PO5)3,113.7
enamel,La2Si3P4O19,127.2
enamel,La4Si3(P2O11)2,150.0
enamel,LaSi4PO12,170.2
enamel,La3Si4PO15,140.9
enamel,LaSi4P3O17,115.0
enamel,La3Si4P3O20,153.6
enamel,Ca2Si2P2O11,108.6
enamel,Ca4Si2P2O13,129.2
enamel,Ca6Si2P2O15,123.2
enamel,Ca8Si2P2O17,113.8
enamel,CaSi(PO4)2,160.4
enamel,Ca2SiP2O9,98.1
enamel,Ca3Si(PO5)2,111.9
enamel,Ca4SiP2O11,140.0
enamel,Ca2Si2(P2O7)3,145.9
enamel,Ca4Si2P6O23,109.5
enamel,Ca6Si2P6O25,99.3
enamel,CaSiP4O13,102.9
enamel,Ca2Si(P2O7)2,124.0
enamel,Ca3SiP4O15,110.9
enamel,Ca4Si(PO4)4,102.4
enamel,Ca2Si4P2O15,163.6
enamel,Ca4Si4P2O17,121.4
enamel,Ca6Si4P2O19,127.2
enamel,Ca8Si4P2O21,121.3
enamel,CaSi2(PO5)2,156.4
enamel,Ca3Si2(PO6)2,104.9
enamel,Ca2Si4P6O25,146.2
enamel,CaSi2P4O15,95.6
enamel,Ca3Si2P4O17,109.5
enamel,Ca2Si6P2O19,175.0
enamel,Ca4Si6P2O21,141.0
enamel,Ca6Si6P2O23,126.2
enamel,CaSi3(PO6)2,164.6
enamel,Ca2Si3P2O13,153.4
enamel,Ca3Si3(PO7)2,105.5
enamel,Ca4Si3P2O15,107.9
enamel,CaSi3P4O17,91.3
enamel,Ca2Si3(P2O9)2,166.9
enamel,Ca3Si3P4O19,127.4
enamel,Ca4Si3(PO5)4,104.7
enamel,Ca2Si8P2O23,163.8
enamel,Ca4Si8P2O25,138.4
enamel,CaSi4(PO7)2,152.1
enamel,Ca3Si4(PO8)2,145.8
enamel,CaSi4P4O19,89.9
enamel,Ca3Si4P4O21,154.1
enamel,Mg2Si2P2O11,118.6
enamel,Mg4Si2P2O13,116.6
enamel,Mg6Si2P2O15,157.7
enamel,Mg8Si2P2O17,162.8
enamel,MgSi(PO4)2,104.5
enamel,Mg2SiP2O9,128.4
enamel,Mg3Si(PO5)2,108.1
enamel,Mg4SiP2O11,114.1
enamel,Mg2Si2(P2O7)3,110.5
enamel,Mg4Si2P6O23,127.9
enamel,Mg6Si2P6O25,130.4
enamel,MgSiP4O13,111.8
enamel,Mg2Si(P2O7)2,77.7
enamel,Mg3SiP4O15,125.4
enamel,Mg4Si(PO4)4,127.3
enamel,Mg2Si4P2O15,161.4
enamel,Mg4Si4P2O17,119.8
enamel,Mg6Si4P2O19,106.6
enamel,Mg8Si4P2O21,155.3
enamel,MgSi2(PO5)2,93.8
enamel,Mg3Si2(PO6)2,123.2
enamel,Mg2Si4P6O25,97.5
enamel,MgSi2P4O15,117.4
enamel,Mg3Si2P4O17,122.8
enamel,Mg2Si6P2O19,158.0
enamel,Mg4Si6P2O21,163.8
enamel,Mg6Si6P2O23,114.0
enamel,MgSi3(PO6)2,94.6
enamel,Mg2Si3P2O13,158.2
enamel,Mg3Si3(PO7)2,122.9
enamel,Mg4Si3P2O15,111.2
enamel,MgSi3P4O17,95.8
enamel,Mg2Si3(P2O9)2,97.6
enamel,Mg3Si3P4O19,138.3
enamel,Mg4Si3(PO5)4,121.5
enamel,Mg2Si8P2O23,104.1
enamel,Mg4Si8P2O25,162.4
enamel,MgSi4(PO7)2,86.4
enamel,Mg3Si4(PO8)2,162.0
enamel,MgSi4P4O19,91.7
enamel,Mg3Si4P4O21,161.8
enamel,Sr2Si2P2O11,105.9
enamel,Sr4Si2P2O13,132.1
enamel,Sr6Si2P2O15,126.4
enamel,Sr8Si2P2O17,120.6
enamel,SrSi(PO4)2,149.3
enamel,Sr2SiP2O9,100.2
enamel,Sr3Si(PO5)2,112.0
enamel,Sr4SiP2O11,135.0
enamel,Sr2Si2(P2O7)3,137.7
enamel,Sr4Si2P6O23,100.5
enamel,Sr6Si2P6O25,95.4
enamel,SrSiP4O13,133.5
enamel,Sr2Si(P2O7)2,99.9
enamel,Sr3SiP4O15,98.2
enamel,Sr4Si(PO4)4,97.3
enamel,Sr2Si4P2O15,168.8
enamel,Sr4Si4P2O17,108.5
enamel,Sr6Si4P2O19,129.7
enamel,Sr8Si4P2O21,123.1
enamel,SrSi2(PO5)2,157.0
enamel,Sr3Si2(PO6)2,103.4
enamel,Sr2Si4P6O25,138.0
enamel,SrSi2P4O15,133.6
enamel,Sr3Si2P4O17,101.6
enamel,Sr2Si6P2O19,165.3
enamel,Sr4Si6P2O21,123.0
enamel,Sr6Si6P2O23,121.3
enamel,SrSi3(PO6)2,146.3
enamel,Sr2Si3P2O13,143.6
enamel,Sr3Si3(PO7)2,105.2
enamel,Sr4Si3P2O15,106.9
enamel,SrSi3P4O17,113.0
enamel,Sr2Si3(P2O9)2,160.3
enamel,Sr3Si3P4O19,106.9
enamel,Sr4Si3(PO5)4,104.3
enamel,Sr2Si8P2O23,186.5
enamel,Sr4Si8P2O25,120.3
enamel,SrSi4(PO7)2,165.9
enamel,Sr3Si4(PO8)2,125.9
enamel,SrSi4P4O19,107.9
enamel,Sr3Si4P4O21,134.9
enamel,YAlSiO5,145.7
enamel,Y4Al2Si2O13,162.2
enamel,Y3AlSiO8,161.2
enamel,Y8Al2Si2O19,174.0
enamel,Y2Al4Si2O13,131.3
enamel,Y2Al2SiO8,156.7
enamel,Y6Al4Si2O19,167.5
enamel,Y4Al2SiO11,164.6
enamel,YAl3SiO8,138.8
enamel,Y4Al6Si2O19,142.4
enamel,Y3Al3SiO11,166.0
enamel,Y2Al8Si2O19,159.8
enamel,Y2Al4SiO11,134.4
enamel,Y4Al4SiO14,188.6
enamel,YAlSi2O7,140.9
enamel,Y4Al2Si4O17,146.1
enamel,Y3Al(SiO5)2,160.1
enamel,Y8Al2Si4O23,158.5
enamel,Y2Al4Si4O17,137.4
enamel,Y6Al4Si4O23,178.8
enamel,YAl3(SiO5)2,131.1
enamel,Y4Al6Si4O23,144.5
enamel,Y3Al3Si2O13,151.0
enamel,Y2Al8Si4O23,135.2
enamel,YAl(SiO3)3,166.2
enamel,Y4Al2(Si2O7)3,143.4
enamel,Y3Al(SiO4)3,151.1
enamel,Y2Al4(Si2O7)3,161.0
enamel,Y2Al2(SiO4)3,149.6
enamel,Y4Al2(SiO5)3,159.4
enamel,YAl3(SiO4)3,156.6
enamel,Y2Al4(SiO5)3,129.1
enamel,Y4Al4(SiO6)3,141.3
enamel,YAlSi4O11,164.7
enamel,Y4Al2Si8O25,155.1
enamel,Y3Al(Si2O7)2,148.8
enamel,Y2Al4Si8O25,141.7
enamel,YAl3(Si2O7)2,161.8
enamel,Y3Al3Si4O17,149.6
enamel,LaAlSiO5,147.4
enamel,La4Al2Si2O13,183.0
enamel,La3AlSiO8,173.8
enamel,La8Al2Si2O19,152.8
enamel,La2Al4Si2O13,128.8
enamel,La2Al2SiO8,164.1
enamel,La6Al4Si2O19,187.1
enamel,La4Al2SiO11,161.9
enamel,LaAl3SiO8,136.5
enamel,La4Al6Si2O19,151.1
enamel,La3Al3SiO11,162.2
enamel,La2Al8Si2O19,134.4
enamel,La2Al4SiO11,146.3
enamel,La4Al4SiO14,178.0
enamel,LaAlSi2O7,143.8
enamel,La4Al2Si4O17,144.6
enamel,La3Al(SiO5)2,169.3
enamel,La8Al2Si4O23,158.5
enamel,La2Al4Si4O17,137.0
enamel,La6Al4Si4O23,162.5
enamel,LaAl3(SiO5)2,137.7
enamel,La4Al6Si4O23,149.0
enamel,La3Al3Si2O13,159.2
enamel,La2Al8Si4O23,132.1
enamel,LaAl(SiO3)3,151.8
enamel,La4Al2(Si2O7)3,143.8
enamel,La3Al(SiO4)3,156.0
enamel,La2Al4(Si2O7)3,147.1
enamel,La2Al2(SiO4)3,145.5
enamel,La4Al2(SiO5)3,158.6
enamel,LaAl3(SiO4)3,137.0
enamel,La2Al4(SiO5)3,134.6
enamel,La4Al4(SiO6)3,150.4
enamel,LaAlSi4O11,170.9
enamel,La4Al2Si8O25,147.2
enamel,La3Al(Si2O7)2,149.9
enamel,La2Al4Si8O25,140.5
enamel,LaAl3(Si2O7)2,134.1
enamel,La3Al3Si4O17,147.4
enamel,Ca2Al2Si2O9,143.5
enamel,Ca4Al2Si2O11,127.4
enamel,Ca6Al2Si2O13,124.9
enamel,Ca8Al2Si2O15,131.9
enamel,CaAl2SiO6,169.1
enamel,Ca2Al2SiO7,122.9
enamel,Ca3Al2SiO8,146.6
enamel,Ca4Al2SiO9,124.4
enamel,Ca2Al6Si2O15,168.1
enamel,Ca4Al6Si2O17,141.6
enamel,Ca6Al6Si2O19,125.3
enamel,Ca8Al6Si2O21,127.6
enamel,CaAl4SiO9,152.1
enamel,Ca2Al4SiO10,157.3
enamel,Ca3Al4SiO11,122.5
enamel,Ca4Al4SiO12,124.7
enamel,Ca2Al2Si4O13,120.7
enamel,Ca4Al2Si4O15,185.9
enamel,Ca6Al2Si4O17,145.9
enamel,Ca8Al2Si4O19,126.4
enamel,CaAl2(SiO4)2,113.0
enamel,Ca3Al2(SiO5)2,184.6
enamel,Ca2Al6Si4O19,122.9
enamel,Ca4Al6Si4O21,176.3
enamel,Ca6Al6Si4O23,143.9
enamel,CaAl4Si2O11,126.7
enamel,Ca3Al4Si2O13,147.9
enamel,Ca2Al2Si6O17,117.0
enamel,Ca4Al2Si6O19,133.4
enamel,Ca6Al2(Si2O7)3,150.7
enamel,Ca8Al2Si6O23,152.0
enamel,CaAl2Si3O10,114.8
enamel,Ca2Al2Si3O11,123.8
enamel,Ca3Al2(SiO4)3,197.6
enamel,Ca4Al2Si3O13,183.9
enamel,Ca2Al6Si6O23,114.5
enamel,CaAl4Si3O13,130.0
enamel,Ca2Al4Si3O14,120.5
enamel,Ca3Al4(SiO5)3,180.9
enamel,Ca4Al4Si3O16,142.8
enamel,Ca2Al2Si8O21,136.6
enamel,Ca4Al2Si8O23,105.4
enamel,CaAl2(SiO3)4,119.3
enamel,Ca3Al2(Si2O7)2,149.8
enamel,CaAl4Si4O15,118.3
enamel,Ca3Al4Si4O17,132.7
enamel,Mg2Al2Si2O9,176.1
enamel,Mg4Al2Si2O11,173.2
enamel,Mg6Al2Si2O13,164.7
enamel,Mg8Al2Si2O15,152.8
enamel,MgAl2SiO6,175.3
enamel,Mg2Al2SiO7,163.7
enamel,Mg3Al2SiO8,173.7
enamel,Mg4Al2SiO9,144.2
enamel,Mg2Al6Si2O15,172.9
enamel,Mg4Al6Si2O17,170.8
enamel,Mg6Al6Si2O19,164.6
enamel,Mg8Al6Si2O21,138.6
enamel,MgAl4SiO9,165.3
enamel,Mg2Al4SiO10,174.8
enamel,Mg3Al4SiO11,162.0
enamel,Mg4Al4SiO12,162.4
enamel,Mg2Al2Si4O13,124.2
enamel,Mg4Al2Si4O15,193.5
enamel,Mg6Al2Si4O17,175.1
enamel,Mg8Al2Si4O19,175.2
enamel,MgAl2(SiO4)2,126.0
enamel,Mg3Al2(SiO5)2,179.4
enamel,Mg2Al6Si4O19,127.1
enamel,Mg4Al6Si4O21,173.6
enamel,Mg6Al6Si4O23,175.3
enamel,MgAl4Si2O11,139.8
enamel,Mg3Al4Si2O13,169.7
enamel,Mg2Al2Si6O17,120.1
enamel,Mg4Al2Si6O19,119.9
enamel,Mg6Al2(Si2O7)3,181.7
enamel,Mg8Al2Si6O23,177.6
enamel,MgAl2Si3O10,133.5
enamel,Mg2Al2Si3O11,120.1
enamel,Mg3Al2(SiO4)3,195.1
enamel,Mg4Al2Si3O13,179.1
enamel,Mg2Al6Si6O23,135.8
enamel,MgAl4Si3O13,137.7
enamel,Mg2Al4Si3O14,127.2
enamel,Mg3Al4(SiO5)3,175.8
enamel,Mg4Al4Si3O16,174.3
enamel,Mg2Al2Si8O21,139.1
enamel,Mg4Al2Si8O23,121.8
enamel,MgAl2(SiO3)4,131.0
enamel,Mg3Al2(Si2O7)2,142.9
enamel,MgAl4Si4O15,137.2
enamel,Mg3Al4Si4O17,131.1
enamel,Sr2Al2Si2O9,157.7
enamel,Sr4Al2Si2O11,138.1
enamel,Sr6Al2Si2O13,146.9
enamel,Sr8Al2Si2O15,137.6
enamel,SrAl2SiO6,155.1
enamel,Sr2Al2SiO7,129.8
enamel,Sr3Al2SiO8,134.4
enamel,Sr4Al2SiO9,148.1
enamel,Sr2Al6Si2O15,163.3
enamel,Sr4Al6Si2O17,167.2
enamel,Sr6Al6Si2O19,114.9
enamel,Sr8Al6Si2O21,132.5
enamel,SrAl4SiO9,156.2
enamel,Sr2Al4SiO10,135.1
enamel,Sr3Al4SiO11,120.2
enamel,Sr4Al4SiO12,112.1
enamel,Sr2Al2Si4O13,124.1
enamel,Sr4Al2Si4O15,169.6
enamel,Sr6Al2Si4O17,129.4
enamel,Sr8Al2Si4O19,145.4
enamel,SrAl2(SiO4)2,126.9
enamel,Sr3Al2(SiO5)2,145.0
enamel,Sr2Al6Si4O19,129.9
enamel,Sr4Al6Si4O21,163.6
enamel,Sr6Al6Si4O23,160.0
enamel,SrAl4Si2O11,135.5
enamel,Sr3Al4Si2O13,159.7
enamel,Sr2Al2Si6O17,121.6
enamel,Sr4Al2Si6O19,131.8
enamel,Sr6Al2(Si2O7)3,150.9
enamel,Sr8Al2Si6O23,130.8
enamel,SrAl2Si3O10,127.9
enamel,Sr2Al2Si3O11,115.6
enamel,Sr3Al2(SiO4)3,165.5
enamel,Sr4Al2Si3O13,140.9
enamel,Sr2Al6Si6O23,134.6
enamel,SrAl4Si3O13,132.6
enamel,Sr2Al4Si3O14,124.2
enamel,Sr3Al4(SiO5)3,161.2
enamel,Sr4Al4Si3O16,162.0
enamel,Sr2Al2Si8O21,127.5
enamel,Sr4Al2Si8O23,106.0
enamel,SrAl2(SiO3)4,128.7
enamel,Sr3Al2(Si2O7)2,134.3
enamel,SrAl4Si4O15,132.6
enamel,Sr3Al4Si4O17,128.6
enamel,LaYSiO5,141.8
enamel,La4Y2Si2O13,149.7
enamel,La3YSiO8,142.4
enamel,La8Y2Si2O19,144.6
enamel,La2Y4Si2O13,153.4
enamel,La2Y2SiO8,155.2
enamel,La6Y4Si2O19,147.0
enamel,La4Y2SiO11,143.9
enamel,LaY3SiO8,154.0
enamel,La4Y6Si2O19,162.3
enamel,La3Y3SiO11,146.9
enamel,La2Y8Si2O19,163.2
enamel,La2Y4SiO11,161.8
enamel,La4Y4SiO14,148.7
enamel,LaYSi2O7,135.7
enamel,La4Y2Si4O17,149.9
enamel,La3Y(SiO5)2,152.0
enamel,La8Y2Si4O23,151.6
enamel,La2Y4Si4O17,145.7
enamel,La6Y4Si4O23,154.6
enamel,LaY3(SiO5)2,149.4
enamel,La4Y6Si4O23,146.4
enamel,La3Y3Si2O13,149.6
enamel,La2Y8Si4O23,146.6
enamel,LaY(SiO3)3,135.9
enamel,La4Y2(Si2O7)3,135.4
enamel,La3Y(SiO4)3,143.9
enamel,La2Y4(Si2O7)3,137.9
enamel,La2Y2(SiO4)3,143.1
enamel,La4Y2(SiO5)3,149.9
enamel,LaY3(SiO4)3,153.4
enamel,La2Y4(SiO5)3,149.4
enamel,La4Y4(SiO6)3,150.5
enamel,LaYSi4O11,146.0
enamel,La4Y2Si8O25,135.8
enamel,La3Y(Si2O7)2,137.7
enamel,La2Y4Si8O25,133.9
enamel,LaY3(Si2O7)2,138.7
enamel,La3Y3Si4O17,153.7
enamel,Ca2Y2Si2O9,149.0
enamel,Ca4Y2Si2O11,154.8
enamel,Ca6Y2Si2O13,140.5
enamel,Ca8Y2Si2O15,137.3
enamel,CaY2SiO6,166.0
enamel,Ca2Y2SiO7,167.1
enamel,Ca3Y2SiO8,158.5
enamel,Ca4Y2SiO9,158.8
enamel,Ca2Y6Si2O15,187.6
enamel,Ca4Y6Si2O17,186.5
enamel,Ca6Y6Si2O19,164.6
enamel,Ca8Y6Si2O21,164.0
enamel,CaY4SiO9,207.7
enamel,Ca2Y4SiO10,198.3
enamel,Ca3Y4SiO11,171.9
enamel,Ca4Y4SiO12,166.9
enamel,Ca2Y2Si4O13,139.8
enamel,Ca4Y2Si4O15,144.7
enamel,Ca6Y2Si4O17,134.0
enamel,Ca8Y2Si4O19,139.4
enamel,CaY2(SiO4)2,158.9
enamel,Ca3Y2(SiO5)2,156.6
enamel,Ca2Y6Si4O19,154.9
enamel,Ca4Y6Si4O21,152.9
enamel,Ca6Y6Si4O23,167.8
enamel,CaY4Si2O11,165.6
enamel,Ca3Y4Si2O13,182.0
enamel,Ca2Y2Si6O17,137.7
enamel,Ca4Y2Si6O19,129.6
enamel,Ca6Y2(Si2O7)3,132.0
enamel,Ca8Y2Si6O23,120.4
enamel,CaY2Si3O10,147.9
enamel,Ca2Y2Si3O11,148.1
enamel,Ca3Y2(SiO4)3,138.0
enamel,Ca4Y2Si3O13,133.9
enamel,Ca2Y6Si6O23,159.3
enamel,CaY4Si3O13,164.5
enamel,Ca2Y4Si3O14,164.5
enamel,Ca3Y4(SiO5)3,142.2
enamel,Ca4Y4Si3O16,158.5
enamel,Ca2Y2Si8O21,141.2
enamel,Ca4Y2Si8O23,124.0
enamel,CaY2(SiO3)4,150.0
enamel,Ca3Y2(Si2O7)2,147.1
enamel,CaY4Si4O15,159.6
enamel,Ca3Y4Si4O17,163.4
enamel,Y2Mg2Si2O9,146.1
enamel,Y2Mg4Si2O11,135.5
enamel,Y2Mg6Si2O13,135.5
enamel,Y2Mg8Si2O15,139.1
enamel,Y2MgSiO6,162.5
enamel,Y2Mg2SiO7,159.9
enamel,Y2Mg3SiO8,152.2
enamel,Y2Mg4SiO9,146.1
enamel,Y6Mg2Si2O15,167.4
enamel,Y6Mg4Si2O17,164.4
enamel,Y6Mg6Si2O19,164.6
enamel,Y6Mg8Si2O21,160.7
enamel,Y4MgSiO9,184.9
enamel,Y4Mg2SiO10,166.6
enamel,Y4Mg3SiO11,168.6
enamel,Y4Mg4SiO12,166.5
enamel,Y2Mg2Si4O13,132.7
enamel,Y2Mg4Si4O15,129.0
enamel,Y2Mg6Si4O17,125.5
enamel,Y2Mg8Si4O19,142.7
enamel,Y2Mg(SiO4)2,141.0
enamel,Y2Mg3(SiO5)2,150.7
enamel,Y6Mg2Si4O19,152.7
enamel,Y6Mg4Si4O21,153.9
enamel,Y6Mg6Si4O23,156.4
enamel,Y4MgSi2O11,155.2
enamel,Y4Mg3Si2O13,167.0
enamel,Y2Mg2Si6O17,132.3
enamel,Y2Mg4Si6O19,148.1
enamel,Y2Mg6(Si2O7)3,129.9
enamel,Y2Mg8Si6O23,140.3
enamel,Y2MgSi3O10,130.0
enamel,Y2Mg2Si3O11,126.8
enamel,Y2Mg3(SiO4)3,135.5
enamel,Y2Mg4Si3O13,128.9
enamel,Y6Mg2Si6O23,148.6
enamel,Y4MgSi3O13,152.9
enamel,Y4Mg2Si3O14,153.5
enamel,Y4Mg3(SiO5)3,149.4
enamel,Y4Mg4Si3O16,149.3
enamel,Y2Mg2Si8O21,141.3
enamel,Y2Mg4Si8O23,127.6
enamel,Y2Mg(SiO3)4,140.5
enamel,Y2Mg3(Si2O7)2,132.5
enamel,Y4MgSi4O15,148.6
enamel,Y4Mg3Si4O17,149.4
enamel,Sr2Y2Si2O9,143.9
enamel,Sr4Y2Si2O11,169.4
enamel,Sr6Y2Si2O13,141.5
enamel,Sr8Y2Si2O15,120.8
enamel,SrY2SiO6,160.4
enamel,Sr2Y2SiO7,169.1
enamel,Sr3Y2SiO8,148.3
enamel,Sr4Y2SiO9,143.4
enamel,Sr2Y6Si2O15,193.8
enamel,Sr4Y6Si2O17,176.3
enamel,Sr6Y6Si2O19,148.8
enamel,Sr8Y6Si2O21,155.3
enamel,SrY4SiO9,205.4
enamel,Sr2Y4SiO10,173.7
enamel,Sr3Y4SiO11,162.1
enamel,Sr4Y4SiO12,161.8
enamel,Sr2Y2Si4O13,134.6
enamel,Sr4Y2Si4O15,128.7
enamel,Sr6Y2Si4O17,148.8
enamel,Sr8Y2Si4O19,166.7
enamel,SrY2(SiO4)2,143.1
enamel,Sr3Y2(SiO5)2,159.1
enamel,Sr2Y6Si4O19,150.6
enamel,Sr4Y6Si4O21,146.7
enamel,Sr6Y6Si4O23,153.1
enamel,SrY4Si2O11,161.2
enamel,Sr3Y4Si2O13,156.8
enamel,Sr2Y2Si6O17,125.1
enamel,Sr4Y2Si6O19,128.5
enamel,Sr6Y2(Si2O7)3,133.2
enamel,Sr8Y2Si6O23,148.1
enamel,SrY2Si3O10,137.7
enamel,Sr2Y2Si3O11,127.7
enamel,Sr3Y2(SiO4)3,128.7
enamel,Sr4Y2Si3O13,143.3
enamel,Sr2Y6Si6O23,161.8
enamel,SrY4Si3O13,154.7
enamel,Sr2Y4Si3O14,146.9
enamel,Sr3Y4(SiO5)3,146.2
enamel,Sr4Y4Si3O16,154.0
enamel,Sr2Y2Si8O21,154.6
enamel,Sr4Y2Si8O23,117.5
enamel,SrY2(SiO3)4,144.3
enamel,Sr3Y2(Si2O7)2,133.4
enamel,SrY4Si4O15,141.5
enamel,Sr3Y4Si4O17,134.0
enamel,Ca2La2Si2O9,146.7
enamel,Ca4La2Si2O11,151.9
enamel,Ca6La2Si2O13,153.0
enamel,Ca8La2Si2O15,118.6
enamel,CaLa2SiO6,148.2
enamel,Ca2La2SiO7,165.8
enamel,Ca3La2SiO8,166.8
enamel,Ca4La2SiO9,135.5
enamel,Ca2La6Si2O15,167.9
enamel,Ca4La6Si2O17,161.6
enamel,Ca6La6Si2O19,153.1
enamel,Ca8La6Si2O21,137.9
enamel,CaLa4SiO9,171.0
enamel,Ca2La4SiO10,145.1
enamel,Ca3La4SiO11,140.1
enamel,Ca4La4SiO12,146.5
enamel,Ca2La2Si4O13,132.0
enamel,Ca4La2Si4O15,127.9
enamel,Ca6La2Si4O17,129.3
enamel,Ca8La2Si4O19,138.2
enamel,CaLa2(SiO4)2,157.2
enamel,Ca3La2(SiO5)2,152.2
enamel,Ca2La6Si4O19,146.8
enamel,Ca4La6Si4O21,153.3
enamel,Ca6La6Si4O23,166.9
enamel,CaLa4Si2O11,154.6
enamel,Ca3La4Si2O13,166.5
enamel,Ca2La2Si6O17,141.1
enamel,Ca4La2Si6O19,135.5
enamel,Ca6La2(Si2O7)3,136.9
enamel,Ca8La2Si6O23,127.4
enamel,CaLa2Si3O10,126.0
enamel,Ca2La2Si3O11,131.2
enamel,Ca3La2(SiO4)3,135.0
enamel,Ca4La2Si3O13,125.6
enamel,Ca2La6Si6O23,168.4
enamel,CaLa4Si3O13,146.2
enamel,Ca2La4Si3O14,152.1
enamel,Ca3La4(SiO5)3,154.9
enamel,Ca4La4Si3O16,165.0
enamel,Ca2La2Si8O21,146.7
enamel,Ca4La2Si8O23,119.9
enamel,CaLa2(SiO3)4,145.9
enamel,Ca3La2(Si2O7)2,141.5
enamel,CaLa4Si4O15,168.5
enamel,Ca3La4Si4O17,145.8
enamel,La2Mg2Si2O9,143.8
enamel,La2Mg4Si2O11,144.8
enamel,La2Mg6Si2O13,141.5
enamel,La2Mg8Si2O15,141.2
enamel,La2MgSiO6,186.6
enamel,La2Mg2SiO7,177.9
enamel,La2Mg3SiO8,166.6
enamel,La2Mg4SiO9,146.9
enamel,La6Mg2Si2O15,167.8
enamel,La6Mg4Si2O17,194.9
enamel,La6Mg6Si2O19,184.5
enamel,La6Mg8Si2O21,188.4
enamel,La4MgSiO9,174.0
enamel,La4Mg2SiO10,193.2
enamel,La4Mg3SiO11,174.2
enamel,La4Mg4SiO12,161.5
enamel,La2Mg2Si4O13,119.8
enamel,La2Mg4Si4O15,117.7
enamel,La2Mg6Si4O17,124.7
enamel,La2Mg8Si4O19,141.2
enamel,La2Mg(SiO4)2,129.2
enamel,La2Mg3(SiO5)2,150.2
enamel,La6Mg2Si4O19,145.8
enamel,La6Mg4Si4O21,159.0
enamel,La6Mg6Si4O23,159.2
enamel,La4MgSi2O11,164.0
enamel,La4Mg3Si2O13,171.5
enamel,La2Mg2Si6O17,141.3
enamel,La2Mg4Si6O19,137.0
enamel,La2Mg6(Si2O7)3,123.3
enamel,La2Mg8Si6O23,145.8
enamel,La2MgSi3O10,123.6
enamel,La2Mg2Si3O11,117.7
enamel,La2Mg3(SiO4)3,125.9
enamel,La2Mg4Si3O13,120.4
enamel,La6Mg2Si6O23,156.0
enamel,La4MgSi3O13,143.7
enamel,La4Mg2Si3O14,141.2
enamel,La4Mg3(SiO5)3,134.5
enamel,La4Mg4Si3O16,158.1
enamel,La2Mg2Si8O21,144.8
enamel,La2Mg4Si8O23,125.8
enamel,La2Mg(SiO3)4,126.5
enamel,La2Mg3(Si2O7)2,124.6
enamel,La4MgSi4O15,146.3
enamel,La4Mg3Si4O17,127.4
enamel,Sr2La2Si2O9,111.2
enamel,Sr4La2Si2O11,128.2
enamel,Sr6La2Si2O13,137.3
enamel,Sr8La2Si2O15,97.3
enamel,SrLa2SiO6,128.9
enamel,Sr2La2SiO7,147.2
enamel,Sr3La2SiO8,124.1
enamel,Sr4La2SiO9,89.5
enamel,Sr2La6Si2O15,152.5
enamel,Sr4La6Si2O17,139.7
enamel,Sr6La6Si2O19,134.8
enamel,Sr8La6Si2O21,125.7
enamel,SrLa4SiO9,147.8
enamel,Sr2La4SiO10,141.0
enamel,Sr3La4SiO11,133.9
enamel,Sr4La4SiO12,132.2
enamel,Sr2La2Si4O13,124.9
enamel,Sr4La2Si4O15,108.9
enamel,Sr6La2Si4O17,115.4
enamel,Sr8La2Si4O19,122.9
enamel,SrLa2(SiO4)2,144.4
enamel,Sr3La2(SiO5)2,145.1
enamel,Sr2La6Si4O19,153.4
enamel,Sr4La6Si4O21,122.1
enamel,Sr6La6Si4O23,133.3
enamel,SrLa4Si2O11,130.9
enamel,Sr3La4Si2O13,141.4
enamel,Sr2La2Si6O17,125.0
enamel,Sr4La2Si6O19,119.9
enamel,Sr6La2(Si2O7)3,143.0
enamel,Sr8La2Si6O23,146.7
enamel,SrLa2Si3O10,133.1
enamel,Sr2La2Si3O11,140.6
enamel,Sr3La2(SiO4)3,151.0
enamel,Sr4La2Si3O13,109.0
enamel,Sr2La6Si6O23,147.1
enamel,SrLa4Si3O13,153.9
enamel,Sr2La4Si3O14,111.9
enamel,Sr3La4(SiO5)3,120.8
enamel,Sr4La4Si3O16,126.9
enamel,Sr2La2Si8O21,121.9
enamel,Sr4La2Si8O23,115.2
enamel,SrLa2(SiO3)4,124.9
enamel,Sr3La2(Si2O7)2,136.7
enamel,SrLa4Si4O15,153.0
enamel,Sr3La4Si4O17,140.0
enamel,CaMgSiO4,134.8
enamel,CaMg2SiO5,135.5
enamel,CaMg3SiO6,125.0
enamel,CaMg4SiO7,127.7
enamel,Ca2MgSiO5,130.6
enamel,Ca2Mg2SiO6,123.2
enamel,Ca2Mg3SiO7,128.6
enamel,Ca2Mg4SiO8,127.8
enamel,Ca3MgSiO6,124.7
enamel,Ca3Mg2SiO7,123.4
enamel,Ca3Mg3SiO8,124.3
enamel,Ca3Mg4SiO9,124.5
enamel,Ca4MgSiO7,125.1
enamel,Ca4Mg2SiO8,124.9
enamel,Ca4Mg3SiO9,134.2
enamel,Ca4Mg4SiO10,128.6
enamel,CaMg(SiO3)2,142.5
enamel,CaMg2Si2O7,120.4
enamel,CaMg3(SiO4)2,123.1
enamel,CaMg4Si2O9,130.3
enamel,Ca2MgSi2O7,126.6
enamel,Ca2Mg3Si2O9,135.5
enamel,Ca3Mg(SiO4)2,130.8
enamel,Ca3Mg2Si2O9,136.3
enamel,Ca3Mg3(SiO5)2,134.1
enamel,Ca3Mg4Si2O11,129.1
enamel,Ca4MgSi2O9,131.3
enamel,Ca4Mg3Si2O11,124.7
enamel,CaMgSi3O8,111.9
enamel,CaMg2(SiO3)3,164.4
enamel,CaMg3Si3O10,149.0
enamel,CaMg4Si3O11,122.0
enamel,Ca2Mg(SiO3)3,135.8
enamel,Ca2Mg2Si3O10,132.5
enamel,Ca2Mg3Si3O11,123.7
enamel,Ca2Mg4(SiO4)3,125.4
enamel,Ca3MgSi3O10,139.9
enamel,Ca3Mg2Si3O11,128.6
enamel,Ca3Mg4Si3O13,135.1
enamel,Ca4MgSi3O11,125.6
enamel,Ca4Mg2(SiO4)3,134.7
enamel,Ca4Mg3Si3O13,136.1
enamel,Ca4Mg4Si3O14,134.1
enamel,CaMg(Si2O5)2,130.0
enamel,CaMg2Si4O11,123.4
enamel,CaMg3(SiO3)4,178.7
enamel,CaMg4Si4O13,169.7
enamel,Ca2MgSi4O11,126.0
enamel,Ca2Mg3Si4O13,134.6
enamel,Ca3Mg(SiO3)4,147.2
enamel,Ca3Mg2Si4O13,132.4
enamel,Ca3Mg3(Si2O7)2,124.8
enamel,Ca3Mg4Si4O15,122.8
enamel,Ca4MgSi4O13,139.9
enamel,Ca4Mg3Si4O15,130.0
enamel,SrCaSiO4,129.0
enamel,Sr2CaSiO5,142.7
enamel,Sr3CaSiO6,110.4
enamel,Sr4CaSiO7,121.6
enamel,SrCa2SiO5,130.7
enamel,Sr2Ca2SiO6,145.0
enamel,Sr3Ca2SiO7,113.2
enamel,Sr4Ca2SiO8,124.0
enamel,SrCa3SiO6,131.1
enamel,Sr2Ca3SiO7,119.2
enamel,Sr3Ca3SiO8,115.6
enamel,Sr4Ca3SiO9,127.8
enamel,SrCa4SiO7,134.6
enamel,Sr2Ca4SiO8,121.2
enamel,Sr3Ca4SiO9,119.3
enamel,Sr4Ca4SiO10,120.8
enamel,SrCa(SiO3)2,165.7
enamel,Sr2CaSi2O7,118.8
enamel,Sr3Ca(SiO4)2,141.7
enamel,Sr4CaSi2O9,138.8
enamel,SrCa2Si2O7,110.3
enamel,Sr3Ca2Si2O9,146.2
enamel,SrCa3(SiO4)2,120.8
enamel,Sr2Ca3Si2O9,130.1
enamel,Sr3Ca3(SiO5)2,148.8
enamel,Sr4Ca3Si2O11,142.6
enamel,SrCa4Si2O9,121.8
enamel,Sr3Ca4Si2O11,133.9
enamel,SrCaSi3O8,114.0
enamel,Sr2Ca(SiO3)3,132.3
enamel,Sr3CaSi3O10,129.5
enamel,Sr4CaSi3O11,126.3
enamel,SrCa2(SiO3)3,157.3
enamel,Sr2Ca2Si3O10,124.9
enamel,Sr3Ca2Si3O11,120.7
enamel,Sr4Ca2(SiO4)3,140.8
enamel,SrCa3Si3O10,126.2
enamel,Sr2Ca3Si3O11,119.3
enamel,Sr4Ca3Si3O13,140.8
enamel,SrCa4Si3O11,112.4
enamel,Sr2Ca4(SiO4)3,121.1
enamel,Sr3Ca4Si3O13,127.5
enamel,Sr4Ca4Si3O14,133.9
enamel,SrCa(Si2O5)2,109.8
enamel,Sr2CaSi4O11,135.3
enamel,Sr3Ca(SiO3)4,152.6
enamel,Sr4CaSi4O13,126.0
enamel,SrCa2Si4O11,129.2
enamel,Sr3Ca2Si4O13,123.5
enamel,SrCa3(SiO3)4,158.9
enamel,Sr2Ca3Si4O13,133.7
enamel,Sr3Ca3(Si2O7)2,123.1
enamel,Sr4Ca3Si4O15,123.7
enamel,SrCa4Si4O13,124.4
enamel,Sr3Ca4Si4O15,120.1
enamel,SrMgSiO4,135.5
enamel,Sr2MgSiO5,136.0
enamel,Sr3MgSiO6,135.2
enamel,Sr4MgSiO7,118.0
enamel,SrMg2SiO5,132.1
enamel,Sr2Mg2SiO6,125.0
enamel,Sr3Mg2SiO7,140.9
enamel,Sr4Mg2SiO8,146.2
enamel,SrMg3SiO6,124.8
enamel,Sr2Mg3SiO7,135.3
enamel,Sr3Mg3SiO8,130.5
enamel,Sr4Mg3SiO9,147.1
enamel,SrMg4SiO7,125.7
enamel,Sr2Mg4SiO8,129.0
enamel,Sr3Mg4SiO9,123.0
enamel,Sr4Mg4SiO10,136.4
enamel,SrMg(SiO3)2,128.8
enamel,Sr2MgSi2O7,116.4
enamel,Sr3Mg(SiO4)2,133.5
enamel,Sr4MgSi2O9,149.9
enamel,SrMg2Si2O7,115.6
enamel,Sr3Mg2Si2O9,132.8
enamel,SrMg3(SiO4)2,123.5
enamel,Sr2Mg3Si2O9,140.2
enamel,Sr3Mg3(SiO5)2,123.8
enamel,Sr4Mg3Si2O11,131.5
enamel,SrMg4Si2O9,132.3
enamel,Sr3Mg4Si2O11,125.3
enamel,SrMgSi3O8,123.4
enamel,Sr2Mg(SiO3)3,145.9
enamel,Sr3MgSi3O10,124.8
enamel,Sr4MgSi3O11,127.6
enamel,SrMg2(SiO3)3,123.2
enamel,Sr2Mg2Si3O10,131.6
enamel,Sr3Mg2Si3O11,121.9
enamel,Sr4Mg2(SiO4)3,132.2
enamel,SrMg3Si3O10,134.5
enamel,Sr2Mg3Si3O11,123.8
enamel,Sr4Mg3Si3O13,124.6
enamel,SrMg4Si3O11,121.9
enamel,Sr2Mg4(SiO4)3,123.1
enamel,Sr3Mg4Si3O13,139.5
enamel,Sr4Mg4Si3O14,123.9
enamel,SrMg(Si2O5)2,121.6
enamel,Sr2MgSi4O11,116.5
enamel,Sr3Mg(SiO3)4,144.4
enamel,Sr4MgSi4O13,127.6
enamel,SrMg2Si4O11,125.4
enamel,Sr3Mg2Si4O13,133.6
enamel,SrMg3(SiO3)4,143.0
enamel,Sr2Mg3Si4O13,123.4
enamel,Sr3Mg3(Si2O7)2,125.2
enamel,Sr4Mg3Si4O15,121.9
enamel,SrMg4Si4O13,132.7
enamel,Sr3Mg4Si4O15,121.7
enamel,CeAlPO6,135.4
enamel,Ce2Al4P2O15,159.7
enamel,CeAl3PO9,151.2
enamel,Ce2Al8P2O21,157.2
enamel,Ce2Al2P4O17,140.9
enamel,CeAl2(PO5)2,142.4
enamel,Ce2Al6P4O23,135.7
enamel,CeAl4P2O13,160.9
enamel,CeAlP3O11,116.7
enamel,Ce2Al4P6O25,140.1
enamel,CeAl3P3O14,146.6
enamel,Ce2Al2P8O27,102.6
enamel,CeAl2P4O15,110.0
enamel,CeAl4(P2O9)2,138.7
enamel,Ce2AlPO8,134.5
enamel,Ce4Al4P2O19,138.7
enamel,Ce2Al3PO11,128.1
enamel,Ce4Al8P2O25,127.2
enamel,Ce4Al2P4O21,141.5
enamel,Ce2AlP3O13,140.5
enamel,Ce2Al3P3O16,152.4
enamel,Ce3AlPO10,137.2
enamel,Ce6Al4P2O23,143.6
enamel,Ce3Al3PO13,138.2
enamel,Ce6Al2P4O25,123.2
enamel,Ce3Al2(PO7)2,134.3
enamel,Ce3Al4P2O17,135.0
enamel,Ce3Al(PO5)3,123.5
enamel,Ce3Al2P4O19,138.4
enamel,Ce3Al4(P2O11)2,155.0
enamel,Ce4AlPO12,129.4
enamel,Ce4Al3PO15,141.9
enamel,Ce4AlP3O17,124.3
enamel,Ce4Al3P3O20,131.7
enamel,CeYPO6,135.2
enamel,Ce2Y4P2O15,146.4
enamel,CeY3PO9,148.0
enamel,Ce2Y8P2O21,153.0
enamel,Ce2Y2P4O17,126.6
enamel,CeY2(PO5)2,120.4
enamel,Ce2Y6P4O23,141.3
enamel,CeY4P2O13,133.3
enamel,CeYP3O11,114.3
enamel,Ce2Y4P6O25,130.1
enamel,CeY3P3O14,129.2
enamel,Ce2Y2P8O27,104.9
enamel,CeY2P4O15,142.3
enamel,CeY4(P2O9)2,142.4
enamel,Ce2YPO8,150.3
enamel,Ce4Y4P2O19,147.7
enamel,Ce2Y3PO11,150.5
enamel,Ce4Y8P2O25,147.6
enamel,Ce4Y2P4O21,116.4
enamel,Ce2YP3O13,119.1
enamel,Ce2Y3P3O16,122.8
enamel,Ce3YPO10,131.8
enamel,Ce6Y4P2O23,138.1
enamel,Ce3Y3PO13,140.5
enamel,Ce6Y2P4O25,125.0
enamel,Ce3Y2(PO7)2,142.7
enamel,Ce3Y4P2O17,142.9
enamel,Ce3Y(PO5)3,121.1
enamel,Ce3Y2P4O19,123.9
enamel,Ce3Y4(P2O11)2,122.0
enamel,Ce4YPO12,117.6
enamel,Ce4Y3PO15,146.3
enamel,Ce4YP3O17,111.0
enamel,Ce4Y3P3O20,143.2
enamel,LaCePO6,143.4
enamel,La4Ce2P2O15,127.5
enamel,La3CePO9,129.4
enamel,La8Ce2P2O21,135.8
enamel,La2Ce2P4O17,121.6
enamel,La2Ce(PO5)2,133.8
enamel,La6Ce2P4O23,152.3
enamel,La4CeP2O13,119.8
enamel,LaCeP3O11,116.1
enamel,La4Ce2P6O25,126.5
enamel,La3CeP3O14,133.0
enamel,La2Ce2P8O27,98.2
enamel,La2CeP4O15,127.7
enamel,La4Ce(P2O9)2,123.3
enamel,LaCe2PO8,146.8
enamel,La4Ce4P2O19,131.1
enamel,La3Ce2PO11,124.9
enamel,La8Ce4P2O25,136.3
enamel,La2Ce4P4O21,122.8
enamel,LaCe2P3O13,122.4
enamel,La3Ce2P3O16,130.3
enamel,LaCe3PO10,124.5
enamel,La4Ce6P2O23,130.5
enamel,La3Ce3PO13,130.6
enamel,La2Ce6P4O25,122.2
enamel,La2Ce3(PO7)2,143.2
enamel,La4Ce3P2O17,126.1
enamel,LaCe3(PO5)3,121.0
enamel,La2Ce3P4O19,118.0
enamel,La4Ce3(P2O11)2,132.2
enamel,LaCe4PO12,115.6
enamel,La3Ce4PO15,131.2
enamel,LaCe4P3O17,121.2
enamel,La3Ce4P3O20,150.8
enamel,Ca2Ce2P2O11,126.5
enamel,Ca4Ce2P2O13,121.1
enamel,Ca6Ce2P2O15,113.4
enamel,Ca8Ce2P2O17,121.5
enamel,CaCe(PO4)2,134.0
enamel,Ca2CeP2O9,115.5
enamel,Ca3Ce(PO5)2,117.7
enamel,Ca4CeP2O11,121.6
enamel,Ca2Ce2(P2O7)3,137.1
enamel,Ca4Ce2P6O23,131.5
enamel,Ca6Ce2P6O25,116.1
enamel,CaCeP4O13,117.0
enamel,Ca2Ce(P2O7)2,133.9
enamel,Ca3CeP4O15,124.5
enamel,Ca4Ce(PO4)4,107.3
enamel,Ca2Ce4P2O15,146.1
enamel,Ca4Ce4P2O17,139.1
enamel,Ca6Ce4P2O19,146.5
enamel,Ca8Ce4P2O21,147.8
enamel,CaCe2(PO5)2,116.0
enamel,Ca3Ce2(PO6)2,123.5
enamel,Ca2Ce4P6O25,122.8
enamel,CaCe2P4O15,133.1
enamel,Ca3Ce2P4O17,110.1
enamel,Ca2Ce6P2O19,144.9
enamel,Ca4Ce6P2O21,138.8
enamel,Ca6Ce6P2O23,164.7
enamel,CaCe3(PO6)2,132.2
enamel,Ca2Ce3P2O13,127.7
enamel,Ca3Ce3(PO7)2,139.3
enamel,Ca4Ce3P2O15,134.8
enamel,CaCe3P4O17,118.9
enamel,Ca2Ce3(P2O9)2,130.2
enamel,Ca3Ce3P4O19,118.4
enamel,Ca4Ce3(PO5)4,120.8
enamel,Ca2Ce8P2O23,133.2
enamel,Ca4Ce8P2O25,146.2
enamel,CaCe4(PO7)2,146.8
enamel,Ca3Ce4(PO8)2,148.1
enamel,CaCe4P4O19,122.5
enamel,Ca3Ce4P4O21,129.6
enamel,Ce2Mg2P2O11,126.6
enamel,Ce2Mg4P2O13,112.7
enamel,Ce2Mg6P2O15,136.1
enamel,Ce2Mg8P2O17,135.1
enamel,CeMg(PO4)2,151.5
enamel,CeMg2P2O9,126.1
enamel,CeMg3(PO5)2,112.7
enamel,CeMg4P2O11,106.1
enamel,Ce2Mg2(P2O7)3,137.5
enamel,Ce2Mg4P6O23,154.8
enamel,Ce2Mg6P6O25,125.5
enamel,CeMgP4O13,115.0
enamel,CeMg2(P2O7)2,168.5
enamel,CeMg3P4O15,155.9
enamel,CeMg4(PO4)4,137.3
enamel,Ce4Mg2P2O15,135.9
enamel,Ce4Mg4P2O17,133.9
enamel,Ce4Mg6P2O19,135.7
enamel,Ce4Mg8P2O21,137.8
enamel,Ce2Mg(PO5)2,126.9
enamel,Ce2Mg3(PO6)2,121.5
enamel,Ce4Mg2P6O25,134.7
enamel,Ce2MgP4O15,133.7
enamel,Ce2Mg3P4O17,152.9
enamel,Ce6Mg2P2O19,143.3
enamel,Ce6Mg4P2O21,131.8
enamel,Ce6Mg6P2O23,137.9
enamel,Ce3Mg(PO6)2,133.9
enamel,Ce3Mg2P2O13,135.9
enamel,Ce3Mg3(PO7)2,120.4
enamel,Ce3Mg4P2O15,130.3
enamel,Ce3MgP4O17,135.2
enamel,Ce3Mg2(P2O9)2,147.7
enamel,Ce3Mg3P4O19,127.7
enamel,Ce3Mg4(PO5)4,122.2
enamel,Ce8Mg2P2O23,153.3
enamel,Ce8Mg4P2O25,148.8
enamel,Ce4Mg(PO7)2,141.7
enamel,Ce4Mg3(PO8)2,131.6
enamel,Ce4MgP4O19,122.0
enamel,Ce4Mg3P4O21,126.9
enamel,Sr2Ce2P2O11,106.3
enamel,Sr4Ce2P2O13,97.9
enamel,Sr6Ce2P2O15,120.0
enamel,Sr8Ce2P2O17,121.1
enamel,SrCe(PO4)2,121.1
enamel,Sr2CeP2O9,94.7
enamel,Sr3Ce(PO5)2,99.9
enamel,Sr4CeP2O11,105.3
enamel,Sr2Ce2(P2O7)3,114.8
enamel,Sr4Ce2P6O23,113.2
enamel,Sr6Ce2P6O25,92.5
enamel,SrCeP4O13,117.1
enamel,Sr2Ce(P2O7)2,121.3
enamel,Sr3CeP4O15,105.0
enamel,Sr4Ce(PO4)4,89.7
enamel,Sr2Ce4P2O15,143.7
enamel,Sr4Ce4P2O17,119.5
enamel,Sr6Ce4P2O19,133.9
enamel,Sr8Ce4P2O21,136.7
enamel,SrCe2(PO5)2,122.0
enamel,Sr3Ce2(PO6)2,92.8
enamel,Sr2Ce4P6O25,113.6
enamel,SrCe2P4O15,142.3
enamel,Sr3Ce2P4O17,105.9
enamel,Sr2Ce6P2O19,126.6
enamel,Sr4Ce6P2O21,129.1
enamel,Sr6Ce6P2O23,145.1
enamel,SrCe3(PO6)2,141.6
enamel,Sr2Ce3P2O13,136.1
enamel,Sr3Ce3(PO7)2,104.8
enamel,Sr4Ce3P2O15,113.8
enamel,SrCe3P4O17,114.4
enamel,Sr2Ce3(P2O9)2,117.5
enamel,Sr3Ce3P4O19,114.8
enamel,Sr4Ce3(PO5)4,101.3
enamel,Sr2Ce8P2O23,122.9
enamel,Sr4Ce8P2O25,125.9
enamel,SrCe4(PO7)2,144.7
enamel,Sr3Ce4(PO8)2,115.5
enamel,SrCe4P4O19,119.5
enamel,Sr3Ce4P4O21,138.8
enamel,CeYAlO5,161.3
enamel,Ce2Y4Al2O13,165.9
enamel,CeY3AlO8,172.0
enamel,Ce2Y8Al2O19,161.3
enamel,Ce2Y2Al4O13,172.7
enamel,CeY2Al2O8,155.4
enamel,Ce2Y6Al4O19,156.5
enamel,CeY4Al2O11,158.3
enamel,CeYAl3O8,159.5
enamel,Ce2Y4Al6O19,174.2
enamel,CeY3Al3O11,175.1
enamel,Ce2Y2Al8O19,138.7
enamel,CeY2Al4O11,164.4
enamel,CeY4Al4O14,175.7
enamel,Ce2YAlO7,160.7
enamel,Ce4Y4Al2O17,162.2
enamel,Ce2Y3AlO10,174.0
enamel,Ce4Y8Al2O23,166.0
enamel,Ce4Y2Al4O17,160.9
enamel,Ce4Y6Al4O23,165.4
enamel,Ce2YAl3O10,148.5
enamel,Ce4Y4Al6O23,152.1
enamel,Ce2Y3Al3O13,155.9
enamel,Ce4Y2Al8O23,140.0
enamel,Ce3YAlO9,155.0
enamel,Ce6Y4Al2O21,151.0
enamel,Ce3Y3AlO12,159.1
enamel,Ce6Y2Al4O21,152.1
enamel,Ce3Y2Al2O12,160.9
enamel,Ce3Y4Al2O15,166.8
enamel,Ce3YAl3O12,175.9
enamel,Ce3Y2Al4O15,159.5
enamel,Ce3Y4Al4O18,162.3
enamel,Ce4YAlO11,149.0
enamel,Ce8Y4Al2O25,147.6
enamel,Ce4Y3AlO14,154.8
enamel,Ce8Y2Al4O25,150.9
enamel,Ce4YAl3O14,152.8
enamel,Ce4Y3Al3O17,165.9
enamel,LaCeAlO5,145.1
enamel,La4Ce2Al2O13,132.8
enamel,La3CeAlO8,141.3
enamel,La8Ce2Al2O19,148.0
enamel,La2Ce2Al4O13,168.1
enamel,La2CeAl2O8,156.6
enamel,La6Ce2Al4O19,155.7
enamel,La4CeAl2O11,147.8
enamel,LaCeAl3O8,134.1
enamel,La4Ce2Al6O19,171.6
enamel,La3CeAl3O11,153.7
enamel,La2Ce2Al8O19,147.0
enamel,La2CeAl4O11,140.3
enamel,La4CeAl4O14,153.7
enamel,LaCe2AlO7,142.4
enamel,La4Ce4Al2O17,129.1
enamel,La3Ce2AlO10,144.1
enamel,La8Ce4Al2O23,143.3
enamel,La2Ce4Al4O17,154.5
enamel,La6Ce4Al4O23,147.9
enamel,LaCe2Al3O10,145.9
enamel,La4Ce4Al6O23,152.6
enamel,La3Ce2Al3O13,145.6
enamel,La2Ce4Al8O23,135.7
enamel,LaCe3AlO9,147.5
enamel,La4Ce6Al2O21,131.8
enamel,La3Ce3AlO12,147.3
enamel,La2Ce6Al4O21,140.4
enamel,La2Ce3Al2O12,143.5
enamel,La4Ce3Al2O15,146.2
enamel,LaCe3Al3O12,151.7
enamel,La2Ce3Al4O15,153.5
enamel,La4Ce3Al4O18,145.6
enamel,LaCe4AlO11,134.3
enamel,La4Ce8Al2O25,133.6
enamel,La3Ce4AlO14,140.9
enamel,La2Ce8Al4O25,135.5
enamel,LaCe4Al3O14,148.7
enamel,La3Ce4Al3O17,151.7
enamel,Ca2Ce2Al2O9,158.9
enamel,Ca4Ce2Al2O11,147.0
enamel,Ca6Ce2Al2O13,150.6
enamel,Ca8Ce2Al2O15,142.9
enamel,CaCeAl2O6,160.9
enamel,Ca2CeAl2O7,142.8
enamel,Ca3CeAl2O8,146.7
enamel,Ca4CeAl2O9,135.0
enamel,Ca2Ce2Al6O15,139.8
enamel,Ca4Ce2Al6O17,148.0
enamel,Ca6Ce2Al6O19,146.9
enamel,Ca8Ce2Al6O21,132.8
enamel,CaCeAl4O9,155.0
enamel,Ca2CeAl4O10,135.7
enamel,Ca3CeAl4O11,133.0
enamel,Ca4CeAl4O12,139.6
enamel,Ca2Ce4Al2O13,161.1
enamel,Ca4Ce4Al2O15,167.9
enamel,Ca6Ce4Al2O17,155.1
enamel,Ca8Ce4Al2O19,156.3
enamel,CaCe2Al2O8,150.2
enamel,Ca3Ce2Al2O10,154.4
enamel,Ca2Ce4Al6O19,145.3
enamel,Ca4Ce4Al6O21,141.5
enamel,Ca6Ce4Al6O23,145.2
enamel,CaCe2Al4O11,133.6
enamel,Ca3Ce2Al4O13,148.7
enamel,Ca2Ce6Al2O17,155.6
enamel,Ca4Ce6Al2O19,160.1
enamel,Ca6Ce6Al2O21,167.1
enamel,Ca8Ce6Al2O23,164.5
enamel,CaCe3Al2O10,161.0
enamel,Ca2Ce3Al2O11,151.2
enamel,Ca3Ce3Al2O12,166.7
enamel,Ca4Ce3Al2O13,157.9
enamel,Ca2Ce6Al6O23,149.5
enamel,CaCe3Al4O13,143.4
enamel,Ca2Ce3Al4O14,136.5
enamel,Ca3Ce3Al4O15,144.0
enamel,Ca4Ce3Al4O16,144.5
enamel,Ca2Ce8Al2O21,151.4
enamel,Ca4Ce8Al2O23,154.9
enamel,CaCe4Al2O12,148.4
enamel,Ca3Ce4Al2O14,159.4
enamel,CaCe4Al4O15,181.1
enamel,Ca3Ce4Al4O17,154.0
enamel,Ce2Mg2Al2O9,157.3
enamel,Ce2Mg4Al2O11,137.3
enamel,Ce2Mg6Al2O13,141.7
enamel,Ce2Mg8Al2O15,148.5
enamel,CeMgAl2O6,152.0
enamel,CeMg2Al2O7,150.8
enamel,CeMg3Al2O8,146.7
enamel,CeMg4Al2O9,140.4
enamel,Ce2Mg2Al6O15,151.6
enamel,Ce2Mg4Al6O17,156.7
enamel,Ce2Mg6Al6O19,150.9
enamel,Ce2Mg8Al6O21,155.9
enamel,CeMgAl4O9,152.8
enamel,CeMg2Al4O10,153.4
enamel,CeMg3Al4O11,150.6
enamel,CeMg4Al4O12,151.2
enamel,Ce4Mg2Al2O13,152.6
enamel,Ce4Mg4Al2O15,141.2
enamel,Ce4Mg6Al2O17,145.0
enamel,Ce4Mg8Al2O19,164.3
enamel,Ce2MgAl2O8,143.7
enamel,Ce2Mg3Al2O10,158.8
enamel,Ce4Mg2Al6O19,155.6
enamel,Ce4Mg4Al6O21,155.9
enamel,Ce4Mg6Al6O23,152.0
enamel,Ce2MgAl4O11,132.8
enamel,Ce2Mg3Al4O13,151.1
enamel,Ce6Mg2Al2O17,148.5
enamel,Ce6Mg4Al2O19,151.9
enamel,Ce6Mg6Al2O21,152.0
enamel,Ce6Mg8Al2O23,146.5
enamel,Ce3MgAl2O10,153.7
enamel,Ce3Mg2Al2O11,140.9
enamel,Ce3Mg3Al2O12,162.6
enamel,Ce3Mg4Al2O13,164.3
enamel,Ce6Mg2Al6O23,161.8
enamel,Ce3MgAl4O13,157.0
enamel,Ce3Mg2Al4O14,153.5
enamel,Ce3Mg3Al4O15,157.3
enamel,Ce3Mg4Al4O16,154.3
enamel,Ce8Mg2Al2O21,148.7
enamel,Ce8Mg4Al2O23,151.9
enamel,Ce4MgAl2O12,143.4
enamel,Ce4Mg3Al2O14,146.1
enamel,Ce4MgAl4O15,161.8
enamel,Ce4Mg3Al4O17,156.1
enamel,Sr2Ce2Al2O9,134.3
enamel,Sr4Ce2Al2O11,147.8
enamel,Sr6Ce2Al2O13,136.6
enamel,Sr8Ce2Al2O15,103.7
enamel,SrCeAl2O6,143.8
enamel,Sr2CeAl2O7,145.8
enamel,Sr3CeAl2O8,126.2
enamel,Sr4CeAl2O9,133.3
enamel,Sr2Ce2Al6O15,137.5
enamel,Sr4Ce2Al6O17,148.5
enamel,Sr6Ce2Al6O19,140.6
enamel,Sr8Ce2Al6O21,127.3
enamel,SrCeAl4O9,143.8
enamel,Sr2CeAl4O10,142.3
enamel,Sr3CeAl4O11,135.4
enamel,Sr4CeAl4O12,140.4
enamel,Sr2Ce4Al2O13,148.4
enamel,Sr4Ce4Al2O15,159.9
enamel,Sr6Ce4Al2O17,132.2
enamel,Sr8Ce4Al2O19,121.3
enamel,SrCe2Al2O8,135.4
enamel,Sr3Ce2Al2O10,143.4
enamel,Sr2Ce4Al6O19,154.3
enamel,Sr4Ce4Al6O21,149.4
enamel,Sr6Ce4Al6O23,155.3
enamel,SrCe2Al4O11,135.9
enamel,Sr3Ce2Al4O13,158.8
enamel,Sr2Ce6Al2O17,139.4
enamel,Sr4Ce6Al2O19,140.3
enamel,Sr6Ce6Al2O21,137.9
enamel,Sr8Ce6Al2O23,144.5
enamel,SrCe3Al2O10,164.7
enamel,Sr2Ce3Al2O11,139.1
enamel,Sr3Ce3Al2O12,156.8
enamel,Sr4Ce3Al2O13,151.2
enamel,Sr2Ce6Al6O23,154.3
enamel,SrCe3Al4O13,151.2
enamel,Sr2Ce3Al4O14,145.5
enamel,Sr3Ce3Al4O15,142.6
enamel,Sr4Ce3Al4O16,149.2
enamel,Sr2Ce8Al2O21,145.1
enamel,Sr4Ce8Al2O23,129.5
enamel,SrCe4Al2O12,139.3
enamel,Sr3Ce4Al2O14,143.2
enamel,SrCe4Al4O15,155.9
enamel,Sr3Ce4Al4O17,147.3
enamel,LaCeYO5,141.7
enamel,La4Ce2Y2O13,134.8
enamel,La3CeYO8,134.2
enamel,La8Ce2Y2O19,134.1
enamel,La2Ce2Y4O13,147.8
enamel,La2CeY2O8,150.4
enamel,La6Ce2Y4O19,145.3
enamel,La4CeY2O11,129.6
enamel,LaCeY3O8,147.7
enamel,La4Ce2Y6O19,151.2
enamel,La3CeY3O11,145.5
enamel,La2Ce2Y8O19,153.3
enamel,La2CeY4O11,149.1
enamel,La4CeY4O14,149.1
enamel,LaCe2YO7,150.0
enamel,La4Ce4Y2O17,144.6
enamel,La3Ce2YO10,139.2
enamel,La8Ce4Y2O23,146.4
enamel,La2Ce4Y4O17,148.6
enamel,La6Ce4Y4O23,142.3
enamel,LaCe2Y3O10,140.2
enamel,La4Ce4Y6O23,150.5
enamel,La3Ce2Y3O13,149.4
enamel,La2Ce4Y8O23,150.4
enamel,LaCe3YO9,151.7
enamel,La4Ce6Y2O21,149.8
enamel,La3Ce3YO12,149.5
enamel,La2Ce6Y4O21,151.2
enamel,La2Ce3Y2O12,147.2
enamel,La4Ce3Y2O15,136.7
enamel,LaCe3Y3O12,147.8
enamel,La2Ce3Y4O15,142.7
enamel,La4Ce3Y4O18,149.5
enamel,LaCe4YO11,152.4
enamel,La4Ce8Y2O25,152.5
enamel,La3Ce4YO14,150.7
enamel,La2Ce8Y4O25,153.2
enamel,LaCe4Y3O14,151.2
enamel,La3Ce4Y3O17,147.0
enamel,Ca2Ce2Y2O9,146.9
enamel,Ca4Ce2Y2O11,132.2
enamel,Ca6Ce2Y2O13,128.3
enamel,Ca8Ce2Y2O15,140.7
enamel,CaCeY2O6,147.4
enamel,Ca2CeY2O7,132.7
enamel,Ca3CeY2O8,134.9
enamel,Ca4CeY2O9,129.8
enamel,Ca2Ce2Y6O15,157.7
enamel,Ca4Ce2Y6O17,141.7
enamel,Ca6Ce2Y6O19,134.9
enamel,Ca8Ce2Y6O21,134.5
enamel,CaCeY4O9,159.2
enamel,Ca2CeY4O10,138.6
enamel,Ca3CeY4O11,135.9
enamel,Ca4CeY4O12,137.1
enamel,Ca2Ce4Y2O13,136.8
enamel,Ca4Ce4Y2O15,152.1
enamel,Ca6Ce4Y2O17,130.7
enamel,Ca8Ce4Y2O19,129.7
enamel,CaCe2Y2O8,157.0
enamel,Ca3Ce2Y2O10,133.8
enamel,Ca2Ce4Y6O19,150.0
enamel,Ca4Ce4Y6O21,146.9
enamel,Ca6Ce4Y6O23,136.6
enamel,CaCe2Y4O11,153.4
enamel,Ca3Ce2Y4O13,146.9
enamel,Ca2Ce6Y2O17,157.9
enamel,Ca4Ce6Y2O19,141.2
enamel,Ca6Ce6Y2O21,118.2
enamel,Ca8Ce6Y2O23,133.1
enamel,CaCe3Y2O10,150.1
enamel,Ca2Ce3Y2O11,140.5
enamel,Ca3Ce3Y2O12,146.4
enamel,Ca4Ce3Y2O13,136.9
enamel,Ca2Ce6Y6O23,165.4
enamel,CaCe3Y4O13,144.1
enamel,Ca2Ce3Y4O14,145.6
enamel,Ca3Ce3Y4O15,146.9
enamel,Ca4Ce3Y4O16,149.8
enamel,Ca2Ce8Y2O21,166.7
enamel,Ca4Ce8Y2O23,143.2
enamel,CaCe4Y2O12,160.3
enamel,Ca3Ce4Y2O14,142.6
enamel,CaCe4Y4O15,164.2
enamel,Ca3Ce4Y4O17,144.2
enamel,Ce2Y2Mg2O9,161.6
enamel,Ce2Y2Mg4O11,155.7
enamel,Ce2Y2Mg6O13,147.1
enamel,Ce2Y2Mg8O15,144.9
enamel,CeY2MgO6,166.1
enamel,CeY2Mg2O7,166.1
enamel,CeY2Mg3O8,162.4
enamel,CeY2Mg4O9,147.1
enamel,Ce2Y6Mg2O15,167.0
enamel,Ce2Y6Mg4O17,175.0
enamel,Ce2Y6Mg6O19,166.4
enamel,Ce2Y6Mg8O21,160.7
enamel,CeY4MgO9,171.5
enamel,CeY4Mg2O10,178.1
enamel,CeY4Mg3O11,170.8
enamel,CeY4Mg4O12,164.0
enamel,Ce4Y2Mg2O13,151.8
enamel,Ce4Y2Mg4O15,166.3
enamel,Ce4Y2Mg6O17,166.6
enamel,Ce4Y2Mg8O19,166.4
enamel,Ce2Y2MgO8,175.2
enamel,Ce2Y2Mg3O10,169.1
enamel,Ce4Y6Mg2O19,168.7
enamel,Ce4Y6Mg4O21,166.5
enamel,Ce4Y6Mg6O23,175.4
enamel,Ce2Y4MgO11,164.7
enamel,Ce2Y4Mg3O13,177.2
enamel,Ce6Y2Mg2O17,138.4
enamel,Ce6Y2Mg4O19,174.2
enamel,Ce6Y2Mg6O21,165.1
enamel,Ce6Y2Mg8O23,161.3
enamel,Ce3Y2MgO10,148.0
enamel,Ce3Y2Mg2O11,174.0
enamel,Ce3Y2Mg3O12,167.3
enamel,Ce3Y2Mg4O13,171.4
enamel,Ce6Y6Mg2O23,147.2
enamel,Ce3Y4MgO13,160.0
enamel,Ce3Y4Mg2O14,168.7
enamel,Ce3Y4Mg3O15,165.4
enamel,Ce3Y4Mg4O16,173.1
enamel,Ce8Y2Mg2O21,150.6
enamel,Ce8Y2Mg4O23,158.2
enamel,Ce4Y2MgO12,144.7
enamel,Ce4Y2Mg3O14,178.9
enamel,Ce4Y4MgO15,150.6
enamel,Ce4Y4Mg3O17,167.3
enamel,Sr2Ce2Y2O9,129.0
enamel,Sr4Ce2Y2O11,121.3
enamel,Sr6Ce2Y2O13,101.5
enamel,Sr8Ce2Y2O15,104.9
enamel,SrCeY2O6,129.7
enamel,Sr2CeY2O7,127.4
enamel,Sr3CeY2O8,124.6
enamel,Sr4CeY2O9,92.8
enamel,Sr2Ce2Y6O15,152.1
enamel,Sr4Ce2Y6O17,130.1
enamel,Sr6Ce2Y6O19,127.4
enamel,Sr8Ce2Y6O21,122.9
enamel,SrCeY4O9,157.7
enamel,Sr2CeY4O10,140.3
enamel,Sr3CeY4O11,137.5
enamel,Sr4CeY4O12,128.6
enamel,Sr2Ce4Y2O13,149.8
enamel,Sr4Ce4Y2O15,140.6
enamel,Sr6Ce4Y2O17,130.0
enamel,Sr8Ce4Y2O19,101.2
enamel,SrCe2Y2O8,161.0
enamel,Sr3Ce2Y2O10,133.7
enamel,Sr2Ce4Y6O19,151.6
enamel,Sr4Ce4Y6O21,128.3
enamel,Sr6Ce4Y6O23,134.4
enamel,SrCe2Y4O11,153.7
enamel,Sr3Ce2Y4O13,133.5
enamel,Sr2Ce6Y2O17,148.3
enamel,Sr4Ce6Y2O19,155.6
enamel,Sr6Ce6Y2O21,136.4
enamel,Sr8Ce6Y2O23,140.7
enamel,SrCe3Y2O10,153.4
enamel,Sr2Ce3Y2O11,149.9
enamel,Sr3Ce3Y2O12,142.2
enamel,Sr4Ce3Y2O13,133.5
enamel,Sr2Ce6Y6O23,150.6
enamel,SrCe3Y4O13,139.7
enamel,Sr2Ce3Y4O14,152.9
enamel,Sr3Ce3Y4O15,136.9
enamel,Sr4Ce3Y4O16,135.7
enamel,Sr2Ce8Y2O21,148.3
enamel,Sr4Ce8Y2O23,143.3
enamel,SrCe4Y2O12,150.1
enamel,Sr3Ce4Y2O14,149.5
enamel,SrCe4Y4O15,150.6
enamel,Sr3Ce4Y4O17,144.8
enamel,Ca2La2Ce2O9,128.6
enamel,Ca4La2Ce2O11,128.1
enamel,Ca6La2Ce2O13,123.0
enamel,Ca8La2Ce2O15,127.7
enamel,CaLa2CeO6,138.9
enamel,Ca2La2CeO7,121.5
enamel,Ca3La2CeO8,128.7
enamel,Ca4La2CeO9,123.4
enamel,Ca2La6Ce2O15,141.0
enamel,Ca4La6Ce2O17,131.1
enamel,Ca6La6Ce2O19,122.3
enamel,Ca8La6Ce2O21,128.7
enamel,CaLa4CeO9,132.7
enamel,Ca2La4CeO10,138.2
enamel,Ca3La4CeO11,130.6
enamel,Ca4La4CeO12,123.3
enamel,Ca2La2Ce4O13,149.5
enamel,Ca4La2Ce4O15,126.2
enamel,Ca6La2Ce4O17,118.5
enamel,Ca8La2Ce4O19,126.7
enamel,CaLa2Ce2O8,156.2
enamel,Ca3La2Ce2O10,122.9
enamel,Ca2La6Ce4O19,149.5
enamel,Ca4La6Ce4O21,136.9
enamel,Ca6La6Ce4O23,124.2
enamel,CaLa4Ce2O11,137.0
enamel,Ca3La4Ce2O13,132.0
enamel,Ca2La2Ce6O17,142.8
enamel,Ca4La2Ce6O19,148.6
enamel,Ca6La2Ce6O21,131.1
enamel,Ca8La2Ce6O23,138.5
enamel,CaLa2Ce3O10,149.1
enamel,Ca2La2Ce3O11,145.1
enamel,Ca3La2Ce3O12,127.1
enamel,Ca4La2Ce3O13,126.4
enamel,Ca2La6Ce6O23,146.0
enamel,CaLa4Ce3O13,140.4
enamel,Ca2La4Ce3O14,142.0
enamel,Ca3La4Ce3O15,130.3
enamel,Ca4La4Ce3O16,127.5
enamel,Ca2La2Ce8O21,148.4
enamel,Ca4La2Ce8O23,140.6
enamel,CaLa2Ce4O12,146.1
enamel,Ca3La2Ce4O14,144.6
enamel,CaLa4Ce4O15,149.9
enamel,Ca3La4Ce4O17,137.5
enamel,La2Ce2Mg2O9,162.7
enamel,La2Ce2Mg4O11,162.8
enamel,La2Ce2Mg6O13,157.3
enamel,La2Ce2Mg8O15,150.8
enamel,La2CeMgO6,148.4
enamel,La2CeMg2O7,155.9
enamel,La2CeMg3O8,160.5
enamel,La2CeMg4O9,159.2
enamel,La6Ce2Mg2O15,152.3
enamel,La6Ce2Mg4O17,139.7
enamel,La6Ce2Mg6O19,162.4
enamel,La6Ce2Mg8O21,165.6
enamel,La4CeMgO9,145.2
enamel,La4CeMg2O10,146.8
enamel,La4CeMg3O11,165.9
enamel,La4CeMg4O12,163.7
enamel,La2Ce4Mg2O13,136.9
enamel,La2Ce4Mg4O15,177.2
enamel,La2Ce4Mg6O17,174.2
enamel,La2Ce4Mg8O19,158.5
enamel,La2Ce2MgO8,153.9
enamel,La2Ce2Mg3O10,177.7
enamel,La6Ce4Mg2O19,149.3
enamel,La6Ce4Mg4O21,143.2
enamel,La6Ce4Mg6O23,158.7
enamel,La4Ce2MgO11,146.8
enamel,La4Ce2Mg3O13,145.5
enamel,La2Ce6Mg2O17,138.4
enamel,La2Ce6Mg4O19,169.4
enamel,La2Ce6Mg6O21,176.2
enamel,La2Ce6Mg8O23,168.9
enamel,La2Ce3MgO10,148.6
enamel,La2Ce3Mg2O11,143.3
enamel,La2Ce3Mg3O12,157.0
enamel,La2Ce3Mg4O13,175.7
enamel,La6Ce6Mg2O23,148.6
enamel,La4Ce3MgO13,140.8
enamel,La4Ce3Mg2O14,149.5
enamel,La4Ce3Mg3O15,142.2
enamel,La4Ce3Mg4O16,162.1
enamel,La2Ce8Mg2O21,146.3
enamel,La2Ce8Mg4O23,135.9
enamel,La2Ce4MgO12,139.3
enamel,La2Ce4Mg3O14,152.4
enamel,La4Ce4MgO15,148.4
enamel,La4Ce4Mg3O17,143.3
enamel,Sr2La2Ce2O9,125.5
enamel,Sr4La2Ce2O11,114.2
enamel,Sr6La2Ce2O13,108.8
enamel,Sr8La2Ce2O15,114.0
enamel,SrLa2CeO6,134.6
enamel,Sr2La2CeO7,124.0
enamel,Sr3La2CeO8,110.4
enamel,Sr4La2CeO9,108.9
enamel,Sr2La6Ce2O15,140.7
enamel,Sr4La6Ce2O17,132.2
enamel,Sr6La6Ce2O19,122.6
enamel,Sr8La6Ce2O21,112.8
enamel,SrLa4CeO9,140.7
enamel,Sr2La4CeO10,134.8
enamel,Sr3La4CeO11,128.2
enamel,Sr4La4CeO12,124.0
enamel,Sr2La2Ce4O13,148.8
enamel,Sr4La2Ce4O15,136.8
enamel,Sr6La2Ce4O17,118.4
enamel,Sr8La2Ce4O19,110.0
enamel,SrLa2Ce2O8,154.6
enamel,Sr3La2Ce2O10,122.5
enamel,Sr2La6Ce4O19,142.4
enamel,Sr4La6Ce4O21,132.6
enamel,Sr6La6Ce4O23,126.5
enamel,SrLa4Ce2O11,140.3
enamel,Sr3La4Ce2O13,128.6
enamel,Sr2La2Ce6O17,141.0
enamel,Sr4La2Ce6O19,155.4
enamel,Sr6La2Ce6O21,132.3
enamel,Sr8La2Ce6O23,130.2
enamel,SrLa2Ce3O10,151.2
enamel,Sr2La2Ce3O11,133.8
enamel,Sr3La2Ce3O12,134.3
enamel,Sr4La2Ce3O13,124.0
enamel,Sr2La6Ce6O23,150.9
enamel,SrLa4Ce3O13,141.4
enamel,Sr2La4Ce3O14,138.5
enamel,Sr3La4Ce3O15,130.0
enamel,Sr4La4Ce3O16,133.4
enamel,Sr2La2Ce8O21,150.9
enamel,Sr4La2Ce8O23,146.9
enamel,SrLa2Ce4O12,145.6
enamel,Sr3La2Ce4O14,137.8
enamel,SrLa4Ce4O15,149.2
enamel,Sr3La4Ce4O17,137.0
enamel,CaCeMgO4,157.4
enamel,CaCeMg2O5,134.0
enamel,CaCeMg3O6,139.8
enamel,CaCeMg4O7,139.5
enamel,Ca2CeMgO5,154.8
enamel,Ca2CeMg2O6,149.4
enamel,Ca2CeMg3O7,134.7
enamel,Ca2CeMg4O8,134.0
enamel,Ca3CeMgO6,124.3
enamel,Ca3CeMg2O7,141.8
enamel,Ca3CeMg3O8,131.0
enamel,Ca3CeMg4O9,132.8
enamel,Ca4CeMgO7,124.6
enamel,Ca4CeMg2O8,144.4
enamel,Ca4CeMg3O9,128.2
enamel,Ca4CeMg4O10,135.6
enamel,CaCe2MgO6,160.7
enamel,CaCe2Mg2O7,162.8
enamel,CaCe2Mg3O8,149.2
enamel,CaCe2Mg4O9,134.2
enamel,Ca2Ce2MgO7,162.5
enamel,Ca2Ce2Mg3O9,147.4
enamel,Ca3Ce2MgO8,126.0
enamel,Ca3Ce2Mg2O9,152.4
enamel,Ca3Ce2Mg3O10,150.7
enamel,Ca3Ce2Mg4O11,138.0
enamel,Ca4Ce2MgO9,127.3
enamel,Ca4Ce2Mg3O11,146.3
enamel,CaCe3MgO8,157.1
enamel,CaCe3Mg2O9,167.6
enamel,CaCe3Mg3O10,164.2
enamel,CaCe3Mg4O11,159.3
enamel,Ca2Ce3MgO9,155.2
enamel,Ca2Ce3Mg2O10,165.2
enamel,Ca2Ce3Mg3O11,161.1
enamel,Ca2Ce3Mg4O12,144.8
enamel,Ca3Ce3MgO10,170.5
enamel,Ca3Ce3Mg2O11,159.5
enamel,Ca3Ce3Mg4O13,152.9
enamel,Ca4Ce3MgO11,134.5
enamel,Ca4Ce3Mg2O12,153.6
enamel,Ca4Ce3Mg3O13,148.9
enamel,Ca4Ce3Mg4O14,145.3
enamel,CaCe4MgO10,154.8
enamel,CaCe4Mg2O11,158.3
enamel,CaCe4Mg3O12,167.0
enamel,CaCe4Mg4O13,160.1
enamel,Ca2Ce4MgO11,162.8
enamel,Ca2Ce4Mg3O13,162.5
enamel,Ca3Ce4MgO12,158.6
enamel,Ca3Ce4Mg2O13,164.2
enamel,Ca3Ce4Mg3O14,169.5
enamel,Ca3Ce4Mg4O15,164.0
enamel,Ca4Ce4MgO13,168.5
enamel,Ca4Ce4Mg3O15,157.9
enamel,SrCaCeO4,126.6
enamel,Sr2CaCeO5,92.5
enamel,Sr3CaCeO6,99.1
enamel,Sr4CaCeO7,91.8
enamel,SrCa2CeO5,121.4
enamel,Sr2Ca2CeO6,112.0
enamel,Sr3Ca2CeO7,115.3
enamel,Sr4Ca2CeO8,116.9
enamel,SrCa3CeO6,124.8
enamel,Sr2Ca3CeO7,116.9
enamel,Sr3Ca3CeO8,119.4
enamel,Sr4Ca3CeO9,119.2
enamel,SrCa4CeO7,125.7
enamel,Sr2Ca4CeO8,102.7
enamel,Sr3Ca4CeO9,119.2
enamel,Sr4Ca4CeO10,124.5
enamel,SrCaCe2O6,124.0
enamel,Sr2CaCe2O7,125.7
enamel,Sr3CaCe2O8,104.9
enamel,Sr4CaCe2O9,89.4
enamel,SrCa2Ce2O7,132.3
enamel,Sr3Ca2Ce2O9,103.5
enamel,SrCa3Ce2O8,124.6
enamel,Sr2Ca3Ce2O9,124.6
enamel,Sr3Ca3Ce2O10,111.8
enamel,Sr4Ca3Ce2O11,102.1
enamel,SrCa4Ce2O9,124.0
enamel,Sr3Ca4Ce2O11,118.5
enamel,SrCaCe3O8,142.8
enamel,Sr2CaCe3O9,127.3
enamel,Sr3CaCe3O10,128.9
enamel,Sr4CaCe3O11,114.7
enamel,SrCa2Ce3O9,123.9
enamel,Sr2Ca2Ce3O10,129.1
enamel,Sr3Ca2Ce3O11,128.6
enamel,Sr4Ca2Ce3O12,119.2
enamel,SrCa3Ce3O10,117.6
enamel,Sr2Ca3Ce3O11,134.6
enamel,Sr4Ca3Ce3O13,126.6
enamel,SrCa4Ce3O11,132.9
enamel,Sr2Ca4Ce3O12,123.2
enamel,Sr3Ca4Ce3O13,116.0
enamel,Sr4Ca4Ce3O14,113.1
enamel,SrCaCe4O10,141.7
enamel,Sr2CaCe4O11,138.0
enamel,Sr3CaCe4O12,133.4
enamel,Sr4CaCe4O13,125.6
enamel,SrCa2Ce4O11,136.1
enamel,Sr3Ca2Ce4O13,129.4
enamel,SrCa3Ce4O12,126.2
enamel,Sr2Ca3Ce4O13,131.2
enamel,Sr3Ca3Ce4O14,127.2
enamel,Sr4Ca3Ce4O15,129.2
enamel,SrCa4Ce4O13,125.4
enamel,Sr3Ca4Ce4O15,133.8
enamel,SrCeMgO4,130.6
enamel,Sr2CeMgO5,128.1
enamel,Sr3CeMgO6,105.8
enamel,Sr4CeMgO7,105.4
enamel,SrCeMg2O5,149.9
enamel,Sr2CeMg2O6,130.7
enamel,Sr3CeMg2O7,122.1
enamel,Sr4CeMg2O8,113.1
enamel,SrCeMg3O6,147.8
enamel,Sr2CeMg3O7,155.1
enamel,Sr3CeMg3O8,130.8
enamel,Sr4CeMg3O9,135.3
enamel,SrCeMg4O7,133.2
enamel,Sr2CeMg4O8,143.2
enamel,Sr3CeMg4O9,157.2
enamel,Sr4CeMg4O10,135.9
enamel,SrCe2MgO6,145.2
enamel,Sr2Ce2MgO7,135.4
enamel,Sr3Ce2MgO8,121.1
enamel,Sr4Ce2MgO9,112.6
enamel,SrCe2Mg2O7,153.0
enamel,Sr3Ce2Mg2O9,130.3
enamel,SrCe2Mg3O8,151.8
enamel,Sr2Ce2Mg3O9,152.5
enamel,Sr3Ce2Mg3O10,120.6
enamel,Sr4Ce2Mg3O11,130.5
enamel,SrCe2Mg4O9,147.5
enamel,Sr3Ce2Mg4O11,158.1
enamel,SrCe3MgO8,136.4
enamel,Sr2Ce3MgO9,132.6
enamel,Sr3Ce3MgO10,140.2
enamel,Sr4Ce3MgO11,131.4
enamel,SrCe3Mg2O9,169.6
enamel,Sr2Ce3Mg2O10,149.1
enamel,Sr3Ce3Mg2O11,145.1
enamel,Sr4Ce3Mg2O12,126.0
enamel,SrCe3Mg3O10,167.2
enamel,Sr2Ce3Mg3O11,152.5
enamel,Sr4Ce3Mg3O13,129.1
enamel,SrCe3Mg4O11,155.2
enamel,Sr2Ce3Mg4O12,150.5
enamel,Sr3Ce3Mg4O13,154.9
enamel,Sr4Ce3Mg4O14,132.1
enamel,SrCe4MgO10,133.3
enamel,Sr2Ce4MgO11,135.7
enamel,Sr3Ce4MgO12,136.2
enamel,Sr4Ce4MgO13,139.8
enamel,SrCe4Mg2O11,153.9
enamel,Sr3Ce4Mg2O13,138.1
enamel,SrCe4Mg3O12,171.6
enamel,Sr2Ce4Mg3O13,167.8
enamel,Sr3Ce4Mg3O14,138.5
enamel,Sr4Ce4Mg3O15,137.7
enamel,SrCe4Mg4O13,169.5
enamel,Sr3Ce4Mg4O15,155.1
enamel,Y2Al2P2O11,145.3
enamel,Y2AlPO7,149.4
enamel,Y6Al2P2O17,158.7
enamel,Y4AlPO10,158.9
enamel,YAl2PO7,129.5
enamel,Y4Al4P2O17,141.5
enamel,Y3Al2PO10,160.8
enamel,Y8Al4P2O23,159.5
enamel,Y2Al6P2O17,126.3
enamel,Y2Al3PO10,143.2
enamel,Y6Al6P2O23,158.7
enamel,Y4Al3PO13,160.9
enamel,YAl4PO10,124.2
enamel,Y4Al8P2O23,149.8
enamel,Y3Al4PO13,151.9
enamel,YAl(PO4)2,163.8
enamel,Y4Al2P4O19,142.7
enamel,Y3AlP2O11,134.4
enamel,Y8Al2P4O25,142.0
enamel,Y2Al4P4O19,165.4
enamel,Y6Al4P4O25,147.5
enamel,YAl3P2O11,129.1
enamel,Y4Al6P4O25,140.1
enamel,Y3Al3(PO7)2,139.5
enamel,Y2Al8P4O25,155.3
enamel,Y2Al2(P2O7)3,123.7
enamel,Y2Al(PO4)3,166.4
enamel,Y4Al(PO5)3,149.3
enamel,YAl2(PO4)3,153.9
enamel,Y3Al2(PO5)3,142.8
enamel,Y2Al3(PO5)3,135.5
enamel,Y4Al3(PO6)3,143.5
enamel,YAl4(PO5)3,138.1
enamel,Y3Al4(PO6)3,144.6
enamel,YAlP4O13,128.8
enamel,Y3Al(PO4)4,165.1
enamel,YAl3(PO4)4,150.3
enamel,Y3Al3P4O19,150.0
enamel,La2Al2P2O11,124.6
enamel,La2AlPO7,146.9
enamel,La6Al2P2O17,161.5
enamel,La4AlPO10,130.5
enamel,LaAl2PO7,141.5
enamel,La4Al4P2O17,135.0
enamel,La3Al2PO10,153.1
enamel,La8Al4P2O23,156.0
enamel,La2Al6P2O17,130.6
enamel,La2Al3PO10,135.7
enamel,La6Al6P2O23,155.3
enamel,La4Al3PO13,171.4
enamel,LaAl4PO10,133.1
enamel,La4Al8P2O23,145.9
enamel,La3Al4PO13,137.0
enamel,LaAl(PO4)2,161.3
enamel,La4Al2P4O19,146.8
enamel,La3AlP2O11,129.2
enamel,La8Al2P4O25,145.2
enamel,La2Al4P4O19,168.3
enamel,La6Al4P4O25,130.8
enamel,LaAl3P2O11,134.5
enamel,La4Al6P4O25,142.0
enamel,La3Al3(PO7)2,131.4
enamel,La2Al8P4O25,127.6
enamel,La2Al2(P2O7)3,121.5
enamel,La2Al(PO4)3,166.7
enamel,La4Al(PO5)3,128.1
enamel,LaAl2(PO4)3,161.8
enamel,La3Al2(PO5)3,130.4
enamel,La2Al3(PO5)3,139.5
enamel,La4Al3(PO6)3,126.5
enamel,LaAl4(PO5)3,134.2
enamel,La3Al4(PO6)3,126.7
enamel,LaAlP4O13,114.2
enamel,La3Al(PO4)4,147.1
enamel,LaAl3(PO4)4,127.3
enamel,La3Al3P4O19,147.3
enamel,CaAlPO5,140.3
enamel,Ca2AlPO6,153.1
enamel,Ca3AlPO7,118.3
enamel,Ca4AlPO8,124.8
enamel,Ca2Al4P2O13,131.1
enamel,Ca4Al4P2O15,139.2
enamel,Ca6Al4P2O17,119.1
enamel,Ca8Al4P2O19,120.2
enamel,CaAl3PO8,123.4
enamel,Ca2Al3PO9,139.5
enamel,Ca3Al3PO10,136.2
enamel,Ca4Al3PO11,119.9
enamel,Ca2Al8P2O19,122.6
enamel,Ca4Al8P2O21,140.8
enamel,Ca6Al8P2O23,136.5
enamel,Ca2Al2P4O15,155.6
enamel,Ca4Al2P4O17,103.6
enamel,Ca6Al2P4O19,127.5
enamel,Ca8Al2P4O21,122.3
enamel,CaAl2P2O9,122.6
enamel,Ca3Al2P2O11,144.7
enamel,Ca2Al6P4O21,152.2
enamel,Ca4Al6P4O23,124.6
enamel,CaAl4(PO6)2,144.6
enamel,Ca3Al4(PO7)2,150.7
enamel,CaAlP3O10,159.1
enamel,Ca2AlP3O11,106.5
enamel,Ca3Al(PO4)3,107.6
enamel,Ca4AlP3O13,128.4
enamel,Ca2Al4P6O23,148.8
enamel,Ca4Al4P6O25,123.1
enamel,CaAl3P3O13,127.4
enamel,Ca2Al3P3O14,120.9
enamel,Ca4Al3P3O16,143.4
enamel,Ca2Al2P8O25,140.2
enamel,CaAl2(P2O7)2,148.8
enamel,Ca3Al2(PO4)4,129.6
enamel,CaAl4P4O17,135.0
enamel,Ca3Al4P4O19,119.8
enamel,MgAlPO5,130.0
enamel,Mg2AlPO6,183.5
enamel,Mg3AlPO7,181.2
enamel,Mg4AlPO8,167.9
enamel,Mg2Al4P2O13,125.4
enamel,Mg4Al4P2O15,185.2
enamel,Mg6Al4P2O17,173.6
enamel,Mg8Al4P2O19,165.6
enamel,MgAl3PO8,129.9
enamel,Mg2Al3PO9,176.6
enamel,Mg3Al3PO10,178.0
enamel,Mg4Al3PO11,165.9
enamel,Mg2Al8P2O19,133.0
enamel,Mg4Al8P2O21,165.9
enamel,Mg6Al8P2O23,178.3
enamel,Mg2Al2P4O15,164.9
enamel,Mg4Al2P4O17,121.8
enamel,Mg6Al2P4O19,109.9
enamel,Mg8Al2P4O21,162.8
enamel,MgAl2P2O9,122.2
enamel,Mg3Al2P2O11,117.1
enamel,Mg2Al6P4O21,136.7
enamel,Mg4Al6P4O23,117.9
enamel,MgAl4(PO6)2,135.0
enamel,Mg3Al4(PO7)2,150.5
enamel,MgAlP3O10,96.9
enamel,Mg2AlP3O11,122.4
enamel,Mg3Al(PO4)3,125.7
enamel,Mg4AlP3O13,112.7
enamel,Mg2Al4P6O23,120.0
enamel,Mg4Al4P6O25,149.3
enamel,MgAl3P3O13,123.2
enamel,Mg2Al3P3O14,124.5
enamel,Mg4Al3P3O16,122.5
enamel,Mg2Al2P8O25,93.6
enamel,MgAl2(P2O7)2,78.8
enamel,Mg3Al2(PO4)4,167.1
enamel,MgAl4P4O17,115.5
enamel,Mg3Al4P4O19,123.5
enamel,SrAlPO5,115.9
enamel,Sr2AlPO6,129.0
enamel,Sr3AlPO7,131.7
enamel,Sr4AlPO8,129.9
enamel,Sr2Al4P2O13,123.2
enamel,Sr4Al4P2O15,135.9
enamel,Sr6Al4P2O17,114.1
enamel,Sr8Al4P2O19,134.6
enamel,SrAl3PO8,127.4
enamel,Sr2Al3PO9,123.7
enamel,Sr3Al3PO10,135.0
enamel,Sr4Al3PO11,120.9
enamel,Sr2Al8P2O19,131.1
enamel,Sr4Al8P2O21,127.2
enamel,Sr6Al8P2O23,138.9
enamel,Sr2Al2P4O15,147.8
enamel,Sr4Al2P4O17,102.3
enamel,Sr6Al2P4O19,132.5
enamel,Sr8Al2P4O21,126.5
enamel,SrAl2P2O9,125.1
enamel,Sr3Al2P2O11,119.2
enamel,Sr2Al6P4O21,134.8
enamel,Sr4Al6P4O23,112.4
enamel,SrAl4(PO6)2,135.9
enamel,Sr3Al4(PO7)2,135.2
enamel,SrAlP3O10,139.7
enamel,Sr2AlP3O11,104.5
enamel,Sr3Al(PO4)3,97.9
enamel,Sr4AlP3O13,125.8
enamel,Sr2Al4P6O23,138.2
enamel,Sr4Al4P6O25,117.8
enamel,SrAl3P3O13,130.4
enamel,Sr2Al3P3O14,123.2
enamel,Sr4Al3P3O16,122.7
enamel,Sr2Al2P8O25,133.1
enamel,SrAl2(P2O7)2,145.4
enamel,Sr3Al2(PO4)4,127.7
enamel,SrAl4P4O17,142.9
enamel,Sr3Al4P4O19,117.6
enamel,La2Y2P2O11,151.6
enamel,La2YPO7,143.2
enamel,La6Y2P2O17,125.6
enamel,La4YPO10,134.5
enamel,LaY2PO7,139.9
enamel,La4Y4P2O17,144.2
enamel,La3Y2PO10,141.3
enamel,La8Y4P2O23,142.5
enamel,La2Y6P2O17,145.3
enamel,La2Y3PO10,157.0
enamel,La6Y6P2O23,143.7
enamel,La4Y3PO13,140.6
enamel,LaY4PO10,154.7
enamel,La4Y8P2O23,162.4
enamel,La3Y4PO13,144.5
enamel,LaY(PO4)2,148.4
enamel,La4Y2P4O19,129.8
enamel,La3YP2O11,146.9
enamel,La8Y2P4O25,147.7
enamel,La2Y4P4O19,126.8
enamel,La6Y4P4O25,142.3
enamel,LaY3P2O11,131.8
enamel,La4Y6P4O25,139.1
enamel,La3Y3(PO7)2,147.6
enamel,La2Y8P4O25,140.9
enamel,La2Y2(P2O7)3,131.3
enamel,La2Y(PO4)3,150.1
enamel,La4Y(PO5)3,144.0
enamel,LaY2(PO4)3,142.5
enamel,La3Y2(PO5)3,141.1
enamel,La2Y3(PO5)3,127.5
enamel,La4Y3(PO6)3,143.4
enamel,LaY4(PO5)3,127.9
enamel,La3Y4(PO6)3,144.3
enamel,LaYP4O13,110.6
enamel,La3Y(PO4)4,144.6
enamel,LaY3(PO4)4,144.5
enamel,La3Y3P4O19,124.6
enamel,CaYPO5,129.0
enamel,Ca2YPO6,139.0
enamel,Ca3YPO7,134.7
enamel,Ca4YPO8,128.7
enamel,Ca2Y4P2O13,134.3
enamel,Ca4Y4P2O15,137.2
enamel,Ca6Y4P2O17,143.2
enamel,Ca8Y4P2O19,149.2
enamel,CaY3PO8,147.2
enamel,Ca2Y3PO9,163.0
enamel,Ca3Y3PO10,161.5
enamel,Ca4Y3PO11,156.2
enamel,Ca2Y8P2O19,166.0
enamel,Ca4Y8P2O21,162.7
enamel,Ca6Y8P2O23,161.6
enamel,Ca2Y2P4O15,145.4
enamel,Ca4Y2P4O17,120.4
enamel,Ca6Y2P4O19,116.5
enamel,Ca8Y2P4O21,130.2
enamel,CaY2P2O9,122.6
enamel,Ca3Y2P2O11,133.6
enamel,Ca2Y6P4O21,131.7
enamel,Ca4Y6P4O23,129.2
enamel,CaY4(PO6)2,130.5
enamel,Ca3Y4(PO7)2,135.3
enamel,CaYP3O10,143.9
enamel,Ca2YP3O11,124.4
enamel,Ca3Y(PO4)3,113.3
enamel,Ca4YP3O13,118.5
enamel,Ca2Y4P6O23,151.8
enamel,Ca4Y4P6O25,113.2
enamel,CaY3P3O13,128.5
enamel,Ca2Y3P3O14,126.8
enamel,Ca4Y3P3O16,136.3
enamel,Ca2Y2P8O25,112.0
enamel,CaY2(P2O7)2,168.6
enamel,Ca3Y2(PO4)4,108.6
enamel,CaY4P4O17,138.1
enamel,Ca3Y4P4O19,126.8
enamel,YMgPO5,116.7
enamel,YMg2PO6,118.9
enamel,YMg3PO7,132.5
enamel,YMg4PO8,129.5
enamel,Y4Mg2P2O13,123.7
enamel,Y4Mg4P2O15,146.9
enamel,Y4Mg6P2O17,143.5
enamel,Y4Mg8P2O19,130.4
enamel,Y3MgPO8,153.3
enamel,Y3Mg2PO9,143.3
enamel,Y3Mg3PO10,140.3
enamel,Y3Mg4PO11,134.4
enamel,Y8Mg2P2O19,172.7
enamel,Y8Mg4P2O21,152.4
enamel,Y8Mg6P2O23,154.4
enamel,Y2Mg2P4O15,158.2
enamel,Y2Mg4P4O17,119.8
enamel,Y2Mg6P4O19,121.1
enamel,Y2Mg8P4O21,123.9
enamel,Y2MgP2O9,137.9
enamel,Y2Mg3P2O11,108.3
enamel,Y6Mg2P4O21,149.5
enamel,Y6Mg4P4O23,121.3
enamel,Y4Mg(PO6)2,133.0
enamel,Y4Mg3(PO7)2,155.5
enamel,YMgP3O10,158.1
enamel,YMg2P3O11,144.5
enamel,YMg3(PO4)3,124.0
enamel,YMg4P3O13,113.8
enamel,Y4Mg2P6O23,164.9
enamel,Y4Mg4P6O25,130.1
enamel,Y3MgP3O13,141.1
enamel,Y3Mg2P3O14,124.2
enamel,Y3Mg4P3O16,108.7
enamel,Y2Mg2P8O25,113.1
enamel,Y2Mg(P2O7)2,163.2
enamel,Y2Mg3(PO4)4,122.7
enamel,Y4MgP4O17,146.3
enamel,Y4Mg3P4O19,142.1
enamel,SrYPO5,103.4
enamel,Sr2YPO6,118.0
enamel,Sr3YPO7,114.1
enamel,Sr4YPO8,111.4
enamel,Sr2Y4P2O13,150.7
enamel,Sr4Y4P2O15,123.5
enamel,Sr6Y4P2O17,133.7
enamel,Sr8Y4P2O19,141.8
enamel,SrY3PO8,154.9
enamel,Sr2Y3PO9,129.7
enamel,Sr3Y3PO10,138.8
enamel,Sr4Y3PO11,147.4
enamel,Sr2Y8P2O19,167.1
enamel,Sr4Y8P2O21,136.7
enamel,Sr6Y8P2O23,138.1
enamel,Sr2Y2P4O15,118.2
enamel,Sr4Y2P4O17,99.6
enamel,Sr6Y2P4O19,105.8
enamel,Sr8Y2P4O21,105.3
enamel,SrY2P2O9,125.4
enamel,Sr3Y2P2O11,144.4
enamel,Sr2Y6P4O21,133.6
enamel,Sr4Y6P4O23,143.4
enamel,SrY4(PO6)2,106.7
enamel,Sr3Y4(PO7)2,114.1
enamel,SrYP3O10,130.4
enamel,Sr2YP3O11,112.6
enamel,Sr3Y(PO4)3,97.1
enamel,Sr4YP3O13,101.3
enamel,Sr2Y4P6O23,126.1
enamel,Sr4Y4P6O25,117.8
enamel,SrY3P3O13,129.2
enamel,Sr2Y3P3O14,134.6
enamel,Sr4Y3P3O16,108.6
enamel,Sr2Y2P8O25,114.6
enamel,SrY2(P2O7)2,174.1
enamel,Sr3Y2(PO4)4,97.4
enamel,SrY4P4O17,125.3
enamel,Sr3Y4P4O19,131.2
enamel,CaLaPO5,127.3
enamel,Ca2LaPO6,129.0
enamel,Ca3LaPO7,144.9
enamel,Ca4LaPO8,107.8
enamel,Ca2La4P2O13,140.5
enamel,Ca4La4P2O15,158.0
enamel,Ca6La4P2O17,125.8
enamel,Ca8La4P2O19,132.5
enamel,CaLa3PO8,130.4
enamel,Ca2La3PO9,130.4
enamel,Ca3La3PO10,147.2
enamel,Ca4La3PO11,134.0
enamel,Ca2La8P2O19,142.8
enamel,Ca4La8P2O21,146.9
enamel,Ca6La8P2O23,139.0
enamel,Ca2La2P4O15,129.2
enamel,Ca4La2P4O17,121.6
enamel,Ca6La2P4O19,127.8
enamel,Ca8La2P4O21,129.2
enamel,CaLa2P2O9,123.8
enamel,Ca3La2P2O11,128.4
enamel,Ca2La6P4O21,143.5
enamel,Ca4La6P4O23,145.7
enamel,CaLa4(PO6)2,141.3
enamel,Ca3La4(PO7)2,148.9
enamel,CaLaP3O10,128.5
enamel,Ca2LaP3O11,114.4
enamel,Ca3La(PO4)3,116.1
enamel,Ca4LaP3O13,121.2
enamel,Ca2La4P6O23,141.3
enamel,Ca4La4P6O25,114.6
enamel,CaLa3P3O13,125.5
enamel,Ca2La3P3O14,128.0
enamel,Ca4La3P3O16,128.2
enamel,Ca2La2P8O25,113.6
enamel,CaLa2(P2O7)2,142.1
enamel,Ca3La2(PO4)4,107.5
enamel,CaLa4P4O17,120.5
enamel,Ca3La4P4O19,127.4
enamel,LaMgPO5,122.0
enamel,LaMg2PO6,120.6
enamel,LaMg3PO7,131.5
enamel,LaMg4PO8,131.3
enamel,La4Mg2P2O13,139.2
enamel,La4Mg4P2O15,136.3
enamel,La4Mg6P2O17,139.4
enamel,La4Mg8P2O19,127.6
enamel,La3MgPO8,153.6
enamel,La3Mg2PO9,156.9
enamel,La3Mg3PO10,158.3
enamel,La3Mg4PO11,142.0
enamel,La8Mg2P2O19,143.5
enamel,La8Mg4P2O21,167.2
enamel,La8Mg6P2O23,157.3
enamel,La2Mg2P4O15,139.7
enamel,La2Mg4P4O17,107.0
enamel,La2Mg6P4O19,106.9
enamel,La2Mg8P4O21,113.9
enamel,La2MgP2O9,126.2
enamel,La2Mg3P2O11,105.9
enamel,La6Mg2P4O21,136.2
enamel,La6Mg4P4O23,121.9
enamel,La4Mg(PO6)2,148.8
enamel,La4Mg3(PO7)2,157.2
enamel,LaMgP3O10,142.9
enamel,LaMg2P3O11,135.7
enamel,LaMg3(PO4)3,118.5
enamel,LaMg4P3O13,112.4
enamel,La4Mg2P6O23,141.0
enamel,La4Mg4P6O25,116.0
enamel,La3MgP3O13,131.4
enamel,La3Mg2P3O14,119.0
enamel,La3Mg4P3O16,110.7
enamel,La2Mg2P8O25,109.7
enamel,La2Mg(P2O7)2,163.4
enamel,La2Mg3(PO4)4,118.2
enamel,La4MgP4O17,131.6
enamel,La4Mg3P4O19,122.9
enamel,SrLaPO5,100.1
enamel,Sr2LaPO6,105.8
enamel,Sr3LaPO7,120.0
enamel,Sr4LaPO8,89.5
enamel,Sr2La4P2O13,115.8
enamel,Sr4La4P2O15,124.3
enamel,Sr6La4P2O17,109.6
enamel,Sr8La4P2O19,122.6
enamel,SrLa3PO8,128.9
enamel,Sr2La3PO9,137.6
enamel,Sr3La3PO10,131.8
enamel,Sr4La3PO11,126.2
enamel,Sr2La8P2O19,142.9
enamel,Sr4La8P2O21,135.2
enamel,Sr6La8P2O23,132.6
enamel,Sr2La2P4O15,113.0
enamel,Sr4La2P4O17,99.3
enamel,Sr6La2P4O19,105.1
enamel,Sr8La2P4O21,107.5
enamel,SrLa2P2O9,143.1
enamel,Sr3La2P2O11,98.8
enamel,Sr2La6P4O21,115.2
enamel,Sr4La6P4O23,111.0
enamel,SrLa4(PO6)2,114.3
enamel,Sr3La4(PO7)2,117.0
enamel,SrLaP3O10,122.1
enamel,Sr2LaP3O11,90.4
enamel,Sr3La(PO4)3,97.0
enamel,Sr4LaP3O13,97.0
enamel,Sr2La4P6O23,122.9
enamel,Sr4La4P6O25,95.4
enamel,SrLa3P3O13,127.6
enamel,Sr2La3P3O14,106.0
enamel,Sr4La3P3O16,99.4
enamel,Sr2La2P8O25,111.8
enamel,SrLa2(P2O7)2,116.7
enamel,Sr3La2(PO4)4,96.5
enamel,SrLa4P4O17,123.2
enamel,Sr3La4P4O19,103.6
enamel,Ca2Mg2P2O9,120.6
enamel,Ca2Mg4P2O11,122.7
enamel,Ca2Mg6P2O13,125.1
enamel,Ca2Mg8P2O15,127.7
enamel,Ca4Mg2P2O11,121.9
enamel,Ca4Mg4P2O13,126.6
enamel,Ca4Mg6P2O15,129.8
enamel,Ca4Mg8P2O17,126.8
enamel,Ca6Mg2P2O13,123.8
enamel,Ca6Mg4P2O15,113.6
enamel,Ca6Mg6P2O17,117.6
enamel,Ca6Mg8P2O19,118.0
enamel,Ca8Mg2P2O15,116.2
enamel,Ca8Mg4P2O17,122.4
enamel,Ca8Mg6P2O19,123.6
enamel,Ca8Mg8P2O21,115.9
enamel,CaMgP2O7,110.5
enamel,CaMg2(PO4)2,120.7
enamel,CaMg3P2O9,133.4
enamel,CaMg4(PO5)2,136.6
enamel,Ca2Mg(PO4)2,110.1
enamel,Ca2Mg3(PO5)2,133.4
enamel,Ca3MgP2O9,138.7
enamel,Ca3Mg2(PO5)2,138.3
enamel,Ca3Mg3P2O11,122.9
enamel,Ca3Mg4(PO6)2,125.7
enamel,Ca4Mg(PO5)2,125.4
enamel,Ca4Mg3(PO6)2,126.3
enamel,Ca2Mg2P6O19,130.0
enamel,Ca2Mg4(P2O7)3,119.9
enamel,Ca2Mg6P6O23,119.0
enamel,Ca4Mg2(P2O7)3,109.6
enamel,Ca4Mg4P6O23,119.6
enamel,Ca6Mg2P6O23,115.8
enamel,CaMg(PO3)4,116.6
enamel,CaMg2P4O13,129.2
enamel,CaMg3(P2O7)2,119.9
enamel,CaMg4P4O15,120.5
enamel,Ca2MgP4O13,116.5
enamel,Ca2Mg3P4O15,118.6
enamel,Ca3Mg(P2O7)2,109.6
enamel,Ca3Mg2P4O15,118.8
enamel,Ca3Mg3(PO4)4,117.6
enamel,Ca3Mg4P4O17,128.7
enamel,Ca4MgP4O15,109.9
enamel,Ca4Mg3P4O17,124.9
enamel,Sr2Ca2P2O9,117.4
enamel,Sr4Ca2P2O11,102.8
enamel,Sr6Ca2P2O13,99.7
enamel,Sr8Ca2P2O15,80.5
enamel,Sr2Ca4P2O11,97.0
enamel,Sr4Ca4P2O13,97.4
enamel,Sr6Ca4P2O15,111.3
enamel,Sr8Ca4P2O17,111.0
enamel,Sr2Ca6P2O13,94.8
enamel,Sr4Ca6P2O15,109.3
enamel,Sr6Ca6P2O17,107.8
enamel,Sr8Ca6P2O19,115.2
enamel,Sr2Ca8P2O15,105.1
enamel,Sr4Ca8P2O17,134.4
enamel,Sr6Ca8P2O19,117.3
enamel,Sr8Ca8P2O21,116.3
enamel,SrCaP2O7,102.7
enamel,Sr2Ca(PO4)2,109.7
enamel,Sr3CaP2O9,120.4
enamel,Sr4Ca(PO5)2,138.7
enamel,SrCa2(PO4)2,121.9
enamel,Sr3Ca2(PO5)2,119.4
enamel,SrCa3P2O9,108.9
enamel,Sr2Ca3(PO5)2,118.4
enamel,Sr3Ca3P2O11,99.0
enamel,Sr4Ca3(PO6)2,96.0
enamel,SrCa4(PO5)2,116.7
enamel,Sr3Ca4(PO6)2,97.0
enamel,Sr2Ca2P6O19,95.2
enamel,Sr4Ca2(P2O7)3,96.1
enamel,Sr6Ca2P6O23,114.6
enamel,Sr2Ca4(P2O7)3,99.7
enamel,Sr4Ca4P6O23,115.5
enamel,Sr2Ca6P6O23,114.8
enamel,SrCa(PO3)4,97.8
enamel,Sr2CaP4O13,100.5
enamel,Sr3Ca(P2O7)2,96.1
enamel,Sr4CaP4O15,107.0
enamel,SrCa2P4O13,95.2
enamel,Sr3Ca2P4O15,104.9
enamel,SrCa3(P2O7)2,98.9
enamel,Sr2Ca3P4O15,112.7
enamel,Sr3Ca3(PO4)4,112.4
enamel,Sr4Ca3P4O17,122.3
enamel,SrCa4P4O15,113.3
enamel,Sr3Ca4P4O17,117.4
enamel,Sr2Mg2P2O9,128.1
enamel,Sr4Mg2P2O11,121.4
enamel,Sr6Mg2P2O13,135.4
enamel,Sr8Mg2P2O15,106.0
enamel,Sr2Mg4P2O11,117.1
enamel,Sr4Mg4P2O13,126.0
enamel,Sr6Mg4P2O15,123.1
enamel,Sr8Mg4P2O17,136.1
enamel,Sr2Mg6P2O13,115.7
enamel,Sr4Mg6P2O15,119.5
enamel,Sr6Mg6P2O17,118.6
enamel,Sr8Mg6P2O19,133.9
enamel,Sr2Mg8P2O15,119.5
enamel,Sr4Mg8P2O17,111.8
enamel,Sr6Mg8P2O19,120.7
enamel,Sr8Mg8P2O21,122.9
enamel,SrMgP2O7,98.4
enamel,Sr2Mg(PO4)2,106.8
enamel,Sr3MgP2O9,117.0
enamel,Sr4Mg(PO5)2,123.4
enamel,SrMg2(PO4)2,107.8
enamel,Sr3Mg2(PO5)2,111.9
enamel,SrMg3P2O9,112.9
enamel,Sr2Mg3(PO5)2,116.7
enamel,Sr3Mg3P2O11,107.6
enamel,Sr4Mg3(PO6)2,121.2
enamel,SrMg4(PO5)2,121.0
enamel,Sr3Mg4(PO6)2,111.5
enamel,Sr2Mg2P6O19,130.1
enamel,Sr4Mg2(P2O7)3,100.3
enamel,Sr6Mg2P6O23,101.9
enamel,Sr2Mg4(P2O7)3,109.1
enamel,Sr4Mg4P6O23,102.1
enamel,Sr2Mg6P6O23,116.3
enamel,SrMg(PO3)4,106.5
enamel,Sr2MgP4O13,102.4
enamel,Sr3Mg(P2O7)2,95.5
enamel,Sr4MgP4O15,104.3
enamel,SrMg2P4O13,129.4
enamel,Sr3Mg2P4O15,107.0
enamel,SrMg3(P2O7)2,108.9
enamel,Sr2Mg3P4O15,104.6
enamel,Sr3Mg3(PO4)4,105.4
enamel,Sr4Mg3P4O17,129.0
enamel,SrMg4P4O15,116.9
enamel,Sr3Mg4P4O17,120.5
enamel,La2Y2Al2O9,194.3
enamel,La2YAlO6,164.0
enamel,La6Y2Al2O15,159.5
enamel,La4YAlO9,159.5
enamel,LaY2AlO6,193.4
enamel,La4Y4Al2O15,169.5
enamel,La3Y2AlO9,151.3
enamel,La8Y4Al2O21,152.5
enamel,La2Y6Al2O15,200.2
enamel,La2Y3AlO9,163.7
enamel,La6Y6Al2O21,162.7
enamel,La4Y3AlO12,151.6
enamel,LaY4AlO9,201.2
enamel,La4Y8Al2O21,174.0
enamel,La3Y4AlO12,162.1
enamel,LaYAl2O6,218.7
enamel,La4Y2Al4O15,187.9
enamel,La3YAl2O9,164.9
enamel,La8Y2Al4O21,162.5
enamel,La2Y4Al4O15,212.0
enamel,La6Y4Al4O21,158.4
enamel,LaY3Al2O9,211.2
enamel,La4Y6Al4O21,192.5
enamel,La3Y3Al2O12,163.5
enamel,La2Y8Al4O21,193.8
enamel,La2Y2Al6O15,204.8
enamel,La2YAl3O9,235.3
enamel,La6Y2Al6O21,188.6
enamel,La4YAl3O12,200.2
enamel,LaY2Al3O9,204.4
enamel,La4Y4Al6O21,214.7
enamel,La3Y2Al3O12,192.9
enamel,La2Y6Al6O21,206.1
enamel,La2Y3Al3O12,202.0
enamel,La4Y3Al3O15,190.4
enamel,LaY4Al3O12,221.1
enamel,La3Y4Al3O15,191.9
enamel,LaYAl4O9,180.0
enamel,La4Y2Al8O21,195.1
enamel,La3YAl4O12,224.1
enamel,La2Y4Al8O21,202.2
enamel,LaY3Al4O12,217.1
enamel,La3Y3Al4O15,185.6
enamel,CaYAlO4,167.3
enamel,Ca2YAlO5,145.0
enamel,Ca3YAlO6,153.2
enamel,Ca4YAlO7,154.1
enamel,Ca2Y4Al2O11,183.8
enamel,Ca4Y4Al2O13,161.9
enamel,Ca6Y4Al2O15,157.7
enamel,Ca8Y4Al2O17,155.8
enamel,CaY3AlO7,197.0
enamel,Ca2Y3AlO8,173.4
enamel,Ca3Y3AlO9,168.4
enamel,Ca4Y3AlO10,166.6
enamel,Ca2Y8Al2O17,206.9
enamel,Ca4Y8Al2O19,183.9
enamel,Ca6Y8Al2O21,183.6
enamel,Ca2Y2Al4O11,149.7
enamel,Ca4Y2Al4O13,155.8
enamel,Ca6Y2Al4O15,155.4
enamel,Ca8Y2Al4O17,146.2
enamel,CaY2Al2O7,162.0
enamel,Ca3Y2Al2O9,161.8
enamel,Ca2Y6Al4O17,171.8
enamel,Ca4Y6Al4O19,178.6
enamel,Ca6Y6Al4O21,162.6
enamel,CaY4Al2O10,191.5
enamel,Ca3Y4Al2O12,164.7
enamel,CaYAl3O7,152.2
enamel,Ca2YAl3O8,139.2
enamel,Ca3YAl3O9,143.7
enamel,Ca4YAl3O10,152.9
enamel,Ca2Y4Al6O17,185.2
enamel,Ca4Y4Al6O19,156.1
enamel,Ca6Y4Al6O21,160.9
enamel,CaY3Al3O10,191.0
enamel,Ca2Y3Al3O11,163.9
enamel,Ca4Y3Al3O13,159.6
enamel,Ca2Y8Al6O23,174.7
enamel,Ca2Y2Al8O17,156.7
enamel,Ca4Y2Al8O19,138.4
enamel,Ca6Y2Al8O21,137.7
enamel,CaY2Al4O10,154.0
enamel,Ca3Y2Al4O12,154.9
enamel,Ca2Y6Al8O23,187.3
enamel,CaY4Al4O13,191.5
enamel,Ca3Y4Al4O15,164.8
enamel,YMgAlO4,151.3
enamel,YMg2AlO5,151.3
enamel,YMg3AlO6,141.6
enamel,YMg4AlO7,144.6
enamel,Y4Mg2Al2O11,173.2
enamel,Y4Mg4Al2O13,175.9
enamel,Y4Mg6Al2O15,167.8
enamel,Y4Mg8Al2O17,149.7
enamel,Y3MgAlO7,185.0
enamel,Y3Mg2AlO8,160.1
enamel,Y3Mg3AlO9,164.7
enamel,Y3Mg4AlO10,167.6
enamel,Y8Mg2Al2O17,181.9
enamel,Y8Mg4Al2O19,181.8
enamel,Y8Mg6Al2O21,164.6
enamel,Y2Mg2Al4O11,150.2
enamel,Y2Mg4Al4O13,139.7
enamel,Y2Mg6Al4O15,137.9
enamel,Y2Mg8Al4O17,136.6
enamel,Y2MgAl2O7,156.3
enamel,Y2Mg3Al2O9,157.4
enamel,Y6Mg2Al4O17,182.9
enamel,Y6Mg4Al4O19,168.5
enamel,Y6Mg6Al4O21,171.8
enamel,Y4MgAl2O10,187.3
enamel,Y4Mg3Al2O12,171.6
enamel,YMgAl3O7,139.6
enamel,YMg2Al3O8,132.7
enamel,YMg3Al3O9,129.4
enamel,YMg4Al3O10,130.8
enamel,Y4Mg2Al6O17,173.3
enamel,Y4Mg4Al6O19,148.6
enamel,Y4Mg6Al6O21,151.3
enamel,Y3MgAl3O10,174.4
enamel,Y3Mg2Al3O11,150.3
enamel,Y3Mg4Al3O13,155.0
enamel,Y8Mg2Al6O23,182.9
enamel,Y2Mg2Al8O17,145.1
enamel,Y2Mg4Al8O19,132.0
enamel,Y2Mg6Al8O21,127.7
enamel,Y2MgAl4O10,164.5
enamel,Y2Mg3Al4O12,147.3
enamel,Y6Mg2Al8O23,173.3
enamel,Y4MgAl4O13,174.4
enamel,Y4Mg3Al4O15,150.3
enamel,SrYAlO4,163.4
enamel,Sr2YAlO5,142.0
enamel,Sr3YAlO6,143.2
enamel,Sr4YAlO7,122.3
enamel,Sr2Y4Al2O11,170.4
enamel,Sr4Y4Al2O13,142.9
enamel,Sr6Y4Al2O15,155.8
enamel,Sr8Y4Al2O17,143.3
enamel,SrY3AlO7,177.7
enamel,Sr2Y3AlO8,161.5
enamel,Sr3Y3AlO9,151.6
enamel,Sr4Y3AlO10,138.9
enamel,Sr2Y8Al2O17,206.5
enamel,Sr4Y8Al2O19,161.7
enamel,Sr6Y8Al2O21,155.6
enamel,Sr2Y2Al4O11,162.2
enamel,Sr4Y2Al4O13,151.8
enamel,Sr6Y2Al4O15,161.4
enamel,Sr8Y2Al4O17,171.5
enamel,SrY2Al2O7,180.7
enamel,Sr3Y2Al2O9,171.1
enamel,Sr2Y6Al4O17,186.2
enamel,Sr4Y6Al4O19,163.8
enamel,Sr6Y6Al4O21,168.9
enamel,SrY4Al2O10,195.9
enamel,Sr3Y4Al2O12,170.2
enamel,SrYAl3O7,160.0
enamel,Sr2YAl3O8,150.3
enamel,Sr3YAl3O9,149.0
enamel,Sr4YAl3O10,159.3
enamel,Sr2Y4Al6O17,158.4
enamel,Sr4Y4Al6O19,167.8
enamel,Sr6Y4Al6O21,158.6
enamel,SrY3Al3O10,175.2
enamel,Sr2Y3Al3O11,182.7
enamel,Sr4Y3Al3O13,164.3
enamel,Sr2Y8Al6O23,215.5
enamel,Sr2Y2Al8O17,146.6
enamel,Sr4Y2Al8O19,149.4
enamel,Sr6Y2Al8O21,157.9
enamel,SrY2Al4O10,166.7
enamel,Sr3Y2Al4O12,175.0
enamel,Sr2Y6Al8O23,160.0
enamel,SrY4Al4O13,173.1
enamel,Sr3Y4Al4O15,175.0
enamel,CaLaAlO4,176.5
enamel,Ca2LaAlO5,162.1
enamel,Ca3LaAlO6,158.3
enamel,Ca4LaAlO7,125.3
enamel,Ca2La4Al2O11,169.2
enamel,Ca4La4Al2O13,173.1
enamel,Ca6La4Al2O15,138.6
enamel,Ca8La4Al2O17,131.7
enamel,CaLa3AlO7,139.7
enamel,Ca2La3AlO8,136.7
enamel,Ca3La3AlO9,148.4
enamel,Ca4La3AlO10,138.1
enamel,Ca2La8Al2O17,146.4
enamel,Ca4La8Al2O19,128.6
enamel,Ca6La8Al2O21,135.1
enamel,Ca2La2Al4O11,156.5
enamel,Ca4La2Al4O13,139.3
enamel,Ca6La2Al4O15,146.7
enamel,Ca8La2Al4O17,156.3
enamel,CaLa2Al2O7,183.5
enamel,Ca3La2Al2O9,165.0
enamel,Ca2La6Al4O17,193.3
enamel,Ca4La6Al4O19,163.3
enamel,Ca6La6Al4O21,174.4
enamel,CaLa4Al2O10,160.6
enamel,Ca3La4Al2O12,171.6
enamel,CaLaAl3O7,155.8
enamel,Ca2LaAl3O8,153.1
enamel,Ca3LaAl3O9,148.6
enamel,Ca4LaAl3O10,143.7
enamel,Ca2La4Al6O17,161.2
enamel,Ca4La4Al6O19,176.6
enamel,Ca6La4Al6O21,151.4
enamel,CaLa3Al3O10,189.8
enamel,Ca2La3Al3O11,186.6
enamel,Ca4La3Al3O13,160.1
enamel,Ca2La8Al6O23,194.9
enamel,Ca2La2Al8O17,139.6
enamel,Ca4La2Al8O19,143.8
enamel,Ca6La2Al8O21,151.9
enamel,CaLa2Al4O10,161.2
enamel,Ca3La2Al4O12,159.6
enamel,Ca2La6Al8O23,172.8
enamel,CaLa4Al4O13,184.5
enamel,Ca3La4Al4O15,171.6
enamel,LaMgAlO4,169.2
enamel,LaMg2AlO5,151.1
enamel,LaMg3AlO6,142.3
enamel,LaMg4AlO7,155.9
enamel,La4Mg2Al2O11,202.5
enamel,La4Mg4Al2O13,177.0
enamel,La4Mg6Al2O15,164.0
enamel,La4Mg8Al2O17,155.8
enamel,La3MgAlO7,173.2
enamel,La3Mg2AlO8,187.4
enamel,La3Mg3AlO9,174.4
enamel,La3Mg4AlO10,181.0
enamel,La8Mg2Al2O17,167.3
enamel,La8Mg4Al2O19,171.8
enamel,La8Mg6Al2O21,182.8
enamel,La2Mg2Al4O11,150.1
enamel,La2Mg4Al4O13,150.1
enamel,La2Mg6Al4O15,137.4
enamel,La2Mg8Al4O17,134.8
enamel,La2MgAl2O7,171.3
enamel,La2Mg3Al2O9,159.7
enamel,La6Mg2Al4O17,198.9
enamel,La6Mg4Al4O19,173.8
enamel,La6Mg6Al4O21,183.0
enamel,La4MgAl2O10,205.9
enamel,La4Mg3Al2O12,187.1
enamel,LaMgAl3O7,146.0
enamel,LaMg2Al3O8,143.7
enamel,LaMg3Al3O9,137.6
enamel,LaMg4Al3O10,132.9
enamel,La4Mg2Al6O17,180.1
enamel,La4Mg4Al6O19,147.9
enamel,La4Mg6Al6O21,150.7
enamel,La3MgAl3O10,197.1
enamel,La3Mg2Al3O11,165.3
enamel,La3Mg4Al3O13,161.9
enamel,La8Mg2Al6O23,196.6
enamel,La2Mg2Al8O17,135.4
enamel,La2Mg4Al8O19,138.4
enamel,La2Mg6Al8O21,136.3
enamel,La2MgAl4O10,158.3
enamel,La2Mg3Al4O12,148.5
enamel,La6Mg2Al8O23,176.0
enamel,La4MgAl4O13,195.5
enamel,La4Mg3Al4O15,167.3
enamel,SrLaAlO4,148.6
enamel,Sr2LaAlO5,139.7
enamel,Sr3LaAlO6,107.0
enamel,Sr4LaAlO7,109.8
enamel,Sr2La4Al2O11,140.4
enamel,Sr4La4Al2O13,140.8
enamel,Sr6La4Al2O15,127.5
enamel,Sr8La4Al2O17,113.4
enamel,SrLa3AlO7,141.6
enamel,Sr2La3AlO8,132.7
enamel,Sr3La3AlO9,132.6
enamel,Sr4La3AlO10,133.3
enamel,Sr2La8Al2O17,144.7
enamel,Sr4La8Al2O19,134.0
enamel,Sr6La8Al2O21,136.3
enamel,Sr2La2Al4O11,156.7
enamel,Sr4La2Al4O13,154.4
enamel,Sr6La2Al4O15,129.5
enamel,Sr8La2Al4O17,125.4
enamel,SrLa2Al2O7,175.0
enamel,Sr3La2Al2O9,137.4
enamel,Sr2La6Al4O17,160.4
enamel,Sr4La6Al4O19,147.6
enamel,Sr6La6Al4O21,150.5
enamel,SrLa4Al2O10,156.3
enamel,Sr3La4Al2O12,143.6
enamel,SrLaAl3O7,154.8
enamel,Sr2LaAl3O8,150.4
enamel,Sr3LaAl3O9,149.6
enamel,Sr4LaAl3O10,129.7
enamel,Sr2La4Al6O17,177.1
enamel,Sr4La4Al6O19,164.6
enamel,Sr6La4Al6O21,133.7
enamel,SrLa3Al3O10,192.3
enamel,Sr2La3Al3O11,150.1
enamel,Sr4La3Al3O13,135.7
enamel,Sr2La8Al6O23,200.2
enamel,Sr2La2Al8O17,153.4
enamel,Sr4La2Al8O19,135.3
enamel,Sr6La2Al8O21,142.1
enamel,SrLa2Al4O10,165.6
enamel,Sr3La2Al4O12,150.9
enamel,Sr2La6Al8O23,181.0
enamel,SrLa4Al4O13,191.5
enamel,Sr3La4Al4O15,145.8
enamel,Ca2Mg2Al2O7,127.2
enamel,Ca2Mg4Al2O9,126.4
enamel,Ca2Mg6Al2O11,128.6
enamel,Ca2Mg8Al2O13,126.8
enamel,Ca4Mg2Al2O9,131.1
enamel,Ca4Mg4Al2O11,130.5
enamel,Ca4Mg6Al2O13,130.0
enamel,Ca4Mg8Al2O15,131.5
enamel,Ca6Mg2Al2O11,131.2
enamel,Ca6Mg4Al2O13,136.9
enamel,Ca6Mg6Al2O15,124.8
enamel,Ca6Mg8Al2O17,127.0
enamel,Ca8Mg2Al2O13,130.3
enamel,Ca8Mg4Al2O15,133.3
enamel,Ca8Mg6Al2O17,139.8
enamel,Ca8Mg8Al2O19,138.0
enamel,CaMgAl2O5,130.0
enamel,CaMg2Al2O6,128.8
enamel,CaMg3Al2O7,127.7
enamel,CaMg4Al2O8,125.8
enamel,Ca2MgAl2O6,123.5
enamel,Ca2Mg3Al2O8,129.7
enamel,Ca3MgAl2O7,126.3
enamel,Ca3Mg2Al2O8,126.1
enamel,Ca3Mg3Al2O9,126.3
enamel,Ca3Mg4Al2O10,132.0
enamel,Ca4MgAl2O8,129.1
enamel,Ca4Mg3Al2O10,132.5
enamel,Ca2Mg2Al6O13,127.9
enamel,Ca2Mg4Al6O15,133.3
enamel,Ca2Mg6Al6O17,135.9
enamel,Ca2Mg8Al6O19,133.6
enamel,Ca4Mg2Al6O15,124.7
enamel,Ca4Mg4Al6O17,124.9
enamel,Ca4Mg6Al6O19,127.1
enamel,Ca4Mg8Al6O21,124.6
enamel,Ca6Mg2Al6O17,120.8
enamel,Ca6Mg4Al6O19,125.5
enamel,Ca8Mg2Al6O19,123.6
enamel,Ca8Mg4Al6O21,124.4
enamel,CaMgAl4O8,117.8
enamel,CaMg2Al4O9,115.6
enamel,CaMg3Al4O10,133.1
enamel,CaMg4Al4O11,120.5
enamel,Ca2MgAl4O9,118.1
enamel,Ca2Mg3Al4O11,127.5
enamel,Ca3MgAl4O10,128.2
enamel,Ca3Mg2Al4O11,122.3
enamel,Ca3Mg3Al4O12,126.2
enamel,Ca3Mg4Al4O13,127.5
enamel,Ca4MgAl4O11,119.9
enamel,Ca4Mg3Al4O13,126.0
enamel,Sr2Ca2Al2O7,136.8
enamel,Sr4Ca2Al2O9,128.8
enamel,Sr6Ca2Al2O11,133.3
enamel,Sr8Ca2Al2O13,132.4
enamel,Sr2Ca4Al2O9,146.2
enamel,Sr4Ca4Al2O11,155.9
enamel,Sr6Ca4Al2O13,126.5
enamel,Sr8Ca4Al2O15,132.1
enamel,Sr2Ca6Al2O11,151.1
enamel,Sr4Ca6Al2O13,159.7
enamel,Sr6Ca6Al2O15,119.7
enamel,Sr8Ca6Al2O17,133.3
enamel,Sr2Ca8Al2O13,152.3
enamel,Sr4Ca8Al2O15,129.0
enamel,Sr6Ca8Al2O17,122.3
enamel,Sr8Ca8Al2O19,131.4
enamel,SrCaAl2O5,137.7
enamel,Sr2CaAl2O6,141.7
enamel,Sr3CaAl2O7,143.4
enamel,Sr4CaAl2O8,126.6
enamel,SrCa2Al2O6,125.6
enamel,Sr3Ca2Al2O8,153.0
enamel,SrCa3Al2O7,125.8
enamel,Sr2Ca3Al2O8,140.9
enamel,Sr3Ca3Al2O9,149.9
enamel,Sr4Ca3Al2O10,133.5
enamel,SrCa4Al2O8,129.1
enamel,Sr3Ca4Al2O10,151.8
enamel,Sr2Ca2Al6O13,120.6
enamel,Sr4Ca2Al6O15,128.7
enamel,Sr6Ca2Al6O17,145.0
enamel,Sr8Ca2Al6O19,149.2
enamel,Sr2Ca4Al6O15,128.3
enamel,Sr4Ca4Al6O17,133.4
enamel,Sr6Ca4Al6O19,137.4
enamel,Sr8Ca4Al6O21,147.2
enamel,Sr2Ca6Al6O17,132.6
enamel,Sr4Ca6Al6O19,130.4
enamel,Sr2Ca8Al6O19,123.6
enamel,Sr4Ca8Al6O21,129.8
enamel,SrCaAl4O8,104.4
enamel,Sr2CaAl4O9,131.9
enamel,Sr3CaAl4O10,126.1
enamel,Sr4CaAl4O11,133.8
enamel,SrCa2Al4O9,118.9
enamel,Sr3Ca2Al4O11,130.8
enamel,SrCa3Al4O10,125.1
enamel,Sr2Ca3Al4O11,128.8
enamel,Sr3Ca3Al4O12,129.5
enamel,Sr4Ca3Al4O13,137.9
enamel,SrCa4Al4O11,119.6
enamel,Sr3Ca4Al4O13,130.9
enamel,Sr2Mg2Al2O7,126.2
enamel,Sr4Mg2Al2O9,154.0
enamel,Sr6Mg2Al2O11,149.0
enamel,Sr8Mg2Al2O13,126.2
enamel,Sr2Mg4Al2O9,122.3
enamel,Sr4Mg4Al2O11,136.8
enamel,Sr6Mg4Al2O13,154.4
enamel,Sr8Mg4Al2O15,153.4
enamel,Sr2Mg6Al2O11,128.6
enamel,Sr4Mg6Al2O13,134.5
enamel,Sr6Mg6Al2O15,137.3
enamel,Sr8Mg6Al2O17,155.1
enamel,Sr2Mg8Al2O13,125.7
enamel,Sr4Mg8Al2O15,139.1
enamel,Sr6Mg8Al2O17,134.6
enamel,Sr8Mg8Al2O19,150.0
enamel,SrMgAl2O5,132.8
enamel,Sr2MgAl2O6,126.7
enamel,Sr3MgAl2O7,145.9
enamel,Sr4MgAl2O8,150.7
enamel,SrMg2Al2O6,127.6
enamel,Sr3Mg2Al2O8,132.5
enamel,SrMg3Al2O7,130.7
enamel,Sr2Mg3Al2O8,128.2
enamel,Sr3Mg3Al2O9,128.5
enamel,Sr4Mg3Al2O10,139.3
enamel,SrMg4Al2O8,129.6
enamel,Sr3Mg4Al2O10,135.6
enamel,Sr2Mg2Al6O13,127.6
enamel,Sr4Mg2Al6O15,134.1
enamel,Sr6Mg2Al6O17,132.4
enamel,Sr8Mg2Al6O19,144.5
enamel,Sr2Mg4Al6O15,130.7
enamel,Sr4Mg4Al6O17,134.9
enamel,Sr6Mg4Al6O19,130.8
enamel,Sr8Mg4Al6O21,130.0
enamel,Sr2Mg6Al6O17,127.8
enamel,Sr4Mg6Al6O19,134.1
enamel,Sr2Mg8Al6O19,126.1
enamel,Sr4Mg8Al6O21,128.0
enamel,SrMgAl4O8,109.9
enamel,Sr2MgAl4O9,128.9
enamel,Sr3MgAl4O10,126.3
enamel,Sr4MgAl4O11,132.8
enamel,SrMg2Al4O9,119.1
enamel,Sr3Mg2Al4O11,132.4
enamel,SrMg3Al4O10,121.3
enamel,Sr2Mg3Al4O11,133.4
enamel,Sr3Mg3Al4O12,127.0
enamel,Sr4Mg3Al4O13,123.8
enamel,SrMg4Al4O11,124.9
enamel,Sr3Mg4Al4O13,136.7
enamel,CaLaYO4,138.8
enamel,Ca2LaYO5,127.9
enamel,Ca3LaYO6,122.8
enamel,Ca4LaYO7,126.4
enamel,Ca2La4Y2O11,137.0
enamel,Ca4La4Y2O13,132.9
enamel,Ca6La4Y2O15,127.6
enamel,Ca8La4Y2O17,123.3
enamel,CaLa3YO7,142.8
enamel,Ca2La3YO8,129.1
enamel,Ca3La3YO9,129.3
enamel,Ca4La3YO10,120.2
enamel,Ca2La8Y2O17,144.2
enamel,Ca4La8Y2O19,138.5
enamel,Ca6La8Y2O21,127.2
enamel,Ca2La2Y4O11,145.7
enamel,Ca4La2Y4O13,133.0
enamel,Ca6La2Y4O15,139.3
enamel,Ca8La2Y4O17,132.4
enamel,CaLa2Y2O7,138.8
enamel,Ca3La2Y2O9,128.1
enamel,Ca2La6Y4O17,142.6
enamel,Ca4La6Y4O19,131.3
enamel,Ca6La6Y4O21,134.0
enamel,CaLa4Y2O10,145.8
enamel,Ca3La4Y2O12,127.8
enamel,CaLaY3O7,154.7
enamel,Ca2LaY3O8,134.7
enamel,Ca3LaY3O9,130.8
enamel,Ca4LaY3O10,131.2
enamel,Ca2La4Y6O17,141.3
enamel,Ca4La4Y6O19,139.5
enamel,Ca6La4Y6O21,138.4
enamel,CaLa3Y3O10,144.2
enamel,Ca2La3Y3O11,133.7
enamel,Ca4La3Y3O13,119.6
enamel,Ca2La8Y6O23,138.7
enamel,Ca2La2Y8O17,156.6
enamel,Ca4La2Y8O19,136.8
enamel,Ca6La2Y8O21,135.6
enamel,CaLa2Y4O10,145.2
enamel,Ca3La2Y4O12,133.0
enamel,Ca2La6Y8O23,148.7
enamel,CaLa4Y4O13,141.1
enamel,Ca3La4Y4O15,128.6
enamel,LaYMgO4,177.9
enamel,LaYMg2O5,182.2
enamel,LaYMg3O6,169.1
enamel,LaYMg4O7,154.8
enamel,La4Y2Mg2O11,153.2
enamel,La4Y2Mg4O13,176.0
enamel,La4Y2Mg6O15,161.7
enamel,La4Y2Mg8O17,164.0
enamel,La3YMgO7,152.1
enamel,La3YMg2O8,157.2
enamel,La3YMg3O9,173.4
enamel,La3YMg4O10,157.2
enamel,La8Y2Mg2O17,145.4
enamel,La8Y2Mg4O19,158.2
enamel,La8Y2Mg6O21,171.2
enamel,La2Y4Mg2O11,182.7
enamel,La2Y4Mg4O13,171.7
enamel,La2Y4Mg6O15,176.9
enamel,La2Y4Mg8O17,169.8
enamel,La2Y2MgO7,151.7
enamel,La2Y2Mg3O9,161.1
enamel,La6Y4Mg2O17,154.6
enamel,La6Y4Mg4O19,156.8
enamel,La6Y4Mg6O21,176.1
enamel,La4Y2MgO10,158.1
enamel,La4Y2Mg3O12,176.4
enamel,LaY3MgO7,173.8
enamel,LaY3Mg2O8,180.6
enamel,LaY3Mg3O9,182.9
enamel,LaY3Mg4O10,168.9
enamel,La4Y6Mg2O17,164.4
enamel,La4Y6Mg4O19,174.1
enamel,La4Y6Mg6O21,183.3
enamel,La3Y3MgO10,152.8
enamel,La3Y3Mg2O11,174.5
enamel,La3Y3Mg4O13,179.4
enamel,La8Y6Mg2O23,154.1
enamel,La2Y8Mg2O17,173.7
enamel,La2Y8Mg4O19,168.8
enamel,La2Y8Mg6O21,191.3
enamel,La2Y4MgO10,163.2
enamel,La2Y4Mg3O12,186.1
enamel,La6Y8Mg2O23,163.4
enamel,La4Y4MgO13,151.5
enamel,La4Y4Mg3O15,174.7
enamel,SrLaYO4,129.0
enamel,Sr2LaYO5,113.3
enamel,Sr3LaYO6,112.6
enamel,Sr4LaYO7,114.8
enamel,Sr2La4Y2O11,131.0
enamel,Sr4La4Y2O13,131.7
enamel,Sr6La4Y2O15,124.5
enamel,Sr8La4Y2O17,114.6
enamel,SrLa3YO7,139.8
enamel,Sr2La3YO8,134.0
enamel,Sr3La3YO9,124.3
enamel,Sr4La3YO10,120.5
enamel,Sr2La8Y2O17,140.2
enamel,Sr4La8Y2O19,135.3
enamel,Sr6La8Y2O21,131.2
enamel,Sr2La2Y4O11,149.8
enamel,Sr4La2Y4O13,132.1
enamel,Sr6La2Y4O15,108.5
enamel,Sr8La2Y4O17,95.2
enamel,SrLa2Y2O7,143.2
enamel,Sr3La2Y2O9,124.3
enamel,Sr2La6Y4O17,145.7
enamel,Sr4La6Y4O19,132.1
enamel,Sr6La6Y4O21,132.9
enamel,SrLa4Y2O10,132.7
enamel,Sr3La4Y2O12,132.0
enamel,SrLaY3O7,148.9
enamel,Sr2LaY3O8,146.4
enamel,Sr3LaY3O9,127.1
enamel,Sr4LaY3O10,98.3
enamel,Sr2La4Y6O17,148.3
enamel,Sr4La4Y6O19,139.0
enamel,Sr6La4Y6O21,136.0
enamel,SrLa3Y3O10,144.9
enamel,Sr2La3Y3O11,140.1
enamel,Sr4La3Y3O13,124.7
enamel,Sr2La8Y6O23,142.9
enamel,Sr2La2Y8O17,147.0
enamel,Sr4La2Y8O19,144.1
enamel,Sr6La2Y8O21,133.0
enamel,SrLa2Y4O10,149.7
enamel,Sr3La2Y4O12,136.1
enamel,Sr2La6Y8O23,151.1
enamel,SrLa4Y4O13,143.4
enamel,Sr3La4Y4O15,134.5
enamel,Ca2Y2Mg2O7,158.5
enamel,Ca2Y2Mg4O9,147.8
enamel,Ca2Y2Mg6O11,162.4
enamel,Ca2Y2Mg8O13,150.7
enamel,Ca4Y2Mg2O9,128.4
enamel,Ca4Y2Mg4O11,144.8
enamel,Ca4Y2Mg6O13,143.5
enamel,Ca4Y2Mg8O15,140.4
enamel,Ca6Y2Mg2O11,131.8
enamel,Ca6Y2Mg4O13,144.5
enamel,Ca6Y2Mg6O15,139.1
enamel,Ca6Y2Mg8O17,143.3
enamel,Ca8Y2Mg2O13,129.9
enamel,Ca8Y2Mg4O15,127.1
enamel,Ca8Y2Mg6O17,139.4
enamel,Ca8Y2Mg8O19,134.4
enamel,CaY2MgO5,178.4
enamel,CaY2Mg2O6,169.0
enamel,CaY2Mg3O7,163.4
enamel,CaY2Mg4O8,153.4
enamel,Ca2Y2MgO6,172.7
enamel,Ca2Y2Mg3O8,139.5
enamel,Ca3Y2MgO7,138.8
enamel,Ca3Y2Mg2O8,153.4
enamel,Ca3Y2Mg3O9,140.9
enamel,Ca3Y2Mg4O10,157.0
enamel,Ca4Y2MgO8,136.1
enamel,Ca4Y2Mg3O10,147.0
enamel,Ca2Y6Mg2O13,185.0
enamel,Ca2Y6Mg4O15,169.2
enamel,Ca2Y6Mg6O17,162.2
enamel,Ca2Y6Mg8O19,166.0
enamel,Ca4Y6Mg2O15,174.5
enamel,Ca4Y6Mg4O17,170.4
enamel,Ca4Y6Mg6O19,161.2
enamel,Ca4Y6Mg8O21,154.8
enamel,Ca6Y6Mg2O17,172.9
enamel,Ca6Y6Mg4O19,172.7
enamel,Ca8Y6Mg2O19,144.6
enamel,Ca8Y6Mg4O21,156.6
enamel,CaY4MgO8,187.8
enamel,CaY4Mg2O9,172.7
enamel,CaY4Mg3O10,166.8
enamel,CaY4Mg4O11,151.5
enamel,Ca2Y4MgO9,175.7
enamel,Ca2Y4Mg3O11,165.5
enamel,Ca3Y4MgO10,176.6
enamel,Ca3Y4Mg2O11,172.5
enamel,Ca3Y4Mg3O12,168.5
enamel,Ca3Y4Mg4O13,159.3
enamel,Ca4Y4MgO11,146.3
enamel,Ca4Y4Mg3O13,163.7
enamel,Sr2Ca2Y2O7,140.3
enamel,Sr4Ca2Y2O9,127.5
enamel,Sr6Ca2Y2O11,126.9
enamel,Sr8Ca2Y2O13,127.3
enamel,Sr2Ca4Y2O9,141.8
enamel,Sr4Ca4Y2O11,122.0
enamel,Sr6Ca4Y2O13,129.3
enamel,Sr8Ca4Y2O15,128.6
enamel,Sr2Ca6Y2O11,139.2
enamel,Sr4Ca6Y2O13,131.1
enamel,Sr6Ca6Y2O15,125.1
enamel,Sr8Ca6Y2O17,129.6
enamel,Sr2Ca8Y2O13,136.2
enamel,Sr4Ca8Y2O15,123.1
enamel,Sr6Ca8Y2O17,129.3
enamel,Sr8Ca8Y2O19,130.3
enamel,SrCaY2O5,147.8
enamel,Sr2CaY2O6,133.0
enamel,Sr3CaY2O7,121.3
enamel,Sr4CaY2O8,120.0
enamel,SrCa2Y2O6,142.5
enamel,Sr3Ca2Y2O8,123.0
enamel,SrCa3Y2O7,148.4
enamel,Sr2Ca3Y2O8,145.2
enamel,Sr3Ca3Y2O9,121.7
enamel,Sr4Ca3Y2O10,124.2
enamel,SrCa4Y2O8,144.5
enamel,Sr3Ca4Y2O10,130.8
enamel,Sr2Ca2Y6O13,145.8
enamel,Sr4Ca2Y6O15,155.0
enamel,Sr6Ca2Y6O17,133.7
enamel,Sr8Ca2Y6O19,116.9
enamel,Sr2Ca4Y6O15,147.7
enamel,Sr4Ca4Y6O17,145.4
enamel,Sr6Ca4Y6O19,135.7
enamel,Sr8Ca4Y6O21,122.1
enamel,Sr2Ca6Y6O17,148.0
enamel,Sr4Ca6Y6O19,142.5
enamel,Sr2Ca8Y6O19,144.1
enamel,Sr4Ca8Y6O21,148.4
enamel,SrCaY4O8,147.0
enamel,Sr2CaY4O9,151.8
enamel,Sr3CaY4O10,161.6
enamel,Sr4CaY4O11,145.3
enamel,SrCa2Y4O9,144.3
enamel,Sr3Ca2Y4O11,143.8
enamel,SrCa3Y4O10,146.0
enamel,Sr2Ca3Y4O11,146.0
enamel,Sr3Ca3Y4O12,135.4
enamel,Sr4Ca3Y4O13,136.6
enamel,SrCa4Y4O11,148.1
enamel,Sr3Ca4Y4O13,143.8
enamel,Sr2Y2Mg2O7,176.8
enamel,Sr4Y2Mg2O9,140.1
enamel,Sr6Y2Mg2O11,127.9
enamel,Sr8Y2Mg2O13,116.4
enamel,Sr2Y2Mg4O9,157.9
enamel,Sr4Y2Mg4O11,145.6
enamel,Sr6Y2Mg4O13,140.7
enamel,Sr8Y2Mg4O15,131.5
enamel,Sr2Y2Mg6O11,150.1
enamel,Sr4Y2Mg6O13,157.3
enamel,Sr6Y2Mg6O15,142.8
enamel,Sr8Y2Mg6O17,141.5
enamel,Sr2Y2Mg8O13,144.2
enamel,Sr4Y2Mg8O15,143.2
enamel,Sr6Y2Mg8O17,158.6
enamel,Sr8Y2Mg8O19,162.1
enamel,SrY2MgO5,181.4
enamel,Sr2Y2MgO6,150.0
enamel,Sr3Y2MgO7,140.3
enamel,Sr4Y2MgO8,110.1
enamel,SrY2Mg2O6,168.8
enamel,Sr3Y2Mg2O8,144.6
enamel,SrY2Mg3O7,162.4
enamel,Sr2Y2Mg3O8,168.4
enamel,Sr3Y2Mg3O9,140.6
enamel,Sr4Y2Mg3O10,143.7
enamel,SrY2Mg4O8,148.1
enamel,Sr3Y2Mg4O10,173.3
enamel,Sr2Y6Mg2O13,182.2
enamel,Sr4Y6Mg2O15,158.6
enamel,Sr6Y6Mg2O17,140.2
enamel,Sr8Y6Mg2O19,132.2
enamel,Sr2Y6Mg4O15,174.1
enamel,Sr4Y6Mg4O17,187.6
enamel,Sr6Y6Mg4O19,144.5
enamel,Sr8Y6Mg4O21,146.0
enamel,Sr2Y6Mg6O17,179.2
enamel,Sr4Y6Mg6O19,148.4
enamel,Sr2Y6Mg8O19,174.5
enamel,Sr4Y6Mg8O21,165.1
enamel,SrY4MgO8,184.9
enamel,Sr2Y4MgO9,162.8
enamel,Sr3Y4MgO10,153.9
enamel,Sr4Y4MgO11,153.9
enamel,SrY4Mg2O9,175.8
enamel,Sr3Y4Mg2O11,144.9
enamel,SrY4Mg3O10,178.2
enamel,Sr2Y4Mg3O11,182.0
enamel,Sr3Y4Mg3O12,147.3
enamel,Sr4Y4Mg3O13,146.0
enamel,SrY4Mg4O11,182.9
enamel,Sr3Y4Mg4O13,171.6
enamel,Ca2La2Mg2O7,139.9
enamel,Ca2La2Mg4O9,150.4
enamel,Ca2La2Mg6O11,151.9
enamel,Ca2La2Mg8O13,150.1
enamel,Ca4La2Mg2O9,134.5
enamel,Ca4La2Mg4O11,125.5
enamel,Ca4La2Mg6O13,145.2
enamel,Ca4La2Mg8O15,141.7
enamel,Ca6La2Mg2O11,129.6
enamel,Ca6La2Mg4O13,125.4
enamel,Ca6La2Mg6O15,142.3
enamel,Ca6La2Mg8O17,139.3
enamel,Ca8La2Mg2O13,133.2
enamel,Ca8La2Mg4O15,128.7
enamel,Ca8La2Mg6O17,120.5
enamel,Ca8La2Mg8O19,140.9
enamel,CaLa2MgO5,141.3
enamel,CaLa2Mg2O6,173.2
enamel,CaLa2Mg3O7,170.4
enamel,CaLa2Mg4O8,157.4
enamel,Ca2La2MgO6,137.2
enamel,Ca2La2Mg3O8,164.2
enamel,Ca3La2MgO7,133.2
enamel,Ca3La2Mg2O8,136.1
enamel,Ca3La2Mg3O9,160.5
enamel,Ca3La2Mg4O10,158.3
enamel,Ca4La2MgO8,136.7
enamel,Ca4La2Mg3O10,133.8
enamel,Ca2La6Mg2O13,124.6
enamel,Ca2La6Mg4O15,172.4
enamel,Ca2La6Mg6O17,175.4
enamel,Ca2La6Mg8O19,180.6
enamel,Ca4La6Mg2O15,129.2
enamel,Ca4La6Mg4O17,144.0
enamel,Ca4La6Mg6O19,143.4
enamel,Ca4La6Mg8O21,174.7
enamel,Ca6La6Mg2O17,111.7
enamel,Ca6La6Mg4O19,138.5
enamel,Ca8La6Mg2O19,130.4
enamel,Ca8La6Mg4O21,139.3
enamel,CaLa4MgO8,136.6
enamel,CaLa4Mg2O9,145.7
enamel,CaLa4Mg3O10,173.3
enamel,CaLa4Mg4O11,177.1
enamel,Ca2La4MgO9,124.3
enamel,Ca2La4Mg3O11,161.0
enamel,Ca3La4MgO10,127.9
enamel,Ca3La4Mg2O11,142.5
enamel,Ca3La4Mg3O12,150.6
enamel,Ca3La4Mg4O13,140.3
enamel,Ca4La4MgO11,112.7
enamel,Ca4La4Mg3O13,138.5
enamel,Sr2Ca2La2O7,94.6
enamel,Sr4Ca2La2O9,98.8
enamel,Sr6Ca2La2O11,101.8
enamel,Sr8Ca2La2O13,107.3
enamel,Sr2Ca4La2O9,128.9
enamel,Sr4Ca4La2O11,118.9
enamel,Sr6Ca4La2O13,117.1
enamel,Sr8Ca4La2O15,122.2
enamel,Sr2Ca6La2O11,130.5
enamel,Sr4Ca6La2O13,124.4
enamel,Sr6Ca6La2O15,124.6
enamel,Sr8Ca6La2O17,119.9
enamel,Sr2Ca8La2O13,131.1
enamel,Sr4Ca8La2O15,126.0
enamel,Sr6Ca8La2O17,121.2
enamel,Sr8Ca8La2O19,124.6
enamel,SrCaLa2O5,110.4
enamel,Sr2CaLa2O6,113.2
enamel,Sr3CaLa2O7,117.3
enamel,Sr4CaLa2O8,117.6
enamel,SrCa2La2O6,119.9
enamel,Sr3Ca2La2O8,98.4
enamel,SrCa3La2O7,122.7
enamel,Sr2Ca3La2O8,111.4
enamel,Sr3Ca3La2O9,108.0
enamel,Sr4Ca3La2O10,109.9
enamel,SrCa4La2O8,129.7
enamel,Sr3Ca4La2O10,118.0
enamel,Sr2Ca2La6O13,120.1
enamel,Sr4Ca2La6O15,115.3
enamel,Sr6Ca2La6O17,112.2
enamel,Sr8Ca2La6O19,113.1
enamel,Sr2Ca4La6O15,115.2
enamel,Sr4Ca4La6O17,121.6
enamel,Sr6Ca4La6O19,97.3
enamel,Sr8Ca4La6O21,102.2
enamel,Sr2Ca6La6O17,118.3
enamel,Sr4Ca6La6O19,121.7
enamel,Sr2Ca8La6O19,115.1
enamel,Sr4Ca8La6O21,110.4
enamel,SrCaLa4O8,126.0
enamel,Sr2CaLa4O9,117.5
enamel,Sr3CaLa4O10,117.0
enamel,Sr4CaLa4O11,109.1
enamel,SrCa2La4O9,113.3
enamel,Sr3Ca2La4O11,108.5
enamel,SrCa3La4O10,111.4
enamel,Sr2Ca3La4O11,117.3
enamel,Sr3Ca3La4O12,120.9
enamel,Sr4Ca3La4O13,96.8
enamel,SrCa4La4O11,117.3
enamel,Sr3Ca4La4O13,121.7
enamel,Sr2La2Mg2O7,140.7
enamel,Sr4La2Mg2O9,97.6
enamel,Sr6La2Mg2O11,98.9
enamel,Sr8La2Mg2O13,99.4
enamel,Sr2La2Mg4O9,133.9
enamel,Sr4La2Mg4O11,128.0
enamel,Sr6La2Mg4O13,124.8
enamel,Sr8La2Mg4O15,113.2
enamel,Sr2La2Mg6O11,158.9
enamel,Sr4La2Mg6O13,135.0
enamel,Sr6La2Mg6O15,137.2
enamel,Sr8La2Mg6O17,132.5
enamel,Sr2La2Mg8O13,145.4
enamel,Sr4La2Mg8O15,151.7
enamel,Sr6La2Mg8O17,134.4
enamel,Sr8La2Mg8O19,135.3
enamel,SrLa2MgO5,135.9
enamel,Sr2La2MgO6,118.2
enamel,Sr3La2MgO7,108.4
enamel,Sr4La2MgO8,108.2
enamel,SrLa2Mg2O6,144.9
enamel,Sr3La2Mg2O8,131.7
enamel,SrLa2Mg3O7,166.6
enamel,Sr2La2Mg3O8,149.2
enamel,Sr3La2Mg3O9,127.2
enamel,Sr4La2Mg3O10,138.7
enamel,SrLa2Mg4O8,158.7
enamel,Sr3La2Mg4O10,139.4
enamel,Sr2La6Mg2O13,136.1
enamel,Sr4La6Mg2O15,129.4
enamel,Sr6La6Mg2O17,121.7
enamel,Sr8La6Mg2O19,109.2
enamel,Sr2La6Mg4O15,149.7
enamel,Sr4La6Mg4O17,132.7
enamel,Sr6La6Mg4O19,129.4
enamel,Sr8La6Mg4O21,126.8
enamel,Sr2La6Mg6O17,171.8
enamel,Sr4La6Mg6O19,145.1
enamel,Sr2La6Mg8O19,168.0
enamel,Sr4La6Mg8O21,151.2
enamel,SrLa4MgO8,133.1
enamel,Sr2La4MgO9,125.2
enamel,Sr3La4MgO10,118.9
enamel,Sr4La4MgO11,112.4
enamel,SrLa4Mg2O9,135.5
enamel,Sr3La4Mg2O11,133.8
enamel,SrLa4Mg3O10,147.5
enamel,Sr2La4Mg3O11,147.0
enamel,Sr3La4Mg3O12,126.4
enamel,Sr4La4Mg3O13,129.8
enamel,SrLa4Mg4O11,171.1
enamel,Sr3La4Mg4O13,149.2
enamel,SrCaMgO3,130.8
enamel,Sr2CaMgO4,131.4
enamel,Sr3CaMgO5,131.8
enamel,Sr4CaMgO6,131.8
enamel,SrCaMg2O4,139.6
enamel,Sr2CaMg2O5,128.4
enamel,Sr3CaMg2O6,125.4
enamel,Sr4CaMg2O7,130.3
enamel,SrCaMg3O5,138.1
enamel,Sr2CaMg3O6,151.4
enamel,Sr3CaMg3O7,132.5
enamel,Sr4CaMg3O8,122.2
enamel,SrCaMg4O6,134.0
enamel,Sr2CaMg4O7,141.4
enamel,Sr3CaMg4O8,150.3
enamel,Sr4CaMg4O9,135.7
enamel,SrCa2MgO4,130.5
enamel,Sr2Ca2MgO5,127.9
enamel,Sr3Ca2MgO6,131.5
enamel,Sr4Ca2MgO7,131.8
enamel,SrCa2Mg2O5,135.7
enamel,Sr3Ca2Mg2O7,127.4
enamel,SrCa2Mg3O6,142.1
enamel,Sr2Ca2Mg3O7,148.4
enamel,Sr3Ca2Mg3O8,126.5
enamel,Sr4Ca2Mg3O9,127.6
enamel,SrCa2Mg4O7,134.0
enamel,Sr3Ca2Mg4O9,153.6
enamel,SrCa3MgO5,133.8
enamel,Sr2Ca3MgO6,128.1
enamel,Sr3Ca3MgO7,123.5
enamel,Sr4Ca3MgO8,131.8
enamel,SrCa3Mg2O6,146.4
enamel,Sr2Ca3Mg2O7,131.4
enamel,Sr3Ca3Mg2O8,127.7
enamel,Sr4Ca3Mg2O9,124.1
enamel,SrCa3Mg3O7,133.3
enamel,Sr2Ca3Mg3O8,152.7
enamel,Sr4Ca3Mg3O10,128.6
enamel,SrCa3Mg4O8,137.5
enamel,Sr2Ca3Mg4O9,137.3
enamel,Sr3Ca3Mg4O10,151.4
enamel,Sr4Ca3Mg4O11,126.8
enamel,SrCa4MgO6,132.7
enamel,Sr2Ca4MgO7,128.1
enamel,Sr3Ca4MgO8,126.2
enamel,Sr4Ca4MgO9,131.8
enamel,SrCa4Mg2O7,123.5
enamel,Sr3Ca4Mg2O9,127.7
enamel,SrCa4Mg3O8,134.9
enamel,Sr2Ca4Mg3O9,128.2
enamel,Sr3Ca4Mg3O10,132.6
enamel,Sr4Ca4Mg3O11,127.3
enamel,SrCa4Mg4O9,139.6
enamel,Sr3Ca4Mg4O11,132.5
dentin,CaO,122.8
dentin,P2O5,133.0
dentin,SiO2,100.4
dentin,MgO,171.0
dentin,Na2O,64.9
dentin,SrO,135.7
dentin,K2O,30.8
dentin,Al2O3,208.2
dentin,Ca2P2O7,104.2
dentin,Ca(PO3)2,82.6
dentin,Ca2P6O17,73.6
dentin,CaP4O11,70.1
dentin,Ca4P2O9,108.8
dentin,Ca4P6O19,91.1
dentin,Ca6P2O11,121.4
dentin,Ca3(PO4)2,120.8
dentin,Ca3P4O13,89.5
dentin,Ca8P2O13,121.6
dentin,Ca8P6O23,117.3
dentin,CaSiO3,180.1
dentin,CaSi2O5,150.4
dentin,CaSi3O7,130.5
dentin,CaSi4O9,119.3
dentin,Ca2SiO4,119.3
dentin,Ca2Si3O8,159.3
dentin,Ca3SiO5,129.2
dentin,Ca3Si2O7,119.8
dentin,Ca3Si4O11,156.6
dentin,Ca4SiO6,126.5
dentin,Ca4Si3O10,121.0
dentin,CaMgO2,148.6
dentin,CaMg2O3,125.0
dentin,CaMg3O4,144.7
dentin,CaMg4O5,141.5
dentin,Ca2MgO3,147.0
dentin,Ca2Mg3O5,138.4
dentin,Ca3MgO4,148.8
dentin,Ca3Mg2O5,145.2
dentin,Ca3Mg4O7,138.1
dentin,Ca4MgO5,150.8
dentin,Ca4Mg3O7,146.3
dentin,Na2Ca2O3,91.5
dentin,Na2CaO2,71.2
dentin,Na6Ca2O5,77.4
dentin,Na4CaO3,78.6
dentin,Na2Ca4O5,89.0
dentin,Na6Ca4O7,87.9
dentin,Na2Ca6O7,98.3
dentin,Na2Ca3O4,90.0
dentin,Na4Ca3O5,88.3
dentin,Na2Ca8O9,100.0
dentin,Na6Ca8O11,91.5
dentin,SrCaO2,124.5
dentin,Sr2CaO3,128.4
dentin,Sr3CaO4,129.0
dentin,Sr4CaO5,130.7
dentin,SrCa2O3,102.1
dentin,Sr3Ca2O5,129.5
dentin,SrCa3O4,103.9
dentin,Sr2Ca3O5,106.1
dentin,Sr4Ca3O7,129.5
dentin,SrCa4O5,117.8
dentin,Sr3Ca4O7,106.1
dentin,K2Ca2O3,64.6
dentin,K2CaO2,50.2
dentin,K6Ca2O5,50.4
dentin,K4CaO3,51.0
dentin,K2Ca4O5,74.9
dentin,K6Ca4O7,60.9
dentin,K2Ca6O7,76.9
dentin,K2Ca3O4,64.0
dentin,K4Ca3O5,60.9
dentin,K2Ca8O9,79.7
dentin,K6Ca8O11,64.7
dentin,Ca2Al2O5,157.7
dentin,CaAl2O4,139.8
dentin,Ca2Al6O11,146.5
dentin,CaAl4O7,141.0
dentin,Ca4Al2O7,127.5
dentin,Ca4Al6O13,153.5
dentin,Ca6Al2O9,132.6
dentin,Ca3Al2O6,109.9
dentin,Ca3Al4O9,156.6
dentin,Ca8Al2O11,132.5
dentin,Ca8Al6O17,116.8
dentin,Si2P2O9,110.8
dentin,Si4P2O13,94.0
dentin,Si6P2O17,96.1
dentin,Si8P2O21,92.9
dentin,SiP2O7,110.1
dentin,Si3P2O11,89.8
dentin,Si2P6O19,110.9
dentin,Si4P6O23,109.5
dentin,Si(PO3)4,109.7
dentin,Si3(PO4)4,110.2
dentin,Mg2P2O7,127.4
dentin,Mg4P2O9,168.5
dentin,Mg6P2O11,177.8
dentin,Mg8P2O13,176.7
dentin,Mg(PO3)2,111.3
dentin,Mg3(PO4)2,161.4
dentin,Mg2P6O17,84.0
dentin,Mg4P6O19,105.9
dentin,Mg8P6O23,157.2
dentin,MgP4O11,84.0
dentin,Mg3P4O13,108.9
dentin,NaPO3,46.3
dentin,Na4P2O7,57.5
dentin,Na3PO4,67.1
dentin,Na8P2O9,56.7
dentin,Na2P4O11,60.6
dentin,Na6P4O13,55.2
dentin,NaP3O8,60.3
dentin,Na4P6O17,58.0
dentin,Na8P6O19,50.3
dentin,Na2P8O21,60.3
dentin,Na6P8O23,55.0
dentin,Sr2P2O7,104.2
dentin,Sr4P2O9,109.4
dentin,Sr6P2O11,108.3
dentin,Sr8P2O13,95.3
dentin,Sr(PO3)2,84.7
dentin,Sr3(PO4)2,127.8
dentin,Sr2P6O17,68.9
dentin,Sr4P6O19,87.0
dentin,Sr8P6O23,131.8
dentin,SrP4O11,70.2
dentin,Sr3P4O13,92.0
dentin,KPO3,53.8
dentin,K4P2O7,37.6
dentin,K3PO4,46.4
dentin,K8P2O9,44.6
dentin,K2P4O11,58.8
dentin,K6P4O13,38.6
dentin,KP3O8,56.0
dentin,K4P6O17,57.4
dentin,K8P6O19,36.1
dentin,K2P8O21,59.5
dentin,K6P8O23,57.3
dentin,AlPO4,72.2
dentin,Al4P2O11,112.9
dentin,Al3PO7,149.1
dentin,Al8P2O17,174.4
dentin,Al2P4O13,77.9
dentin,Al6P4O19,94.5
dentin,Al(PO3)3,71.4
dentin,Al4(P2O7)3,95.8
dentin,Al2P8O23,71.4
dentin,MgSiO3,204.5
dentin,Mg2SiO4,194.7
dentin,Mg3SiO5,184.2
dentin,Mg4SiO6,175.1
dentin,MgSi2O5,152.5
dentin,Mg3Si2O7,187.2
dentin,MgSi3O7,128.3
dentin,Mg2Si3O8,142.1
dentin,Mg4Si3O10,197.7
dentin,MgSi4O9,126.6
dentin,Mg3Si4O11,159.1
dentin,Na2Si2O5,108.5
dentin,Na2SiO3,86.3
dentin,Na6Si2O7,70.8
dentin,Na4SiO4,72.5
dentin,Na2Si4O9,132.4
dentin,Na6Si4O11,104.7
dentin,Na2Si6O13,105.9
dentin,Na2Si3O7,135.0
dentin,Na4Si3O8,103.6
dentin,Na2Si8O17,102.1
dentin,Na6Si8O19,116.7
dentin,SrSiO3,131.7
dentin,Sr2SiO4,122.9
dentin,Sr3SiO5,102.4
dentin,Sr4SiO6,100.1
dentin,SrSi2O5,116.3
dentin,Sr3Si2O7,131.8
dentin,SrSi3O7,122.9
dentin,Sr2Si3O8,127.7
dentin,Sr4Si3O10,143.9
dentin,SrSi4O9,122.0
dentin,Sr3Si4O11,130.9
dentin,K2Si2O5,69.3
dentin,K2SiO3,60.2
dentin,K6Si2O7,64.9
dentin,K4SiO4,57.3
dentin,K2Si4O9,118.3
dentin,K6Si4O11,60.2
dentin,K2Si6O13,107.9
dentin,K2Si3O7,148.5
dentin,K4Si3O8,62.1
dentin,K2Si8O17,107.7
dentin,K6Si8O19,162.0
dentin,Al2Si2O7,147.9
dentin,Al2SiO5,226.6
dentin,Al6Si2O13,215.3
dentin,Al4SiO8,201.9
dentin,Al2Si4O11,120.4
dentin,Al6Si4O17,188.8
dentin,Al2(Si2O5)3,100.7
dentin,Al2(SiO3)3,126.3
dentin,Al4(SiO4)3,173.3
dentin,Al2Si8O19,99.7
dentin,Al6Si8O25,126.6
dentin,Na2Mg2O3,106.1
dentin,Na2MgO2,68.5
dentin,Na6Mg2O5,67.6
dentin,Na4MgO3,71.4
dentin,Na2Mg4O5,112.0
dentin,Na6Mg4O7,87.3
dentin,Na2Mg6O7,116.0
dentin,Na2Mg3O4,113.6
dentin,Na4Mg3O5,88.1
dentin,Na2Mg8O9,129.9
dentin,Na6Mg8O11,113.6
dentin,SrMgO2,157.8
dentin,Sr2MgO3,114.7
dentin,Sr3MgO4,112.5
dentin,Sr4MgO5,115.2
dentin,SrMg2O3,156.0
dentin,Sr3Mg2O5,104.4
dentin,SrMg3O4,140.2
dentin,Sr2Mg3O5,162.0
dentin,Sr4Mg3O7,133.0
dentin,SrMg4O5,136.7
dentin,Sr3Mg4O7,168.2
dentin,K2Mg2O3,72.3
dentin,K2MgO2,41.3
dentin,K6Mg2O5,39.6
dentin,K4MgO3,37.1
dentin,K2Mg4O5,76.6
dentin,K6Mg4O7,66.4
dentin,K2Mg6O7,108.4
dentin,K2Mg3O4,73.5
dentin,K4Mg3O5,66.4
dentin,K2Mg8O9,113.6
dentin,K6Mg8O11,71.7
dentin,Mg2Al2O5,208.2
dentin,MgAl2O4,198.2
dentin,Mg2Al6O11,197.8
dentin,MgAl4O7,196.0
dentin,Mg4Al2O7,204.4
dentin,Mg4Al6O13,197.6
dentin,Mg6Al2O9,196.1
dentin,Mg3Al2O6,185.5
dentin,Mg3Al4O9,201.6
dentin,Mg8Al2O11,192.9
dentin,Mg8Al6O17,190.2
dentin,Na2Sr2O3,82.0
dentin,Na2Sr4O5,109.7
dentin,Na2Sr6O7,109.9
dentin,Na2Sr8O9,114.9
dentin,Na2SrO2,58.4
dentin,Na2Sr3O4,101.3
dentin,Na6Sr2O5,60.6
dentin,Na6Sr4O7,76.7
dentin,Na6Sr8O11,86.3
dentin,Na4SrO3,70.3
dentin,Na4Sr3O5,77.6
dentin,KNaO,36.3
dentin,K4Na2O3,36.3
dentin,K3NaO2,36.3
dentin,K8Na2O5,36.3
dentin,K2Na4O3,36.5
dentin,K6Na4O5,36.3
dentin,KNa3O2,36.9
dentin,K4Na6O5,36.5
dentin,K8Na6O7,36.3
dentin,K2Na8O5,36.9
dentin,K6Na8O7,36.3
dentin,NaAlO2,149.0
dentin,Na2Al4O7,125.2
dentin,NaAl3O5,130.5
dentin,Na2Al8O13,134.6
dentin,Na4Al2O5,97.2
dentin,Na4Al6O11,119.3
dentin,Na3AlO3,81.6
dentin,Na6Al4O9,97.1
dentin,Na6Al8O15,113.7
dentin,Na8Al2O7,88.4
dentin,Na8Al6O13,106.2
dentin,K2Sr2O3,70.3
dentin,K2SrO2,51.3
dentin,K6Sr2O5,51.0
dentin,K4SrO3,51.2
dentin,K2Sr4O5,68.2
dentin,K6Sr4O7,69.7
dentin,K2Sr6O7,89.7
dentin,K2Sr3O4,69.1
dentin,K4Sr3O5,69.7
dentin,K2Sr8O9,91.7
dentin,K6Sr8O11,69.3
dentin,Sr2Al2O5,135.6
dentin,SrAl2O4,115.4
dentin,Sr2Al6O11,130.8
dentin,SrAl4O7,120.2
dentin,Sr4Al2O7,135.3
dentin,Sr4Al6O13,131.0
dentin,Sr6Al2O9,103.9
dentin,Sr3Al2O6,126.9
dentin,Sr3Al4O9,123.1
dentin,Sr8Al2O11,106.9
dentin,Sr8Al6O17,124.4
dentin,KAlO2,63.8
dentin,K2Al4O7,103.6
dentin,KAl3O5,101.0
dentin,K2Al8O13,100.6
dentin,K4Al2O5,73.8
dentin,K4Al6O11,95.9
dentin,K3AlO3,53.9
dentin,K6Al4O9,65.4
dentin,K6Al8O15,94.5
dentin,K8Al2O7,51.8
dentin,K8Al6O13,65.1
dentin,Ca2Si2P2O11,92.4
dentin,Ca2Si4P2O15,108.0
dentin,Ca2Si6P2O19,116.5
dentin,Ca2Si8P2O23,121.4
dentin,CaSi(PO4)2,94.9
dentin,CaSi2(PO5)2,97.8
dentin,CaSi3(PO6)2,96.3
dentin,CaSi4(PO7)2,113.1
dentin,Ca2Si2(P2O7)3,88.0
dentin,Ca2Si4P6O25,95.2
dentin,CaSiP4O13,88.0
dentin,CaSi2P4O15,93.9
dentin,CaSi3P4O17,95.2
dentin,CaSi4P4O19,95.2
dentin,Ca4Si2P2O13,117.6
dentin,Ca4Si4P2O17,123.2
dentin,Ca4Si6P2O21,123.0
dentin,Ca4Si8P2O25,113.4
dentin,Ca2SiP2O9,93.4
dentin,Ca2Si3P2O13,93.9
dentin,Ca4Si2P6O23,91.7
dentin,Ca2Si(P2O7)2,91.5
dentin,Ca2Si3(P2O9)2,95.6
dentin,Ca6Si2P2O15,123.4
dentin,Ca6Si4P2O19,159.9
dentin,Ca6Si6P2O23,157.1
dentin,Ca3Si(PO5)2,112.9
dentin,Ca3Si2(PO6)2,105.7
dentin,Ca3Si3(PO7)2,107.7
dentin,Ca3Si4(PO8)2,114.0
dentin,Ca6Si2P6O25,89.5
dentin,Ca3SiP4O15,93.0
dentin,Ca3Si2P4O17,98.1
dentin,Ca3Si3P4O19,85.3
dentin,Ca3Si4P4O21,86.8
dentin,Ca8Si2P2O17,116.6
dentin,Ca8Si4P2O21,123.6
dentin,Ca4SiP2O11,116.7
dentin,Ca4Si3P2O15,113.5
dentin,Ca4Si(PO4)4,88.4
dentin,Ca4Si3(PO5)4,92.9
dentin,Ca2Mg2P2O9,146.7
dentin,Ca2Mg4P2O11,125.4
dentin,Ca2Mg6P2O13,141.0
dentin,Ca2Mg8P2O15,145.0
dentin,CaMgP2O7,104.4
dentin,CaMg2(PO4)2,128.4
dentin,CaMg3P2O9,137.3
dentin,CaMg4(PO5)2,142.8
dentin,Ca2Mg2P6O19,90.5
dentin,Ca2Mg4(P2O7)3,111.6
dentin,Ca2Mg6P6O23,141.0
dentin,CaMg(PO3)4,89.2
dentin,CaMg2P4O13,90.6
dentin,CaMg3(P2O7)2,112.3
dentin,CaMg4P4O15,124.1
dentin,Ca4Mg2P2O11,127.5
dentin,Ca4Mg4P2O13,128.5
dentin,Ca4Mg6P2O15,129.9
dentin,Ca4Mg8P2O17,133.8
dentin,Ca2Mg(PO4)2,118.7
dentin,Ca2Mg3(PO5)2,129.4
dentin,Ca4Mg2(P2O7)3,106.3
dentin,Ca4Mg4P6O23,130.7
dentin,Ca2MgP4O13,90.5
dentin,Ca2Mg3P4O15,128.6
dentin,Ca6Mg2P2O13,122.2
dentin,Ca6Mg4P2O15,119.3
dentin,Ca6Mg6P2O17,125.8
dentin,Ca6Mg8P2O19,138.5
dentin,Ca3MgP2O9,123.8
dentin,Ca3Mg2(PO5)2,124.0
dentin,Ca3Mg3P2O11,125.9
dentin,Ca3Mg4(PO6)2,129.9
dentin,Ca6Mg2P6O23,120.9
dentin,Ca3Mg(P2O7)2,111.3
dentin,Ca3Mg2P4O15,145.5
dentin,Ca3Mg3(PO4)4,141.6
dentin,Ca3Mg4P4O17,141.6
dentin,Ca8Mg2P2O15,121.9
dentin,Ca8Mg4P2O17,122.5
dentin,Ca8Mg6P2O19,131.3
dentin,Ca8Mg8P2O21,127.3
dentin,Ca4Mg(PO5)2,120.0
dentin,Ca4Mg3(PO6)2,127.7
dentin,Ca4MgP4O15,118.5
dentin,Ca4Mg3P4O17,144.3
dentin,NaCaPO4,98.7
dentin,Na4Ca2P2O9,83.2
dentin,Na3CaPO5,76.0
dentin,Na8Ca2P2O11,73.3
dentin,Na2Ca2P4O13,73.9
dentin,Na2CaP2O7,73.5
dentin,Na6Ca2P4O15,77.5
dentin,Na4Ca(PO4)2,76.7
dentin,NaCa(PO3)3,72.9
dentin,Na4Ca2P6O19,65.4
dentin,Na3CaP3O10,64.8
dentin,Na8Ca2(P2O7)3,70.6
dentin,Na2Ca2P8O23,57.8
dentin,Na2Ca(PO3)4,59.6
dentin,Na4CaP4O13,64.7
dentin,NaCa2PO5,103.2
dentin,Na4Ca4P2O11,92.4
dentin,Na3Ca2PO6,89.0
dentin,Na8Ca4P2O13,81.9
dentin,Na2Ca4P4O15,96.4
dentin,Na6Ca4P4O17,87.4
dentin,NaCa2P3O10,79.3
dentin,Na4Ca4(P2O7)3,82.8
dentin,Na3Ca2P3O11,81.4
dentin,Na2Ca4P8O25,81.6
dentin,NaCa3PO6,100.9
dentin,Na4Ca6P2O13,96.9
dentin,Na3Ca3PO7,97.0
dentin,Na8Ca6P2O15,93.3
dentin,Na2Ca6P4O17,104.4
dentin,Na2Ca3P2O9,101.5
dentin,Na6Ca6P4O19,98.7
dentin,Na4Ca3(PO5)2,92.4
dentin,NaCa3P3O11,92.0
dentin,Na4Ca6P6O23,95.4
dentin,Na2Ca3(P2O7)2,80.6
dentin,Na4Ca3P4O15,83.3
dentin,NaCa4PO7,99.4
dentin,Na4Ca8P2O15,99.5
dentin,Na3Ca4PO8,99.4
dentin,Na8Ca8P2O17,95.1
dentin,Na2Ca8P4O19,98.0
dentin,Na6Ca8P4O21,96.1
dentin,NaCa4(PO4)3,103.6
dentin,Na3Ca4P3O13,102.9
dentin,Sr2Ca2P2O9,122.1
dentin,Sr4Ca2P2O11,139.8
dentin,Sr6Ca2P2O13,122.3
dentin,Sr8Ca2P2O15,105.4
dentin,SrCaP2O7,106.2
dentin,Sr2Ca(PO4)2,124.3
dentin,Sr3CaP2O9,127.9
dentin,Sr4Ca(PO5)2,131.2
dentin,Sr2Ca2P6O19,90.1
dentin,Sr4Ca2(P2O7)3,110.9
dentin,Sr6Ca2P6O23,124.8
dentin,SrCa(PO3)4,83.2
dentin,Sr2CaP4O13,87.1
dentin,Sr3Ca(P2O7)2,111.9
dentin,Sr4CaP4O15,118.7
dentin,Sr2Ca4P2O11,129.8
dentin,Sr4Ca4P2O13,147.4
dentin,Sr6Ca4P2O15,143.5
dentin,Sr8Ca4P2O17,107.1
dentin,SrCa2(PO4)2,116.6
dentin,Sr3Ca2(PO5)2,133.5
dentin,Sr2Ca4(P2O7)3,103.6
dentin,Sr4Ca4P6O23,120.8
dentin,SrCa2P4O13,85.6
dentin,Sr3Ca2P4O15,121.2
dentin,Sr2Ca6P2O13,134.0
dentin,Sr4Ca6P2O15,149.9
dentin,Sr6Ca6P2O17,137.9
dentin,Sr8Ca6P2O19,114.9
dentin,SrCa3P2O9,118.7
dentin,Sr2Ca3(PO5)2,128.9
dentin,Sr3Ca3P2O11,128.9
dentin,Sr4Ca3(PO6)2,142.1
dentin,Sr2Ca6P6O23,111.6
dentin,SrCa3(P2O7)2,103.3
dentin,Sr2Ca3P4O15,112.5
dentin,Sr3Ca3(PO4)4,122.0
dentin,Sr4Ca3P4O17,126.4
dentin,Sr2Ca8P2O15,133.2
dentin,Sr4Ca8P2O17,134.2
dentin,Sr6Ca8P2O19,157.6
dentin,Sr8Ca8P2O21,135.0
dentin,SrCa4(PO5)2,119.4
dentin,Sr3Ca4(PO6)2,131.2
dentin,SrCa4P4O15,110.3
dentin,Sr3Ca4P4O17,123.5
dentin,KCaPO4,78.5
dentin,K4Ca2P2O9,58.1
dentin,K3CaPO5,58.0
dentin,K8Ca2P2O11,61.4
dentin,K2Ca2P4O13,76.6
dentin,K2CaP2O7,67.0
dentin,K6Ca2P4O15,48.4
dentin,K4Ca(PO4)2,45.6
dentin,KCa(PO3)3,62.2
dentin,K4Ca2P6O19,67.4
dentin,K3CaP3O10,63.8
dentin,K8Ca2(P2O7)3,46.4
dentin,K2Ca2P8O23,58.7
dentin,K2Ca(PO3)4,54.9
dentin,K4CaP4O13,53.5
dentin,KCa2PO5,97.5
dentin,K4Ca4P2O11,60.0
dentin,K3Ca2PO6,63.3
dentin,K8Ca4P2O13,63.8
dentin,K2Ca4P4O15,82.2
dentin,K6Ca4P4O17,55.1
dentin,KCa2P3O10,82.9
dentin,K4Ca4(P2O7)3,79.0
dentin,K3Ca2P3O11,67.4
dentin,K2Ca4P8O25,72.8
dentin,KCa3PO6,105.7
dentin,K4Ca6P2O13,64.8
dentin,K3Ca3PO7,63.7
dentin,K8Ca6P2O15,63.4
dentin,K2Ca6P4O17,97.3
dentin,K2Ca3P2O9,90.4
dentin,K6Ca6P4O19,61.9
dentin,K4Ca3(PO5)2,58.9
dentin,KCa3P3O11,83.1
dentin,K4Ca6P6O23,84.6
dentin,K2Ca3(P2O7)2,77.2
dentin,K4Ca3P4O15,68.5
dentin,KCa4PO7,100.7
dentin,K4Ca8P2O15,67.0
dentin,K3Ca4PO8,65.5
dentin,K8Ca8P2O17,62.8
dentin,K2Ca8P4O19,104.1
dentin,K6Ca8P4O21,60.6
dentin,KCa4(PO4)3,94.5
dentin,K3Ca4P3O13,88.9
dentin,CaAlPO5,138.5
dentin,Ca2Al4P2O13,126.7
dentin,CaAl3PO8,113.9
dentin,Ca2Al8P2O19,135.7
dentin,Ca2Al2P4O15,110.4
dentin,CaAl2P2O9,111.6
dentin,Ca2Al6P4O21,112.8
dentin,CaAl4(PO6)2,117.9
dentin,CaAlP3O10,96.7
dentin,Ca2Al4P6O23,123.4
dentin,CaAl3P3O13,119.4
dentin,Ca2Al2P8O25,89.5
dentin,CaAl2(P2O7)2,107.7
dentin,CaAl4P4O17,124.3
dentin,Ca2AlPO6,159.9
dentin,Ca4Al4P2O15,168.6
dentin,Ca2Al3PO9,166.6
dentin,Ca4Al8P2O21,167.2
dentin,Ca4Al2P4O17,119.0
dentin,Ca4Al6P4O23,130.3
dentin,Ca2AlP3O11,93.7
dentin,Ca4Al4P6O25,106.1
dentin,Ca2Al3P3O14,112.7
dentin,Ca3AlPO7,117.5
dentin,Ca6Al4P2O17,157.8
dentin,Ca3Al3PO10,165.7
dentin,Ca6Al8P2O23,160.3
dentin,Ca6Al2P4O19,148.0
dentin,Ca3Al2P2O11,152.6
dentin,Ca3Al4(PO7)2,159.3
dentin,Ca3Al(PO4)3,97.4
dentin,Ca3Al2(PO4)4,108.7
dentin,Ca3Al4P4O19,120.9
dentin,Ca4AlPO8,118.2
dentin,Ca8Al4P2O19,115.5
dentin,Ca4Al3PO11,153.7
dentin,Ca8Al2P4O21,119.4
dentin,Ca4AlP3O13,118.6
dentin,Ca4Al3P3O16,152.6
dentin,CaMgSiO4,135.9
dentin,CaMg2SiO5,140.7
dentin,CaMg3SiO6,133.6
dentin,CaMg4SiO7,152.2
dentin,CaMg(SiO3)2,152.9
dentin,CaMg2Si2O7,144.1
dentin,CaMg3(SiO4)2,141.1
dentin,CaMg4Si2O9,149.4
dentin,CaMgSi3O8,136.9
dentin,CaMg2(SiO3)3,152.4
dentin,CaMg3Si3O10,153.5
dentin,CaMg4Si3O11,146.9
dentin,CaMg(Si2O5)2,140.7
dentin,CaMg2Si4O11,136.7
dentin,CaMg3(SiO3)4,149.9
dentin,CaMg4Si4O13,150.5
dentin,Ca2MgSiO5,121.4
dentin,Ca2Mg2SiO6,128.7
dentin,Ca2Mg3SiO7,140.1
dentin,Ca2Mg4SiO8,135.2
dentin,Ca2MgSi2O7,116.9
dentin,Ca2Mg3Si2O9,138.8
dentin,Ca2Mg(SiO3)3,165.8
dentin,Ca2Mg2Si3O10,150.5
dentin,Ca2Mg3Si3O11,148.4
dentin,Ca2Mg4(SiO4)3,150.0
dentin,Ca2MgSi4O11,148.9
dentin,Ca2Mg3Si4O13,151.4
dentin,Ca3MgSiO6,125.0
dentin,Ca3Mg2SiO7,134.8
dentin,Ca3Mg3SiO8,130.4
dentin,Ca3Mg4SiO9,141.5
dentin,Ca3Mg(SiO4)2,121.1
dentin,Ca3Mg2Si2O9,127.3
dentin,Ca3Mg3(SiO5)2,131.4
dentin,Ca3Mg4Si2O11,130.3
dentin,Ca3MgSi3O10,153.9
dentin,Ca3Mg2Si3O11,121.0
dentin,Ca3Mg4Si3O13,134.2
dentin,Ca3Mg(SiO3)4,164.2
dentin,Ca3Mg2Si4O13,159.4
dentin,Ca3Mg3(Si2O7)2,143.1
dentin,Ca3Mg4Si4O15,148.5
dentin,Ca4MgSiO7,137.9
dentin,Ca4Mg2SiO8,135.5
dentin,Ca4Mg3SiO9,136.3
dentin,Ca4Mg4SiO10,135.2
dentin,Ca4MgSi2O9,122.7
dentin,Ca4Mg3Si2O11,131.2
dentin,Ca4MgSi3O11,119.7
dentin,Ca4Mg2(SiO4)3,123.1
dentin,Ca4Mg3Si3O13,124.7
dentin,Ca4Mg4Si3O14,127.1
dentin,Ca4MgSi4O13,158.7
dentin,Ca4Mg3Si4O15,124.3
dentin,Na2Ca2Si2O7,101.5
dentin,Na2CaSiO4,97.0
dentin,Na6Ca2Si2O9,87.3
dentin,Na4CaSiO5,90.1
dentin,Na2Ca2Si4O11,111.0
dentin,Na2Ca(SiO3)2,101.2
dentin,Na6Ca2Si4O13,93.7
dentin,Na4CaSi2O7,94.6
dentin,Na2Ca2(Si2O5)3,146.7
dentin,Na2CaSi3O8,112.9
dentin,Na6Ca2Si6O17,104.9
dentin,Na4Ca(SiO3)3,89.7
dentin,Na2Ca2Si8O19,114.9
dentin,Na2Ca(Si2O5)2,144.9
dentin,Na6Ca2Si8O21,105.2
dentin,Na4CaSi4O11,106.0
dentin,Na2Ca4Si2O9,104.3
dentin,Na2Ca2SiO5,99.2
dentin,Na6Ca4Si2O11,97.3
dentin,Na4Ca2SiO6,94.2
dentin,Na2Ca4Si4O13,109.8
dentin,Na6Ca4Si4O15,95.5
dentin,Na2Ca4Si6O17,114.0
dentin,Na2Ca2(SiO3)3,106.6
dentin,Na6Ca4Si6O19,97.8
dentin,Na4Ca2Si3O10,96.8
dentin,Na2Ca4Si8O21,165.0
dentin,Na2Ca6Si2O11,101.9
dentin,Na2Ca3SiO6,103.7
dentin,Na6Ca6Si2O13,105.3
dentin,Na4Ca3SiO7,103.8
dentin,Na2Ca6Si4O15,100.7
dentin,Na2Ca3(SiO4)2,100.1
dentin,Na6Ca6Si4O17,91.8
dentin,Na4Ca3Si2O9,91.6
dentin,Na2Ca6Si6O19,105.6
dentin,Na2Ca3Si3O10,108.3
dentin,Na4Ca3Si3O11,95.1
dentin,Na2Ca6Si8O23,157.9
dentin,Na2Ca3(SiO3)4,107.4
dentin,Na4Ca3Si4O13,98.4
dentin,Na2Ca8Si2O13,113.8
dentin,Na2Ca4SiO7,118.7
dentin,Na6Ca8Si2O15,105.1
dentin,Na4Ca4SiO8,103.0
dentin,Na2Ca8Si4O17,103.6
dentin,Na6Ca8Si4O19,99.4
dentin,Na2Ca8(Si2O7)3,102.2
dentin,Na2Ca4Si3O11,102.9
dentin,Na4Ca4(SiO4)3,95.3
dentin,SrCaSiO4,127.1
dentin,Sr2CaSiO5,140.1
dentin,Sr3CaSiO6,112.5
dentin,Sr4CaSiO7,114.6
dentin,SrCa(SiO3)2,121.2
dentin,Sr2CaSi2O7,122.7
dentin,Sr3Ca(SiO4)2,142.3
dentin,Sr4CaSi2O9,123.1
dentin,SrCaSi3O8,110.2
dentin,Sr2Ca(SiO3)3,129.2
dentin,Sr3CaSi3O10,126.0
dentin,Sr4CaSi3O11,143.3
dentin,SrCa(Si2O5)2,123.8
dentin,Sr2CaSi4O11,115.4
dentin,Sr3Ca(SiO3)4,131.2
dentin,Sr4CaSi4O13,124.4
dentin,SrCa2SiO5,139.4
dentin,Sr2Ca2SiO6,154.2
dentin,Sr3Ca2SiO7,136.0
dentin,Sr4Ca2SiO8,110.8
dentin,SrCa2Si2O7,119.5
dentin,Sr3Ca2Si2O9,147.5
dentin,SrCa2(SiO3)3,116.4
dentin,Sr2Ca2Si3O10,127.5
dentin,Sr3Ca2Si3O11,127.0
dentin,Sr4Ca2(SiO4)3,138.6
dentin,SrCa2Si4O11,109.4
dentin,Sr3Ca2Si4O13,130.5
dentin,SrCa3SiO6,138.5
dentin,Sr2Ca3SiO7,149.5
dentin,Sr3Ca3SiO8,156.8
dentin,Sr4Ca3SiO9,103.2
dentin,SrCa3(SiO4)2,122.0
dentin,Sr2Ca3Si2O9,134.3
dentin,Sr3Ca3(SiO5)2,145.1
dentin,Sr4Ca3Si2O11,148.6
dentin,SrCa3Si3O10,116.1
dentin,Sr2Ca3Si3O11,126.4
dentin,Sr4Ca3Si3O13,137.9
dentin,SrCa3(SiO3)4,122.1
dentin,Sr2Ca3Si4O13,117.4
dentin,Sr3Ca3(Si2O7)2,126.5
dentin,Sr4Ca3Si4O15,124.9
dentin,SrCa4SiO7,147.7
dentin,Sr2Ca4SiO8,146.0
dentin,Sr3Ca4SiO9,141.9
dentin,Sr4Ca4SiO10,108.5
dentin,SrCa4Si2O9,125.6
dentin,Sr3Ca4Si2O11,137.8
dentin,SrCa4Si3O11,117.6
dentin,Sr2Ca4(SiO4)3,122.5
dentin,Sr3Ca4Si3O13,130.8
dentin,Sr4Ca4Si3O14,135.8
dentin,SrCa4Si4O13,109.5
dentin,Sr3Ca4Si4O15,124.2
dentin,K2Ca2Si2O7,72.8
dentin,K2CaSiO4,67.5
dentin,K6Ca2Si2O9,72.7
dentin,K4CaSiO5,75.6
dentin,K2Ca2Si4O11,106.7
dentin,K2Ca(SiO3)2,67.8
dentin,K6Ca2Si4O13,62.0
dentin,K4CaSi2O7,68.2
dentin,K2Ca2(Si2O5)3,111.7
dentin,K2CaSi3O8,105.7
dentin,K6Ca2Si6O17,67.3
dentin,K4Ca(SiO3)3,60.7
dentin,K2Ca2Si8O19,104.9
dentin,K2Ca(Si2O5)2,111.6
dentin,K6Ca2Si8O21,98.5
dentin,K4CaSi4O11,67.6
dentin,K2Ca4Si2O9,101.7
dentin,K2Ca2SiO5,71.1
dentin,K6Ca4Si2O11,71.4
dentin,K4Ca2SiO6,75.7
dentin,K2Ca4Si4O13,105.9
dentin,K6Ca4Si4O15,64.3
dentin,K2Ca4Si6O17,108.8
dentin,K2Ca2(SiO3)3,107.0
dentin,K6Ca4Si6O19,70.2
dentin,K4Ca2Si3O10,66.7
dentin,K2Ca4Si8O21,110.2
dentin,K2Ca6Si2O11,101.3
dentin,K2Ca3SiO6,68.8
dentin,K6Ca6Si2O13,73.0
dentin,K4Ca3SiO7,81.0
dentin,K2Ca6Si4O15,109.3
dentin,K2Ca3(SiO4)2,78.6
dentin,K6Ca6Si4O17,65.1
dentin,K4Ca3Si2O9,70.5
dentin,K2Ca6Si6O19,100.2
dentin,K2Ca3Si3O10,109.2
dentin,K4Ca3Si3O11,66.5
dentin,K2Ca6Si8O23,110.9
dentin,K2Ca3(SiO3)4,99.6
dentin,K4Ca3Si4O13,73.1
dentin,K2Ca8Si2O13,117.9
dentin,K2Ca4SiO7,79.0
dentin,K6Ca8Si2O15,73.2
dentin,K4Ca4SiO8,79.1
dentin,K2Ca8Si4O17,110.8
dentin,K6Ca8Si4O19,66.9
dentin,K2Ca8(Si2O7)3,98.9
dentin,K2Ca4Si3O11,111.1
dentin,K4Ca4(SiO4)3,66.5
dentin,Ca2Al2Si2O9,171.9
dentin,CaAl2SiO6,168.9
dentin,Ca2Al6Si2O15,150.4
dentin,CaAl4SiO9,141.7
dentin,Ca2Al2Si4O13,149.9
dentin,CaAl2(SiO4)2,115.3
dentin,Ca2Al6Si4O19,140.7
dentin,CaAl4Si2O11,140.7
dentin,Ca2Al2Si6O17,126.3
dentin,CaAl2Si3O10,124.5
dentin,Ca2Al6Si6O23,128.1
dentin,CaAl4Si3O13,139.2
dentin,Ca2Al2Si8O21,124.6
dentin,CaAl2(SiO3)4,122.7
dentin,CaAl4Si4O15,125.7
dentin,Ca4Al2Si2O11,155.2
dentin,Ca2Al2SiO7,137.2
dentin,Ca4Al6Si2O17,160.7
dentin,Ca2Al4SiO10,161.5
dentin,Ca4Al2Si4O15,186.5
dentin,Ca4Al6Si4O21,179.6
dentin,Ca4Al2Si6O19,165.8
dentin,Ca2Al2Si3O11,164.3
dentin,Ca2Al4Si3O14,149.6
dentin,Ca4Al2Si8O23,152.0
dentin,Ca6Al2Si2O13,113.1
dentin,Ca3Al2SiO8,154.6
dentin,Ca6Al6Si2O19,155.5
dentin,Ca3Al4SiO11,154.3
dentin,Ca6Al2Si4O17,166.3
dentin,Ca3Al2(SiO5)2,170.8
dentin,Ca6Al6Si4O23,162.6
dentin,Ca3Al4Si2O13,167.4
dentin,Ca6Al2(Si2O7)3,171.4
dentin,Ca3Al2(SiO4)3,189.0
dentin,Ca3Al4(SiO5)3,180.2
dentin,Ca3Al2(Si2O7)2,167.3
dentin,Ca3Al4Si4O17,167.6
dentin,Ca8Al2Si2O15,119.7
dentin,Ca4Al2SiO9,118.5
dentin,Ca8Al6Si2O21,153.2
dentin,Ca4Al4SiO12,148.9
dentin,Ca8Al2Si4O19,116.2
dentin,Ca8Al2Si6O23,161.7
dentin,Ca4Al2Si3O13,166.6
dentin,Ca4Al4Si3O16,176.2
dentin,Na2Ca2Mg2O5,107.7
dentin,Na2CaMgO3,114.0
dentin,Na6Ca2Mg2O7,94.1
dentin,Na4CaMgO4,69.6
dentin,Na2Ca2Mg4O7,110.5
dentin,Na2CaMg2O4,116.4
dentin,Na6Ca2Mg4O9,115.6
dentin,Na4CaMg2O5,87.4
dentin,Na2Ca2Mg6O9,108.4
dentin,Na2CaMg3O5,101.9
dentin,Na6Ca2Mg6O11,116.7
dentin,Na4CaMg3O6,115.6
dentin,Na2Ca2Mg8O11,113.2
dentin,Na2CaMg4O6,100.9
dentin,Na6Ca2Mg8O13,104.0
dentin,Na4CaMg4O7,115.3
dentin,Na2Ca4Mg2O7,111.3
dentin,Na2Ca2MgO4,103.5
dentin,Na6Ca4Mg2O9,96.1
dentin,Na4Ca2MgO5,92.5
dentin,Na2Ca4Mg4O9,113.3
dentin,Na6Ca4Mg4O11,106.1
dentin,Na2Ca4Mg6O11,113.8
dentin,Na2Ca2Mg3O6,109.4
dentin,Na6Ca4Mg6O13,109.5
dentin,Na4Ca2Mg3O7,119.4
dentin,Na2Ca4Mg8O13,109.0
dentin,Na6Ca4Mg8O15,102.6
dentin,Na2Ca6Mg2O9,124.9
dentin,Na2Ca3MgO5,108.3
dentin,Na6Ca6Mg2O11,87.8
dentin,Na4Ca3MgO6,90.1
dentin,Na2Ca6Mg4O11,114.5
dentin,Na2Ca3Mg2O6,105.3
dentin,Na6Ca6Mg4O13,103.4
dentin,Na4Ca3Mg2O7,105.1
dentin,Na2Ca6Mg6O13,111.5
dentin,Na2Ca3Mg3O7,114.2
dentin,Na4Ca3Mg3O8,106.4
dentin,Na2Ca6Mg8O15,114.8
dentin,Na2Ca3Mg4O8,115.1
dentin,Na6Ca6Mg8O17,107.3
dentin,Na4Ca3Mg4O9,109.4
dentin,Na2Ca8Mg2O11,126.6
dentin,Na2Ca4MgO6,102.4
dentin,Na6Ca8Mg2O13,87.5
dentin,Na4Ca4MgO7,86.9
dentin,Na2Ca8Mg4O13,119.7
dentin,Na6Ca8Mg4O15,107.3
dentin,Na2Ca8Mg6O15,117.4
dentin,Na2Ca4Mg3O8,113.3
dentin,Na6Ca8Mg6O17,105.2
dentin,Na4Ca4Mg3O9,103.2
dentin,Na2Ca8Mg8O17,113.2
dentin,SrCaMgO3,133.1
dentin,Sr2CaMgO4,93.6
dentin,Sr3CaMgO5,129.3
dentin,Sr4CaMgO6,121.6
dentin,SrCaMg2O4,161.6
dentin,Sr2CaMg2O5,135.7
dentin,Sr3CaMg2O6,121.4
dentin,Sr4CaMg2O7,102.5
dentin,SrCaMg3O5,141.6
dentin,Sr2CaMg3O6,159.8
dentin,Sr3CaMg3O7,154.2
dentin,Sr4CaMg3O8,138.2
dentin,SrCaMg4O6,137.2
dentin,Sr2CaMg4O7,162.0
dentin,Sr3CaMg4O8,157.9
dentin,Sr4CaMg4O9,168.3
dentin,SrCa2MgO4,129.9
dentin,Sr2Ca2MgO5,114.3
dentin,Sr3Ca2MgO6,104.0
dentin,Sr4Ca2MgO7,126.9
dentin,SrCa2Mg2O5,159.0
dentin,Sr3Ca2Mg2O7,134.4
dentin,SrCa2Mg3O6,146.9
dentin,Sr2Ca2Mg3O7,158.0
dentin,Sr3Ca2Mg3O8,136.2
dentin,Sr4Ca2Mg3O9,162.1
dentin,SrCa2Mg4O7,140.8
dentin,Sr3Ca2Mg4O9,158.4
dentin,SrCa3MgO5,127.8
dentin,Sr2Ca3MgO6,124.1
dentin,Sr3Ca3MgO7,101.0
dentin,Sr4Ca3MgO8,113.9
dentin,SrCa3Mg2O6,152.6
dentin,Sr2Ca3Mg2O7,132.3
dentin,Sr3Ca3Mg2O8,138.0
dentin,Sr4Ca3Mg2O9,108.5
dentin,SrCa3Mg3O7,146.0
dentin,Sr2Ca3Mg3O8,163.5
dentin,Sr4Ca3Mg3O10,157.9
dentin,SrCa3Mg4O8,143.6
dentin,Sr2Ca3Mg4O9,154.2
dentin,Sr3Ca3Mg4O10,163.4
dentin,Sr4Ca3Mg4O11,128.7
dentin,SrCa4MgO6,123.3
dentin,Sr2Ca4MgO7,125.7
dentin,Sr3Ca4MgO8,98.6
dentin,Sr4Ca4MgO9,103.9
dentin,SrCa4Mg2O7,151.6
dentin,Sr3Ca4Mg2O9,127.6
dentin,SrCa4Mg3O8,150.1
dentin,Sr2Ca4Mg3O9,161.6
dentin,Sr3Ca4Mg3O10,132.3
dentin,Sr4Ca4Mg3O11,139.4
dentin,SrCa4Mg4O9,145.9
dentin,Sr3Ca4Mg4O11,163.0
dentin,K2Ca2Mg2O5,81.7
dentin,K2CaMgO3,81.0
dentin,K6Ca2Mg2O7,58.1
dentin,K4CaMgO4,42.9
dentin,K2Ca2Mg4O7,89.8
dentin,K2CaMg2O4,79.7
dentin,K6Ca2Mg4O9,77.5
dentin,K4CaMg2O5,52.7
dentin,K2Ca2Mg6O9,116.8
dentin,K2CaMg3O5,76.2
dentin,K6Ca2Mg6O11,80.0
dentin,K4CaMg3O6,77.4
dentin,K2Ca2Mg8O11,117.1
dentin,K2CaMg4O6,82.9
dentin,K6Ca2Mg8O13,75.2
dentin,K4CaMg4O7,76.6
dentin,K2Ca4Mg2O7,81.0
dentin,K2Ca2MgO4,79.2
dentin,K6Ca4Mg2O9,62.7
dentin,K4Ca2MgO5,59.2
dentin,K2Ca4Mg4O9,90.3
dentin,K6Ca4Mg4O11,80.1
dentin,K2Ca4Mg6O11,114.8
dentin,K2Ca2Mg3O6,80.8
dentin,K6Ca4Mg6O13,80.3
dentin,K4Ca2Mg3O7,80.1
dentin,K2Ca4Mg8O13,119.1
dentin,K6Ca4Mg8O15,79.1
dentin,K2Ca6Mg2O9,81.5
dentin,K2Ca3MgO5,80.5
dentin,K6Ca6Mg2O11,78.9
dentin,K4Ca3MgO6,62.7
dentin,K2Ca6Mg4O11,95.3
dentin,K2Ca3Mg2O6,80.2
dentin,K6Ca6Mg4O13,80.2
dentin,K4Ca3Mg2O7,79.5
dentin,K2Ca6Mg6O13,117.5
dentin,K2Ca3Mg3O7,77.3
dentin,K4Ca3Mg3O8,79.8
dentin,K2Ca6Mg8O15,121.6
dentin,K2Ca3Mg4O8,90.6
dentin,K6Ca6Mg8O17,79.9
dentin,K4Ca3Mg4O9,80.3
dentin,K2Ca8Mg2O11,82.4
dentin,K2Ca4MgO6,79.3
dentin,K6Ca8Mg2O13,79.9
dentin,K4Ca4MgO7,72.9
dentin,K2Ca8Mg4O13,95.6
dentin,K6Ca8Mg4O15,81.0
dentin,K2Ca8Mg6O15,108.0
dentin,K2Ca4Mg3O8,79.3
dentin,K6Ca8Mg6O17,80.2
dentin,K4Ca4Mg3O9,80.4
dentin,K2Ca8Mg8O17,117.1
dentin,Ca2Mg2Al2O7,138.7
dentin,CaMgAl2O5,156.6
dentin,Ca2Mg2Al6O13,146.0
dentin,CaMgAl4O8,134.0
dentin,Ca2Mg4Al2O9,140.1
dentin,CaMg2Al2O6,143.4
dentin,Ca2Mg4Al6O15,156.2
dentin,CaMg2Al4O9,137.0
dentin,Ca2Mg6Al2O11,150.5
dentin,CaMg3Al2O7,157.4
dentin,Ca2Mg6Al6O17,145.9
dentin,CaMg3Al4O10,141.4
dentin,Ca2Mg8Al2O13,157.4
dentin,CaMg4Al2O8,153.6
dentin,Ca2Mg8Al6O19,152.0
dentin,CaMg4Al4O11,142.8
dentin,Ca4Mg2Al2O9,131.1
dentin,Ca2MgAl2O6,122.8
dentin,Ca4Mg2Al6O15,156.6
dentin,Ca2MgAl4O9,150.9
dentin,Ca4Mg4Al2O11,135.4
dentin,Ca4Mg4Al6O17,153.3
dentin,Ca4Mg6Al2O13,135.8
dentin,Ca2Mg3Al2O8,139.5
dentin,Ca4Mg6Al6O19,154.4
dentin,Ca2Mg3Al4O11,146.8
dentin,Ca4Mg8Al2O15,131.7
dentin,Ca4Mg8Al6O21,156.3
dentin,Ca6Mg2Al2O11,133.4
dentin,Ca3MgAl2O7,134.1
dentin,Ca6Mg2Al6O17,126.8
dentin,Ca3MgAl4O10,154.4
dentin,Ca6Mg4Al2O13,134.3
dentin,Ca3Mg2Al2O8,133.2
dentin,Ca6Mg4Al6O19,137.1
dentin,Ca3Mg2Al4O11,150.2
dentin,Ca6Mg6Al2O15,134.0
dentin,Ca3Mg3Al2O9,136.1
dentin,Ca3Mg3Al4O12,144.7
dentin,Ca6Mg8Al2O17,139.1
dentin,Ca3Mg4Al2O10,136.1
dentin,Ca3Mg4Al4O13,155.2
dentin,Ca8Mg2Al2O13,135.1
dentin,Ca4MgAl2O8,129.8
dentin,Ca8Mg2Al6O19,131.2
dentin,Ca4MgAl4O11,127.5
dentin,Ca8Mg4Al2O15,135.1
dentin,Ca8Mg4Al6O21,132.6
dentin,Ca8Mg6Al2O17,134.3
dentin,Ca4Mg3Al2O10,139.2
dentin,Ca4Mg3Al4O13,140.1
dentin,Ca8Mg8Al2O19,133.6
dentin,Na2Sr2Ca2O5,82.6
dentin,Na2Sr4Ca2O7,80.4
dentin,Na2Sr6Ca2O9,114.2
dentin,Na2Sr8Ca2O11,115.0
dentin,Na2SrCaO3,80.0
dentin,Na2Sr2CaO4,81.4
dentin,Na2Sr3CaO5,80.8
dentin,Na2Sr4CaO6,105.1
dentin,Na6Sr2Ca2O7,90.7
dentin,Na6Sr4Ca2O9,82.1
dentin,Na6Sr6Ca2O11,88.2
dentin,Na6Sr8Ca2O13,79.4
dentin,Na4SrCaO4,70.2
dentin,Na4Sr2CaO5,78.6
dentin,Na4Sr3CaO6,84.4
dentin,Na4Sr4CaO7,82.9
dentin,Na2Sr2Ca4O7,82.5
dentin,Na2Sr4Ca4O9,84.3
dentin,Na2Sr6Ca4O11,85.4
dentin,Na2Sr8Ca4O13,113.0
dentin,Na2SrCa2O4,92.4
dentin,Na2Sr3Ca2O6,83.7
dentin,Na6Sr2Ca4O9,94.9
dentin,Na6Sr4Ca4O11,80.7
dentin,Na6Sr6Ca4O13,83.0
dentin,Na6Sr8Ca4O15,84.1
dentin,Na4SrCa2O5,95.1
dentin,Na4Sr3Ca2O7,80.7
dentin,Na2Sr2Ca6O9,93.1
dentin,Na2Sr4Ca6O11,84.6
dentin,Na2Sr6Ca6O13,87.3
dentin,Na2Sr8Ca6O15,93.8
dentin,Na2SrCa3O5,93.3
dentin,Na2Sr2Ca3O6,80.5
dentin,Na2Sr3Ca3O7,83.5
dentin,Na2Sr4Ca3O8,86.5
dentin,Na6Sr2Ca6O11,92.9
dentin,Na6Sr4Ca6O13,80.5
dentin,Na6Sr8Ca6O17,84.1
dentin,Na4SrCa3O6,96.0
dentin,Na4Sr2Ca3O7,84.7
dentin,Na4Sr3Ca3O8,82.0
dentin,Na4Sr4Ca3O9,80.5
dentin,Na2Sr2Ca8O11,102.4
dentin,Na2Sr4Ca8O13,86.6
dentin,Na2Sr6Ca8O15,87.9
dentin,Na2Sr8Ca8O17,90.2
dentin,Na2SrCa4O6,92.8
dentin,Na2Sr3Ca4O8,83.0
dentin,Na6Sr2Ca8O13,92.3
dentin,Na6Sr4Ca8O15,84.3
dentin,Na6Sr6Ca8O17,80.5
dentin,Na4SrCa4O7,90.3
dentin,Na4Sr3Ca4O9,82.0
dentin,KNaCaO2,49.3
dentin,K4Na2Ca2O5,42.9
dentin,K3NaCaO3,47.7
dentin,K8Na2Ca2O7,37.9
dentin,K2Na4Ca2O5,50.2
dentin,K2Na2CaO3,44.0
dentin,K6Na4Ca2O7,41.0
dentin,K4Na2CaO4,38.1
dentin,KNa3CaO3,44.3
dentin,K4Na6Ca2O7,42.7
dentin,K3Na3CaO4,39.5
dentin,K8Na6Ca2O9,39.5
dentin,K2Na8Ca2O7,50.6
dentin,K2Na4CaO4,39.6
dentin,K6Na8Ca2O9,39.7
dentin,K4Na4CaO5,39.5
dentin,KNaCa2O3,80.5
dentin,K4Na2Ca4O7,60.6
dentin,K3NaCa2O4,49.2
dentin,K8Na2Ca4O9,49.2
dentin,K2Na4Ca4O7,78.4
dentin,K6Na4Ca4O9,49.0
dentin,KNa3Ca2O4,64.6
dentin,K4Na6Ca4O9,49.3
dentin,K3Na3Ca2O5,47.6
dentin,K8Na6Ca4O11,43.2
dentin,K2Na8Ca4O9,64.1
dentin,K6Na8Ca4O11,47.0
dentin,KNaCa3O4,78.7
dentin,K4Na2Ca6O9,63.1
dentin,K3NaCa3O5,60.1
dentin,K8Na2Ca6O11,58.2
dentin,K2Na4Ca6O9,82.0
dentin,K2Na2Ca3O5,76.0
dentin,K6Na4Ca6O11,58.1
dentin,K4Na2Ca3O6,49.0
dentin,KNa3Ca3O5,77.7
dentin,K4Na6Ca6O11,77.7
dentin,K8Na6Ca6O13,49.3
dentin,K2Na8Ca6O11,77.0
dentin,K2Na4Ca3O6,64.5
dentin,K6Na8Ca6O13,49.3
dentin,K4Na4Ca3O7,49.3
dentin,KNaCa4O5,79.4
dentin,K4Na2Ca8O11,74.3
dentin,K3NaCa4O6,63.1
dentin,K8Na2Ca8O13,60.4
dentin,K2Na4Ca8O11,80.8
dentin,K6Na4Ca8O13,60.6
dentin,KNa3Ca4O6,82.0
dentin,K4Na6Ca8O13,78.4
dentin,K3Na3Ca4O7,60.6
dentin,K8Na6Ca8O15,56.6
dentin,K2Na8Ca8O13,78.3
dentin,K6Na8Ca8O15,58.3
dentin,NaCaAlO3,93.4
dentin,Na2Ca2Al4O9,104.7
dentin,NaCaAl3O6,106.2
dentin,Na2Ca2Al8O15,136.3
dentin,Na4Ca2Al2O7,100.1
dentin,Na2CaAl2O5,94.5
dentin,Na4Ca2Al6O13,97.7
dentin,Na2CaAl4O8,101.5
dentin,Na3CaAlO4,103.1
dentin,Na6Ca2Al4O11,95.2
dentin,Na3CaAl3O7,97.2
dentin,Na6Ca2Al8O17,118.7
dentin,Na8Ca2Al2O9,103.9
dentin,Na4CaAl2O6,87.4
dentin,Na8Ca2Al6O15,93.6
dentin,Na4CaAl4O9,97.4
dentin,NaCa2AlO4,116.2
dentin,Na2Ca4Al4O11,100.8
dentin,NaCa2Al3O7,109.3
dentin,Na2Ca4Al8O17,111.4
dentin,Na4Ca4Al2O9,102.5
dentin,Na4Ca4Al6O15,98.0
dentin,Na3Ca2AlO5,102.3
dentin,Na6Ca4Al4O13,100.4
dentin,Na3Ca2Al3O8,95.1
dentin,Na6Ca4Al8O19,98.6
dentin,Na8Ca4Al2O11,95.6
dentin,Na8Ca4Al6O17,93.3
dentin,NaCa3AlO5,116.3
dentin,Na2Ca6Al4O13,107.5
dentin,NaCa3Al3O8,100.5
dentin,Na2Ca6Al8O19,110.4
dentin,Na4Ca6Al2O11,104.8
dentin,Na2Ca3Al2O7,115.5
dentin,Na4Ca6Al6O17,98.4
dentin,Na2Ca3Al4O10,96.9
dentin,Na3Ca3AlO6,99.8
dentin,Na6Ca6Al4O15,104.6
dentin,Na8Ca6Al2O13,98.1
dentin,Na4Ca3Al2O8,104.7
dentin,Na8Ca6Al6O19,99.6
dentin,Na4Ca3Al4O11,94.3
dentin,NaCa4AlO6,119.3
dentin,Na2Ca8Al4O15,110.9
dentin,NaCa4Al3O9,98.9
dentin,Na2Ca8Al8O21,100.4
dentin,Na4Ca8Al2O13,115.7
dentin,Na4Ca8Al6O19,107.2
dentin,Na3Ca4AlO7,100.5
dentin,Na6Ca8Al4O17,105.4
dentin,Na3Ca4Al3O10,114.9
dentin,Na8Ca8Al2O15,100.6
dentin,K2Sr2Ca2O5,64.9
dentin,K2SrCaO3,64.2
dentin,K6Sr2Ca2O7,60.7
dentin,K4SrCaO4,49.1
dentin,K2Sr4Ca2O7,66.6
dentin,K2Sr2CaO4,64.9
dentin,K6Sr4Ca2O9,64.2
dentin,K4Sr2CaO5,62.1
dentin,K2Sr6Ca2O9,73.2
dentin,K2Sr3CaO5,68.6
dentin,K6Sr6Ca2O11,65.8
dentin,K4Sr3CaO6,66.7
dentin,K2Sr8Ca2O11,85.6
dentin,K2Sr4CaO6,65.1
dentin,K6Sr8Ca2O13,65.1
dentin,K4Sr4CaO7,65.9
dentin,K2Sr2Ca4O7,83.8
dentin,K2SrCa2O4,63.0
dentin,K6Sr2Ca4O9,60.9
dentin,K4SrCa2O5,58.9
dentin,K2Sr4Ca4O9,92.3
dentin,K6Sr4Ca4O11,63.4
dentin,K2Sr6Ca4O11,90.3
dentin,K2Sr3Ca2O6,65.0
dentin,K6Sr6Ca4O13,64.9
dentin,K4Sr3Ca2O7,63.8
dentin,K2Sr8Ca4O13,115.0
dentin,K6Sr8Ca4O15,65.0
dentin,K2Sr2Ca6O9,81.9
dentin,K2SrCa3O5,80.0
dentin,K6Sr2Ca6O11,60.1
dentin,K4SrCa3O6,59.7
dentin,K2Sr4Ca6O11,87.1
dentin,K2Sr2Ca3O6,83.5
dentin,K6Sr4Ca6O13,63.4
dentin,K4Sr2Ca3O7,62.0
dentin,K2Sr6Ca6O13,91.1
dentin,K2Sr3Ca3O7,87.5
dentin,K4Sr3Ca3O8,64.9
dentin,K2Sr8Ca6O15,91.8
dentin,K2Sr4Ca3O8,90.2
dentin,K6Sr8Ca6O17,65.0
dentin,K4Sr4Ca3O9,64.9
dentin,K2Sr2Ca8O11,82.6
dentin,K2SrCa4O6,81.3
dentin,K6Sr2Ca8O13,60.5
dentin,K4SrCa4O7,59.1
dentin,K2Sr4Ca8O13,87.5
dentin,K6Sr4Ca8O15,61.9
dentin,K2Sr6Ca8O15,93.4
dentin,K2Sr3Ca4O8,85.5
dentin,K6Sr6Ca8O17,63.6
dentin,K4Sr3Ca4O9,63.4
dentin,K2Sr8Ca8O17,94.1
dentin,Sr2Ca2Al2O7,145.5
dentin,SrCaAl2O5,122.3
dentin,Sr2Ca2Al6O13,114.5
dentin,SrCaAl4O8,117.2
dentin,Sr4Ca2Al2O9,160.6
dentin,Sr2CaAl2O6,136.5
dentin,Sr4Ca2Al6O15,127.5
dentin,Sr2CaAl4O9,125.4
dentin,Sr6Ca2Al2O11,109.1
dentin,Sr3CaAl2O7,155.7
dentin,Sr6Ca2Al6O17,137.1
dentin,Sr3CaAl4O10,126.9
dentin,Sr8Ca2Al2O13,123.7
dentin,Sr4CaAl2O8,139.3
dentin,Sr8Ca2Al6O19,157.1
dentin,Sr4CaAl4O11,137.9
dentin,Sr2Ca4Al2O9,151.0
dentin,SrCa2Al2O6,118.4
dentin,Sr2Ca4Al6O15,119.6
dentin,SrCa2Al4O9,112.6
dentin,Sr4Ca4Al2O11,163.2
dentin,Sr4Ca4Al6O17,127.2
dentin,Sr6Ca4Al2O13,117.8
dentin,Sr3Ca2Al2O8,170.0
dentin,Sr6Ca4Al6O19,141.9
dentin,Sr3Ca2Al4O11,129.3
dentin,Sr8Ca4Al2O15,114.6
dentin,Sr8Ca4Al6O21,164.1
dentin,Sr2Ca6Al2O11,151.1
dentin,SrCa3Al2O7,127.3
dentin,Sr2Ca6Al6O17,115.7
dentin,SrCa3Al4O10,115.0
dentin,Sr4Ca6Al2O13,145.4
dentin,Sr2Ca3Al2O8,150.4
dentin,Sr4Ca6Al6O19,137.1
dentin,Sr2Ca3Al4O11,123.5
dentin,Sr6Ca6Al2O15,148.3
dentin,Sr3Ca3Al2O9,166.5
dentin,Sr3Ca3Al4O12,128.4
dentin,Sr8Ca6Al2O17,104.0
dentin,Sr4Ca3Al2O10,166.0
dentin,Sr4Ca3Al4O13,145.0
dentin,Sr2Ca8Al2O13,151.1
dentin,SrCa4Al2O8,128.5
dentin,Sr2Ca8Al6O19,123.5
dentin,SrCa4Al4O11,116.2
dentin,Sr4Ca8Al2O15,129.8
dentin,Sr4Ca8Al6O21,139.9
dentin,Sr6Ca8Al2O17,137.5
dentin,Sr3Ca4Al2O10,155.6
dentin,Sr3Ca4Al4O13,139.6
dentin,Sr8Ca8Al2O19,103.0
dentin,KCaAlO3,68.5
dentin,K2Ca2Al4O9,104.9
dentin,KCaAl3O6,95.1
dentin,K2Ca2Al8O15,95.8
dentin,K4Ca2Al2O7,77.7
dentin,K2CaAl2O5,66.6
dentin,K4Ca2Al6O13,98.8
dentin,K2CaAl4O8,96.8
dentin,K3CaAlO4,79.0
dentin,K6Ca2Al4O11,65.1
dentin,K3CaAl3O7,59.5
dentin,K6Ca2Al8O17,98.6
dentin,K8Ca2Al2O9,65.0
dentin,K4CaAl2O6,73.8
dentin,K8Ca2Al6O15,64.5
dentin,K4CaAl4O9,59.0
dentin,KCa2AlO4,81.9
dentin,K2Ca4Al4O11,104.0
dentin,KCa2Al3O7,98.3
dentin,K2Ca4Al8O17,99.3
dentin,K4Ca4Al2O9,77.7
dentin,K4Ca4Al6O15,101.8
dentin,K3Ca2AlO5,77.2
dentin,K6Ca4Al4O13,69.2
dentin,K3Ca2Al3O8,71.1
dentin,K6Ca4Al8O19,98.5
dentin,K8Ca4Al2O11,80.8
dentin,K8Ca4Al6O17,65.3
dentin,KCa3AlO5,86.5
dentin,K2Ca6Al4O13,114.5
dentin,KCa3Al3O8,96.8
dentin,K2Ca6Al8O19,101.0
dentin,K4Ca6Al2O11,78.7
dentin,K2Ca3Al2O7,79.1
dentin,K4Ca6Al6O17,102.1
dentin,K2Ca3Al4O10,104.5
dentin,K3Ca3AlO6,76.6
dentin,K6Ca6Al4O15,71.4
dentin,K8Ca6Al2O13,76.6
dentin,K4Ca3Al2O8,77.7
dentin,K8Ca6Al6O19,74.6
dentin,K4Ca3Al4O11,68.7
dentin,KCa4AlO6,96.9
dentin,K2Ca8Al4O15,111.1
dentin,KCa4Al3O9,98.4
dentin,K2Ca8Al8O21,97.7
dentin,K4Ca8Al2O13,79.9
dentin,K4Ca8Al6O19,109.2
dentin,K3Ca4AlO7,78.2
dentin,K6Ca8Al4O17,73.0
dentin,K3Ca4Al3O10,79.1
dentin,K8Ca8Al2O15,71.8
dentin,Mg2Si2P2O11,110.9
dentin,Mg4Si2P2O13,125.7
dentin,Mg6Si2P2O15,162.5
dentin,Mg8Si2P2O17,163.0
dentin,Mg2Si4P2O15,105.2
dentin,Mg4Si4P2O17,114.7
dentin,Mg6Si4P2O19,138.9
dentin,Mg8Si4P2O21,160.4
dentin,Mg2Si6P2O19,108.2
dentin,Mg4Si6P2O21,118.9
dentin,Mg6Si6P2O23,134.0
dentin,Mg2Si8P2O23,104.0
dentin,Mg4Si8P2O25,121.3
dentin,MgSi(PO4)2,86.8
dentin,Mg2SiP2O9,117.1
dentin,Mg3Si(PO5)2,112.4
dentin,Mg4SiP2O11,134.8
dentin,MgSi2(PO5)2,94.9
dentin,Mg3Si2(PO6)2,110.3
dentin,MgSi3(PO6)2,91.3
dentin,Mg2Si3P2O13,106.7
dentin,Mg3Si3(PO7)2,113.8
dentin,Mg4Si3P2O15,111.7
dentin,MgSi4(PO7)2,103.0
dentin,Mg3Si4(PO8)2,114.6
dentin,Mg2Si2(P2O7)3,84.8
dentin,Mg4Si2P6O23,92.2
dentin,Mg6Si2P6O25,113.0
dentin,Mg2Si4P6O25,90.9
dentin,MgSiP4O13,84.8
dentin,Mg2Si(P2O7)2,86.6
dentin,Mg3SiP4O15,91.5
dentin,Mg4Si(PO4)4,110.8
dentin,MgSi2P4O15,90.7
dentin,Mg3Si2P4O17,110.1
dentin,MgSi3P4O17,92.5
dentin,Mg2Si3(P2O9)2,90.3
dentin,Mg3Si3P4O19,101.0
dentin,Mg4Si3(PO5)4,107.3
dentin,MgSi4P4O19,92.5
dentin,Mg3Si4P4O21,92.7
dentin,NaSiPO5,77.6
dentin,Na4Si2P2O11,74.4
dentin,Na3SiPO6,80.4
dentin,Na8Si2P2O13,70.3
dentin,NaSi2PO7,86.8
dentin,Na4Si4P2O15,93.1
dentin,Na3Si2PO8,76.9
dentin,Na8Si4P2O17,82.4
dentin,NaSi3PO9,96.5
dentin,Na4Si6P2O19,101.6
dentin,Na3Si3PO10,99.1
dentin,Na8Si6P2O21,98.0
dentin,NaSi4PO11,95.5
dentin,Na4Si8P2O23,105.1
dentin,Na3Si4PO12,108.3
dentin,Na2Si2P4O15,80.4
dentin,Na2Si(PO4)2,68.4
dentin,Na6Si2P4O17,68.6
dentin,Na4SiP2O9,69.6
dentin,Na2Si4P4O19,80.0
dentin,Na6Si4P4O21,73.5
dentin,Na2Si6P4O23,82.4
dentin,Na2Si3(PO6)2,78.9
dentin,Na4Si3P2O13,75.9
dentin,NaSiP3O10,77.8
dentin,Na4Si2(P2O7)3,75.3
dentin,Na3SiP3O11,62.8
dentin,Na8Si2P6O23,64.9
dentin,NaSi2(PO4)3,81.9
dentin,Na4Si4P6O25,66.3
dentin,Na3Si2P3O13,73.3
dentin,NaSi3P3O14,84.4
dentin,NaSi4P3O16,83.4
dentin,Na3Si4P3O17,81.3
dentin,Na2Si2P8O25,80.5
dentin,Na2SiP4O13,79.4
dentin,Na4Si(P2O7)2,60.4
dentin,Na2Si3P4O17,81.9
dentin,Na4Si3(P2O9)2,71.8
dentin,Sr2Si2P2O11,90.7
dentin,Sr4Si2P2O13,117.3
dentin,Sr6Si2P2O15,129.9
dentin,Sr8Si2P2O17,118.0
dentin,Sr2Si4P2O15,107.3
dentin,Sr4Si4P2O17,123.2
dentin,Sr6Si4P2O19,125.0
dentin,Sr8Si4P2O21,139.5
dentin,Sr2Si6P2O19,110.4
dentin,Sr4Si6P2O21,121.2
dentin,Sr6Si6P2O23,136.2
dentin,Sr2Si8P2O23,117.4
dentin,Sr4Si8P2O25,116.3
dentin,SrSi(PO4)2,88.8
dentin,Sr2SiP2O9,95.9
dentin,Sr3Si(PO5)2,107.9
dentin,Sr4SiP2O11,131.0
dentin,SrSi2(PO5)2,98.0
dentin,Sr3Si2(PO6)2,99.8
dentin,SrSi3(PO6)2,101.0
dentin,Sr2Si3P2O13,95.2
dentin,Sr3Si3(PO7)2,107.9
dentin,Sr4Si3P2O15,111.0
dentin,SrSi4(PO7)2,112.8
dentin,Sr3Si4(PO8)2,111.5
dentin,Sr2Si2(P2O7)3,92.6
dentin,Sr4Si2P6O23,91.9
dentin,Sr6Si2P6O25,99.3
dentin,Sr2Si4P6O25,101.3
dentin,SrSiP4O13,91.0
dentin,Sr2Si(P2O7)2,87.3
dentin,Sr3SiP4O15,89.9
dentin,Sr4Si(PO4)4,97.7
dentin,SrSi2P4O15,97.0
dentin,Sr3Si2P4O17,97.3
dentin,SrSi3P4O17,99.5
dentin,Sr2Si3(P2O9)2,92.4
dentin,Sr3Si3P4O19,86.1
dentin,Sr4Si3(PO5)4,90.2
dentin,SrSi4P4O19,98.6
dentin,Sr3Si4P4O21,86.0
dentin,KSiPO5,82.2
dentin,K4Si2P2O11,51.1
dentin,K3SiPO6,50.0
dentin,K8Si2P2O13,54.0
dentin,KSi2PO7,87.3
dentin,K4Si4P2O15,126.2
dentin,K3Si2PO8,55.6
dentin,K8Si4P2O17,52.3
dentin,KSi3PO9,91.6
dentin,K4Si6P2O19,108.2
dentin,K3Si3PO10,144.4
dentin,K8Si6P2O21,60.9
dentin,KSi4PO11,90.7
dentin,K4Si8P2O23,105.9
dentin,K3Si4PO12,115.5
dentin,K2Si2P4O15,74.3
dentin,K2Si(PO4)2,79.6
dentin,K6Si2P4O17,65.1
dentin,K4SiP2O9,48.5
dentin,K2Si4P4O19,75.9
dentin,K6Si4P4O21,95.8
dentin,K2Si6P4O23,79.3
dentin,K2Si3(PO6)2,87.6
dentin,K4Si3P2O13,116.1
dentin,KSiP3O10,76.2
dentin,K4Si2(P2O7)3,79.0
dentin,K3SiP3O11,67.5
dentin,K8Si2P6O23,62.8
dentin,KSi2(PO4)3,79.5
dentin,K4Si4P6O25,67.5
dentin,K3Si2P3O13,79.0
dentin,KSi3P3O14,82.6
dentin,KSi4P3O16,81.0
dentin,K3Si4P3O17,87.1
dentin,K2Si2P8O25,78.4
dentin,K2SiP4O13,76.9
dentin,K4Si(P2O7)2,65.9
dentin,K2Si3P4O17,77.5
dentin,K4Si3(P2O9)2,77.0
dentin,AlSiPO6,93.9
dentin,Al4Si2P2O15,102.6
dentin,Al3SiPO9,110.2
dentin,Al8Si2P2O21,128.2
dentin,AlSi2PO8,93.8
dentin,Al4Si4P2O19,95.4
dentin,Al3Si2PO11,115.3
dentin,Al8Si4P2O25,118.7
dentin,AlSi3PO10,93.8
dentin,Al4Si6P2O23,95.8
dentin,Al3Si3PO13,93.5
dentin,AlSi4PO12,93.8
dentin,Al3Si4PO15,94.6
dentin,Al2Si2P4O17,98.7
dentin,Al2Si(PO5)2,93.3
dentin,Al6Si2P4O23,94.0
dentin,Al4SiP2O13,103.0
dentin,Al2Si4P4O21,101.2
dentin,Al2Si6P4O25,92.8
dentin,Al2Si3(PO7)2,93.8
dentin,Al4Si3P2O17,95.4
dentin,AlSiP3O11,83.3
dentin,Al4Si2P6O25,96.5
dentin,Al3SiP3O14,99.7
dentin,AlSi2P3O13,95.2
dentin,Al3Si2P3O16,93.3
dentin,AlSi3(PO5)3,100.9
dentin,AlSi4P3O17,93.1
dentin,Al3Si4P3O20,93.8
dentin,Al2Si2P8O27,80.4
dentin,Al2SiP4O15,95.5
dentin,Al4Si(P2O9)2,96.5
dentin,Al2Si3P4O19,101.2
dentin,Al4Si3(P2O11)2,93.9
dentin,NaMgPO4,108.5
dentin,Na4Mg2P2O9,94.8
dentin,Na3MgPO5,83.0
dentin,Na8Mg2P2O11,85.2
dentin,NaMg2PO5,115.1
dentin,Na4Mg4P2O11,109.1
dentin,Na3Mg2PO6,92.9
dentin,Na8Mg4P2O13,93.0
dentin,NaMg3PO6,124.7
dentin,Na4Mg6P2O13,107.7
dentin,Na3Mg3PO7,94.0
dentin,Na8Mg6P2O15,95.0
dentin,NaMg4PO7,124.9
dentin,Na4Mg8P2O15,111.2
dentin,Na3Mg4PO8,108.1
dentin,Na8Mg8P2O17,95.0
dentin,Na2Mg2P4O13,88.3
dentin,Na2MgP2O7,80.1
dentin,Na6Mg2P4O15,77.3
dentin,Na4Mg(PO4)2,77.7
dentin,Na2Mg4P4O15,104.3
dentin,Na6Mg4P4O17,95.1
dentin,Na2Mg6P4O17,128.4
dentin,Na2Mg3P2O9,115.4
dentin,Na6Mg6P4O19,94.3
dentin,Na4Mg3(PO5)2,96.0
dentin,Na2Mg8P4O19,131.9
dentin,Na6Mg8P4O21,95.0
dentin,NaMg(PO3)3,57.2
dentin,Na4Mg2P6O19,65.2
dentin,Na3MgP3O10,66.2
dentin,Na8Mg2(P2O7)3,68.7
dentin,NaMg2P3O10,91.3
dentin,Na4Mg4(P2O7)3,98.9
dentin,Na3Mg2P3O11,89.4
dentin,NaMg3P3O11,117.2
dentin,Na4Mg6P6O23,106.6
dentin,NaMg4(PO4)3,129.0
dentin,Na3Mg4P3O13,111.8
dentin,Na2Mg2P8O23,59.9
dentin,Na2Mg(PO3)4,57.6
dentin,Na4MgP4O13,55.0
dentin,Na2Mg4P8O25,78.6
dentin,Na2Mg3(P2O7)2,114.7
dentin,Na4Mg3P4O15,97.2
dentin,Sr2Mg2P2O9,115.2
dentin,Sr4Mg2P2O11,139.2
dentin,Sr6Mg2P2O13,133.2
dentin,Sr8Mg2P2O15,124.1
dentin,Sr2Mg4P2O11,121.5
dentin,Sr4Mg4P2O13,139.3
dentin,Sr6Mg4P2O15,146.2
dentin,Sr8Mg4P2O17,138.0
dentin,Sr2Mg6P2O13,117.4
dentin,Sr4Mg6P2O15,139.6
dentin,Sr6Mg6P2O17,131.6
dentin,Sr8Mg6P2O19,166.3
dentin,Sr2Mg8P2O15,124.9
dentin,Sr4Mg8P2O17,127.6
dentin,Sr6Mg8P2O19,150.2
dentin,Sr8Mg8P2O21,160.7
dentin,SrMgP2O7,101.6
dentin,Sr2Mg(PO4)2,124.4
dentin,Sr3MgP2O9,122.3
dentin,Sr4Mg(PO5)2,133.8
dentin,SrMg2(PO4)2,107.4
dentin,Sr3Mg2(PO5)2,128.9
dentin,SrMg3P2O9,117.7
dentin,Sr2Mg3(PO5)2,118.7
dentin,Sr3Mg3P2O11,135.4
dentin,Sr4Mg3(PO6)2,128.0
dentin,SrMg4(PO5)2,122.7
dentin,Sr3Mg4(PO6)2,135.8
dentin,Sr2Mg2P6O19,89.7
dentin,Sr4Mg2(P2O7)3,106.1
dentin,Sr6Mg2P6O23,123.5
dentin,Sr2Mg4(P2O7)3,106.4
dentin,Sr4Mg4P6O23,121.5
dentin,Sr2Mg6P6O23,128.3
dentin,SrMg(PO3)4,89.3
dentin,Sr2MgP4O13,91.4
dentin,Sr3Mg(P2O7)2,112.0
dentin,Sr4MgP4O15,119.0
dentin,SrMg2P4O13,91.0
dentin,Sr3Mg2P4O15,121.7
dentin,SrMg3(P2O7)2,105.5
dentin,Sr2Mg3P4O15,122.5
dentin,Sr3Mg3(PO4)4,107.0
dentin,Sr4Mg3P4O17,118.5
dentin,SrMg4P4O15,129.3
dentin,Sr3Mg4P4O17,110.1
dentin,KMgPO4,94.6
dentin,K4Mg2P2O9,56.8
dentin,K3MgPO5,50.9
dentin,K8Mg2P2O11,56.0
dentin,KMg2PO5,101.4
dentin,K4Mg4P2O11,67.3
dentin,K3Mg2PO6,63.2
dentin,K8Mg4P2O13,64.0
dentin,KMg3PO6,103.1
dentin,K4Mg6P2O13,96.1
dentin,K3Mg3PO7,66.1
dentin,K8Mg6P2O15,66.0
dentin,KMg4PO7,106.3
dentin,K4Mg8P2O15,100.4
dentin,K3Mg4PO8,70.6
dentin,K8Mg8P2O17,72.3
dentin,K2Mg2P4O13,79.1
dentin,K2MgP2O7,90.4
dentin,K6Mg2P4O15,47.6
dentin,K4Mg(PO4)2,46.3
dentin,K2Mg4P4O15,86.8
dentin,K6Mg4P4O17,64.5
dentin,K2Mg6P4O17,97.6
dentin,K2Mg3P2O9,101.1
dentin,K6Mg6P4O19,91.4
dentin,K4Mg3(PO5)2,65.7
dentin,K2Mg8P4O19,99.8
dentin,K6Mg8P4O21,100.6
dentin,KMg(PO3)3,56.0
dentin,K4Mg2P6O19,70.7
dentin,K3MgP3O10,78.8
dentin,K8Mg2(P2O7)3,47.4
dentin,KMg2P3O10,80.8
dentin,K4Mg4(P2O7)3,85.0
dentin,K3Mg2P3O11,79.2
dentin,KMg3P3O11,91.7
dentin,K4Mg6P6O23,92.4
dentin,KMg4(PO4)3,101.2
dentin,K3Mg4P3O13,102.3
dentin,K2Mg2P8O23,55.8
dentin,K2Mg(PO3)4,56.9
dentin,K4MgP4O13,75.1
dentin,K2Mg4P8O25,77.1
dentin,K2Mg3(P2O7)2,85.6
dentin,K4Mg3P4O15,80.5
dentin,MgAlPO5,121.1
dentin,Mg2Al4P2O13,123.3
dentin,MgAl3PO8,118.6
dentin,Mg2Al8P2O19,136.7
dentin,Mg2AlPO6,160.0
dentin,Mg4Al4P2O15,159.6
dentin,Mg2Al3PO9,162.2
dentin,Mg4Al8P2O21,160.8
dentin,Mg3AlPO7,154.7
dentin,Mg6Al4P2O17,163.4
dentin,Mg3Al3PO10,161.1
dentin,Mg6Al8P2O23,151.0
dentin,Mg4AlPO8,164.6
dentin,Mg8Al4P2O19,158.0
dentin,Mg4Al3PO11,163.5
dentin,Mg2Al2P4O15,105.1
dentin,MgAl2P2O9,109.8
dentin,Mg2Al6P4O21,117.3
dentin,MgAl4(PO6)2,122.1
dentin,Mg4Al2P4O17,116.0
dentin,Mg4Al6P4O23,124.6
dentin,Mg6Al2P4O19,124.8
dentin,Mg3Al2P2O11,136.3
dentin,Mg3Al4(PO7)2,142.9
dentin,Mg8Al2P4O21,160.9
dentin,MgAlP3O10,89.9
dentin,Mg2Al4P6O23,104.4
dentin,MgAl3P3O13,106.9
dentin,Mg2AlP3O11,108.1
dentin,Mg4Al4P6O25,119.2
dentin,Mg2Al3P3O14,114.6
dentin,Mg3Al(PO4)3,109.4
dentin,Mg4AlP3O13,119.2
dentin,Mg4Al3P3O16,133.3
dentin,Mg2Al2P8O25,88.5
dentin,MgAl2(P2O7)2,105.8
dentin,MgAl4P4O17,104.0
dentin,Mg3Al2(PO4)4,113.3
dentin,Mg3Al4P4O19,118.0
dentin,NaSrPO4,93.0
dentin,NaSr2PO5,131.8
dentin,NaSr3PO6,119.0
dentin,NaSr4PO7,92.9
dentin,Na4Sr2P2O9,88.8
dentin,Na4Sr4P2O11,111.2
dentin,Na4Sr6P2O13,132.9
dentin,Na4Sr8P2O15,80.4
dentin,Na3SrPO5,79.4
dentin,Na3Sr2PO6,109.9
dentin,Na3Sr3PO7,98.2
dentin,Na3Sr4PO8,87.3
dentin,Na8Sr2P2O11,78.9
dentin,Na8Sr4P2O13,93.7
dentin,Na8Sr6P2O15,86.6
dentin,Na8Sr8P2O17,83.5
dentin,Na2Sr2P4O13,75.0
dentin,Na2Sr4P4O15,90.3
dentin,Na2Sr6P4O17,120.9
dentin,Na2Sr8P4O19,121.7
dentin,Na2SrP2O7,77.5
dentin,Na2Sr3P2O9,105.4
dentin,Na6Sr2P4O15,74.5
dentin,Na6Sr4P4O17,92.3
dentin,Na6Sr6P4O19,111.1
dentin,Na6Sr8P4O21,131.6
dentin,Na4Sr(PO4)2,71.1
dentin,Na4Sr3(PO5)2,109.4
dentin,NaSr(PO3)3,66.2
dentin,NaSr2P3O10,83.0
dentin,NaSr3P3O11,91.4
dentin,NaSr4(PO4)3,114.8
dentin,Na4Sr2P6O19,65.0
dentin,Na4Sr4(P2O7)3,77.3
dentin,Na4Sr6P6O23,91.5
dentin,Na3SrP3O10,70.5
dentin,Na3Sr2P3O11,77.4
dentin,Na3Sr4P3O13,100.9
dentin,Na8Sr2(P2O7)3,73.9
dentin,Na2Sr2P8O23,60.1
dentin,Na2Sr4P8O25,75.3
dentin,Na2Sr(PO3)4,58.1
dentin,Na2Sr3(P2O7)2,83.5
dentin,Na4SrP4O13,66.1
dentin,Na4Sr3P4O15,79.3
dentin,K2Na2P2O7,59.3
dentin,K2NaPO4,42.1
dentin,K6Na2P2O9,45.2
dentin,K4NaPO5,51.3
dentin,KNa2PO4,55.9
dentin,K4Na4P2O9,45.5
dentin,K3Na2PO5,40.5
dentin,K8Na4P2O11,50.2
dentin,K2Na6P2O9,55.3
dentin,K2Na3PO5,41.5
dentin,K6Na6P2O11,40.8
dentin,K4Na3PO6,42.3
dentin,KNa4PO5,63.6
dentin,K4Na8P2O11,41.6
dentin,K3Na4PO6,41.2
dentin,K8Na8P2O13,41.7
dentin,KNa(PO3)2,68.9
dentin,K4Na2P4O13,60.8
dentin,K3NaP2O7,40.9
dentin,K8Na2P4O15,40.6
dentin,K2Na4P4O13,63.6
dentin,K6Na4P4O15,44.5
dentin,KNa3P2O7,62.5
dentin,K4Na6P4O15,54.2
dentin,K3Na3(PO4)2,45.7
dentin,K8Na6P4O17,48.2
dentin,K2Na8P4O15,52.6
dentin,K6Na8P4O17,49.1
dentin,K2Na2P6O17,55.1
dentin,K2Na(PO3)3,74.3
dentin,K6Na2P6O19,70.5
dentin,K4NaP3O10,41.6
dentin,KNa2(PO3)3,53.8
dentin,K4Na4P6O19,61.8
dentin,K3Na2P3O10,62.6
dentin,K8Na4(P2O7)3,44.2
dentin,K2Na6P6O19,61.0
dentin,K2Na3P3O10,67.4
dentin,K4Na3P3O11,44.8
dentin,KNa4P3O10,66.3
dentin,K4Na8(P2O7)3,63.3
dentin,K3Na4P3O11,54.7
dentin,KNaP4O11,60.5
dentin,K4Na2P8O23,56.0
dentin,K3Na(PO3)4,74.3
dentin,K2Na4P8O23,49.8
dentin,KNa3(PO3)4,47.3
dentin,K3Na3P4O13,64.7
dentin,Na2Al2P2O9,96.9
dentin,NaAl2PO6,106.8
dentin,Na2Al6P2O15,114.1
dentin,NaAl4PO9,118.8
dentin,Na2AlPO5,96.1
dentin,Na4Al4P2O13,93.9
dentin,Na2Al3PO8,101.3
dentin,Na4Al8P2O19,114.3
dentin,Na6Al2P2O11,97.7
dentin,Na3Al2PO7,94.5
dentin,Na6Al6P2O17,94.5
dentin,Na3Al4PO10,91.2
dentin,Na4AlPO6,90.4
dentin,Na8Al4P2O15,90.5
dentin,Na4Al3PO9,109.9
dentin,Na8Al8P2O21,93.0
dentin,NaAlP2O7,88.3
dentin,Na2Al4P4O17,90.0
dentin,NaAl3(PO5)2,95.2
dentin,Na2Al8P4O23,96.7
dentin,Na4Al2P4O15,77.1
dentin,Na4Al6P4O21,96.8
dentin,Na3Al(PO4)2,63.4
dentin,Na6Al4P4O19,105.5
dentin,Na3Al3P2O11,107.2
dentin,Na8Al2P4O17,75.0
dentin,Na2Al2P6O19,63.5
dentin,NaAl2P3O11,95.4
dentin,Na2Al6P6O25,96.2
dentin,NaAl4P3O14,94.8
dentin,Na2AlP3O10,61.3
dentin,Na4Al4P6O23,91.3
dentin,Na2Al3P3O13,91.1
dentin,Na6Al2(P2O7)3,70.7
dentin,Na3Al2(PO4)3,93.4
dentin,Na3Al4(PO5)3,96.9
dentin,Na4AlP3O11,62.8
dentin,Na4Al3P3O14,102.2
dentin,NaAl(PO3)4,63.5
dentin,NaAl3P4O15,93.8
dentin,Na4Al2P8O25,57.4
dentin,Na3AlP4O13,62.2
dentin,Na3Al3(PO4)4,91.7
dentin,KSrPO4,61.2
dentin,K4Sr2P2O9,61.2
dentin,K3SrPO5,63.3
dentin,K8Sr2P2O11,63.3
dentin,KSr2PO5,71.5
dentin,K4Sr4P2O11,65.8
dentin,K3Sr2PO6,67.5
dentin,K8Sr4P2O13,67.5
dentin,KSr3PO6,68.7
dentin,K4Sr6P2O13,70.1
dentin,K3Sr3PO7,73.1
dentin,K8Sr6P2O15,73.7
dentin,KSr4PO7,83.6
dentin,K4Sr8P2O15,72.4
dentin,K3Sr4PO8,75.9
dentin,K8Sr8P2O17,76.6
dentin,K2Sr2P4O13,74.8
dentin,K2SrP2O7,47.5
dentin,K6Sr2P4O15,46.1
dentin,K4Sr(PO4)2,50.1
dentin,K2Sr4P4O15,83.3
dentin,K6Sr4P4O17,60.4
dentin,K2Sr6P4O17,106.7
dentin,K2Sr3P2O9,65.3
dentin,K6Sr6P4O19,66.9
dentin,K4Sr3(PO5)2,62.3
dentin,K2Sr8P4O19,69.5
dentin,K6Sr8P4O21,67.9
dentin,KSr(PO3)3,52.3
dentin,K4Sr2P6O19,59.6
dentin,K3SrP3O10,44.7
dentin,K8Sr2(P2O7)3,47.0
dentin,KSr2P3O10,82.6
dentin,K4Sr4(P2O7)3,73.3
dentin,K3Sr2P3O11,49.7
dentin,KSr3P3O11,92.0
dentin,K4Sr6P6O23,85.6
dentin,KSr4(PO4)3,102.9
dentin,K3Sr4P3O13,63.0
dentin,K2Sr2P8O23,58.7
dentin,K2Sr(PO3)4,53.8
dentin,K4SrP4O13,40.5
dentin,K2Sr4P8O25,73.6
dentin,K2Sr3(P2O7)2,74.6
dentin,K4Sr3P4O15,53.0
dentin,SrAlPO5,114.1
dentin,Sr2Al4P2O13,128.8
dentin,SrAl3PO8,117.3
dentin,Sr2Al8P2O19,124.7
dentin,Sr2AlPO6,124.0
dentin,Sr4Al4P2O15,130.2
dentin,Sr2Al3PO9,121.6
dentin,Sr4Al8P2O21,144.2
dentin,Sr3AlPO7,122.9
dentin,Sr6Al4P2O17,128.7
dentin,Sr3Al3PO10,130.6
dentin,Sr6Al8P2O23,126.8
dentin,Sr4AlPO8,113.9
dentin,Sr8Al4P2O19,120.1
dentin,Sr4Al3PO11,128.2
dentin,Sr2Al2P4O15,113.2
dentin,SrAl2P2O9,109.8
dentin,Sr2Al6P4O21,116.5
dentin,SrAl4(PO6)2,118.7
dentin,Sr4Al2P4O17,115.2
dentin,Sr4Al6P4O23,121.3
dentin,Sr6Al2P4O19,116.5
dentin,Sr3Al2P2O11,130.4
dentin,Sr3Al4(PO7)2,116.5
dentin,Sr8Al2P4O21,132.0
dentin,SrAlP3O10,98.1
dentin,Sr2Al4P6O23,113.3
dentin,SrAl3P3O13,108.7
dentin,Sr2AlP3O11,88.8
dentin,Sr4Al4P6O25,105.0
dentin,Sr2Al3P3O14,112.0
dentin,Sr3Al(PO4)3,91.7
dentin,Sr4AlP3O13,115.4
dentin,Sr4Al3P3O16,127.7
dentin,Sr2Al2P8O25,94.2
dentin,SrAl2(P2O7)2,111.5
dentin,SrAl4P4O17,118.4
dentin,Sr3Al2(PO4)4,107.7
dentin,Sr3Al4P4O19,111.5
dentin,K2Al2P2O9,104.4
dentin,KAl2PO6,97.9
dentin,K2Al6P2O15,101.4
dentin,KAl4PO9,104.9
dentin,K2AlPO5,61.8
dentin,K4Al4P2O13,97.7
dentin,K2Al3PO8,102.7
dentin,K4Al8P2O19,101.7
dentin,K6Al2P2O11,57.9
dentin,K3Al2PO7,61.1
dentin,K6Al6P2O17,92.5
dentin,K3Al4PO10,93.0
dentin,K4AlPO6,52.9
dentin,K8Al4P2O15,61.2
dentin,K4Al3PO9,62.6
dentin,K8Al8P2O21,90.6
dentin,KAlP2O7,91.5
dentin,K2Al4P4O17,96.3
dentin,KAl3(PO5)2,101.4
dentin,K2Al8P4O23,101.5
dentin,K4Al2P4O15,104.6
dentin,K4Al6P4O21,102.6
dentin,K3Al(PO4)2,46.2
dentin,K6Al4P4O19,131.1
dentin,K3Al3P2O11,101.2
dentin,K8Al2P4O17,44.6
dentin,K2Al2P6O19,61.5
dentin,KAl2P3O11,92.8
dentin,K2Al6P6O25,93.4
dentin,KAl4P3O14,93.9
dentin,K2AlP3O10,64.4
dentin,K4Al4P6O23,95.3
dentin,K2Al3P3O13,95.6
dentin,K6Al2(P2O7)3,74.5
dentin,K3Al2(PO4)3,135.6
dentin,K3Al4(PO5)3,105.0
dentin,K4AlP3O11,41.7
dentin,K4Al3P3O14,94.0
dentin,KAl(PO3)4,62.6
dentin,KAl3P4O15,102.4
dentin,K4Al2P8O25,58.9
dentin,K3AlP4O13,67.2
dentin,K3Al3(PO4)4,95.0
dentin,Na2Mg2Si2O7,99.7
dentin,Na2MgSiO4,96.6
dentin,Na6Mg2Si2O9,100.6
dentin,Na4MgSiO5,95.3
dentin,Na2Mg4Si2O9,115.6
dentin,Na2Mg2SiO5,97.9
dentin,Na6Mg4Si2O11,102.7
dentin,Na4Mg2SiO6,93.1
dentin,Na2Mg6Si2O11,120.7
dentin,Na2Mg3SiO6,111.5
dentin,Na6Mg6Si2O13,107.3
dentin,Na4Mg3SiO7,106.8
dentin,Na2Mg8Si2O13,136.9
dentin,Na2Mg4SiO7,110.8
dentin,Na6Mg8Si2O15,101.8
dentin,Na4Mg4SiO8,110.6
dentin,Na2Mg2Si4O11,121.7
dentin,Na2Mg(SiO3)2,100.6
dentin,Na6Mg2Si4O13,106.2
dentin,Na4MgSi2O7,106.4
dentin,Na2Mg4Si4O13,120.1
dentin,Na6Mg4Si4O15,99.5
dentin,Na2Mg6Si4O15,121.8
dentin,Na2Mg3(SiO4)2,103.0
dentin,Na6Mg6Si4O17,98.8
dentin,Na4Mg3Si2O9,109.2
dentin,Na2Mg8Si4O17,123.3
dentin,Na6Mg8Si4O19,97.5
dentin,Na2Mg2(Si2O5)3,132.2
dentin,Na2MgSi3O8,118.0
dentin,Na6Mg2Si6O17,102.8
dentin,Na4Mg(SiO3)3,97.8
dentin,Na2Mg4Si6O17,127.3
dentin,Na2Mg2(SiO3)3,119.0
dentin,Na6Mg4Si6O19,98.7
dentin,Na4Mg2Si3O10,104.2
dentin,Na2Mg6Si6O19,136.1
dentin,Na2Mg3Si3O10,121.7
dentin,Na4Mg3Si3O11,100.7
dentin,Na2Mg8(Si2O7)3,126.6
dentin,Na2Mg4Si3O11,108.4
dentin,Na4Mg4(SiO4)3,99.7
dentin,Na2Mg2Si8O19,119.7
dentin,Na2Mg(Si2O5)2,142.6
dentin,Na6Mg2Si8O21,114.3
dentin,Na4MgSi4O11,102.8
dentin,Na2Mg4Si8O21,133.5
dentin,Na2Mg6Si8O23,134.1
dentin,Na2Mg3(SiO3)4,131.1
dentin,Na4Mg3Si4O13,98.7
dentin,SrMgSiO4,125.2
dentin,Sr2MgSiO5,149.7
dentin,Sr3MgSiO6,131.9
dentin,Sr4MgSiO7,117.1
dentin,SrMg2SiO5,123.7
dentin,Sr2Mg2SiO6,138.6
dentin,Sr3Mg2SiO7,170.5
dentin,Sr4Mg2SiO8,149.8
dentin,SrMg3SiO6,124.6
dentin,Sr2Mg3SiO7,148.8
dentin,Sr3Mg3SiO8,153.2
dentin,Sr4Mg3SiO9,171.2
dentin,SrMg4SiO7,135.6
dentin,Sr2Mg4SiO8,138.6
dentin,Sr3Mg4SiO9,152.5
dentin,Sr4Mg4SiO10,168.3
dentin,SrMg(SiO3)2,122.6
dentin,Sr2MgSi2O7,124.0
dentin,Sr3Mg(SiO4)2,138.7
dentin,Sr4MgSi2O9,138.4
dentin,SrMg2Si2O7,121.7
dentin,Sr3Mg2Si2O9,131.9
dentin,SrMg3(SiO4)2,127.5
dentin,Sr2Mg3Si2O9,127.0
dentin,Sr3Mg3(SiO5)2,137.9
dentin,Sr4Mg3Si2O11,137.1
dentin,SrMg4Si2O9,129.7
dentin,Sr3Mg4Si2O11,136.5
dentin,SrMgSi3O8,126.3
dentin,Sr2Mg(SiO3)3,122.7
dentin,Sr3MgSi3O10,129.7
dentin,Sr4MgSi3O11,132.4
dentin,SrMg2(SiO3)3,160.7
dentin,Sr2Mg2Si3O10,113.6
dentin,Sr3Mg2Si3O11,127.2
dentin,Sr4Mg2(SiO4)3,125.6
dentin,SrMg3Si3O10,164.6
dentin,Sr2Mg3Si3O11,114.9
dentin,Sr4Mg3Si3O13,135.8
dentin,SrMg4Si3O11,160.3
dentin,Sr2Mg4(SiO4)3,114.6
dentin,Sr3Mg4Si3O13,124.6
dentin,Sr4Mg4Si3O14,137.6
dentin,SrMg(Si2O5)2,137.0
dentin,Sr2MgSi4O11,111.8
dentin,Sr3Mg(SiO3)4,131.0
dentin,Sr4MgSi4O13,128.1
dentin,SrMg2Si4O11,153.7
dentin,Sr3Mg2Si4O13,114.5
dentin,SrMg3(SiO3)4,161.1
dentin,Sr2Mg3Si4O13,127.9
dentin,Sr3Mg3(Si2O7)2,113.7
dentin,Sr4Mg3Si4O15,125.3
dentin,SrMg4Si4O13,161.7
dentin,Sr3Mg4Si4O15,116.5
dentin,K2Mg2Si2O7,101.7
dentin,K2MgSiO4,66.0
dentin,K6Mg2Si2O9,67.9
dentin,K4MgSiO5,75.0
dentin,K2Mg4Si2O9,98.6
dentin,K2Mg2SiO5,71.2
dentin,K6Mg4Si2O11,72.7
dentin,K4Mg2SiO6,73.0
dentin,K2Mg6Si2O11,96.5
dentin,K2Mg3SiO6,100.1
dentin,K6Mg6Si2O13,77.2
dentin,K4Mg3SiO7,76.6
dentin,K2Mg8Si2O13,106.6
dentin,K2Mg4SiO7,111.7
dentin,K6Mg8Si2O15,77.8
dentin,K4Mg4SiO8,74.7
dentin,K2Mg2Si4O11,104.4
dentin,K2Mg(SiO3)2,97.3
dentin,K6Mg2Si4O13,69.4
dentin,K4MgSi2O7,69.2
dentin,K2Mg4Si4O13,102.6
dentin,K6Mg4Si4O15,73.6
dentin,K2Mg6Si4O15,98.6
dentin,K2Mg3(SiO4)2,102.0
dentin,K6Mg6Si4O17,98.9
dentin,K4Mg3Si2O9,67.2
dentin,K2Mg8Si4O17,99.6
dentin,K6Mg8Si4O19,100.3
dentin,K2Mg2(Si2O5)3,100.6
dentin,K2MgSi3O8,113.4
dentin,K6Mg2Si6O17,105.1
dentin,K4Mg(SiO3)3,63.0
dentin,K2Mg4Si6O17,102.5
dentin,K2Mg2(SiO3)3,104.3
dentin,K6Mg4Si6O19,99.9
dentin,K4Mg2Si3O10,70.7
dentin,K2Mg6Si6O19,102.5
dentin,K2Mg3Si3O10,98.5
dentin,K4Mg3Si3O11,93.2
dentin,K2Mg8(Si2O7)3,102.6
dentin,K2Mg4Si3O11,100.6
dentin,K4Mg4(SiO4)3,101.8
dentin,K2Mg2Si8O19,106.8
dentin,K2Mg(Si2O5)2,108.2
dentin,K6Mg2Si8O21,114.3
dentin,K4MgSi4O11,96.9
dentin,K2Mg4Si8O21,111.8
dentin,K2Mg6Si8O23,109.0
dentin,K2Mg3(SiO3)4,103.3
dentin,K4Mg3Si4O13,100.4
dentin,Mg2Al2Si2O9,166.7
dentin,MgAl2SiO6,163.7
dentin,Mg2Al6Si2O15,157.6
dentin,MgAl4SiO9,162.2
dentin,Mg4Al2Si2O11,178.2
dentin,Mg2Al2SiO7,164.2
dentin,Mg4Al6Si2O17,162.1
dentin,Mg2Al4SiO10,158.1
dentin,Mg6Al2Si2O13,169.2
dentin,Mg3Al2SiO8,168.5
dentin,Mg6Al6Si2O19,163.5
dentin,Mg3Al4SiO11,165.3
dentin,Mg8Al2Si2O15,168.2
dentin,Mg4Al2SiO9,169.4
dentin,Mg8Al6Si2O21,167.6
dentin,Mg4Al4SiO12,166.0
dentin,Mg2Al2Si4O13,130.5
dentin,MgAl2(SiO4)2,126.6
dentin,Mg2Al6Si4O19,128.4
dentin,MgAl4Si2O11,144.1
dentin,Mg4Al2Si4O15,174.8
dentin,Mg4Al6Si4O21,168.5
dentin,Mg6Al2Si4O17,173.9
dentin,Mg3Al2(SiO5)2,177.8
dentin,Mg6Al6Si4O23,162.0
dentin,Mg3Al4Si2O13,167.3
dentin,Mg8Al2Si4O19,169.1
dentin,Mg2Al2Si6O17,131.7
dentin,MgAl2Si3O10,128.6
dentin,Mg2Al6Si6O23,129.1
dentin,MgAl4Si3O13,132.8
dentin,Mg4Al2Si6O19,140.1
dentin,Mg2Al2Si3O11,145.3
dentin,Mg2Al4Si3O14,146.6
dentin,Mg6Al2(Si2O7)3,170.7
dentin,Mg3Al2(SiO4)3,182.9
dentin,Mg3Al4(SiO5)3,168.9
dentin,Mg8Al2Si6O23,169.8
dentin,Mg4Al2Si3O13,172.7
dentin,Mg4Al4Si3O16,168.2
dentin,Mg2Al2Si8O21,127.0
dentin,MgAl2(SiO3)4,126.0
dentin,MgAl4Si4O15,131.0
dentin,Mg4Al2Si8O23,132.7
dentin,Mg3Al2(Si2O7)2,155.7
dentin,Mg3Al4Si4O17,155.9
dentin,Na2Sr2Si2O7,116.5
dentin,Na2Sr4Si2O9,143.7
dentin,Na2Sr6Si2O11,110.5
dentin,Na2Sr8Si2O13,113.1
dentin,Na2SrSiO4,107.9
dentin,Na2Sr2SiO5,121.6
dentin,Na2Sr3SiO6,125.1
dentin,Na2Sr4SiO7,95.8
dentin,Na6Sr2Si2O9,98.4
dentin,Na6Sr4Si2O11,106.0
dentin,Na6Sr6Si2O13,104.9
dentin,Na6Sr8Si2O15,82.5
dentin,Na4SrSiO5,100.4
dentin,Na4Sr2SiO6,103.4
dentin,Na4Sr3SiO7,92.6
dentin,Na4Sr4SiO8,85.2
dentin,Na2Sr2Si4O11,100.7
dentin,Na2Sr4Si4O13,112.1
dentin,Na2Sr6Si4O15,136.7
dentin,Na2Sr8Si4O17,124.1
dentin,Na2Sr(SiO3)2,98.9
dentin,Na2Sr3(SiO4)2,120.1
dentin,Na6Sr2Si4O13,96.1
dentin,Na6Sr4Si4O15,108.7
dentin,Na6Sr6Si4O17,116.2
dentin,Na6Sr8Si4O19,140.8
dentin,Na4SrSi2O7,95.5
dentin,Na4Sr3Si2O9,117.2
dentin,Na2Sr2(Si2O5)3,149.2
dentin,Na2Sr4Si6O17,113.6
dentin,Na2Sr6Si6O19,111.8
dentin,Na2Sr8(Si2O7)3,137.3
dentin,Na2SrSi3O8,102.8
dentin,Na2Sr2(SiO3)3,105.7
dentin,Na2Sr3Si3O10,115.9
dentin,Na2Sr4Si3O11,135.4
dentin,Na6Sr2Si6O17,100.9
dentin,Na6Sr4Si6O19,105.4
dentin,Na4Sr(SiO3)3,91.3
dentin,Na4Sr2Si3O10,102.9
dentin,Na4Sr3Si3O11,112.8
dentin,Na4Sr4(SiO4)3,116.4
dentin,Na2Sr2Si8O19,112.7
dentin,Na2Sr4Si8O21,103.8
dentin,Na2Sr6Si8O23,114.6
dentin,Na2Sr(Si2O5)2,152.5
dentin,Na2Sr3(SiO3)4,111.7
dentin,Na6Sr2Si8O21,104.2
dentin,Na4SrSi4O11,105.2
dentin,Na4Sr3Si4O13,105.3
dentin,KNaSiO3,74.9
dentin,K4Na2Si2O7,55.5
dentin,K3NaSiO4,61.2
dentin,K8Na2Si2O9,62.9
dentin,K2Na4Si2O7,75.6
dentin,K2Na2SiO4,58.4
dentin,K6Na4Si2O9,59.8
dentin,K4Na2SiO5,62.6
dentin,KNa3SiO4,78.2
dentin,K4Na6Si2O9,60.5
dentin,K3Na3SiO5,59.5
dentin,K8Na6Si2O11,57.8
dentin,K2Na8Si2O9,75.4
dentin,K2Na4SiO5,60.3
dentin,K6Na8Si2O11,55.7
dentin,K4Na4SiO6,56.3
dentin,KNaSi2O5,108.4
dentin,K4Na2Si4O11,75.2
dentin,K3Na(SiO3)2,62.9
dentin,K8Na2Si4O13,65.4
dentin,K2Na4Si4O11,95.6
dentin,K6Na4Si4O13,66.0
dentin,KNa3(SiO3)2,85.5
dentin,K4Na6Si4O13,86.0
dentin,K3Na3Si2O7,59.3
dentin,K8Na6Si4O15,57.2
dentin,K2Na8Si4O13,83.7
dentin,K6Na8Si4O15,55.7
dentin,KNaSi3O7,110.5
dentin,K4Na2(Si2O5)3,116.4
dentin,K3NaSi3O8,72.1
dentin,K8Na2Si6O17,63.0
dentin,K2Na4(Si2O5)3,109.7
dentin,K2Na2Si3O8,102.9
dentin,K6Na4Si6O17,69.9
dentin,K4Na2(SiO3)3,65.1
dentin,KNa3Si3O8,99.1
dentin,K4Na6Si6O17,85.2
dentin,K8Na6Si6O19,72.4
dentin,K2Na8Si6O17,81.0
dentin,K2Na4(SiO3)3,86.6
dentin,K6Na8Si6O19,82.5
dentin,K4Na4Si3O10,72.4
dentin,KNaSi4O9,107.5
dentin,K4Na2Si8O19,141.6
dentin,K3Na(Si2O5)2,110.3
dentin,K8Na2Si8O21,68.2
dentin,K2Na4Si8O19,100.9
dentin,K6Na4Si8O21,108.5
dentin,KNa3(Si2O5)2,107.4
dentin,K4Na6Si8O21,98.3
dentin,K3Na3Si4O11,99.3
dentin,K2Na8Si8O21,99.5
dentin,NaAlSiO4,108.3
dentin,Na2Al4Si2O11,104.5
dentin,NaAl3SiO7,114.8
dentin,Na2Al8Si2O17,120.9
dentin,Na4Al2Si2O9,99.4
dentin,Na2Al2SiO6,97.1
dentin,Na4Al6Si2O15,107.0
dentin,Na2Al4SiO9,113.1
dentin,Na3AlSiO5,101.0
dentin,Na6Al4Si2O13,100.0
dentin,Na3Al3SiO8,91.6
dentin,Na6Al8Si2O19,94.1
dentin,Na8Al2Si2O11,91.8
dentin,Na4Al2SiO7,103.0
dentin,Na8Al6Si2O17,95.9
dentin,Na4Al4SiO10,88.5
dentin,NaAl(SiO3)2,124.7
dentin,Na2Al4Si4O15,121.9
dentin,NaAl3Si2O9,122.5
dentin,Na2Al8Si4O21,122.9
dentin,Na4Al2Si4O13,101.2
dentin,Na4Al6Si4O19,115.6
dentin,Na3AlSi2O7,90.8
dentin,Na6Al4Si4O17,92.5
dentin,Na3Al3(SiO5)2,95.0
dentin,Na8Al2Si4O15,97.5
dentin,Na8Al6Si4O21,95.5
dentin,NaAlSi3O8,103.3
dentin,Na2Al4Si6O19,108.3
dentin,NaAl3Si3O11,110.5
dentin,Na4Al2Si6O17,128.8
dentin,Na2Al2Si3O10,122.2
dentin,Na4Al6Si6O23,119.8
dentin,Na2Al4Si3O13,112.6
dentin,Na3Al(SiO3)3,101.0
dentin,Na6Al4(Si2O7)3,100.2
dentin,Na8Al2Si6O19,93.4
dentin,Na4Al2Si3O11,93.5
dentin,Na4Al4Si3O14,96.5
dentin,NaAl(Si2O5)2,109.2
dentin,Na2Al4Si8O23,108.6
dentin,NaAl3Si4O13,110.7
dentin,Na4Al2Si8O21,107.6
dentin,Na3AlSi4O11,116.9
dentin,Na3Al3(Si2O7)2,118.0
dentin,K2Sr2Si2O7,73.0
dentin,K2SrSiO4,70.6
dentin,K6Sr2Si2O9,72.5
dentin,K4SrSiO5,75.0
dentin,K2Sr4Si2O9,74.5
dentin,K2Sr2SiO5,76.6
dentin,K6Sr4Si2O11,75.4
dentin,K4Sr2SiO6,78.0
dentin,K2Sr6Si2O11,88.4
dentin,K2Sr3SiO6,79.1
dentin,K6Sr6Si2O13,86.8
dentin,K4Sr3SiO7,84.8
dentin,K2Sr8Si2O13,95.8
dentin,K2Sr4SiO7,89.5
dentin,K6Sr8Si2O15,88.5
dentin,K4Sr4SiO8,88.5
dentin,K2Sr2Si4O11,106.4
dentin,K2Sr(SiO3)2,68.3
dentin,K6Sr2Si4O13,66.7
dentin,K4SrSi2O7,67.9
dentin,K2Sr4Si4O13,112.4
dentin,K6Sr4Si4O15,66.1
dentin,K2Sr6Si4O15,77.6
dentin,K2Sr3(SiO4)2,79.1
dentin,K6Sr6Si4O17,68.5
dentin,K4Sr3Si2O9,73.2
dentin,K2Sr8Si4O17,72.7
dentin,K6Sr8Si4O19,68.9
dentin,K2Sr2(Si2O5)3,100.5
dentin,K2SrSi3O8,104.8
dentin,K6Sr2Si6O17,64.5
dentin,K4Sr(SiO3)3,57.6
dentin,K2Sr4Si6O17,119.9
dentin,K2Sr2(SiO3)3,83.2
dentin,K6Sr4Si6O19,70.9
dentin,K4Sr2Si3O10,66.8
dentin,K2Sr6Si6O19,114.3
dentin,K2Sr3Si3O10,72.9
dentin,K4Sr3Si3O11,69.0
dentin,K2Sr8(Si2O7)3,129.1
dentin,K2Sr4Si3O11,76.5
dentin,K4Sr4(SiO4)3,71.6
dentin,K2Sr2Si8O19,106.0
dentin,K2Sr(Si2O5)2,105.1
dentin,K6Sr2Si8O21,104.8
dentin,K4SrSi4O11,65.1
dentin,K2Sr4Si8O21,105.9
dentin,K2Sr6Si8O23,120.1
dentin,K2Sr3(SiO3)4,112.7
dentin,K4Sr3Si4O13,71.6
dentin,Sr2Al2Si2O9,123.2
dentin,SrAl2SiO6,187.4
dentin,Sr2Al6Si2O15,171.4
dentin,SrAl4SiO9,155.8
dentin,Sr4Al2Si2O11,127.9
dentin,Sr2Al2SiO7,128.6
dentin,Sr4Al6Si2O17,123.7
dentin,Sr2Al4SiO10,139.6
dentin,Sr6Al2Si2O13,119.8
dentin,Sr3Al2SiO8,134.2
dentin,Sr6Al6Si2O19,122.8
dentin,Sr3Al4SiO11,124.5
dentin,Sr8Al2Si2O15,122.8
dentin,Sr4Al2SiO9,128.2
dentin,Sr8Al6Si2O21,134.0
dentin,Sr4Al4SiO12,122.7
dentin,Sr2Al2Si4O13,135.4
dentin,SrAl2(SiO4)2,120.4
dentin,Sr2Al6Si4O19,149.4
dentin,SrAl4Si2O11,148.0
dentin,Sr4Al2Si4O15,134.0
dentin,Sr4Al6Si4O21,152.0
dentin,Sr6Al2Si4O17,131.0
dentin,Sr3Al2(SiO5)2,132.4
dentin,Sr6Al6Si4O23,129.0
dentin,Sr3Al4Si2O13,120.8
dentin,Sr8Al2Si4O19,128.5
dentin,Sr2Al2Si6O17,130.2
dentin,SrAl2Si3O10,126.3
dentin,Sr2Al6Si6O23,127.7
dentin,SrAl4Si3O13,123.0
dentin,Sr4Al2Si6O19,116.6
dentin,Sr2Al2Si3O11,142.7
dentin,Sr2Al4Si3O14,139.5
dentin,Sr6Al2(Si2O7)3,133.6
dentin,Sr3Al2(SiO4)3,132.4
dentin,Sr3Al4(SiO5)3,150.9
dentin,Sr8Al2Si6O23,128.1
dentin,Sr4Al2Si3O13,128.6
dentin,Sr4Al4Si3O16,131.2
dentin,Sr2Al2Si8O21,125.5
dentin,SrAl2(SiO3)4,123.8
dentin,SrAl4Si4O15,127.4
dentin,Sr4Al2Si8O23,129.5
dentin,Sr3Al2(Si2O7)2,118.4
dentin,Sr3Al4Si4O17,139.4
dentin,KAlSiO4,108.2
dentin,K2Al4Si2O11,101.5
dentin,KAl3SiO7,101.0
dentin,K2Al8Si2O17,108.5
dentin,K4Al2Si2O9,66.0
dentin,K2Al2SiO6,101.4
dentin,K4Al6Si2O15,106.5
dentin,K2Al4SiO9,102.6
dentin,K3AlSiO5,67.4
dentin,K6Al4Si2O13,65.4
dentin,K3Al3SiO8,104.3
dentin,K6Al8Si2O19,101.7
dentin,K8Al2Si2O11,69.8
dentin,K4Al2SiO7,64.8
dentin,K8Al6Si2O17,65.4
dentin,K4Al4SiO10,97.0
dentin,KAl(SiO3)2,114.1
dentin,K2Al4Si4O15,104.6
dentin,KAl3Si2O9,112.9
dentin,K2Al8Si4O21,137.6
dentin,K4Al2Si4O13,107.0
dentin,K4Al6Si4O19,105.9
dentin,K3AlSi2O7,65.8
dentin,K6Al4Si4O17,103.6
dentin,K3Al3(SiO5)2,104.6
dentin,K8Al2Si4O15,62.6
dentin,K8Al6Si4O21,100.7
dentin,KAlSi3O8,101.1
dentin,K2Al4Si6O19,106.7
dentin,KAl3Si3O11,107.0
dentin,K4Al2Si6O17,118.3
dentin,K2Al2Si3O10,110.7
dentin,K4Al6Si6O23,108.1
dentin,K2Al4Si3O13,104.2
dentin,K3Al(SiO3)3,106.7
dentin,K6Al4(Si2O7)3,102.8
dentin,K8Al2Si6O19,65.2
dentin,K4Al2Si3O11,107.0
dentin,K4Al4Si3O14,108.9
dentin,KAl(Si2O5)2,109.8
dentin,K2Al4Si8O23,112.2
dentin,KAl3Si4O13,113.2
dentin,K4Al2Si8O21,116.8
dentin,K3AlSi4O11,115.8
dentin,K3Al3(Si2O7)2,110.1
dentin,Na2Sr2Mg2O5,98.9
dentin,Na2Sr4Mg2O7,81.7
dentin,Na2Sr6Mg2O9,88.5
dentin,Na2Sr8Mg2O11,108.3
dentin,Na2SrMgO3,97.1
dentin,Na2Sr2MgO4,85.5
dentin,Na2Sr3MgO5,80.3
dentin,Na2Sr4MgO6,87.2
dentin,Na6Sr2Mg2O7,91.4
dentin,Na6Sr4Mg2O9,94.8
dentin,Na6Sr6Mg2O11,80.6
dentin,Na6Sr8Mg2O13,78.3
dentin,Na4SrMgO4,65.8
dentin,Na4Sr2MgO5,92.4
dentin,Na4Sr3MgO6,81.6
dentin,Na4Sr4MgO7,79.1
dentin,Na2Sr2Mg4O7,119.2
dentin,Na2Sr4Mg4O9,105.7
dentin,Na2Sr6Mg4O11,89.6
dentin,Na2Sr8Mg4O13,82.3
dentin,Na2SrMg2O4,118.1
dentin,Na2Sr3Mg2O6,99.9
dentin,Na6Sr2Mg4O9,99.8
dentin,Na6Sr4Mg4O11,97.5
dentin,Na6Sr6Mg4O13,99.2
dentin,Na6Sr8Mg4O15,77.6
dentin,Na4SrMg2O5,82.3
dentin,Na4Sr3Mg2O7,98.8
dentin,Na2Sr2Mg6O9,119.2
dentin,Na2Sr4Mg6O11,134.3
dentin,Na2Sr6Mg6O13,114.3
dentin,Na2Sr8Mg6O15,123.8
dentin,Na2SrMg3O5,111.0
dentin,Na2Sr2Mg3O6,111.2
dentin,Na2Sr3Mg3O7,104.2
dentin,Na2Sr4Mg3O8,114.5
dentin,Na6Sr2Mg6O11,114.8
dentin,Na6Sr4Mg6O13,111.6
dentin,Na6Sr8Mg6O17,96.8
dentin,Na4SrMg3O6,111.4
dentin,Na4Sr2Mg3O7,97.7
dentin,Na4Sr3Mg3O8,93.6
dentin,Na4Sr4Mg3O9,97.5
dentin,Na2Sr2Mg8O11,115.7
dentin,Na2Sr4Mg8O13,130.5
dentin,Na2Sr6Mg8O15,131.4
dentin,Na2Sr8Mg8O17,114.8
dentin,Na2SrMg4O6,112.5
dentin,Na2Sr3Mg4O8,123.6
dentin,Na6Sr2Mg8O13,114.2
dentin,Na6Sr4Mg8O15,114.7
dentin,Na6Sr6Mg8O17,113.3
dentin,Na4SrMg4O7,110.2
dentin,Na4Sr3Mg4O9,100.8
dentin,KNaMgO2,55.2
dentin,K4Na2Mg2O5,40.5
dentin,K3NaMgO3,38.9
dentin,K8Na2Mg2O7,38.9
dentin,K2Na4Mg2O5,52.1
dentin,K2Na2MgO3,39.7
dentin,K6Na4Mg2O7,39.5
dentin,K4Na2MgO4,38.9
dentin,KNa3MgO3,53.4
dentin,K4Na6Mg2O7,39.7
dentin,K3Na3MgO4,39.5
dentin,K8Na6Mg2O9,39.8
dentin,K2Na8Mg2O7,49.0
dentin,K2Na4MgO4,49.3
dentin,K6Na8Mg2O9,40.1
dentin,K4Na4MgO5,39.8
dentin,KNaMg2O3,80.9
dentin,K4Na2Mg4O7,65.1
dentin,K3NaMg2O4,59.4
dentin,K8Na2Mg4O9,40.2
dentin,K2Na4Mg4O7,86.2
dentin,K6Na4Mg4O9,57.8
dentin,KNa3Mg2O4,72.3
dentin,K4Na6Mg4O9,55.7
dentin,K3Na3Mg2O5,58.2
dentin,K8Na6Mg4O11,40.8
dentin,K2Na8Mg4O9,72.2
dentin,K6Na8Mg4O11,56.7
dentin,KNaMg3O4,119.8
dentin,K4Na2Mg6O9,71.3
dentin,K3NaMg3O5,67.6
dentin,K8Na2Mg6O11,67.6
dentin,K2Na4Mg6O9,117.4
dentin,K2Na2Mg3O5,60.4
dentin,K6Na4Mg6O11,66.9
dentin,K4Na2Mg3O6,57.8
dentin,KNa3Mg3O5,91.6
dentin,K4Na6Mg6O11,61.2
dentin,K8Na6Mg6O13,58.2
dentin,K2Na8Mg6O11,92.5
dentin,K2Na4Mg3O6,54.7
dentin,K6Na8Mg6O13,51.0
dentin,K4Na4Mg3O7,58.0
dentin,KNaMg4O5,108.9
dentin,K4Na2Mg8O11,71.2
dentin,K3NaMg4O6,73.7
dentin,K8Na2Mg8O13,67.6
dentin,K2Na4Mg8O11,120.8
dentin,K6Na4Mg8O13,62.8
dentin,KNa3Mg4O6,118.9
dentin,K4Na6Mg8O13,76.7
dentin,K3Na3Mg4O7,59.2
dentin,K8Na6Mg8O15,66.9
dentin,K2Na8Mg8O13,94.3
dentin,K6Na8Mg8O15,61.1
dentin,NaMgAlO3,127.6
dentin,Na2Mg2Al4O9,128.9
dentin,NaMgAl3O6,125.4
dentin,Na2Mg2Al8O15,131.2
dentin,Na4Mg2Al2O7,115.2
dentin,Na2MgAl2O5,132.2
dentin,Na4Mg2Al6O13,119.0
dentin,Na2MgAl4O8,122.2
dentin,Na3MgAlO4,107.9
dentin,Na6Mg2Al4O11,112.4
dentin,Na3MgAl3O7,134.8
dentin,Na6Mg2Al8O17,115.9
dentin,Na8Mg2Al2O9,100.9
dentin,Na4MgAl2O6,100.2
dentin,Na8Mg2Al6O15,111.4
dentin,Na4MgAl4O9,133.2
dentin,NaMg2AlO4,144.4
dentin,Na2Mg4Al4O11,131.8
dentin,NaMg2Al3O7,131.9
dentin,Na2Mg4Al8O17,130.3
dentin,Na4Mg4Al2O9,123.7
dentin,Na4Mg4Al6O15,129.2
dentin,Na3Mg2AlO5,101.6
dentin,Na6Mg4Al4O13,123.4
dentin,Na3Mg2Al3O8,127.4
dentin,Na6Mg4Al8O19,117.3
dentin,Na8Mg4Al2O11,103.6
dentin,Na8Mg4Al6O17,111.3
dentin,NaMg3AlO5,138.9
dentin,Na2Mg6Al4O13,132.7
dentin,NaMg3Al3O8,125.9
dentin,Na2Mg6Al8O19,132.8
dentin,Na4Mg6Al2O11,122.8
dentin,Na2Mg3Al2O7,141.5
dentin,Na4Mg6Al6O17,117.4
dentin,Na2Mg3Al4O10,130.8
dentin,Na3Mg3AlO6,118.7
dentin,Na6Mg6Al4O15,117.8
dentin,Na8Mg6Al2O13,102.2
dentin,Na4Mg3Al2O8,121.5
dentin,Na8Mg6Al6O19,119.2
dentin,Na4Mg3Al4O11,132.6
dentin,NaMg4AlO6,140.4
dentin,Na2Mg8Al4O15,123.7
dentin,NaMg4Al3O9,127.2
dentin,Na2Mg8Al8O21,143.6
dentin,Na4Mg8Al2O13,128.2
dentin,Na4Mg8Al6O19,125.6
dentin,Na3Mg4AlO7,117.0
dentin,Na6Mg8Al4O17,119.2
dentin,Na3Mg4Al3O10,145.9
dentin,Na8Mg8Al2O15,104.3
dentin,K2Sr2Mg2O5,79.3
dentin,K2SrMgO3,60.1
dentin,K6Sr2Mg2O7,58.2
dentin,K4SrMgO4,45.0
dentin,K2Sr4Mg2O7,81.1
dentin,K2Sr2MgO4,62.2
dentin,K6Sr4Mg2O9,63.2
dentin,K4Sr2MgO5,60.7
dentin,K2Sr6Mg2O9,110.6
dentin,K2Sr3MgO5,61.9
dentin,K6Sr6Mg2O11,63.8
dentin,K4Sr3MgO6,64.7
dentin,K2Sr8Mg2O11,113.5
dentin,K2Sr4MgO6,93.2
dentin,K6Sr8Mg2O13,61.9
dentin,K4Sr4MgO7,64.0
dentin,K2Sr2Mg4O7,74.4
dentin,K2SrMg2O4,77.0
dentin,K6Sr2Mg4O9,73.0
dentin,K4SrMg2O5,50.0
dentin,K2Sr4Mg4O9,80.5
dentin,K6Sr4Mg4O11,79.6
dentin,K2Sr6Mg4O11,81.1
dentin,K2Sr3Mg2O6,84.6
dentin,K6Sr6Mg4O13,79.6
dentin,K4Sr3Mg2O7,59.7
dentin,K2Sr8Mg4O13,82.5
dentin,K6Sr8Mg4O15,82.8
dentin,K2Sr2Mg6O9,96.3
dentin,K2SrMg3O5,74.4
dentin,K6Sr2Mg6O11,74.4
dentin,K4SrMg3O6,71.9
dentin,K2Sr4Mg6O11,83.3
dentin,K2Sr2Mg3O6,76.2
dentin,K6Sr4Mg6O13,77.0
dentin,K4Sr2Mg3O7,77.3
dentin,K2Sr6Mg6O13,78.7
dentin,K2Sr3Mg3O7,80.6
dentin,K4Sr3Mg3O8,79.3
dentin,K2Sr8Mg6O15,76.4
dentin,K2Sr4Mg3O8,84.8
dentin,K6Sr8Mg6O17,79.0
dentin,K4Sr4Mg3O9,79.3
dentin,K2Sr2Mg8O11,114.7
dentin,K2SrMg4O6,75.7
dentin,K6Sr2Mg8O13,73.9
dentin,K4SrMg4O7,73.6
dentin,K2Sr4Mg8O13,104.6
dentin,K6Sr4Mg8O15,76.2
dentin,K2Sr6Mg8O15,82.4
dentin,K2Sr3Mg4O8,80.5
dentin,K6Sr6Mg8O17,78.2
dentin,K4Sr3Mg4O9,79.0
dentin,K2Sr8Mg8O17,84.7
dentin,Sr2Mg2Al2O7,144.3
dentin,SrMgAl2O5,115.5
dentin,Sr2Mg2Al6O13,124.3
dentin,SrMgAl4O8,115.4
dentin,Sr4Mg2Al2O9,171.0
dentin,Sr2MgAl2O6,130.8
dentin,Sr4Mg2Al6O15,128.1
dentin,Sr2MgAl4O9,118.2
dentin,Sr6Mg2Al2O11,139.9
dentin,Sr3MgAl2O7,165.3
dentin,Sr6Mg2Al6O17,127.0
dentin,Sr3MgAl4O10,128.2
dentin,Sr8Mg2Al2O13,115.9
dentin,Sr4MgAl2O8,150.3
dentin,Sr8Mg2Al6O19,158.1
dentin,Sr4MgAl4O11,126.9
dentin,Sr2Mg4Al2O9,132.6
dentin,SrMg2Al2O6,123.9
dentin,Sr2Mg4Al6O15,159.5
dentin,SrMg2Al4O9,149.7
dentin,Sr4Mg4Al2O11,149.1
dentin,Sr4Mg4Al6O17,120.2
dentin,Sr6Mg4Al2O13,159.5
dentin,Sr3Mg2Al2O8,148.4
dentin,Sr6Mg4Al6O19,143.5
dentin,Sr3Mg2Al4O11,126.6
dentin,Sr8Mg4Al2O15,146.1
dentin,Sr8Mg4Al6O21,153.9
dentin,Sr2Mg6Al2O11,130.3
dentin,SrMg3Al2O7,139.3
dentin,Sr2Mg6Al6O17,152.1
dentin,SrMg3Al4O10,158.1
dentin,Sr4Mg6Al2O13,152.6
dentin,Sr2Mg3Al2O8,134.3
dentin,Sr4Mg6Al6O19,124.7
dentin,Sr2Mg3Al4O11,122.6
dentin,Sr6Mg6Al2O15,169.0
dentin,Sr3Mg3Al2O9,151.6
dentin,Sr3Mg3Al4O12,123.1
dentin,Sr8Mg6Al2O17,157.1
dentin,Sr4Mg3Al2O10,166.2
dentin,Sr4Mg3Al4O13,145.1
dentin,Sr2Mg8Al2O13,128.4
dentin,SrMg4Al2O8,137.0
dentin,Sr2Mg8Al6O19,159.5
dentin,SrMg4Al4O11,157.2
dentin,Sr4Mg8Al2O15,145.0
dentin,Sr4Mg8Al6O21,124.9
dentin,Sr6Mg8Al2O17,150.3
dentin,Sr3Mg4Al2O10,149.1
dentin,Sr3Mg4Al4O13,128.3
dentin,Sr8Mg8Al2O19,173.3
dentin,KMgAlO3,93.2
dentin,K2Mg2Al4O9,92.9
dentin,KMgAl3O6,95.5
dentin,K2Mg2Al8O15,101.0
dentin,K4Mg2Al2O7,74.4
dentin,K2MgAl2O5,95.5
dentin,K4Mg2Al6O13,101.1
dentin,K2MgAl4O8,95.8
dentin,K3MgAlO4,80.2
dentin,K6Mg2Al4O11,70.9
dentin,K3MgAl3O7,64.1
dentin,K6Mg2Al8O17,94.7
dentin,K8Mg2Al2O9,79.7
dentin,K4MgAl2O6,70.7
dentin,K8Mg2Al6O15,70.7
dentin,K4MgAl4O9,61.6
dentin,KMg2AlO4,100.3
dentin,K2Mg4Al4O11,95.5
dentin,KMg2Al3O7,95.8
dentin,K2Mg4Al8O17,100.7
dentin,K4Mg4Al2O9,77.9
dentin,K4Mg4Al6O15,98.0
dentin,K3Mg2AlO5,72.6
dentin,K6Mg4Al4O13,78.2
dentin,K3Mg2Al3O8,99.3
dentin,K6Mg4Al8O19,96.6
dentin,K8Mg4Al2O11,77.9
dentin,K8Mg4Al6O17,72.5
dentin,KMg3AlO5,101.4
dentin,K2Mg6Al4O13,98.9
dentin,KMg3Al3O8,97.3
dentin,K2Mg6Al8O19,106.2
dentin,K4Mg6Al2O11,106.5
dentin,K2Mg3Al2O7,103.9
dentin,K4Mg6Al6O17,91.6
dentin,K2Mg3Al4O10,94.8
dentin,K3Mg3AlO6,73.6
dentin,K6Mg6Al4O15,77.9
dentin,K8Mg6Al2O13,73.4
dentin,K4Mg3Al2O8,74.6
dentin,K8Mg6Al6O19,76.1
dentin,K4Mg3Al4O11,91.8
dentin,KMg4AlO6,100.2
dentin,K2Mg8Al4O15,100.4
dentin,KMg4Al3O9,99.4
dentin,K2Mg8Al8O21,103.6
dentin,K4Mg8Al2O13,108.4
dentin,K4Mg8Al6O19,100.4
dentin,K3Mg4AlO7,71.0
dentin,K6Mg8Al4O17,106.7
dentin,K3Mg4Al3O10,104.8
dentin,K8Mg8Al2O15,71.8
dentin,KNaSrO2,48.9
dentin,K4Na2Sr2O5,51.1
dentin,K3NaSrO3,50.2
dentin,K8Na2Sr2O7,46.1
dentin,KNaSr2O3,62.8
dentin,K4Na2Sr4O7,63.5
dentin,K3NaSr2O4,52.3
dentin,K8Na2Sr4O9,52.3
dentin,KNaSr3O4,61.9
dentin,K4Na2Sr6O9,62.8
dentin,K3NaSr3O5,63.5
dentin,K8Na2Sr6O11,63.5
dentin,KNaSr4O5,72.2
dentin,K4Na2Sr8O11,64.1
dentin,K3NaSr4O6,64.8
dentin,K8Na2Sr8O13,65.5
dentin,K2Na4Sr2O5,49.2
dentin,K2Na2SrO3,53.0
dentin,K6Na4Sr2O7,44.8
dentin,K4Na2SrO4,43.8
dentin,K2Na4Sr4O7,59.8
dentin,K6Na4Sr4O9,49.9
dentin,K2Na4Sr6O9,60.4
dentin,K2Na2Sr3O5,62.1
dentin,K6Na4Sr6O11,61.7
dentin,K4Na2Sr3O6,52.3
dentin,K2Na4Sr8O11,62.6
dentin,K6Na4Sr8O13,63.5
dentin,KNa3SrO3,52.1
dentin,K4Na6Sr2O7,44.7
dentin,K3Na3SrO4,44.5
dentin,K8Na6Sr2O9,44.8
dentin,KNa3Sr2O4,49.2
dentin,K4Na6Sr4O9,49.2
dentin,K3Na3Sr2O5,48.9
dentin,K8Na6Sr4O11,49.3
dentin,KNa3Sr3O5,58.1
dentin,K4Na6Sr6O11,59.4
dentin,K8Na6Sr6O13,48.9
dentin,KNa3Sr4O6,59.2
dentin,K4Na6Sr8O13,58.9
dentin,K3Na3Sr4O7,60.6
dentin,K8Na6Sr8O15,61.7
dentin,K2Na8Sr2O7,47.2
dentin,K2Na4SrO4,44.5
dentin,K6Na8Sr2O9,44.8
dentin,K4Na4SrO5,44.8
dentin,K2Na8Sr4O9,50.0
dentin,K6Na8Sr4O11,49.3
dentin,K2Na8Sr6O11,59.8
dentin,K2Na4Sr3O6,49.2
dentin,K6Na8Sr6O13,48.9
dentin,K4Na4Sr3O7,48.9
dentin,K2Na8Sr8O13,58.1
dentin,K6Na8Sr8O15,59.4
dentin,NaSrAlO3,112.6
dentin,Na2Sr2Al4O9,102.4
dentin,NaSrAl3O6,102.6
dentin,Na2Sr2Al8O15,103.1
dentin,NaSr2AlO4,148.5
dentin,Na2Sr4Al4O11,113.6
dentin,NaSr2Al3O7,113.7
dentin,Na2Sr4Al8O17,107.9
dentin,NaSr3AlO5,106.0
dentin,Na2Sr6Al4O13,151.8
dentin,NaSr3Al3O8,127.6
dentin,Na2Sr6Al8O19,113.0
dentin,NaSr4AlO6,112.3
dentin,Na2Sr8Al4O15,136.6
dentin,NaSr4Al3O9,138.9
dentin,Na2Sr8Al8O21,126.9
dentin,Na4Sr2Al2O7,108.4
dentin,Na2SrAl2O5,103.3
dentin,Na4Sr2Al6O13,95.5
dentin,Na2SrAl4O8,101.5
dentin,Na4Sr4Al2O9,97.0
dentin,Na4Sr4Al6O15,105.9
dentin,Na4Sr6Al2O11,82.7
dentin,Na2Sr3Al2O7,152.6
dentin,Na4Sr6Al6O17,109.4
dentin,Na2Sr3Al4O10,112.7
dentin,Na4Sr8Al2O13,77.2
dentin,Na4Sr8Al6O19,153.9
dentin,Na3SrAlO4,104.2
dentin,Na6Sr2Al4O11,101.9
dentin,Na3SrAl3O7,94.5
dentin,Na6Sr2Al8O17,98.4
dentin,Na3Sr2AlO5,86.8
dentin,Na6Sr4Al4O13,115.0
dentin,Na3Sr2Al3O8,107.5
dentin,Na6Sr4Al8O19,101.6
dentin,Na3Sr3AlO6,93.5
dentin,Na6Sr6Al4O15,123.8
dentin,Na3Sr4AlO7,78.4
dentin,Na6Sr8Al4O17,132.5
dentin,Na3Sr4Al3O10,126.8
dentin,Na8Sr2Al2O9,88.5
dentin,Na4SrAl2O6,97.2
dentin,Na8Sr2Al6O15,96.8
dentin,Na4SrAl4O9,98.1
dentin,Na8Sr4Al2O11,88.5
dentin,Na8Sr4Al6O17,106.7
dentin,Na8Sr6Al2O13,93.0
dentin,Na4Sr3Al2O8,109.2
dentin,Na8Sr6Al6O19,115.5
dentin,Na4Sr3Al4O11,107.9
dentin,Na8Sr8Al2O15,76.9
dentin,K2Na2Al2O5,69.3
dentin,KNaAl2O4,94.0
dentin,K2Na2Al6O11,95.4
dentin,KNaAl4O7,94.9
dentin,K2NaAlO3,62.8
dentin,K4Na2Al4O9,66.0
dentin,K2NaAl3O6,95.2
dentin,K4Na2Al8O15,96.2
dentin,K6Na2Al2O7,69.8
dentin,K3NaAl2O5,70.9
dentin,K6Na2Al6O13,70.4
dentin,K3NaAl4O8,99.1
dentin,K4NaAlO4,52.1
dentin,K8Na2Al4O11,65.4
dentin,K4NaAl3O7,67.3
dentin,K8Na2Al8O17,69.6
dentin,KNa2AlO3,65.3
dentin,K2Na4Al4O9,86.9
dentin,KNa2Al3O6,94.6
dentin,K2Na4Al8O15,89.9
dentin,K4Na4Al2O7,68.1
dentin,K4Na4Al6O13,88.1
dentin,K3Na2AlO4,67.3
dentin,K6Na4Al4O11,64.2
dentin,K3Na2Al3O7,66.2
dentin,K6Na4Al8O17,94.3
dentin,K8Na4Al2O9,47.9
dentin,K8Na4Al6O15,68.0
dentin,K2Na6Al2O7,82.4
dentin,KNa3Al2O5,90.3
dentin,K2Na6Al6O13,89.2
dentin,KNa3Al4O8,94.6
dentin,K2Na3AlO4,65.0
dentin,K4Na6Al4O11,66.3
dentin,K2Na3Al3O7,90.1
dentin,K4Na6Al8O17,89.9
dentin,K6Na6Al2O9,64.9
dentin,K3Na3Al2O6,63.5
dentin,K3Na3Al4O9,91.0
dentin,K4Na3AlO5,48.3
dentin,K8Na6Al4O13,67.6
dentin,K4Na3Al3O8,64.8
dentin,KNa4AlO4,92.5
dentin,K2Na8Al4O11,90.4
dentin,KNa4Al3O7,87.8
dentin,K2Na8Al8O17,91.8
dentin,K4Na8Al2O9,65.3
dentin,K4Na8Al6O15,90.9
dentin,K3Na4AlO5,61.5
dentin,K6Na8Al4O13,68.2
dentin,K3Na4Al3O8,61.5
dentin,K8Na8Al2O11,48.7
dentin,K8Na8Al6O17,63.5
dentin,KSrAlO3,72.4
dentin,K2Sr2Al4O9,110.6
dentin,KSrAl3O6,100.3
dentin,K2Sr2Al8O15,96.3
dentin,K4Sr2Al2O7,77.1
dentin,K2SrAl2O5,68.4
dentin,K4Sr2Al6O13,76.5
dentin,K2SrAl4O8,98.9
dentin,K3SrAlO4,79.7
dentin,K6Sr2Al4O11,66.5
dentin,K3SrAl3O7,63.8
dentin,K6Sr2Al8O17,61.7
dentin,K8Sr2Al2O9,60.5
dentin,K4SrAl2O6,68.7
dentin,K8Sr2Al6O15,62.8
dentin,K4SrAl4O9,62.6
dentin,KSr2AlO4,79.9
dentin,K2Sr4Al4O11,69.2
dentin,KSr2Al3O7,114.7
dentin,K2Sr4Al8O17,109.7
dentin,K4Sr4Al2O9,81.7
dentin,K4Sr4Al6O15,60.9
dentin,K3Sr2AlO5,79.1
dentin,K6Sr4Al4O13,76.0
dentin,K3Sr2Al3O8,68.9
dentin,K6Sr4Al8O19,60.1
dentin,K8Sr4Al2O11,62.8
dentin,K8Sr4Al6O17,65.8
dentin,KSr3AlO5,98.3
dentin,K2Sr6Al4O13,74.9
dentin,KSr3Al3O8,128.3
dentin,K2Sr6Al8O19,116.1
dentin,K4Sr6Al2O11,80.9
dentin,K2Sr3Al2O7,78.8
dentin,K4Sr6Al6O17,65.3
dentin,K2Sr3Al4O10,113.3
dentin,K3Sr3AlO6,85.2
dentin,K6Sr6Al4O15,75.9
dentin,K8Sr6Al2O13,61.4
dentin,K4Sr3Al2O8,77.2
dentin,K8Sr6Al6O19,76.0
dentin,K4Sr3Al4O11,69.4
dentin,KSr4AlO6,106.8
dentin,K2Sr8Al4O15,70.7
dentin,KSr4Al3O9,110.5
dentin,K2Sr8Al8O21,126.7
dentin,K4Sr8Al2O13,92.2
dentin,K4Sr8Al6O19,72.7
dentin,K3Sr4AlO7,81.5
dentin,K6Sr8Al4O17,80.2
dentin,K3Sr4Al3O10,75.0
dentin,K8Sr8Al2O15,62.8
implant,ZrO2,190.9
implant,TiO2,143.8
implant,SiO2,95.0
implant,CeO2,131.9
implant,P2O5,148.6
implant,Al2O3,214.5
implant,Y2O3,147.4
implant,La2O3,114.4
implant,CaO,128.7
implant,MgO,186.0
implant,SrO,111.5
implant,ZrTiO4,170.6
implant,ZrTi2O6,153.2
implant,ZrTi3O8,167.6
implant,ZrTi4O10,162.1
implant,Zr2TiO6,161.2
implant,Zr2Ti3O10,166.1
implant,Zr3TiO8,168.4
implant,Zr3Ti2O10,157.1
implant,Zr3Ti4O14,152.8
implant,Zr4TiO10,167.5
implant,Zr4Ti3O14,151.8
implant,ZrSiO4,225.2
implant,Zr(SiO3)2,192.4
implant,ZrSi3O8,173.5
implant,Zr(Si2O5)2,176.0
implant,Zr2SiO6,149.3
implant,Zr2Si3O10,198.5
implant,Zr3SiO8,152.3
implant,Zr3(SiO5)2,160.7
implant,Zr3(Si2O7)2,200.2
implant,Zr4SiO10,148.9
implant,Zr4Si3O14,178.6
implant,CeZrO4,154.7
implant,Ce2ZrO6,151.4
implant,Ce3ZrO8,148.1
implant,Ce4ZrO10,147.6
implant,CeZr2O6,157.0
implant,Ce3Zr2O10,130.6
implant,CeZr3O8,158.5
implant,Ce2Zr3O10,160.5
implant,Ce4Zr3O14,135.6
implant,CeZr4O10,156.1
implant,Ce3Zr4O14,160.5
implant,Zr2P2O9,126.7
implant,ZrP2O7,137.3
implant,Zr2P6O19,112.2
implant,Zr(PO3)4,105.5
implant,Zr4P2O13,174.2
implant,Zr4P6O23,119.0
implant,Zr6P2O17,152.6
implant,Zr3P2O11,171.2
implant,Zr3(PO4)4,120.4
implant,Zr8P2O21,136.1
implant,Zr2Al2O7,180.8
implant,ZrAl2O5,225.7
implant,Zr2Al6O13,200.8
implant,ZrAl4O8,207.3
implant,Zr4Al2O11,169.0
implant,Zr4Al6O17,192.3
implant,Zr6Al2O15,182.9
implant,Zr3Al2O9,162.0
implant,Zr3Al4O12,192.3
implant,Zr8Al2O19,193.8
implant,Zr8Al6O25,162.3
implant,Y2Zr2O7,211.6
implant,Y2ZrO5,179.6
implant,Y6Zr2O13,193.5
implant,Y4ZrO8,193.3
implant,Y2Zr4O11,199.5
implant,Y6Zr4O17,186.9
implant,Y2Zr6O15,182.4
implant,Y2Zr3O9,204.7
implant,Y4Zr3O12,185.1
implant,Y2Zr8O19,181.9
implant,Y6Zr8O25,207.0
implant,La2Zr2O7,200.4
implant,La2ZrO5,167.9
implant,La6Zr2O13,152.3
implant,La4ZrO8,156.9
implant,La2Zr4O11,211.8
implant,La6Zr4O17,180.8
implant,La2Zr6O15,184.1
implant,La2Zr3O9,200.5
implant,La4Zr3O12,181.3
implant,La2Zr8O19,183.7
implant,La6Zr8O25,187.6
implant,CaZrO3,208.0
implant,Ca2ZrO4,174.6
implant,Ca3ZrO5,146.4
implant,Ca4ZrO6,161.8
implant,CaZr2O5,209.4
implant,Ca3Zr2O7,192.8
implant,CaZr3O7,218.3
implant,Ca2Zr3O8,204.8
implant,Ca4Zr3O10,201.9
implant,CaZr4O9,189.2
implant,Ca3Zr4O11,207.4
implant,MgZrO3,185.9
implant,Mg2ZrO4,150.4
implant,Mg3ZrO5,143.7
implant,Mg4ZrO6,137.5
implant,MgZr2O5,174.1
implant,Mg3Zr2O7,151.7
implant,MgZr3O7,210.5
implant,Mg2Zr3O8,170.6
implant,Mg4Zr3O10,164.4
implant,MgZr4O9,186.1
implant,Mg3Zr4O11,170.7
implant,SrZrO3,215.1
implant,Sr2ZrO4,158.7
implant,Sr3ZrO5,137.1
implant,Sr4ZrO6,133.1
implant,SrZr2O5,211.4
implant,Sr3Zr2O7,173.1
implant,SrZr3O7,221.8
implant,Sr2Zr3O8,200.2
implant,Sr4Zr3O10,180.3
implant,SrZr4O9,188.9
implant,Sr3Zr4O11,201.4
implant,TiSiO4,192.2
implant,Ti(SiO3)2,191.0
implant,TiSi3O8,183.8
implant,Ti(Si2O5)2,174.2
implant,Ti2SiO6,159.6
implant,Ti2Si3O10,195.7
implant,Ti3SiO8,158.9
implant,Ti3(SiO5)2,170.3
implant,Ti3(Si2O7)2,193.1
implant,Ti4SiO10,141.7
implant,Ti4Si3O14,166.1
implant,CeTiO4,157.3
implant,Ce2TiO6,151.4
implant,Ce3TiO8,144.1
implant,Ce4TiO10,141.8
implant,CeTi2O6,129.3
implant,Ce3Ti2O10,147.5
implant,CeTi3O8,132.6
implant,Ce2Ti3O10,148.7
implant,Ce4Ti3O14,155.8
implant,CeTi4O10,127.6
implant,Ce3Ti4O14,156.6
implant,Ti2P2O9,115.4
implant,TiP2O7,117.7
implant,Ti2P6O19,95.5
implant,Ti(PO3)4,101.7
implant,Ti4P2O13,153.9
implant,Ti4P6O23,122.4
implant,Ti6P2O17,160.9
implant,Ti3P2O11,154.2
implant,Ti3(PO4)4,115.6
implant,Ti8P2O21,119.4
implant,Ti2Al2O7,215.1
implant,TiAl2O5,239.9
implant,Ti2Al6O13,214.6
implant,TiAl4O8,214.4
implant,Ti4Al2O11,155.2
implant,Ti4Al6O17,234.8
implant,Ti6Al2O15,152.9
implant,Ti3Al2O9,160.0
implant,Ti3Al4O12,234.8
implant,Ti8Al2O19,152.2
implant,Ti8Al6O25,170.8
implant,Y2Ti2O7,192.5
implant,Y2TiO5,182.1
implant,Y6Ti2O13,188.5
implant,Y4TiO8,188.4
implant,Y2Ti4O11,165.3
implant,Y6Ti4O17,171.8
implant,Y2Ti6O15,168.0
implant,Y2Ti3O9,168.2
implant,Y4Ti3O12,179.8
implant,Y2Ti8O19,171.0
implant,Y6Ti8O25,169.8
implant,La2Ti2O7,187.5
implant,La2TiO5,152.0
implant,La6Ti2O13,146.0
implant,La4TiO8,150.8
implant,La2Ti4O11,192.8
implant,La6Ti4O17,150.9
implant,La2Ti6O15,149.7
implant,La2Ti3O9,203.2
implant,La4Ti3O12,172.6
implant,La2Ti8O19,141.0
implant,La6Ti8O25,197.6
implant,CaTiO3,206.6
implant,Ca2TiO4,148.8
implant,Ca3TiO5,142.3
implant,Ca4TiO6,137.7
implant,CaTi2O5,204.8
implant,Ca3Ti2O7,185.2
implant,CaTi3O7,179.0
implant,Ca2Ti3O8,224.9
implant,Ca4Ti3O10,190.4
implant,CaTi4O9,164.6
implant,Ca3Ti4O11,206.0
implant,MgTiO3,199.0
implant,Mg2TiO4,188.7
implant,Mg3TiO5,162.9
implant,Mg4TiO6,165.9
implant,MgTi2O5,186.2
implant,Mg3Ti2O7,190.4
implant,MgTi3O7,183.1
implant,Mg2Ti3O8,190.1
implant,Mg4Ti3O10,197.3
implant,MgTi4O9,170.7
implant,Mg3Ti4O11,191.8
implant,SrTiO3,198.4
implant,Sr2TiO4,177.3
implant,Sr3TiO5,123.0
implant,Sr4TiO6,126.0
implant,SrTi2O5,172.5
implant,Sr3Ti2O7,176.7
implant,SrTi3O7,202.3
implant,Sr2Ti3O8,177.8
implant,Sr4Ti3O10,173.3
implant,SrTi4O9,179.6
implant,Sr3Ti4O11,190.7
implant,CeSiO4,138.7
implant,Ce2SiO6,129.5
implant,Ce3SiO8,131.0
implant,Ce4SiO10,134.8
implant,Ce(SiO3)2,154.3
implant,Ce3(SiO5)2,133.4
implant,CeSi3O8,168.3
implant,Ce2Si3O10,127.8
implant,Ce4Si3O14,142.9
implant,Ce(Si2O5)2,167.8
implant,Ce3(Si2O7)2,132.2
implant,Si2P2O9,89.0
implant,SiP2O7,97.4
implant,Si2P6O19,98.5
implant,Si(PO3)4,96.5
implant,Si4P2O13,78.8
implant,Si4P6O23,90.7
implant,Si6P2O17,121.7
implant,Si3P2O11,85.9
implant,Si3(PO4)4,97.4
implant,Si8P2O21,118.2
implant,Al2Si2O7,185.2
implant,Al2SiO5,221.5
implant,Al6Si2O13,225.4
implant,Al4SiO8,199.9
implant,Al2Si4O11,108.9
implant,Al6Si4O17,201.0
implant,Al2(Si2O5)3,110.0
implant,Al2(SiO3)3,142.8
implant,Al4(SiO4)3,190.1
implant,Al2Si8O19,110.0
implant,Al6Si8O25,158.2
implant,Y2Si2O7,158.8
implant,Y2SiO5,159.1
implant,Y6Si2O13,186.4
implant,Y4SiO8,196.4
implant,Y2Si4O11,175.9
implant,Y6Si4O17,153.1
implant,Y2(Si2O5)3,169.9
implant,Y2(SiO3)3,145.4
implant,Y4(SiO4)3,157.9
implant,Y2Si8O19,178.0
implant,Y6Si8O25,149.0
implant,La2Si2O7,147.5
implant,La2SiO5,129.0
implant,La6Si2O13,140.8
implant,La4SiO8,142.6
implant,La2Si4O11,147.1
implant,La6Si4O17,186.6
implant,La2(Si2O5)3,167.0
implant,La2(SiO3)3,140.8
implant,La4(SiO4)3,187.8
implant,La2Si8O19,177.6
implant,La6Si8O25,143.0
implant,CaSiO3,208.8
implant,Ca2SiO4,127.4
implant,Ca3SiO5,127.4
implant,Ca4SiO6,115.4
implant,CaSi2O5,136.2
implant,Ca3Si2O7,123.0
implant,CaSi3O7,115.6
implant,Ca2Si3O8,145.3
implant,Ca4Si3O10,145.2
implant,CaSi4O9,144.8
implant,Ca3Si4O11,125.4
implant,MgSiO3,222.4
implant,Mg2SiO4,218.3
implant,Mg3SiO5,178.7
implant,Mg4SiO6,172.0
implant,MgSi2O5,151.6
implant,Mg3Si2O7,224.2
implant,MgSi3O7,134.0
implant,Mg2Si3O8,120.9
implant,Mg4Si3O10,217.3
implant,MgSi4O9,128.6
implant,Mg3Si4O11,136.7
implant,SrSiO3,154.7
implant,Sr2SiO4,144.2
implant,Sr3SiO5,121.6
implant,Sr4SiO6,117.9
implant,SrSi2O5,108.9
implant,Sr3Si2O7,142.5
implant,SrSi3O7,117.1
implant,Sr2Si3O8,117.8
implant,Sr4Si3O10,142.9
implant,SrSi4O9,125.4
implant,Sr3Si4O11,126.4
implant,Ce2P2O9,122.2
implant,CeP2O7,104.2
implant,Ce2P6O19,105.1
implant,Ce(PO3)4,95.8
implant,Ce4P2O13,117.3
implant,Ce4P6O23,102.0
implant,Ce6P2O17,124.5
implant,Ce3P2O11,126.7
implant,Ce3(PO4)4,109.9
implant,Ce8P2O21,132.4
implant,Ce2Al2O7,163.9
implant,CeAl2O5,157.0
implant,Ce2Al6O13,155.6
implant,CeAl4O8,183.2
implant,Ce4Al2O11,157.8
implant,Ce4Al6O17,163.8
implant,Ce6Al2O15,137.2
implant,Ce3Al2O9,144.1
implant,Ce3Al4O12,181.3
implant,Ce8Al2O19,136.7
implant,Ce8Al6O25,141.8
implant,Ce2Y2O7,151.6
implant,CeY2O5,142.1
implant,Ce2Y6O13,161.6
implant,CeY4O8,164.3
implant,Ce4Y2O11,149.8
implant,Ce4Y6O17,148.3
implant,Ce6Y2O15,137.4
implant,Ce3Y2O9,152.8
implant,Ce3Y4O12,158.0
implant,Ce8Y2O19,140.3
implant,Ce8Y6O25,155.0
implant,La2Ce2O7,148.2
implant,La2CeO5,132.1
implant,La6Ce2O13,130.7
implant,La4CeO8,131.2
implant,La2Ce4O11,153.1
implant,La6Ce4O17,143.5
implant,La2Ce6O15,139.2
implant,La2Ce3O9,147.3
implant,La4Ce3O12,143.5
implant,La2Ce8O19,137.9
implant,La6Ce8O25,148.7
implant,CaCeO3,115.1
implant,Ca2CeO4,130.5
implant,Ca3CeO5,130.6
implant,Ca4CeO6,130.5
implant,CaCe2O5,136.0
implant,Ca3Ce2O7,141.5
implant,CaCe3O7,146.9
implant,Ca2Ce3O8,133.2
implant,Ca4Ce3O10,133.1
implant,CaCe4O9,152.0
implant,Ca3Ce4O11,130.4
implant,CeMgO3,155.6
implant,CeMg2O4,146.9
implant,CeMg3O5,137.7
implant,CeMg4O6,136.6
implant,Ce2MgO5,139.4
implant,Ce2Mg3O7,163.5
implant,Ce3MgO7,147.6
implant,Ce3Mg2O8,154.3
implant,Ce3Mg4O10,155.1
implant,Ce4MgO9,133.0
implant,Ce4Mg3O11,151.3
implant,SrCeO3,139.7
implant,Sr2CeO4,113.2
implant,Sr3CeO5,111.0
implant,Sr4CeO6,111.6
implant,SrCe2O5,146.7
implant,Sr3Ce2O7,124.1
implant,SrCe3O7,149.6
implant,Sr2Ce3O8,143.1
implant,Sr4Ce3O10,120.7
implant,SrCe4O9,137.1
implant,Sr3Ce4O11,144.5
implant,AlPO4,73.9
implant,Al4P2O11,139.5
implant,Al3PO7,194.8
implant,Al8P2O17,208.5
implant,Al2P4O13,87.4
implant,Al6P4O19,109.0
implant,Al(PO3)3,66.2
implant,Al4(P2O7)3,98.1
implant,Al2P8O23,67.9
implant,YPO4,143.6
implant,Y4P2O11,164.0
implant,Y3PO7,144.0
implant,Y8P2O17,172.1
implant,Y2P4O13,122.7
implant,Y6P4O19,150.3
implant,Y(PO3)3,117.3
implant,Y4(P2O7)3,152.2
implant,Y2P8O23,119.9
implant,LaPO4,133.2
implant,La4P2O11,160.1
implant,La3PO7,124.5
implant,La8P2O17,120.0
implant,La2P4O13,125.9
implant,La6P4O19,142.3
implant,La(PO3)3,102.1
implant,La4(P2O7)3,154.0
implant,La2P8O23,101.5
implant,Ca2P2O7,102.5
implant,Ca4P2O9,118.8
implant,Ca6P2O11,109.5
implant,Ca8P2O13,109.8
implant,Ca(PO3)2,112.1
implant,Ca3(PO4)2,117.5
implant,Ca2P6O17,94.4
implant,Ca4P6O19,124.6
implant,Ca8P6O23,121.2
implant,CaP4O11,72.8
implant,Ca3P4O13,115.6
implant,Mg2P2O7,138.3
implant,Mg4P2O9,158.2
implant,Mg6P2O11,193.3
implant,Mg8P2O13,162.6
implant,Mg(PO3)2,102.7
implant,Mg3(PO4)2,120.6
implant,Mg2P6O17,68.3
implant,Mg4P6O19,146.8
implant,Mg8P6O23,126.7
implant,MgP4O11,70.7
implant,Mg3P4O13,142.1
implant,Sr2P2O7,94.3
implant,Sr4P2O9,122.9
implant,Sr6P2O11,100.8
implant,Sr8P2O13,104.8
implant,Sr(PO3)2,82.6
implant,Sr3(PO4)2,114.9
implant,Sr2P6O17,89.0
implant,Sr4P6O19,100.0
implant,Sr8P6O23,109.5
implant,SrP4O11,79.4
implant,Sr3P4O13,93.7
implant,YAlO3,269.3
implant,Y4Al2O9,216.2
implant,Y3AlO6,188.9
implant,Y8Al2O15,197.9
implant,Y2Al4O9,206.5
implant,Y6Al4O15,215.7
implant,YAl3O6,141.0
implant,Y4Al6O15,218.8
implant,Y8Al6O21,240.8
implant,Y2Al8O15,169.2
implant,Y6Al8O21,246.0
implant,LaAlO3,281.8
implant,La4Al2O9,169.1
implant,La3AlO6,151.7
implant,La8Al2O15,161.1
implant,La2Al4O9,208.1
implant,La6Al4O15,191.9
implant,LaAl3O6,146.6
implant,La4Al6O15,199.1
implant,La8Al6O21,218.5
implant,La2Al8O15,132.4
implant,La6Al8O21,242.1
implant,Ca2Al2O5,125.3
implant,Ca4Al2O7,126.9
implant,Ca6Al2O9,126.1
implant,Ca8Al2O11,130.7
implant,CaAl2O4,120.1
implant,Ca3Al2O6,123.5
implant,Ca2Al6O11,132.5
implant,Ca4Al6O13,128.4
implant,Ca8Al6O17,115.9
implant,CaAl4O7,150.8
implant,Ca3Al4O9,128.8
implant,Mg2Al2O5,187.1
implant,Mg4Al2O7,172.2
implant,Mg6Al2O9,223.7
implant,Mg8Al2O11,225.4
implant,MgAl2O4,207.3
implant,Mg3Al2O6,169.5
implant,Mg2Al6O11,202.3
implant,Mg4Al6O13,172.4
implant,Mg8Al6O17,171.3
implant,MgAl4O7,207.6
implant,Mg3Al4O9,174.7
implant,Sr2Al2O5,133.4
implant,Sr4Al2O7,143.2
implant,Sr6Al2O9,130.1
implant,Sr8Al2O11,134.3
implant,SrAl2O4,116.7
implant,Sr3Al2O6,145.3
implant,Sr2Al6O11,138.1
implant,Sr4Al6O13,118.0
implant,Sr8Al6O17,147.4
implant,SrAl4O7,157.9
implant,Sr3Al4O9,121.6
implant,LaYO3,153.3
implant,La4Y2O9,130.6
implant,La3YO6,136.9
implant,La8Y2O15,133.9
implant,La2Y4O9,168.4
implant,La6Y4O15,137.3
implant,LaY3O6,168.7
implant,La4Y6O15,166.7
implant,La8Y6O21,136.9
implant,La2Y8O15,168.8
implant,La6Y8O21,164.7
implant,Ca2Y2O5,148.3
implant,Ca4Y2O7,133.9
implant,Ca6Y2O9,137.4
implant,Ca8Y2O11,129.9
implant,CaY2O4,147.7
implant,Ca3Y2O6,141.5
implant,Ca2Y6O11,150.0
implant,Ca4Y6O13,146.5
implant,Ca8Y6O17,144.0
implant,CaY4O7,175.8
implant,Ca3Y4O9,148.4
implant,Y2Mg2O5,161.1
implant,Y2Mg4O7,153.6
implant,Y2Mg6O9,139.8
implant,Y2Mg8O11,136.4
implant,Y2MgO4,193.1
implant,Y2Mg3O6,156.7
implant,Y6Mg2O11,186.0
implant,Y6Mg4O13,178.4
implant,Y6Mg8O17,157.7
implant,Y4MgO7,179.7
implant,Y4Mg3O9,175.7
implant,Sr2Y2O5,150.6
implant,Sr4Y2O7,112.1
implant,Sr6Y2O9,122.6
implant,Sr8Y2O11,110.8
implant,SrY2O4,164.6
implant,Sr3Y2O6,106.9
implant,Sr2Y6O11,168.0
implant,Sr4Y6O13,164.0
implant,Sr8Y6O17,107.3
implant,SrY4O7,166.5
implant,Sr3Y4O9,158.6
implant,Ca2La2O5,121.8
implant,Ca4La2O7,128.4
implant,Ca6La2O9,130.1
implant,Ca8La2O11,134.2
implant,CaLa2O4,115.3
implant,Ca3La2O6,120.8
implant,Ca2La6O11,127.7
implant,Ca4La6O13,114.7
implant,Ca8La6O17,112.7
implant,CaLa4O7,131.7
implant,Ca3La4O9,110.6
implant,La2Mg2O5,175.5
implant,La2Mg4O7,160.6
implant,La2Mg6O9,156.1
implant,La2Mg8O11,161.7
implant,La2MgO4,150.1
implant,La2Mg3O6,162.4
implant,La6Mg2O11,149.4
implant,La6Mg4O13,150.3
implant,La6Mg8O17,155.3
implant,La4MgO7,143.5
implant,La4Mg3O9,171.2
implant,Sr2La2O5,114.9
implant,Sr4La2O7,116.4
implant,Sr6La2O9,120.3
implant,Sr8La2O11,119.0
implant,SrLa2O4,131.7
implant,Sr3La2O6,116.2
implant,Sr2La6O11,138.1
implant,Sr4La6O13,121.2
implant,Sr8La6O17,114.5
implant,SrLa4O7,136.0
implant,Sr3La4O9,113.2
implant,CaMgO2,135.8
implant,CaMg2O3,126.5
implant,CaMg3O4,134.6
implant,CaMg4O5,132.7
implant,Ca2MgO3,130.6
implant,Ca2Mg3O5,141.7
implant,Ca3MgO4,129.0
implant,Ca3Mg2O5,133.2
implant,Ca3Mg4O7,141.7
implant,Ca4MgO5,121.7
implant,Ca4Mg3O7,131.2
implant,SrCaO2,136.6
implant,Sr2CaO3,128.8
implant,Sr3CaO4,127.9
implant,Sr4CaO5,128.9
implant,SrCa2O3,129.6
implant,Sr3Ca2O5,136.1
implant,SrCa3O4,131.6
implant,Sr2Ca3O5,132.5
implant,Sr4Ca3O7,136.1
implant,SrCa4O5,129.7
implant,Sr3Ca4O7,134.3
implant,SrMgO2,164.4
implant,Sr2MgO3,132.6
implant,Sr3MgO4,130.7
implant,Sr4MgO5,127.1
implant,SrMg2O3,139.3
implant,Sr3Mg2O5,127.1
implant,SrMg3O4,135.1
implant,Sr2Mg3O5,141.9
implant,Sr4Mg3O7,126.4
implant,SrMg4O5,136.4
implant,Sr3Mg4O7,153.0
implant,ZrTiSiO6,155.2
implant,ZrTi(SiO4)2,178.2
implant,ZrTiSi3O10,179.1
implant,ZrTi(SiO3)4,161.4
implant,ZrTi2SiO8,141.5
implant,ZrTi2(SiO5)2,181.0
implant,ZrTi2(SiO4)3,180.4
implant,ZrTi2(Si2O7)2,177.2
implant,ZrTi3SiO10,133.3
implant,ZrTi3(SiO6)2,173.0
implant,ZrTi3Si3O14,181.9
implant,ZrTi3(SiO4)4,180.4
implant,ZrTi4SiO12,130.5
implant,ZrTi4(SiO7)2,164.9
implant,ZrTi4Si3O16,178.9
implant,ZrTi4(Si2O9)2,185.6
implant,Zr2TiSiO8,144.8
implant,Zr2Ti(SiO5)2,185.7
implant,Zr2Ti(SiO4)3,205.1
implant,Zr2Ti(Si2O7)2,177.0
implant,Zr2Ti2SiO10,131.0
implant,Zr2Ti2Si3O14,178.7
implant,Zr2Ti3SiO12,131.0
implant,Zr2Ti3(SiO7)2,128.0
implant,Zr2Ti3Si3O16,170.1
implant,Zr2Ti3(Si2O9)2,182.5
implant,Zr2Ti4SiO14,140.5
implant,Zr2Ti4(SiO6)3,169.9
implant,Zr3TiSiO10,147.9
implant,Zr3Ti(SiO6)2,151.4
implant,Zr3TiSi3O14,182.9
implant,Zr3Ti(SiO4)4,205.9
implant,Zr3Ti2SiO12,141.8
implant,Zr3Ti2(SiO7)2,140.6
implant,Zr3Ti2Si3O16,162.1
implant,Zr3Ti2(Si2O9)2,190.7
implant,Zr3Ti3SiO14,148.0
implant,Zr3Ti3(SiO8)2,142.9
implant,Zr3Ti3(SiO5)4,187.5
implant,Zr3Ti4SiO16,146.4
implant,Zr3Ti4(SiO9)2,130.1
implant,Zr3Ti4Si3O20,131.0
implant,Zr3Ti4(Si2O11)2,173.9
implant,Zr4TiSiO12,141.5
implant,Zr4Ti(SiO7)2,140.3
implant,Zr4TiSi3O16,152.6
implant,Zr4Ti(Si2O9)2,185.7
implant,Zr4Ti2SiO14,144.3
implant,Zr4Ti2(SiO6)3,151.4
implant,Zr4Ti3SiO16,144.7
implant,Zr4Ti3(SiO9)2,143.8
implant,Zr4Ti3Si3O20,140.1
implant,Zr4Ti3(Si2O11)2,162.1
implant,Zr4Ti4SiO18,152.7
implant,Zr4Ti4Si3O22,137.4
implant,CeZrTiO6,171.4
implant,Ce2ZrTiO8,165.3
implant,Ce3ZrTiO10,161.8
implant,Ce4ZrTiO12,154.1
implant,CeZrTi2O8,153.5
implant,Ce2ZrTi2O10,175.9
implant,Ce3ZrTi2O12,168.3
implant,Ce4ZrTi2O14,161.6
implant,CeZrTi3O10,147.9
implant,Ce2ZrTi3O12,154.4
implant,Ce3ZrTi3O14,175.9
implant,Ce4ZrTi3O16,167.7
implant,CeZrTi4O12,136.3
implant,Ce2ZrTi4O14,150.1
implant,Ce3ZrTi4O16,168.1
implant,Ce4ZrTi4O18,175.9
implant,CeZr2TiO8,173.5
implant,Ce2Zr2TiO10,171.9
implant,Ce3Zr2TiO12,168.7
implant,Ce4Zr2TiO14,167.1
implant,CeZr2Ti2O10,153.5
implant,Ce3Zr2Ti2O14,177.5
implant,CeZr2Ti3O12,159.1
implant,Ce2Zr2Ti3O14,156.7
implant,Ce3Zr2Ti3O16,172.5
implant,Ce4Zr2Ti3O18,189.1
implant,CeZr2Ti4O14,153.5
implant,Ce3Zr2Ti4O18,158.7
implant,CeZr3TiO10,168.9
implant,Ce2Zr3TiO12,175.3
implant,Ce3Zr3TiO14,173.2
implant,Ce4Zr3TiO16,165.5
implant,CeZr3Ti2O12,163.9
implant,Ce2Zr3Ti2O14,175.9
implant,Ce3Zr3Ti2O16,188.8
implant,Ce4Zr3Ti2O18,171.5
implant,CeZr3Ti3O14,163.7
implant,Ce2Zr3Ti3O16,168.2
implant,Ce4Zr3Ti3O20,177.9
implant,CeZr3Ti4O16,152.6
implant,Ce2Zr3Ti4O18,153.5
implant,Ce3Zr3Ti4O20,160.0
implant,Ce4Zr3Ti4O22,172.5
implant,CeZr4TiO12,159.9
implant,Ce2Zr4TiO14,173.8
implant,Ce3Zr4TiO16,172.9
implant,Ce4Zr4TiO18,173.5
implant,CeZr4Ti2O14,167.5
implant,Ce3Zr4Ti2O18,172.7
implant,CeZr4Ti3O16,159.8
implant,Ce2Zr4Ti3O18,168.0
implant,Ce3Zr4Ti3O20,174.2
implant,Ce4Zr4Ti3O22,176.2
implant,CeZr4Ti4O18,148.1
implant,Ce3Zr4Ti4O22,169.5
implant,Zr2Ti2P2O13,161.3
implant,ZrTiP2O9,110.8
implant,Zr2Ti2P6O23,115.0
implant,ZrTi(P2O7)2,128.1
implant,Zr2Ti4P2O17,155.5
implant,ZrTi2P2O11,134.7
implant,Zr2Ti4(P2O9)3,102.6
implant,ZrTi2(PO4)4,109.6
implant,Zr2Ti6P2O21,120.0
implant,ZrTi3P2O13,141.0
implant,ZrTi3(P2O9)2,103.4
implant,Zr2Ti8P2O25,117.7
implant,ZrTi4P2O15,164.1
implant,ZrTi4(PO5)4,154.3
implant,Zr4Ti2P2O17,131.7
implant,Zr2TiP2O11,166.4
implant,Zr4Ti2(P2O9)3,123.5
implant,Zr2Ti(PO4)4,114.7
implant,Zr4Ti4P2O21,112.7
implant,Zr4Ti6P2O25,117.7
implant,Zr2Ti3P2O15,170.0
implant,Zr2Ti3(PO5)4,137.6
implant,Zr6Ti2P2O21,120.4
implant,Zr3TiP2O13,150.9
implant,Zr3Ti(P2O9)2,128.3
implant,Zr6Ti4P2O25,114.4
implant,Zr3Ti2P2O15,151.4
implant,Zr3Ti2(PO5)4,156.7
implant,Zr3Ti3P2O17,145.1
implant,Zr3Ti3(P2O11)2,154.1
implant,Zr3Ti4P2O19,121.2
implant,Zr3Ti4(PO6)4,137.8
implant,Zr8Ti2P2O25,116.9
implant,Zr4TiP2O15,143.3
implant,Zr4Ti(PO5)4,165.3
implant,Zr4Ti3P2O19,125.6
implant,Zr4Ti3(PO6)4,135.3
implant,Zr2Ti2Al2O11,162.1
implant,ZrTiAl2O7,158.0
implant,Zr2Ti2Al6O17,181.8
implant,ZrTiAl4O10,183.7
implant,Zr2Ti4Al2O15,169.8
implant,ZrTi2Al2O9,162.2
implant,Zr2Ti4Al6O21,165.0
implant,ZrTi2Al4O12,197.4
implant,Zr2Ti6Al2O19,168.0
implant,ZrTi3Al2O11,160.9
implant,Zr2Ti6Al6O25,165.2
implant,ZrTi3Al4O14,167.6
implant,Zr2Ti8Al2O23,168.0
implant,ZrTi4Al2O13,155.5
implant,ZrTi4Al4O16,165.2
implant,Zr4Ti2Al2O15,171.5
implant,Zr2TiAl2O9,150.9
implant,Zr4Ti2Al6O21,175.2
implant,Zr2TiAl4O12,169.4
implant,Zr4Ti4Al2O19,174.0
implant,Zr4Ti4Al6O25,171.1
implant,Zr4Ti6Al2O23,178.7
implant,Zr2Ti3Al2O13,162.9
implant,Zr2Ti3Al4O16,161.9
implant,Zr6Ti2Al2O19,186.2
implant,Zr3TiAl2O11,146.6
implant,Zr6Ti2Al6O25,153.4
implant,Zr3TiAl4O14,175.8
implant,Zr6Ti4Al2O23,179.4
implant,Zr3Ti2Al2O13,165.9
implant,Zr3Ti2Al4O16,171.3
implant,Zr3Ti3Al2O15,168.7
implant,Zr3Ti3Al4O18,168.1
implant,Zr3Ti4Al2O17,172.6
implant,Zr3Ti4Al4O20,162.5
implant,Zr8Ti2Al2O23,193.0
implant,Zr4TiAl2O13,178.8
implant,Zr4TiAl4O16,155.0
implant,Zr4Ti3Al2O17,172.9
implant,Zr4Ti3Al4O20,144.6
implant,Y2Zr2Ti2O11,182.4
implant,Y2ZrTiO7,194.4
implant,Y6Zr2Ti2O17,191.1
implant,Y4ZrTiO10,186.7
implant,Y2Zr2Ti4O15,166.8
implant,Y2ZrTi2O9,182.7
implant,Y6Zr2Ti4O21,192.3
implant,Y4ZrTi2O12,188.1
implant,Y2Zr2Ti6O19,159.2
implant,Y2ZrTi3O11,163.2
implant,Y6Zr2Ti6O25,183.6
implant,Y4ZrTi3O14,192.7
implant,Y2Zr2Ti8O23,163.3
implant,Y2ZrTi4O13,164.0
implant,Y4ZrTi4O16,184.8
implant,Y2Zr4Ti2O15,195.6
implant,Y2Zr2TiO9,189.5
implant,Y6Zr4Ti2O21,200.8
implant,Y4Zr2TiO12,192.6
implant,Y2Zr4Ti4O19,175.0
implant,Y6Zr4Ti4O25,190.3
implant,Y2Zr4Ti6O23,164.0
implant,Y2Zr2Ti3O13,172.8
implant,Y4Zr2Ti3O16,187.0
implant,Y2Zr6Ti2O19,190.2
implant,Y2Zr3TiO11,188.6
implant,Y6Zr6Ti2O25,195.4
implant,Y4Zr3TiO14,201.9
implant,Y2Zr6Ti4O23,178.8
implant,Y2Zr3Ti2O13,182.7
implant,Y4Zr3Ti2O16,189.9
implant,Y2Zr3Ti3O15,181.6
implant,Y4Zr3Ti3O18,186.4
implant,Y2Zr3Ti4O17,173.4
implant,Y4Zr3Ti4O20,181.4
implant,Y2Zr8Ti2O23,186.8
implant,Y2Zr4TiO13,198.5
implant,Y4Zr4TiO16,198.0
implant,Y2Zr4Ti3O17,192.5
implant,Y4Zr4Ti3O20,182.0
implant,La2Zr2Ti2O11,198.2
implant,La2ZrTiO7,177.9
implant,La6Zr2Ti2O17,173.0
implant,La4ZrTiO10,161.3
implant,La2Zr2Ti4O15,194.2
implant,La2ZrTi2O9,199.0
implant,La6Zr2Ti4O21,180.6
implant,La4ZrTi2O12,170.5
implant,La2Zr2Ti6O19,175.9
implant,La2ZrTi3O11,196.8
implant,La6Zr2Ti6O25,188.2
implant,La4ZrTi3O14,182.3
implant,La2Zr2Ti8O23,155.8
implant,La2ZrTi4O13,193.8
implant,La4ZrTi4O16,186.1
implant,La2Zr4Ti2O15,207.5
implant,La2Zr2TiO9,198.0
implant,La6Zr4Ti2O21,178.0
implant,La4Zr2TiO12,173.0
implant,La2Zr4Ti4O19,192.7
implant,La6Zr4Ti4O25,192.9
implant,La2Zr4Ti6O23,183.2
implant,La2Zr2Ti3O13,194.8
implant,La4Zr2Ti3O16,191.7
implant,La2Zr6Ti2O19,199.5
implant,La2Zr3TiO11,200.1
implant,La6Zr6Ti2O25,187.9
implant,La4Zr3TiO14,176.0
implant,La2Zr6Ti4O23,190.0
implant,La2Zr3Ti2O13,195.4
implant,La4Zr3Ti2O16,186.2
implant,La2Zr3Ti3O15,196.1
implant,La4Zr3Ti3O18,197.6
implant,La2Zr3Ti4O17,194.2
implant,La4Zr3Ti4O20,199.4
implant,La2Zr8Ti2O23,199.7
implant,La2Zr4TiO13,200.3
implant,La4Zr4TiO16,201.2
implant,La2Zr4Ti3O17,210.4
implant,La4Zr4Ti3O20,198.8
implant,CaZrTiO5,171.8
implant,Ca2ZrTiO6,171.4
implant,Ca3ZrTiO7,171.3
implant,Ca4ZrTiO8,167.4
implant,CaZrTi2O7,199.8
implant,Ca2ZrTi2O8,166.5
implant,Ca3ZrTi2O9,166.7
implant,Ca4ZrTi2O10,159.9
implant,CaZrTi3O9,193.9
implant,Ca2ZrTi3O10,176.8
implant,Ca3ZrTi3O11,156.7
implant,Ca4ZrTi3O12,159.9
implant,CaZrTi4O11,192.3
implant,Ca2ZrTi4O12,199.5
implant,Ca3ZrTi4O13,166.7
implant,Ca4ZrTi4O14,161.5
implant,CaZr2TiO7,211.9
implant,Ca2Zr2TiO8,182.8
implant,Ca3Zr2TiO9,199.4
implant,Ca4Zr2TiO10,193.7
implant,CaZr2Ti2O9,190.5
implant,Ca3Zr2Ti2O11,175.8
implant,CaZr2Ti3O11,166.2
implant,Ca2Zr2Ti3O12,200.6
implant,Ca3Zr2Ti3O13,175.4
implant,Ca4Zr2Ti3O14,173.7
implant,CaZr2Ti4O13,190.9
implant,Ca3Zr2Ti4O15,172.9
implant,CaZr3TiO9,211.5
implant,Ca2Zr3TiO10,200.8
implant,Ca3Zr3TiO11,190.4
implant,Ca4Zr3TiO12,202.2
implant,CaZr3Ti2O11,189.5
implant,Ca2Zr3Ti2O12,179.9
implant,Ca3Zr3Ti2O13,186.7
implant,Ca4Zr3Ti2O14,183.9
implant,CaZr3Ti3O13,188.1
implant,Ca2Zr3Ti3O14,193.7
implant,Ca4Zr3Ti3O16,172.0
implant,CaZr3Ti4O15,189.3
implant,Ca2Zr3Ti4O16,195.2
implant,Ca3Zr3Ti4O17,181.1
implant,Ca4Zr3Ti4O18,175.4
implant,CaZr4TiO11,196.2
implant,Ca2Zr4TiO12,194.6
implant,Ca3Zr4TiO13,202.6
implant,Ca4Zr4TiO14,188.7
implant,CaZr4Ti2O13,206.3
implant,Ca3Zr4Ti2O15,180.9
implant,CaZr4Ti3O15,192.9
implant,Ca2Zr4Ti3O16,190.8
implant,Ca3Zr4Ti3O17,177.6
implant,Ca4Zr4Ti3O18,173.1
implant,CaZr4Ti4O17,191.7
implant,Ca3Zr4Ti4O19,193.1
implant,MgZrTiO5,159.1
implant,Mg2ZrTiO6,155.5
implant,Mg3ZrTiO7,127.4
implant,Mg4ZrTiO8,147.0
implant,MgZrTi2O7,161.3
implant,Mg2ZrTi2O8,154.8
implant,Mg3ZrTi2O9,158.6
implant,Mg4ZrTi2O10,150.7
implant,MgZrTi3O9,166.4
implant,Mg2ZrTi3O10,150.3
implant,Mg3ZrTi3O11,151.3
implant,Mg4ZrTi3O12,140.3
implant,MgZrTi4O11,160.5
implant,Mg2ZrTi4O12,155.8
implant,Mg3ZrTi4O13,156.5
implant,Mg4ZrTi4O14,147.2
implant,MgZr2TiO7,180.8
implant,Mg2Zr2TiO8,166.6
implant,Mg3Zr2TiO9,160.2
implant,Mg4Zr2TiO10,143.8
implant,MgZr2Ti2O9,164.1
implant,Mg3Zr2Ti2O11,149.6
implant,MgZr2Ti3O11,163.6
implant,Mg2Zr2Ti3O12,160.7
implant,Mg3Zr2Ti3O13,150.2
implant,Mg4Zr2Ti3O14,150.8
implant,MgZr2Ti4O13,176.8
implant,Mg3Zr2Ti4O15,150.4
implant,MgZr3TiO9,190.3
implant,Mg2Zr3TiO10,178.8
implant,Mg3Zr3TiO11,176.8
implant,Mg4Zr3TiO12,171.2
implant,MgZr3Ti2O11,158.2
implant,Mg2Zr3Ti2O12,180.5
implant,Mg3Zr3Ti2O13,170.4
implant,Mg4Zr3Ti2O14,158.8
implant,MgZr3Ti3O13,165.1
implant,Mg2Zr3Ti3O14,169.3
implant,Mg4Zr3Ti3O16,153.5
implant,MgZr3Ti4O15,167.5
implant,Mg2Zr3Ti4O16,166.3
implant,Mg3Zr3Ti4O17,164.1
implant,Mg4Zr3Ti4O18,149.2
implant,MgZr4TiO11,176.0
implant,Mg2Zr4TiO12,174.3
implant,Mg3Zr4TiO13,177.3
implant,Mg4Zr4TiO14,178.5
implant,MgZr4Ti2O13,168.6
implant,Mg3Zr4Ti2O15,168.2
implant,MgZr4Ti3O15,167.7
implant,Mg2Zr4Ti3O16,164.9
implant,Mg3Zr4Ti3O17,168.5
implant,Mg4Zr4Ti3O18,165.2
implant,MgZr4Ti4O17,163.6
implant,Mg3Zr4Ti4O19,167.9
implant,SrZrTiO5,193.8
implant,Sr2ZrTiO6,201.2
implant,Sr3ZrTiO7,177.7
implant,Sr4ZrTiO8,153.8
implant,SrZrTi2O7,184.8
implant,Sr2ZrTi2O8,192.1
implant,Sr3ZrTi2O9,193.5
implant,Sr4ZrTi2O10,195.1
implant,SrZrTi3O9,194.7
implant,Sr2ZrTi3O10,185.8
implant,Sr3ZrTi3O11,192.4
implant,Sr4ZrTi3O12,191.1
implant,SrZrTi4O11,174.8
implant,Sr2ZrTi4O12,175.2
implant,Sr3ZrTi4O13,191.9
implant,Sr4ZrTi4O14,186.3
implant,SrZr2TiO7,204.0
implant,Sr2Zr2TiO8,198.4
implant,Sr3Zr2TiO9,207.0
implant,Sr4Zr2TiO10,179.4
implant,SrZr2Ti2O9,189.0
implant,Sr3Zr2Ti2O11,194.7
implant,SrZr2Ti3O11,191.2
implant,Sr2Zr2Ti3O12,184.5
implant,Sr3Zr2Ti3O13,198.4
implant,Sr4Zr2Ti3O14,192.3
implant,SrZr2Ti4O13,176.7
implant,Sr3Zr2Ti4O15,192.6
implant,SrZr3TiO9,204.1
implant,Sr2Zr3TiO10,203.0
implant,Sr3Zr3TiO11,202.9
implant,Sr4Zr3TiO12,208.7
implant,SrZr3Ti2O11,189.5
implant,Sr2Zr3Ti2O12,206.8
implant,Sr3Zr3Ti2O13,206.2
implant,Sr4Zr3Ti2O14,194.0
implant,SrZr3Ti3O13,192.9
implant,Sr2Zr3Ti3O14,201.9
implant,Sr4Zr3Ti3O16,199.0
implant,SrZr3Ti4O15,181.9
implant,Sr2Zr3Ti4O16,189.0
implant,Sr3Zr3Ti4O17,193.4
implant,Sr4Zr3Ti4O18,198.4
implant,SrZr4TiO11,203.4
implant,Sr2Zr4TiO12,213.2
implant,Sr3Zr4TiO13,203.7
implant,Sr4Zr4TiO14,202.1
implant,SrZr4Ti2O13,201.2
implant,Sr3Zr4Ti2O15,195.4
implant,SrZr4Ti3O15,199.8
implant,Sr2Zr4Ti3O16,190.9
implant,Sr3Zr4Ti3O17,206.8
implant,Sr4Zr4Ti3O18,209.2
implant,SrZr4Ti4O17,189.1
implant,Sr3Zr4Ti4O19,189.9
implant,CeZrSiO6,148.8
implant,Ce2ZrSiO8,161.5
implant,Ce3ZrSiO10,135.0
implant,Ce4ZrSiO12,130.3
implant,CeZr(SiO4)2,144.5
implant,Ce2Zr(SiO5)2,140.7
implant,Ce3Zr(SiO6)2,154.2
implant,Ce4Zr(SiO7)2,150.3
implant,CeZrSi3O10,171.3
implant,Ce2Zr(SiO4)3,143.1
implant,Ce3ZrSi3O14,136.6
implant,Ce4ZrSi3O16,161.9
implant,CeZr(SiO3)4,174.9
implant,Ce2Zr(Si2O7)2,133.7
implant,Ce3Zr(SiO4)4,143.6
implant,Ce4Zr(Si2O9)2,138.8
implant,CeZr2SiO8,160.2
implant,Ce2Zr2SiO10,148.7
implant,Ce3Zr2SiO12,159.9
implant,Ce4Zr2SiO14,142.5
implant,CeZr2(SiO5)2,147.1
implant,Ce3Zr2(SiO7)2,160.3
implant,CeZr2(SiO4)3,169.0
implant,Ce2Zr2Si3O14,136.8
implant,Ce3Zr2Si3O16,134.9
implant,Ce4Zr2(SiO6)3,152.9
implant,CeZr2(Si2O7)2,171.5
implant,Ce3Zr2(Si2O9)2,146.3
implant,CeZr3SiO10,159.8
implant,Ce2Zr3SiO12,166.3
implant,Ce3Zr3SiO14,167.7
implant,Ce4Zr3SiO16,158.3
implant,CeZr3(SiO6)2,147.3
implant,Ce2Zr3(SiO7)2,163.5
implant,Ce3Zr3(SiO8)2,153.0
implant,Ce4Zr3(SiO9)2,162.4
implant,CeZr3Si3O14,151.7
implant,Ce2Zr3Si3O16,145.5
implant,Ce4Zr3Si3O20,147.7
implant,CeZr3(SiO4)4,170.6
implant,Ce2Zr3(Si2O9)2,149.0
implant,Ce3Zr3(SiO5)4,145.9
implant,Ce4Zr3(Si2O11)2,138.6
implant,CeZr4SiO12,151.9
implant,Ce2Zr4SiO14,169.1
implant,Ce3Zr4SiO16,166.7
implant,Ce4Zr4SiO18,161.2
implant,CeZr4(SiO7)2,147.6
implant,Ce3Zr4(SiO9)2,153.0
implant,CeZr4Si3O16,147.2
implant,Ce2Zr4(SiO6)3,144.4
implant,Ce3Zr4Si3O20,152.6
implant,Ce4Zr4Si3O22,155.4
implant,CeZr4(Si2O9)2,154.4
implant,Ce3Zr4(Si2O11)2,144.7
implant,Zr2Si2P2O13,153.6
implant,ZrSiP2O9,118.0
implant,Zr2Si2P6O23,112.1
implant,ZrSi(P2O7)2,109.5
implant,Zr2Si4P2O17,139.8
implant,ZrSi2P2O11,133.5
implant,Zr2Si4(P2O9)3,90.3
implant,ZrSi2(PO4)4,98.5
implant,Zr2Si6P2O21,141.8
implant,ZrSi3P2O13,104.2
implant,ZrSi3(P2O9)2,90.5
implant,Zr2Si8P2O25,132.9
implant,ZrSi4P2O15,97.7
implant,ZrSi4(PO5)4,92.7
implant,Zr4Si2P2O17,182.1
implant,Zr2SiP2O11,138.4
implant,Zr4Si2(P2O9)3,116.6
implant,Zr2Si(PO4)4,120.4
implant,Zr4Si4P2O21,179.6
implant,Zr4Si6P2O25,174.7
implant,Zr2Si3P2O15,143.0
implant,Zr2Si3(PO5)4,139.0
implant,Zr6Si2P2O21,156.2
implant,Zr3SiP2O13,177.5
implant,Zr3Si(P2O9)2,113.1
implant,Zr6Si4P2O25,188.5
implant,Zr3Si2P2O15,178.3
implant,Zr3Si2(PO5)4,140.5
implant,Zr3Si3P2O17,177.9
implant,Zr3Si3(P2O11)2,137.9
implant,Zr3Si4P2O19,174.0
implant,Zr3Si4(PO6)4,136.7
implant,Zr8Si2P2O25,153.2
implant,Zr4SiP2O15,179.5
implant,Zr4Si(PO5)4,138.9
implant,Zr4Si3P2O19,178.8
implant,Zr4Si3(PO6)4,137.6
implant,Zr2Al2Si2O11,187.9
implant,ZrAl2SiO7,174.2
implant,Zr2Al6Si2O17,164.6
implant,ZrAl4SiO10,162.2
implant,Zr2Al2Si4O15,185.1
implant,ZrAl2Si2O9,165.1
implant,Zr2Al6Si4O21,161.0
implant,ZrAl4(SiO6)2,162.6
implant,Zr2Al2Si6O19,205.7
implant,ZrAl2Si3O11,171.3
implant,Zr2Al6Si6O25,173.6
implant,ZrAl4Si3O14,171.2
implant,Zr2Al2Si8O23,197.9
implant,ZrAl2Si4O13,179.1
implant,ZrAl4(SiO4)4,173.6
implant,Zr4Al2Si2O15,165.6
implant,Zr2Al2SiO9,197.9
implant,Zr4Al6Si2O21,190.5
implant,Zr2Al4SiO12,179.2
implant,Zr4Al2Si4O19,202.5
implant,Zr4Al6Si4O25,179.8
implant,Zr4Al2Si6O23,182.9
implant,Zr2Al2Si3O13,197.7
implant,Zr2Al4Si3O16,165.8
implant,Zr6Al2Si2O19,162.5
implant,Zr3Al2SiO11,158.8
implant,Zr6Al6Si2O25,190.9
implant,Zr3Al4SiO14,211.7
implant,Zr6Al2Si4O23,193.2
implant,Zr3Al2Si2O13,189.9
implant,Zr3Al4(SiO8)2,175.8
implant,Zr3Al2(SiO5)3,199.1
implant,Zr3Al4(SiO6)3,179.2
implant,Zr3Al2Si4O17,184.5
implant,Zr3Al4(SiO5)4,184.8
implant,Zr8Al2Si2O23,157.7
implant,Zr4Al2SiO13,165.4
implant,Zr4Al4SiO16,188.4
implant,Zr4Al2Si3O17,195.6
implant,Zr4Al4Si3O20,193.3
implant,Y2Zr2Si2O11,156.9
implant,Y2ZrSiO7,171.6
implant,Y6Zr2Si2O17,183.4
implant,Y4ZrSiO10,181.2
implant,Y2Zr2Si4O15,158.5
implant,Y2ZrSi2O9,136.8
implant,Y6Zr2Si4O21,161.4
implant,Y4Zr(SiO6)2,158.8
implant,Y2Zr2Si6O19,190.8
implant,Y2ZrSi3O11,156.0
implant,Y6Zr2Si6O25,153.9
implant,Y4ZrSi3O14,156.2
implant,Y2Zr2Si8O23,176.5
implant,Y2ZrSi4O13,190.9
implant,Y4Zr(SiO4)4,154.1
implant,Y2Zr4Si2O15,168.0
implant,Y2Zr2SiO9,175.1
implant,Y6Zr4Si2O21,174.5
implant,Y4Zr2SiO12,182.6
implant,Y2Zr4Si4O19,158.4
implant,Y6Zr4Si4O25,159.1
implant,Y2Zr4Si6O23,186.3
implant,Y2Zr2Si3O13,153.3
implant,Y4Zr2Si3O16,160.3
implant,Y2Zr6Si2O19,173.6
implant,Y2Zr3SiO11,172.5
implant,Y6Zr6Si2O25,176.5
implant,Y4Zr3SiO14,181.5
implant,Y2Zr6Si4O23,155.7
implant,Y2Zr3Si2O13,155.5
implant,Y4Zr3(SiO8)2,177.6
implant,Y2Zr3(SiO5)3,151.1
implant,Y4Zr3(SiO6)3,163.2
implant,Y2Zr3Si4O17,158.5
implant,Y4Zr3(SiO5)4,157.2
implant,Y2Zr8Si2O23,178.2
implant,Y2Zr4SiO13,183.2
implant,Y4Zr4SiO16,182.3
implant,Y2Zr4Si3O17,157.1
implant,Y4Zr4Si3O20,157.6
implant,La2Zr2Si2O11,174.7
implant,La2ZrSiO7,157.1
implant,La6Zr2Si2O17,148.2
implant,La4ZrSiO10,145.2
implant,La2Zr2Si4O15,143.7
implant,La2ZrSi2O9,153.4
implant,La6Zr2Si4O21,153.7
implant,La4Zr(SiO6)2,147.0
implant,La2Zr2Si6O19,153.9
implant,La2ZrSi3O11,134.6
implant,La6Zr2Si6O25,150.8
implant,La4ZrSi3O14,151.3
implant,La2Zr2Si8O23,185.1
implant,La2ZrSi4O13,132.1
implant,La4Zr(SiO4)4,147.2
implant,La2Zr4Si2O15,176.4
implant,La2Zr2SiO9,189.8
implant,La6Zr4Si2O21,150.3
implant,La4Zr2SiO12,150.5
implant,La2Zr4Si4O19,143.0
implant,La6Zr4Si4O25,179.0
implant,La2Zr4Si6O23,163.8
implant,La2Zr2Si3O13,124.1
implant,La4Zr2Si3O16,153.9
implant,La2Zr6Si2O19,179.0
implant,La2Zr3SiO11,180.3
implant,La6Zr6Si2O25,177.6
implant,La4Zr3SiO14,150.4
implant,La2Zr6Si4O23,162.3
implant,La2Zr3Si2O13,164.6
implant,La4Zr3(SiO8)2,188.9
implant,La2Zr3(SiO5)3,130.6
implant,La4Zr3(SiO6)3,152.2
implant,La2Zr3Si4O17,145.8
implant,La4Zr3(SiO5)4,166.3
implant,La2Zr8Si2O23,183.9
implant,La2Zr4SiO13,188.8
implant,La4Zr4SiO16,156.8
implant,La2Zr4Si3O17,151.1
implant,La4Zr4Si3O20,166.5
implant,CaZrSiO5,154.5
implant,Ca2ZrSiO6,153.3
implant,Ca3ZrSiO7,151.7
implant,Ca4ZrSiO8,152.9
implant,CaZrSi2O7,154.3
implant,Ca2Zr(SiO4)2,135.5
implant,Ca3ZrSi2O9,139.5
implant,Ca4Zr(SiO5)2,157.3
implant,CaZr(SiO3)3,149.6
implant,Ca2ZrSi3O10,126.7
implant,Ca3ZrSi3O11,129.3
implant,Ca4Zr(SiO4)3,131.0
implant,CaZrSi4O11,144.6
implant,Ca2Zr(SiO3)4,123.9
implant,Ca3ZrSi4O13,129.0
implant,Ca4Zr(Si2O7)2,124.5
implant,CaZr2SiO7,165.9
implant,Ca2Zr2SiO8,172.3
implant,Ca3Zr2SiO9,177.2
implant,Ca4Zr2SiO10,164.3
implant,CaZr2Si2O9,144.5
implant,Ca3Zr2Si2O11,148.0
implant,CaZr2Si3O11,148.7
implant,Ca2Zr2(SiO4)3,153.2
implant,Ca3Zr2Si3O13,135.8
implant,Ca4Zr2Si3O14,147.8
implant,CaZr2Si4O13,186.0
implant,Ca3Zr2Si4O15,139.4
implant,CaZr3SiO9,170.4
implant,Ca2Zr3SiO10,173.7
implant,Ca3Zr3SiO11,173.5
implant,Ca4Zr3SiO12,182.4
implant,CaZr3Si2O11,156.6
implant,Ca2Zr3(SiO6)2,163.8
implant,Ca3Zr3Si2O13,170.9
implant,Ca4Zr3(SiO7)2,166.5
implant,CaZr3Si3O13,155.5
implant,Ca2Zr3Si3O14,150.5
implant,Ca4Zr3Si3O16,148.4
implant,CaZr3Si4O15,157.2
implant,Ca2Zr3(SiO4)4,153.7
implant,Ca3Zr3Si4O17,149.3
implant,Ca4Zr3(Si2O9)2,134.5
implant,CaZr4SiO11,172.3
implant,Ca2Zr4SiO12,166.8
implant,Ca3Zr4SiO13,185.9
implant,Ca4Zr4SiO14,196.8
implant,CaZr4Si2O13,160.8
implant,Ca3Zr4Si2O15,173.8
implant,CaZr4(SiO5)3,162.8
implant,Ca2Zr4Si3O16,158.0
implant,Ca3Zr4Si3O17,162.6
implant,Ca4Zr4(SiO6)3,165.4
implant,CaZr4Si4O17,162.4
implant,Ca3Zr4Si4O19,150.6
implant,MgZrSiO5,151.1
implant,Mg2ZrSiO6,126.4
implant,Mg3ZrSiO7,145.0
implant,Mg4ZrSiO8,145.2
implant,MgZrSi2O7,149.7
implant,Mg2Zr(SiO4)2,115.8
implant,Mg3ZrSi2O9,140.6
implant,Mg4Zr(SiO5)2,149.1
implant,MgZr(SiO3)3,150.2
implant,Mg2ZrSi3O10,114.2
implant,Mg3ZrSi3O11,123.7
implant,Mg4Zr(SiO4)3,140.3
implant,MgZrSi4O11,147.9
implant,Mg2Zr(SiO3)4,108.3
implant,Mg3ZrSi4O13,116.2
implant,Mg4Zr(Si2O7)2,139.4
implant,MgZr2SiO7,149.7
implant,Mg2Zr2SiO8,156.4
implant,Mg3Zr2SiO9,142.6
implant,Mg4Zr2SiO10,139.0
implant,MgZr2Si2O9,141.3
implant,Mg3Zr2Si2O11,128.7
implant,MgZr2Si3O11,171.3
implant,Mg2Zr2(SiO4)3,169.5
implant,Mg3Zr2Si3O13,127.2
implant,Mg4Zr2Si3O14,116.0
implant,MgZr2Si4O13,178.6
implant,Mg3Zr2Si4O15,126.6
implant,MgZr3SiO9,161.7
implant,Mg2Zr3SiO10,169.5
implant,Mg3Zr3SiO11,167.6
implant,Mg4Zr3SiO12,162.6
implant,MgZr3Si2O11,152.4
implant,Mg2Zr3(SiO6)2,146.7
implant,Mg3Zr3Si2O13,153.6
implant,Mg4Zr3(SiO7)2,144.1
implant,MgZr3Si3O13,175.0
implant,Mg2Zr3Si3O14,142.5
implant,Mg4Zr3Si3O16,135.2
implant,MgZr3Si4O15,198.0
implant,Mg2Zr3(SiO4)4,151.4
implant,Mg3Zr3Si4O17,167.7
implant,Mg4Zr3(Si2O9)2,126.9
implant,MgZr4SiO11,169.5
implant,Mg2Zr4SiO12,158.3
implant,Mg3Zr4SiO13,172.8
implant,Mg4Zr4SiO14,175.6
implant,MgZr4Si2O13,157.2
implant,Mg3Zr4Si2O15,159.0
implant,MgZr4(SiO5)3,157.2
implant,Mg2Zr4Si3O16,149.3
implant,Mg3Zr4Si3O17,149.1
implant,Mg4Zr4(SiO6)3,148.2
implant,MgZr4Si4O17,179.9
implant,Mg3Zr4Si4O19,147.8
implant,SrZrSiO5,147.0
implant,Sr2ZrSiO6,168.4
implant,Sr3ZrSiO7,173.7
implant,Sr4ZrSiO8,179.5
implant,SrZrSi2O7,137.3
implant,Sr2Zr(SiO4)2,133.4
implant,Sr3ZrSi2O9,151.4
implant,Sr4Zr(SiO5)2,168.7
implant,SrZr(SiO3)3,156.9
implant,Sr2ZrSi3O10,127.7
implant,Sr3ZrSi3O11,120.7
implant,Sr4Zr(SiO4)3,131.7
implant,SrZrSi4O11,154.5
implant,Sr2Zr(SiO3)4,120.8
implant,Sr3ZrSi4O13,142.7
implant,Sr4Zr(Si2O7)2,118.5
implant,SrZr2SiO7,178.2
implant,Sr2Zr2SiO8,171.0
implant,Sr3Zr2SiO9,180.2
implant,Sr4Zr2SiO10,180.7
implant,SrZr2Si2O9,141.8
implant,Sr3Zr2Si2O11,149.1
implant,SrZr2Si3O11,155.4
implant,Sr2Zr2(SiO4)3,146.6
implant,Sr3Zr2Si3O13,138.5
implant,Sr4Zr2Si3O14,145.7
implant,SrZr2Si4O13,158.3
implant,Sr3Zr2Si4O15,150.8
implant,SrZr3SiO9,195.0
implant,Sr2Zr3SiO10,192.8
implant,Sr3Zr3SiO11,181.9
implant,Sr4Zr3SiO12,192.4
implant,SrZr3Si2O11,159.1
implant,Sr2Zr3(SiO6)2,173.5
implant,Sr3Zr3Si2O13,163.8
implant,Sr4Zr3(SiO7)2,159.7
implant,SrZr3Si3O13,162.4
implant,Sr2Zr3Si3O14,156.0
implant,Sr4Zr3Si3O16,152.5
implant,SrZr3Si4O15,164.9
implant,Sr2Zr3(SiO4)4,141.8
implant,Sr3Zr3Si4O17,165.4
implant,Sr4Zr3(Si2O9)2,140.1
implant,SrZr4SiO11,187.7
implant,Sr2Zr4SiO12,173.0
implant,Sr3Zr4SiO13,194.2
implant,Sr4Zr4SiO14,196.6
implant,SrZr4Si2O13,161.0
implant,Sr3Zr4Si2O15,173.2
implant,SrZr4(SiO5)3,146.5
implant,Sr2Zr4Si3O16,143.4
implant,Sr3Zr4Si3O17,152.4
implant,Sr4Zr4(SiO6)3,158.0
implant,SrZr4Si4O17,161.3
implant,Sr3Zr4Si4O19,163.3
implant,Ce2Zr2P2O13,127.3
implant,CeZrP2O9,109.8
implant,Ce2Zr2P6O23,106.4
implant,CeZr(P2O7)2,113.6
implant,Ce4Zr2P2O17,149.0
implant,Ce2ZrP2O11,126.8
implant,Ce4Zr2(P2O9)3,116.3
implant,Ce2Zr(PO4)4,106.8
implant,Ce6Zr2P2O21,141.1
implant,Ce3ZrP2O13,119.7
implant,Ce3Zr(P2O9)2,107.6
implant,Ce8Zr2P2O25,122.7
implant,Ce4ZrP2O15,140.3
implant,Ce4Zr(PO5)4,125.8
implant,Ce2Zr4P2O17,134.6
implant,CeZr2P2O11,131.2
implant,Ce2Zr4(P2O9)3,120.7
implant,CeZr2(PO4)4,110.7
implant,Ce4Zr4P2O21,141.4
implant,Ce6Zr4P2O25,149.0
implant,Ce3Zr2P2O15,135.5
implant,Ce3Zr2(PO5)4,131.0
implant,Ce2Zr6P2O21,141.6
implant,CeZr3P2O13,134.0
implant,CeZr3(P2O9)2,107.8
implant,Ce4Zr6P2O25,138.1
implant,Ce2Zr3P2O15,139.3
implant,Ce2Zr3(PO5)4,133.1
implant,Ce3Zr3P2O17,136.8
implant,Ce3Zr3(P2O11)2,127.8
implant,Ce4Zr3P2O19,135.1
implant,Ce4Zr3(PO6)4,119.5
implant,Ce2Zr8P2O25,140.5
implant,CeZr4P2O15,137.4
implant,CeZr4(PO5)4,154.6
implant,Ce3Zr4P2O19,140.2
implant,Ce3Zr4(PO6)4,126.5
implant,Ce2Zr2Al2O11,163.2
implant,CeZrAl2O7,171.1
implant,Ce2Zr2Al6O17,163.6
implant,CeZrAl4O10,163.5
implant,Ce4Zr2Al2O15,179.6
implant,Ce2ZrAl2O9,180.7
implant,Ce4Zr2Al6O21,140.0
implant,Ce2ZrAl4O12,166.5
implant,Ce6Zr2Al2O19,142.0
implant,Ce3ZrAl2O11,167.7
implant,Ce6Zr2Al6O25,179.5
implant,Ce3ZrAl4O14,136.5
implant,Ce8Zr2Al2O23,151.6
implant,Ce4ZrAl2O13,164.5
implant,Ce4ZrAl4O16,158.4
implant,Ce2Zr4Al2O15,183.3
implant,CeZr2Al2O9,152.0
implant,Ce2Zr4Al6O21,148.4
implant,CeZr2Al4O12,162.9
implant,Ce4Zr4Al2O19,184.2
implant,Ce4Zr4Al6O25,143.8
implant,Ce6Zr4Al2O23,164.2
implant,Ce3Zr2Al2O13,179.6
implant,Ce3Zr2Al4O16,153.3
implant,Ce2Zr6Al2O19,188.7
implant,CeZr3Al2O11,155.7
implant,Ce2Zr6Al6O25,147.5
implant,CeZr3Al4O14,148.9
implant,Ce4Zr6Al2O23,184.5
implant,Ce2Zr3Al2O13,158.3
implant,Ce2Zr3Al4O16,145.2
implant,Ce3Zr3Al2O15,177.2
implant,Ce3Zr3Al4O18,145.9
implant,Ce4Zr3Al2O17,185.6
implant,Ce4Zr3Al4O20,159.7
implant,Ce2Zr8Al2O23,190.3
implant,CeZr4Al2O13,180.3
implant,CeZr4Al4O16,145.7
implant,Ce3Zr4Al2O17,187.1
implant,Ce3Zr4Al4O20,177.1
implant,Ce2Y2Zr2O11,167.9
implant,CeY2ZrO7,177.0
implant,Ce2Y6Zr2O17,180.0
implant,CeY4ZrO10,183.1
implant,Ce4Y2Zr2O15,168.9
implant,Ce2Y2ZrO9,167.6
implant,Ce4Y6Zr2O21,172.5
implant,Ce2Y4ZrO12,176.7
implant,Ce6Y2Zr2O19,162.4
implant,Ce3Y2ZrO11,167.6
implant,Ce6Y6Zr2O25,167.7
implant,Ce3Y4ZrO14,165.8
implant,Ce8Y2Zr2O23,169.8
implant,Ce4Y2ZrO13,162.4
implant,Ce4Y4ZrO16,167.7
implant,Ce2Y2Zr4O15,178.8
implant,CeY2Zr2O9,170.3
implant,Ce2Y6Zr4O21,179.8
implant,CeY4Zr2O12,178.3
implant,Ce4Y2Zr4O19,171.1
implant,Ce4Y6Zr4O25,177.5
implant,Ce6Y2Zr4O23,164.6
implant,Ce3Y2Zr2O13,164.4
implant,Ce3Y4Zr2O16,174.6
implant,Ce2Y2Zr6O19,179.1
implant,CeY2Zr3O11,173.1
implant,Ce2Y6Zr6O25,173.5
implant,CeY4Zr3O14,178.8
implant,Ce4Y2Zr6O23,178.9
implant,Ce2Y2Zr3O13,165.7
implant,Ce2Y4Zr3O16,180.1
implant,Ce3Y2Zr3O15,163.9
implant,Ce3Y4Zr3O18,177.5
implant,Ce4Y2Zr3O17,164.9
implant,Ce4Y4Zr3O20,170.6
implant,Ce2Y2Zr8O23,178.1
implant,CeY2Zr4O13,178.6
implant,CeY4Zr4O16,176.6
implant,Ce3Y2Zr4O17,175.9
implant,Ce3Y4Zr4O20,168.7
implant,La2Ce2Zr2O11,169.0
implant,La2CeZrO7,159.7
implant,La6Ce2Zr2O17,151.7
implant,La4CeZrO10,154.6
implant,La2Ce4Zr2O15,155.6
implant,La2Ce2ZrO9,156.9
implant,La6Ce4Zr2O21,159.4
implant,La4Ce2ZrO12,154.5
implant,La2Ce6Zr2O19,162.4
implant,La2Ce3ZrO11,157.8
implant,La6Ce6Zr2O25,161.5
implant,La4Ce3ZrO14,150.9
implant,La2Ce8Zr2O23,159.0
implant,La2Ce4ZrO13,164.1
implant,La4Ce4ZrO16,155.9
implant,La2Ce2Zr4O15,171.9
implant,La2CeZr2O9,167.1
implant,La6Ce2Zr4O21,152.4
implant,La4CeZr2O12,156.3
implant,La2Ce4Zr4O19,174.1
implant,La6Ce4Zr4O25,154.1
implant,La2Ce6Zr4O23,168.8
implant,La2Ce3Zr2O13,155.2
implant,La4Ce3Zr2O16,157.9
implant,La2Ce2Zr6O19,178.9
implant,La2CeZr3O11,166.3
implant,La6Ce2Zr6O25,167.7
implant,La4CeZr3O14,169.5
implant,La2Ce4Zr6O23,166.7
implant,La2Ce2Zr3O13,167.6
implant,La4Ce2Zr3O16,154.1
implant,La2Ce3Zr3O15,170.6
implant,La4Ce3Zr3O18,157.7
implant,La2Ce4Zr3O17,168.0
implant,La4Ce4Zr3O20,158.5
implant,La2Ce2Zr8O23,179.3
implant,La2CeZr4O13,180.7
implant,La4CeZr4O16,168.1
implant,La2Ce3Zr4O17,172.3
implant,La4Ce3Zr4O20,169.0
implant,CaCeZrO5,185.1
implant,Ca2CeZrO6,182.6
implant,Ca3CeZrO7,176.7
implant,Ca4CeZrO8,137.1
implant,CaCe2ZrO7,180.7
implant,Ca2Ce2ZrO8,183.6
implant,Ca3Ce2ZrO9,184.5
implant,Ca4Ce2ZrO10,183.2
implant,CaCe3ZrO9,169.7
implant,Ca2Ce3ZrO10,169.4
implant,Ca3Ce3ZrO11,171.4
implant,Ca4Ce3ZrO12,184.9
implant,CaCe4ZrO11,171.2
implant,Ca2Ce4ZrO12,164.2
implant,Ca3Ce4ZrO13,182.9
implant,Ca4Ce4ZrO14,156.8
implant,CaCeZr2O7,179.8
implant,Ca2CeZr2O8,181.0
implant,Ca3CeZr2O9,183.9
implant,Ca4CeZr2O10,173.7
implant,CaCe2Zr2O9,182.1
implant,Ca3Ce2Zr2O11,180.1
implant,CaCe3Zr2O11,172.1
implant,Ca2Ce3Zr2O12,182.8
implant,Ca3Ce3Zr2O13,183.6
implant,Ca4Ce3Zr2O14,179.1
implant,CaCe4Zr2O13,165.2
implant,Ca3Ce4Zr2O15,175.6
implant,CaCeZr3O9,187.8
implant,Ca2CeZr3O10,185.3
implant,Ca3CeZr3O11,181.1
implant,Ca4CeZr3O12,185.4
implant,CaCe2Zr3O11,171.5
implant,Ca2Ce2Zr3O12,186.5
implant,Ca3Ce2Zr3O13,181.9
implant,Ca4Ce2Zr3O14,185.0
implant,CaCe3Zr3O13,180.6
implant,Ca2Ce3Zr3O14,188.6
implant,Ca4Ce3Zr3O16,179.3
implant,CaCe4Zr3O15,173.7
implant,Ca2Ce4Zr3O16,181.3
implant,Ca3Ce4Zr3O17,185.4
implant,Ca4Ce4Zr3O18,185.0
implant,CaCeZr4O11,182.5
implant,Ca2CeZr4O12,187.1
implant,Ca3CeZr4O13,194.4
implant,Ca4CeZr4O14,183.4
implant,CaCe2Zr4O13,183.8
implant,Ca3Ce2Zr4O15,184.8
implant,CaCe3Zr4O15,172.4
implant,Ca2Ce3Zr4O16,181.3
implant,Ca3Ce3Zr4O17,187.8
implant,Ca4Ce3Zr4O18,185.1
implant,CaCe4Zr4O17,179.9
implant,Ca3Ce4Zr4O19,187.7
implant,CeMgZrO5,172.8
implant,CeMg2ZrO6,152.7
implant,CeMg3ZrO7,151.9
implant,CeMg4ZrO8,147.0
implant,Ce2MgZrO7,173.5
implant,Ce2Mg2ZrO8,175.7
implant,Ce2Mg3ZrO9,157.6
implant,Ce2Mg4ZrO10,157.1
implant,Ce3MgZrO9,164.8
implant,Ce3Mg2ZrO10,171.6
implant,Ce3Mg3ZrO11,173.4
implant,Ce3Mg4ZrO12,160.3
implant,Ce4MgZrO11,169.0
implant,Ce4Mg2ZrO12,161.6
implant,Ce4Mg3ZrO13,181.0
implant,Ce4Mg4ZrO14,173.4
implant,CeMgZr2O7,171.1
implant,CeMg2Zr2O8,165.5
implant,CeMg3Zr2O9,148.4
implant,CeMg4Zr2O10,151.8
implant,Ce2MgZr2O9,177.4
implant,Ce2Mg3Zr2O11,165.3
implant,Ce3MgZr2O11,168.7
implant,Ce3Mg2Zr2O12,177.0
implant,Ce3Mg3Zr2O13,172.2
implant,Ce3Mg4Zr2O14,164.0
implant,Ce4MgZr2O13,164.8
implant,Ce4Mg3Zr2O15,179.1
implant,CeMgZr3O9,193.3
implant,CeMg2Zr3O10,167.6
implant,CeMg3Zr3O11,152.2
implant,CeMg4Zr3O12,149.1
implant,Ce2MgZr3O11,168.7
implant,Ce2Mg2Zr3O12,171.8
implant,Ce2Mg3Zr3O13,171.0
implant,Ce2Mg4Zr3O14,166.1
implant,Ce3MgZr3O13,180.4
implant,Ce3Mg2Zr3O14,174.8
implant,Ce3Mg4Zr3O16,167.5
implant,Ce4MgZr3O15,168.2
implant,Ce4Mg2Zr3O16,178.5
implant,Ce4Mg3Zr3O17,177.0
implant,Ce4Mg4Zr3O18,174.5
implant,CeMgZr4O11,194.9
implant,CeMg2Zr4O12,190.9
implant,CeMg3Zr4O13,167.0
implant,CeMg4Zr4O14,147.4
implant,Ce2MgZr4O13,175.5
implant,Ce2Mg3Zr4O15,172.6
implant,Ce3MgZr4O15,178.7
implant,Ce3Mg2Zr4O16,176.5
implant,Ce3Mg3Zr4O17,169.4
implant,Ce3Mg4Zr4O18,170.7
implant,Ce4MgZr4O17,179.3
implant,Ce4Mg3Zr4O19,173.5
implant,SrCeZrO5,156.5
implant,Sr2CeZrO6,160.8
implant,Sr3CeZrO7,143.6
implant,Sr4CeZrO8,115.4
implant,SrCe2ZrO7,157.5
implant,Sr2Ce2ZrO8,158.7
implant,Sr3Ce2ZrO9,153.9
implant,Sr4Ce2ZrO10,146.7
implant,SrCe3ZrO9,156.0
implant,Sr2Ce3ZrO10,160.2
implant,Sr3Ce3ZrO11,157.5
implant,Sr4Ce3ZrO12,153.5
implant,SrCe4ZrO11,169.0
implant,Sr2Ce4ZrO12,152.7
implant,Sr3Ce4ZrO13,167.9
implant,Sr4Ce4ZrO14,154.7
implant,SrCeZr2O7,181.0
implant,Sr2CeZr2O8,170.2
implant,Sr3CeZr2O9,162.2
implant,Sr4CeZr2O10,152.9
implant,SrCe2Zr2O9,179.0
implant,Sr3Ce2Zr2O11,154.4
implant,SrCe3Zr2O11,173.8
implant,Sr2Ce3Zr2O12,158.3
implant,Sr3Ce3Zr2O13,165.0
implant,Sr4Ce3Zr2O14,159.5
implant,SrCe4Zr2O13,157.6
implant,Sr3Ce4Zr2O15,161.2
implant,SrCeZr3O9,183.1
implant,Sr2CeZr3O10,193.1
implant,Sr3CeZr3O11,191.0
implant,Sr4CeZr3O12,161.4
implant,SrCe2Zr3O11,174.1
implant,Sr2Ce2Zr3O12,181.1
implant,Sr3Ce2Zr3O13,161.9
implant,Sr4Ce2Zr3O14,152.8
implant,SrCe3Zr3O13,180.2
implant,Sr2Ce3Zr3O14,179.3
implant,Sr4Ce3Zr3O16,162.6
implant,SrCe4Zr3O15,172.8
implant,Sr2Ce4Zr3O16,179.7
implant,Sr3Ce4Zr3O17,158.7
implant,Sr4Ce4Zr3O18,165.1
implant,SrCeZr4O11,192.2
implant,Sr2CeZr4O12,191.8
implant,Sr3CeZr4O13,194.8
implant,Sr4CeZr4O14,203.6
implant,SrCe2Zr4O13,179.4
implant,Sr3Ce2Zr4O15,182.0
implant,SrCe3Zr4O15,176.9
implant,Sr2Ce3Zr4O16,181.2
implant,Sr3Ce3Zr4O17,180.0
implant,Sr4Ce3Zr4O18,161.9
implant,SrCe4Zr4O17,175.5
implant,Sr3Ce4Zr4O19,177.8
implant,ZrAlPO6,151.4
implant,Zr2Al4P2O15,178.7
implant,ZrAl3PO9,165.9
implant,Zr2Al8P2O21,172.9
implant,Zr2Al2P4O17,129.6
implant,ZrAl2(PO5)2,139.1
implant,Zr2Al6P4O23,144.5
implant,ZrAl4P2O13,170.5
implant,ZrAlP3O11,114.5
implant,Zr2Al4P6O25,124.9
implant,ZrAl3P3O14,158.9
implant,Zr2Al2P8O27,100.5
implant,ZrAl2P4O15,109.9
implant,ZrAl4(P2O9)2,153.5
implant,Zr2AlPO8,161.5
implant,Zr4Al4P2O19,185.9
implant,Zr2Al3PO11,188.2
implant,Zr4Al8P2O25,179.7
implant,Zr4Al2P4O21,164.3
implant,Zr2AlP3O13,132.2
implant,Zr2Al3P3O16,171.2
implant,Zr3AlPO10,156.5
implant,Zr6Al4P2O23,168.0
implant,Zr3Al3PO13,188.7
implant,Zr6Al2P4O25,174.3
implant,Zr3Al2(PO7)2,185.2
implant,Zr3Al4P2O17,176.4
implant,Zr3Al(PO5)3,165.5
implant,Zr3Al2P4O19,137.9
implant,Zr3Al4(P2O11)2,177.2
implant,Zr4AlPO12,153.0
implant,Zr4Al3PO15,163.6
implant,Zr4AlP3O17,173.7
implant,Zr4Al3P3O20,182.5
implant,YZrPO6,153.8
implant,Y4Zr2P2O15,164.4
implant,Y3ZrPO9,159.0
implant,Y8Zr2P2O21,192.9
implant,Y2Zr2P4O17,153.0
implant,Y2Zr(PO5)2,151.7
implant,Y6Zr2P4O23,157.0
implant,Y4ZrP2O13,167.2
implant,YZrP3O11,127.7
implant,Y4Zr2P6O25,154.8
implant,Y3ZrP3O14,151.6
implant,Y2Zr2P8O27,108.7
implant,Y2ZrP4O15,151.9
implant,Y4Zr(P2O9)2,147.4
implant,YZr2PO8,160.4
implant,Y4Zr4P2O19,164.3
implant,Y3Zr2PO11,175.4
implant,Y8Zr4P2O25,179.6
implant,Y2Zr4P4O21,138.7
implant,YZr2P3O13,176.3
implant,Y3Zr2P3O16,150.4
implant,YZr3PO10,165.6
implant,Y4Zr6P2O23,175.5
implant,Y3Zr3PO13,191.9
implant,Y2Zr6P4O25,139.0
implant,Y2Zr3(PO7)2,158.4
implant,Y4Zr3P2O17,158.9
implant,YZr3(PO5)3,158.4
implant,Y2Zr3P4O19,161.1
implant,Y4Zr3(P2O11)2,150.1
implant,YZr4PO12,154.3
implant,Y3Zr4PO15,190.2
implant,YZr4P3O17,137.8
implant,Y3Zr4P3O20,157.4
implant,LaZrPO6,130.4
implant,La4Zr2P2O15,159.7
implant,La3ZrPO9,142.9
implant,La8Zr2P2O21,145.6
implant,La2Zr2P4O17,129.8
implant,La2Zr(PO5)2,127.4
implant,La6Zr2P4O23,155.1
implant,La4ZrP2O13,156.1
implant,LaZrP3O11,124.2
implant,La4Zr2P6O25,136.1
implant,La3ZrP3O14,125.8
implant,La2Zr2P8O27,107.2
implant,La2ZrP4O15,123.7
implant,La4Zr(P2O9)2,135.4
implant,LaZr2PO8,168.4
implant,La4Zr4P2O19,151.9
implant,La3Zr2PO11,144.9
implant,La8Zr4P2O25,149.6
implant,La2Zr4P4O21,120.0
implant,LaZr2P3O13,135.2
implant,La3Zr2P3O16,127.2
implant,LaZr3PO10,160.8
implant,La4Zr6P2O23,152.3
implant,La3Zr3PO13,175.8
implant,La2Zr6P4O25,136.4
implant,La2Zr3(PO7)2,184.4
implant,La4Zr3P2O17,159.8
implant,LaZr3(PO5)3,139.1
implant,La2Zr3P4O19,133.9
implant,La4Zr3(P2O11)2,140.0
implant,LaZr4PO12,145.6
implant,La3Zr4PO15,186.7
implant,LaZr4P3O17,130.6
implant,La3Zr4P3O20,155.7
implant,Ca2Zr2P2O11,143.3
implant,Ca4Zr2P2O13,151.7
implant,Ca6Zr2P2O15,140.3
implant,Ca8Zr2P2O17,143.1
implant,CaZr(PO4)2,144.5
implant,Ca2ZrP2O9,115.4
implant,Ca3Zr(PO5)2,133.7
implant,Ca4ZrP2O11,113.7
implant,Ca2Zr2(P2O7)3,136.9
implant,Ca4Zr2P6O23,132.7
implant,Ca6Zr2P6O25,119.6
implant,CaZrP4O13,111.1
implant,Ca2Zr(P2O7)2,135.5
implant,Ca3ZrP4O15,148.8
implant,Ca4Zr(PO4)4,112.3
implant,Ca2Zr4P2O15,133.6
implant,Ca4Zr4P2O17,138.4
implant,Ca6Zr4P2O19,148.1
implant,Ca8Zr4P2O21,152.8
implant,CaZr2(PO5)2,144.1
implant,Ca3Zr2(PO6)2,129.4
implant,Ca2Zr4P6O25,150.1
implant,CaZr2P4O15,149.2
implant,Ca3Zr2P4O17,130.4
implant,Ca2Zr6P2O19,159.8
implant,Ca4Zr6P2O21,162.9
implant,Ca6Zr6P2O23,164.9
implant,CaZr3(PO6)2,150.7
implant,Ca2Zr3P2O13,123.7
implant,Ca3Zr3(PO7)2,155.8
implant,Ca4Zr3P2O15,139.1
implant,CaZr3P4O17,151.9
implant,Ca2Zr3(P2O9)2,138.7
implant,Ca3Zr3P4O19,127.2
implant,Ca4Zr3(PO5)4,127.7
implant,Ca2Zr8P2O23,168.7
implant,Ca4Zr8P2O25,161.7
implant,CaZr4(PO7)2,143.4
implant,Ca3Zr4(PO8)2,158.5
implant,CaZr4P4O19,160.2
implant,Ca3Zr4P4O21,143.8
implant,Mg2Zr2P2O11,146.9
implant,Mg4Zr2P2O13,121.0
implant,Mg6Zr2P2O15,127.4
implant,Mg8Zr2P2O17,129.5
implant,MgZr(PO4)2,154.8
implant,Mg2ZrP2O9,124.1
implant,Mg3Zr(PO5)2,114.9
implant,Mg4ZrP2O11,112.8
implant,Mg2Zr2(P2O7)3,117.4
implant,Mg4Zr2P6O23,152.2
implant,Mg6Zr2P6O25,116.4
implant,MgZrP4O13,116.5
implant,Mg2Zr(P2O7)2,195.8
implant,Mg3ZrP4O15,176.2
implant,Mg4Zr(PO4)4,115.0
implant,Mg2Zr4P2O15,141.8
implant,Mg4Zr4P2O17,131.5
implant,Mg6Zr4P2O19,142.4
implant,Mg8Zr4P2O21,136.2
implant,MgZr2(PO5)2,162.8
implant,Mg3Zr2(PO6)2,108.9
implant,Mg2Zr4P6O25,150.2
implant,MgZr2P4O15,121.5
implant,Mg3Zr2P4O17,128.3
implant,Mg2Zr6P2O19,152.3
implant,Mg4Zr6P2O21,152.4
implant,Mg6Zr6P2O23,164.4
implant,MgZr3(PO6)2,165.3
implant,Mg2Zr3P2O13,143.8
implant,Mg3Zr3(PO7)2,125.5
implant,Mg4Zr3P2O15,113.0
implant,MgZr3P4O17,150.3
implant,Mg2Zr3(P2O9)2,148.7
implant,Mg3Zr3P4O19,141.1
implant,Mg4Zr3(PO5)4,122.6
implant,Mg2Zr8P2O23,150.1
implant,Mg4Zr8P2O25,159.0
implant,MgZr4(PO7)2,153.3
implant,Mg3Zr4(PO8)2,135.4
implant,MgZr4P4O19,176.0
implant,Mg3Zr4P4O21,150.6
implant,Sr2Zr2P2O11,128.5
implant,Sr4Zr2P2O13,116.1
implant,Sr6Zr2P2O15,119.2
implant,Sr8Zr2P2O17,128.8
implant,SrZr(PO4)2,139.9
implant,Sr2ZrP2O9,105.2
implant,Sr3Zr(PO5)2,134.2
implant,Sr4ZrP2O11,98.9
implant,Sr2Zr2(P2O7)3,121.7
implant,Sr4Zr2P6O23,124.1
implant,Sr6Zr2P6O25,105.9
implant,SrZrP4O13,109.2
implant,Sr2Zr(P2O7)2,119.0
implant,Sr3ZrP4O15,114.8
implant,Sr4Zr(PO4)4,108.9
implant,Sr2Zr4P2O15,134.1
implant,Sr4Zr4P2O17,156.0
implant,Sr6Zr4P2O19,134.4
implant,Sr8Zr4P2O21,142.5
implant,SrZr2(PO5)2,131.0
implant,Sr3Zr2(PO6)2,136.2
implant,Sr2Zr4P6O25,154.1
implant,SrZr2P4O15,146.6
implant,Sr3Zr2P4O17,109.3
implant,Sr2Zr6P2O19,153.8
implant,Sr4Zr6P2O21,163.5
implant,Sr6Zr6P2O23,149.5
implant,SrZr3(PO6)2,142.3
implant,Sr2Zr3P2O13,130.4
implant,Sr3Zr3(PO7)2,153.8
implant,Sr4Zr3P2O15,121.7
implant,SrZr3P4O17,154.6
implant,Sr2Zr3(P2O9)2,147.7
implant,Sr3Zr3P4O19,123.5
implant,Sr4Zr3(PO5)4,124.1
implant,Sr2Zr8P2O23,189.6
implant,Sr4Zr8P2O25,195.2
implant,SrZr4(PO7)2,140.0
implant,Sr3Zr4(PO8)2,154.1
implant,SrZr4P4O19,136.6
implant,Sr3Zr4P4O21,132.8
implant,YZrAlO5,176.0
implant,Y4Zr2Al2O13,207.4
implant,Y3ZrAlO8,190.6
implant,Y8Zr2Al2O19,196.2
implant,Y2Zr2Al4O13,172.3
implant,Y2ZrAl2O8,174.3
implant,Y6Zr2Al4O19,209.8
implant,Y4ZrAl2O11,211.4
implant,YZrAl3O8,158.3
implant,Y4Zr2Al6O19,192.3
implant,Y3ZrAl3O11,198.1
implant,Y2Zr2Al8O19,142.6
implant,Y2ZrAl4O11,168.8
implant,Y4ZrAl4O14,198.0
implant,YZr2AlO7,204.2
implant,Y4Zr4Al2O17,207.6
implant,Y3Zr2AlO10,193.7
implant,Y8Zr4Al2O23,194.4
implant,Y2Zr4Al4O17,171.0
implant,Y6Zr4Al4O23,207.0
implant,YZr2Al3O10,182.8
implant,Y4Zr4Al6O23,172.5
implant,Y3Zr2Al3O13,197.7
implant,Y2Zr4Al8O23,178.4
implant,YZr3AlO9,213.4
implant,Y4Zr6Al2O21,200.9
implant,Y3Zr3AlO12,206.7
implant,Y2Zr6Al4O21,191.3
implant,Y2Zr3Al2O12,199.4
implant,Y4Zr3Al2O15,209.5
implant,YZr3Al3O12,181.9
implant,Y2Zr3Al4O15,193.9
implant,Y4Zr3Al4O18,198.9
implant,YZr4AlO11,212.7
implant,Y4Zr8Al2O25,190.5
implant,Y3Zr4AlO14,192.8
implant,Y2Zr8Al4O25,196.0
implant,YZr4Al3O14,183.4
implant,Y3Zr4Al3O17,198.1
implant,LaZrAlO5,188.7
implant,La4Zr2Al2O13,155.2
implant,La3ZrAlO8,160.2
implant,La8Zr2Al2O19,163.6
implant,La2Zr2Al4O13,163.3
implant,La2ZrAl2O8,192.8
implant,La6Zr2Al4O19,201.5
implant,La4ZrAl2O11,157.1
implant,LaZrAl3O8,152.6
implant,La4Zr2Al6O19,207.9
implant,La3ZrAl3O11,210.7
implant,La2Zr2Al8O19,149.0
implant,La2ZrAl4O11,175.8
implant,La4ZrAl4O14,208.6
implant,LaZr2AlO7,202.4
implant,La4Zr4Al2O17,199.4
implant,La3Zr2AlO10,155.2
implant,La8Zr4Al2O23,175.5
implant,La2Zr4Al4O17,177.7
implant,La6Zr4Al4O23,191.6
implant,LaZr2Al3O10,160.8
implant,La4Zr4Al6O23,181.3
implant,La3Zr2Al3O13,193.8
implant,La2Zr4Al8O23,150.7
implant,LaZr3AlO9,213.1
implant,La4Zr6Al2O21,188.8
implant,La3Zr3AlO12,195.0
implant,La2Zr6Al4O21,208.1
implant,La2Zr3Al2O12,196.8
implant,La4Zr3Al2O15,188.6
implant,LaZr3Al3O12,171.0
implant,La2Zr3Al4O15,176.6
implant,La4Zr3Al4O18,188.2
implant,LaZr4AlO11,215.3
implant,La4Zr8Al2O25,196.0
implant,La3Zr4AlO14,195.3
implant,La2Zr8Al4O25,210.8
implant,LaZr4Al3O14,166.4
implant,La3Zr4Al3O17,196.8
implant,Ca2Zr2Al2O9,175.6
implant,Ca4Zr2Al2O11,158.2
implant,Ca6Zr2Al2O13,150.8
implant,Ca8Zr2Al2O15,149.4
implant,CaZrAl2O6,178.8
implant,Ca2ZrAl2O7,157.2
implant,Ca3ZrAl2O8,163.8
implant,Ca4ZrAl2O9,149.4
implant,Ca2Zr2Al6O15,177.4
implant,Ca4Zr2Al6O17,158.2
implant,Ca6Zr2Al6O19,139.3
implant,Ca8Zr2Al6O21,155.9
implant,CaZrAl4O9,139.8
implant,Ca2ZrAl4O10,148.6
implant,Ca3ZrAl4O11,141.0
implant,Ca4ZrAl4O12,137.1
implant,Ca2Zr4Al2O13,191.5
implant,Ca4Zr4Al2O15,174.1
implant,Ca6Zr4Al2O17,171.8
implant,Ca8Zr4Al2O19,170.4
implant,CaZr2Al2O8,167.3
implant,Ca3Zr2Al2O10,173.4
implant,Ca2Zr4Al6O19,164.3
implant,Ca4Zr4Al6O21,185.4
implant,Ca6Zr4Al6O23,191.2
implant,CaZr2Al4O11,156.5
implant,Ca3Zr2Al4O13,157.5
implant,Ca2Zr6Al2O17,196.4
implant,Ca4Zr6Al2O19,183.9
implant,Ca6Zr6Al2O21,186.5
implant,Ca8Zr6Al2O23,192.5
implant,CaZr3Al2O10,169.2
implant,Ca2Zr3Al2O11,171.5
implant,Ca3Zr3Al2O12,197.1
implant,Ca4Zr3Al2O13,168.4
implant,Ca2Zr6Al6O23,173.9
implant,CaZr3Al4O13,178.7
implant,Ca2Zr3Al4O14,188.5
implant,Ca3Zr3Al4O15,169.6
implant,Ca4Zr3Al4O16,187.5
implant,Ca2Zr8Al2O21,210.4
implant,Ca4Zr8Al2O23,182.6
implant,CaZr4Al2O12,196.3
implant,Ca3Zr4Al2O14,171.3
implant,CaZr4Al4O15,183.4
implant,Ca3Zr4Al4O17,186.7
implant,Mg2Zr2Al2O9,172.1
implant,Mg4Zr2Al2O11,146.0
implant,Mg6Zr2Al2O13,148.1
implant,Mg8Zr2Al2O15,144.3
implant,MgZrAl2O6,168.7
implant,Mg2ZrAl2O7,135.4
implant,Mg3ZrAl2O8,139.9
implant,Mg4ZrAl2O9,142.5
implant,Mg2Zr2Al6O15,171.3
implant,Mg4Zr2Al6O17,161.2
implant,Mg6Zr2Al6O19,140.8
implant,Mg8Zr2Al6O21,133.2
implant,MgZrAl4O9,163.2
implant,Mg2ZrAl4O10,160.5
implant,Mg3ZrAl4O11,127.2
implant,Mg4ZrAl4O12,123.4
implant,Mg2Zr4Al2O13,168.0
implant,Mg4Zr4Al2O15,180.0
implant,Mg6Zr4Al2O17,166.2
implant,Mg8Zr4Al2O19,144.7
implant,MgZr2Al2O8,151.6
implant,Mg3Zr2Al2O10,163.6
implant,Mg2Zr4Al6O19,159.4
implant,Mg4Zr4Al6O21,160.9
implant,Mg6Zr4Al6O23,167.2
implant,MgZr2Al4O11,152.9
implant,Mg3Zr2Al4O13,163.7
implant,Mg2Zr6Al2O17,177.4
implant,Mg4Zr6Al2O19,169.5
implant,Mg6Zr6Al2O21,182.8
implant,Mg8Zr6Al2O23,168.0
implant,MgZr3Al2O10,155.1
implant,Mg2Zr3Al2O11,177.8
implant,Mg3Zr3Al2O12,179.2
implant,Mg4Zr3Al2O13,175.6
implant,Mg2Zr6Al6O23,155.1
implant,MgZr3Al4O13,158.0
implant,Mg2Zr3Al4O14,158.4
implant,Mg3Zr3Al4O15,152.1
implant,Mg4Zr3Al4O16,166.6
implant,Mg2Zr8Al2O21,196.8
implant,Mg4Zr8Al2O23,166.0
implant,MgZr4Al2O12,175.6
implant,Mg3Zr4Al2O14,183.2
implant,MgZr4Al4O15,169.3
implant,Mg3Zr4Al4O17,167.7
implant,Sr2Zr2Al2O9,187.6
implant,Sr4Zr2Al2O11,176.1
implant,Sr6Zr2Al2O13,181.8
implant,Sr8Zr2Al2O15,149.1
implant,SrZrAl2O6,171.8
implant,Sr2ZrAl2O7,173.0
implant,Sr3ZrAl2O8,169.3
implant,Sr4ZrAl2O9,174.5
implant,Sr2Zr2Al6O15,168.8
implant,Sr4Zr2Al6O17,163.5
implant,Sr6Zr2Al6O19,146.0
implant,Sr8Zr2Al6O21,161.3
implant,SrZrAl4O9,146.3
implant,Sr2ZrAl4O10,164.7
implant,Sr3ZrAl4O11,156.2
implant,Sr4ZrAl4O12,152.6
implant,Sr2Zr4Al2O13,197.3
implant,Sr4Zr4Al2O15,202.5
implant,Sr6Zr4Al2O17,183.2
implant,Sr8Zr4Al2O19,181.7
implant,SrZr2Al2O8,167.4
implant,Sr3Zr2Al2O10,179.0
implant,Sr2Zr4Al6O19,171.2
implant,Sr4Zr4Al6O21,175.4
implant,Sr6Zr4Al6O23,189.1
implant,SrZr2Al4O11,158.4
implant,Sr3Zr2Al4O13,169.5
implant,Sr2Zr6Al2O17,212.6
implant,Sr4Zr6Al2O19,207.6
implant,Sr6Zr6Al2O21,194.0
implant,Sr8Zr6Al2O23,185.9
implant,SrZr3Al2O10,177.7
implant,Sr2Zr3Al2O11,189.2
implant,Sr3Zr3Al2O12,208.1
implant,Sr4Zr3Al2O13,179.7
implant,Sr2Zr6Al6O23,171.1
implant,SrZr3Al4O13,167.5
implant,Sr2Zr3Al4O14,170.4
implant,Sr3Zr3Al4O15,174.7
implant,Sr4Zr3Al4O16,186.1
implant,Sr2Zr8Al2O21,198.7
implant,Sr4Zr8Al2O23,207.3
implant,SrZr4Al2O12,199.0
implant,Sr3Zr4Al2O14,196.9
implant,SrZr4Al4O15,169.6
implant,Sr3Zr4Al4O17,171.8
implant,LaYZrO5,183.4
implant,La4Y2Zr2O13,169.9
implant,La3YZrO8,169.0
implant,La8Y2Zr2O19,159.5
implant,La2Y4Zr2O13,168.6
implant,La2Y2ZrO8,169.9
implant,La6Y4Zr2O19,169.4
implant,La4Y2ZrO11,166.2
implant,LaY3ZrO8,179.6
implant,La4Y6Zr2O19,172.2
implant,La3Y3ZrO11,164.9
implant,La2Y8Zr2O19,179.6
implant,La2Y4ZrO11,172.5
implant,La4Y4ZrO14,167.4
implant,LaYZr2O7,188.3
implant,La4Y2Zr4O17,182.7
implant,La3YZr2O10,173.5
implant,La8Y2Zr4O23,172.7
implant,La2Y4Zr4O17,183.1
implant,La6Y4Zr4O23,168.8
implant,LaY3Zr2O10,185.6
implant,La4Y6Zr4O23,168.6
implant,La3Y3Zr2O13,171.1
implant,La2Y8Zr4O23,186.6
implant,LaYZr3O9,207.8
implant,La4Y2Zr6O21,189.5
implant,La3YZr3O12,180.3
implant,La2Y4Zr6O21,192.1
implant,La2Y2Zr3O12,182.8
implant,La4Y2Zr3O15,166.9
implant,LaY3Zr3O12,185.0
implant,La2Y4Zr3O15,183.1
implant,La4Y4Zr3O18,170.7
implant,LaYZr4O11,205.5
implant,La4Y2Zr8O25,187.6
implant,La3YZr4O14,188.8
implant,La2Y4Zr8O25,195.7
implant,LaY3Zr4O14,195.6
implant,La3Y3Zr4O17,183.0
implant,Ca2Y2Zr2O9,199.2
implant,Ca4Y2Zr2O11,193.6
implant,Ca6Y2Zr2O13,189.3
implant,Ca8Y2Zr2O15,144.0
implant,CaY2ZrO6,197.8
implant,Ca2Y2ZrO7,195.6
implant,Ca3Y2ZrO8,192.2
implant,Ca4Y2ZrO9,190.5
implant,Ca2Y6Zr2O15,202.9
implant,Ca4Y6Zr2O17,197.1
implant,Ca6Y6Zr2O19,192.6
implant,Ca8Y6Zr2O21,192.7
implant,CaY4ZrO9,210.1
implant,Ca2Y4ZrO10,198.8
implant,Ca3Y4ZrO11,193.7
implant,Ca4Y4ZrO12,193.1
implant,Ca2Y2Zr4O13,199.2
implant,Ca4Y2Zr4O15,202.3
implant,Ca6Y2Zr4O17,191.1
implant,Ca8Y2Zr4O19,185.8
implant,CaY2Zr2O8,193.5
implant,Ca3Y2Zr2O10,193.7
implant,Ca2Y6Zr4O19,199.2
implant,Ca4Y6Zr4O21,203.6
implant,Ca6Y6Zr4O23,191.3
implant,CaY4Zr2O11,200.9
implant,Ca3Y4Zr2O13,196.9
implant,Ca2Y2Zr6O17,202.2
implant,Ca4Y2Zr6O19,196.9
implant,Ca6Y2Zr6O21,197.3
implant,Ca8Y2Zr6O23,190.3
implant,CaY2Zr3O10,202.3
implant,Ca2Y2Zr3O11,204.8
implant,Ca3Y2Zr3O12,202.3
implant,Ca4Y2Zr3O13,195.9
implant,Ca2Y6Zr6O23,193.8
implant,CaY4Zr3O13,196.1
implant,Ca2Y4Zr3O14,189.4
implant,Ca3Y4Zr3O15,203.8
implant,Ca4Y4Zr3O16,196.9
implant,Ca2Y2Zr8O21,208.5
implant,Ca4Y2Zr8O23,196.7
implant,CaY2Zr4O12,200.9
implant,Ca3Y2Zr4O14,204.9
implant,CaY4Zr4O15,195.0
implant,Ca3Y4Zr4O17,192.1
implant,Y2Mg2Zr2O9,185.9
implant,Y2Mg4Zr2O11,169.4
implant,Y2Mg6Zr2O13,164.0
implant,Y2Mg8Zr2O15,154.7
implant,Y2MgZrO6,193.8
implant,Y2Mg2ZrO7,180.6
implant,Y2Mg3ZrO8,166.2
implant,Y2Mg4ZrO9,160.8
implant,Y6Mg2Zr2O15,200.7
implant,Y6Mg4Zr2O17,189.7
implant,Y6Mg6Zr2O19,178.8
implant,Y6Mg8Zr2O21,166.2
implant,Y4MgZrO9,205.7
implant,Y4Mg2ZrO10,199.4
implant,Y4Mg3ZrO11,185.5
implant,Y4Mg4ZrO12,178.8
implant,Y2Mg2Zr4O13,196.1
implant,Y2Mg4Zr4O15,168.2
implant,Y2Mg6Zr4O17,170.7
implant,Y2Mg8Zr4O19,169.5
implant,Y2MgZr2O8,193.4
implant,Y2Mg3Zr2O10,170.5
implant,Y6Mg2Zr4O19,194.2
implant,Y6Mg4Zr4O21,188.7
implant,Y6Mg6Zr4O23,182.8
implant,Y4MgZr2O11,193.5
implant,Y4Mg3Zr2O13,187.6
implant,Y2Mg2Zr6O17,192.4
implant,Y2Mg4Zr6O19,180.7
implant,Y2Mg6Zr6O21,171.5
implant,Y2Mg8Zr6O23,173.5
implant,Y2MgZr3O10,201.0
implant,Y2Mg2Zr3O11,185.9
implant,Y2Mg3Zr3O12,166.0
implant,Y2Mg4Zr3O13,169.3
implant,Y6Mg2Zr6O23,193.7
implant,Y4MgZr3O13,192.5
implant,Y4Mg2Zr3O14,193.3
implant,Y4Mg3Zr3O15,186.2
implant,Y4Mg4Zr3O16,186.6
implant,Y2Mg2Zr8O21,203.5
implant,Y2Mg4Zr8O23,185.4
implant,Y2MgZr4O12,198.0
implant,Y2Mg3Zr4O14,181.6
implant,Y4MgZr4O15,199.6
implant,Y4Mg3Zr4O17,186.6
implant,Sr2Y2Zr2O9,208.7
implant,Sr4Y2Zr2O11,176.9
implant,Sr6Y2Zr2O13,156.8
implant,Sr8Y2Zr2O15,117.6
implant,SrY2ZrO6,187.5
implant,Sr2Y2ZrO7,178.4
implant,Sr3Y2ZrO8,171.6
implant,Sr4Y2ZrO9,158.4
implant,Sr2Y6Zr2O15,186.6
implant,Sr4Y6Zr2O17,174.1
implant,Sr6Y6Zr2O19,177.2
implant,Sr8Y6Zr2O21,171.6
implant,SrY4ZrO9,209.7
implant,Sr2Y4ZrO10,177.2
implant,Sr3Y4ZrO11,181.4
implant,Sr4Y4ZrO12,171.8
implant,Sr2Y2Zr4O13,202.6
implant,Sr4Y2Zr4O15,201.1
implant,Sr6Y2Zr4O17,175.8
implant,Sr8Y2Zr4O19,178.7
implant,SrY2Zr2O8,202.3
implant,Sr3Y2Zr2O10,172.0
implant,Sr2Y6Zr4O19,202.3
implant,Sr4Y6Zr4O21,205.4
implant,Sr6Y6Zr4O23,176.4
implant,SrY4Zr2O11,198.9
implant,Sr3Y4Zr2O13,177.2
implant,Sr2Y2Zr6O17,212.3
implant,Sr4Y2Zr6O19,201.5
implant,Sr6Y2Zr6O21,206.1
implant,Sr8Y2Zr6O23,180.3
implant,SrY2Zr3O10,202.2
implant,Sr2Y2Zr3O11,193.8
implant,Sr3Y2Zr3O12,200.4
implant,Sr4Y2Zr3O13,177.5
implant,Sr2Y6Zr6O23,201.1
implant,SrY4Zr3O13,201.1
implant,Sr2Y4Zr3O14,191.8
implant,Sr3Y4Zr3O15,205.4
implant,Sr4Y4Zr3O16,177.3
implant,Sr2Y2Zr8O21,218.6
implant,Sr4Y2Zr8O23,204.2
implant,SrY2Zr4O12,203.5
implant,Sr3Y2Zr4O14,197.6
implant,SrY4Zr4O15,198.3
implant,Sr3Y4Zr4O17,196.3
implant,Ca2La2Zr2O9,191.4
implant,Ca4La2Zr2O11,151.0
implant,Ca6La2Zr2O13,147.1
implant,Ca8La2Zr2O15,145.5
implant,CaLa2ZrO6,172.4
implant,Ca2La2ZrO7,155.1
implant,Ca3La2ZrO8,140.5
implant,Ca4La2ZrO9,140.2
implant,Ca2La6Zr2O15,177.1
implant,Ca4La6Zr2O17,148.2
implant,Ca6La6Zr2O19,141.4
implant,Ca8La6Zr2O21,134.0
implant,CaLa4ZrO9,164.4
implant,Ca2La4ZrO10,152.2
implant,Ca3La4ZrO11,137.3
implant,Ca4La4ZrO12,141.8
implant,Ca2La2Zr4O13,203.8
implant,Ca4La2Zr4O15,196.1
implant,Ca6La2Zr4O17,195.5
implant,Ca8La2Zr4O19,194.3
implant,CaLa2Zr2O8,176.2
implant,Ca3La2Zr2O10,182.8
implant,Ca2La6Zr4O19,177.7
implant,Ca4La6Zr4O21,171.3
implant,Ca6La6Zr4O23,159.4
implant,CaLa4Zr2O11,170.1
implant,Ca3La4Zr2O13,149.5
implant,Ca2La2Zr6O17,200.4
implant,Ca4La2Zr6O19,199.6
implant,Ca6La2Zr6O21,198.4
implant,Ca8La2Zr6O23,187.4
implant,CaLa2Zr3O10,195.0
implant,Ca2La2Zr3O11,197.7
implant,Ca3La2Zr3O12,198.6
implant,Ca4La2Zr3O13,194.1
implant,Ca2La6Zr6O23,194.8
implant,CaLa4Zr3O13,175.4
implant,Ca2La4Zr3O14,178.0
implant,Ca3La4Zr3O15,173.7
implant,Ca4La4Zr3O16,158.8
implant,Ca2La2Zr8O21,213.1
implant,Ca4La2Zr8O23,193.7
implant,CaLa2Zr4O12,191.2
implant,Ca3La2Zr4O14,200.1
implant,CaLa4Zr4O15,192.1
implant,Ca3La4Zr4O17,193.6
implant,La2Mg2Zr2O9,193.7
implant,La2Mg4Zr2O11,175.1
implant,La2Mg6Zr2O13,156.1
implant,La2Mg8Zr2O15,154.7
implant,La2MgZrO6,190.8
implant,La2Mg2ZrO7,189.7
implant,La2Mg3ZrO8,174.0
implant,La2Mg4ZrO9,171.8
implant,La6Mg2Zr2O15,179.9
implant,La6Mg4Zr2O17,183.6
implant,La6Mg6Zr2O19,175.4
implant,La6Mg8Zr2O21,186.3
implant,La4MgZrO9,177.2
implant,La4Mg2ZrO10,166.0
implant,La4Mg3ZrO11,184.2
implant,La4Mg4ZrO12,180.0
implant,La2Mg2Zr4O13,198.1
implant,La2Mg4Zr4O15,183.4
implant,La2Mg6Zr4O17,170.4
implant,La2Mg8Zr4O19,161.2
implant,La2MgZr2O8,183.5
implant,La2Mg3Zr2O10,190.3
implant,La6Mg2Zr4O19,183.8
implant,La6Mg4Zr4O21,184.5
implant,La6Mg6Zr4O23,190.1
implant,La4MgZr2O11,172.4
implant,La4Mg3Zr2O13,203.5
implant,La2Mg2Zr6O17,199.4
implant,La2Mg4Zr6O19,193.5
implant,La2Mg6Zr6O21,177.9
implant,La2Mg8Zr6O23,166.4
implant,La2MgZr3O10,200.9
implant,La2Mg2Zr3O11,190.5
implant,La2Mg3Zr3O12,189.7
implant,La2Mg4Zr3O13,180.1
implant,La6Mg2Zr6O23,179.9
implant,La4MgZr3O13,178.8
implant,La4Mg2Zr3O14,184.8
implant,La4Mg3Zr3O15,194.1
implant,La4Mg4Zr3O16,192.7
implant,La2Mg2Zr8O21,206.9
implant,La2Mg4Zr8O23,196.0
implant,La2MgZr4O12,196.0
implant,La2Mg3Zr4O14,193.1
implant,La4MgZr4O15,179.5
implant,La4Mg3Zr4O17,196.5
implant,Sr2La2Zr2O9,171.7
implant,Sr4La2Zr2O11,147.7
implant,Sr6La2Zr2O13,109.7
implant,Sr8La2Zr2O15,106.9
implant,SrLa2ZrO6,164.5
implant,Sr2La2ZrO7,155.3
implant,Sr3La2ZrO8,135.0
implant,Sr4La2ZrO9,122.2
implant,Sr2La6Zr2O15,156.8
implant,Sr4La6Zr2O17,151.1
implant,Sr6La6Zr2O19,139.6
implant,Sr8La6Zr2O21,139.7
implant,SrLa4ZrO9,146.8
implant,Sr2La4ZrO10,147.8
implant,Sr3La4ZrO11,142.7
implant,Sr4La4ZrO12,139.8
implant,Sr2La2Zr4O13,192.6
implant,Sr4La2Zr4O15,174.3
implant,Sr6La2Zr4O17,150.3
implant,Sr8La2Zr4O19,141.1
implant,SrLa2Zr2O8,175.2
implant,Sr3La2Zr2O10,156.3
implant,Sr2La6Zr4O19,179.9
implant,Sr4La6Zr4O21,170.0
implant,Sr6La6Zr4O23,162.0
implant,SrLa4Zr2O11,176.9
implant,Sr3La4Zr2O13,156.0
implant,Sr2La2Zr6O17,194.9
implant,Sr4La2Zr6O19,199.5
implant,Sr6La2Zr6O21,173.7
implant,Sr8La2Zr6O23,166.1
implant,SrLa2Zr3O10,191.2
implant,Sr2La2Zr3O11,179.4
implant,Sr3La2Zr3O12,169.8
implant,Sr4La2Zr3O13,156.8
implant,Sr2La6Zr6O23,188.2
implant,SrLa4Zr3O13,176.2
implant,Sr2La4Zr3O14,173.3
implant,Sr3La4Zr3O15,166.4
implant,Sr4La4Zr3O16,157.0
implant,Sr2La2Zr8O21,205.4
implant,Sr4La2Zr8O23,200.3
implant,SrLa2Zr4O12,197.7
implant,Sr3La2Zr4O14,183.0
implant,SrLa4Zr4O15,198.8
implant,Sr3La4Zr4O17,175.7
implant,CaMgZrO4,166.0
implant,CaMg2ZrO5,159.3
implant,CaMg3ZrO6,148.5
implant,CaMg4ZrO7,135.2
implant,Ca2MgZrO5,145.5
implant,Ca2Mg2ZrO6,148.4
implant,Ca2Mg3ZrO7,151.8
implant,Ca2Mg4ZrO8,143.0
implant,Ca3MgZrO6,146.6
implant,Ca3Mg2ZrO7,149.0
implant,Ca3Mg3ZrO8,145.6
implant,Ca3Mg4ZrO9,146.4
implant,Ca4MgZrO7,149.4
implant,Ca4Mg2ZrO8,136.1
implant,Ca4Mg3ZrO9,144.5
implant,Ca4Mg4ZrO10,143.1
implant,CaMgZr2O6,175.0
implant,CaMg2Zr2O7,172.0
implant,CaMg3Zr2O8,175.3
implant,CaMg4Zr2O9,170.2
implant,Ca2MgZr2O7,181.4
implant,Ca2Mg3Zr2O9,158.6
implant,Ca3MgZr2O8,175.9
implant,Ca3Mg2Zr2O9,155.3
implant,Ca3Mg3Zr2O10,154.2
implant,Ca3Mg4Zr2O11,153.4
implant,Ca4MgZr2O9,168.2
implant,Ca4Mg3Zr2O11,150.4
implant,CaMgZr3O8,192.8
implant,CaMg2Zr3O9,180.5
implant,CaMg3Zr3O10,182.3
implant,CaMg4Zr3O11,167.1
implant,Ca2MgZr3O9,186.4
implant,Ca2Mg2Zr3O10,175.2
implant,Ca2Mg3Zr3O11,163.6
implant,Ca2Mg4Zr3O12,162.2
implant,Ca3MgZr3O10,193.5
implant,Ca3Mg2Zr3O11,164.6
implant,Ca3Mg4Zr3O13,160.4
implant,Ca4MgZr3O11,177.5
implant,Ca4Mg2Zr3O12,175.9
implant,Ca4Mg3Zr3O13,156.4
implant,Ca4Mg4Zr3O14,149.7
implant,CaMgZr4O10,198.1
implant,CaMg2Zr4O11,175.7
implant,CaMg3Zr4O12,183.1
implant,CaMg4Zr4O13,182.3
implant,Ca2MgZr4O11,195.1
implant,Ca2Mg3Zr4O13,180.7
implant,Ca3MgZr4O12,195.1
implant,Ca3Mg2Zr4O13,192.2
implant,Ca3Mg3Zr4O14,169.6
implant,Ca3Mg4Zr4O15,163.6
implant,Ca4MgZr4O13,189.2
implant,Ca4Mg3Zr4O15,162.4
implant,SrCaZrO4,160.6
implant,Sr2CaZrO5,141.5
implant,Sr3CaZrO6,122.8
implant,Sr4CaZrO7,124.6
implant,SrCa2ZrO5,156.3
implant,Sr2Ca2ZrO6,143.4
implant,Sr3Ca2ZrO7,128.5
implant,Sr4Ca2ZrO8,122.9
implant,SrCa3ZrO6,138.5
implant,Sr2Ca3ZrO7,143.1
implant,Sr3Ca3ZrO8,129.9
implant,Sr4Ca3ZrO9,131.7
implant,SrCa4ZrO7,127.6
implant,Sr2Ca4ZrO8,140.6
implant,Sr3Ca4ZrO9,132.8
implant,Sr4Ca4ZrO10,131.8
implant,SrCaZr2O6,211.2
implant,Sr2CaZr2O7,164.4
implant,Sr3CaZr2O8,158.5
implant,Sr4CaZr2O9,144.7
implant,SrCa2Zr2O7,183.0
implant,Sr3Ca2Zr2O9,160.5
implant,SrCa3Zr2O8,182.3
implant,Sr2Ca3Zr2O9,163.7
implant,Sr3Ca3Zr2O10,148.7
implant,Sr4Ca3Zr2O11,139.1
implant,SrCa4Zr2O9,154.0
implant,Sr3Ca4Zr2O11,141.8
implant,SrCaZr3O8,200.9
implant,Sr2CaZr3O9,210.6
implant,Sr3CaZr3O10,202.8
implant,Sr4CaZr3O11,170.8
implant,SrCa2Zr3O9,207.8
implant,Sr2Ca2Zr3O10,193.9
implant,Sr3Ca2Zr3O11,151.0
implant,Sr4Ca2Zr3O12,164.9
implant,SrCa3Zr3O10,194.2
implant,Sr2Ca3Zr3O11,180.3
implant,Sr4Ca3Zr3O13,158.2
implant,SrCa4Zr3O11,178.0
implant,Sr2Ca4Zr3O12,153.7
implant,Sr3Ca4Zr3O13,158.8
implant,Sr4Ca4Zr3O14,159.0
implant,SrCaZr4O10,210.4
implant,Sr2CaZr4O11,204.6
implant,Sr3CaZr4O12,205.9
implant,Sr4CaZr4O13,202.8
implant,SrCa2Zr4O11,203.7
implant,Sr3Ca2Zr4O13,197.0
implant,SrCa3Zr4O12,213.6
implant,Sr2Ca3Zr4O13,195.4
implant,Sr3Ca3Zr4O14,185.8
implant,Sr4Ca3Zr4O15,151.7
implant,SrCa4Zr4O13,203.9
implant,Sr3Ca4Zr4O15,149.2
implant,SrMgZrO4,176.5
implant,Sr2MgZrO5,150.5
implant,Sr3MgZrO6,138.7
implant,Sr4MgZrO7,125.1
implant,SrMg2ZrO5,157.6
implant,Sr2Mg2ZrO6,164.8
implant,Sr3Mg2ZrO7,146.2
implant,Sr4Mg2ZrO8,138.3
implant,SrMg3ZrO6,147.3
implant,Sr2Mg3ZrO7,157.0
implant,Sr3Mg3ZrO8,166.4
implant,Sr4Mg3ZrO9,141.0
implant,SrMg4ZrO7,149.0
implant,Sr2Mg4ZrO8,140.9
implant,Sr3Mg4ZrO9,160.7
implant,Sr4Mg4ZrO10,141.1
implant,SrMgZr2O6,212.9
implant,Sr2MgZr2O7,184.5
implant,Sr3MgZr2O8,184.8
implant,Sr4MgZr2O9,155.9
implant,SrMg2Zr2O7,185.4
implant,Sr3Mg2Zr2O9,177.9
implant,SrMg3Zr2O8,163.2
implant,Sr2Mg3Zr2O9,173.1
implant,Sr3Mg3Zr2O10,168.0
implant,Sr4Mg3Zr2O11,172.6
implant,SrMg4Zr2O9,156.2
implant,Sr3Mg4Zr2O11,160.1
implant,SrMgZr3O8,202.1
implant,Sr2MgZr3O9,201.1
implant,Sr3MgZr3O10,198.1
implant,Sr4MgZr3O11,187.7
implant,SrMg2Zr3O9,199.8
implant,Sr2Mg2Zr3O10,208.2
implant,Sr3Mg2Zr3O11,178.7
implant,Sr4Mg2Zr3O12,180.1
implant,SrMg3Zr3O10,181.8
implant,Sr2Mg3Zr3O11,185.2
implant,Sr4Mg3Zr3O13,179.6
implant,SrMg4Zr3O11,167.5
implant,Sr2Mg4Zr3O12,173.2
implant,Sr3Mg4Zr3O13,174.7
implant,Sr4Mg4Zr3O14,168.5
implant,SrMgZr4O10,208.4
implant,Sr2MgZr4O11,205.6
implant,Sr3MgZr4O12,213.1
implant,Sr4MgZr4O13,194.1
implant,SrMg2Zr4O11,197.8
implant,Sr3Mg2Zr4O13,203.7
implant,SrMg3Zr4O12,183.3
implant,Sr2Mg3Zr4O13,203.7
implant,Sr3Mg3Zr4O14,189.3
implant,Sr4Mg3Zr4O15,179.8
implant,SrMg4Zr4O13,183.2
implant,Sr3Mg4Zr4O15,172.9
implant,CeTiSiO6,133.2
implant,Ce2TiSiO8,155.6
implant,Ce3TiSiO10,147.9
implant,Ce4TiSiO12,148.8
implant,CeTi(SiO4)2,163.1
implant,Ce2Ti(SiO5)2,131.4
implant,Ce3Ti(SiO6)2,153.6
implant,Ce4Ti(SiO7)2,150.8
implant,CeTiSi3O10,170.8
implant,Ce2Ti(SiO4)3,132.9
implant,Ce3TiSi3O14,131.4
implant,Ce4TiSi3O16,145.4
implant,CeTi(SiO3)4,176.3
implant,Ce2Ti(Si2O7)2,160.8
implant,Ce3Ti(SiO4)4,139.4
implant,Ce4Ti(Si2O9)2,138.8
implant,CeTi2SiO8,120.6
implant,Ce2Ti2SiO10,133.7
implant,Ce3Ti2SiO12,147.9
implant,Ce4Ti2SiO14,154.7
implant,CeTi2(SiO5)2,143.1
implant,Ce3Ti2(SiO7)2,144.5
implant,CeTi2(SiO4)3,175.7
implant,Ce2Ti2Si3O14,128.5
implant,Ce3Ti2Si3O16,124.4
implant,Ce4Ti2(SiO6)3,144.6
implant,CeTi2(Si2O7)2,162.2
implant,Ce3Ti2(Si2O9)2,138.8
implant,CeTi3SiO10,108.9
implant,Ce2Ti3SiO12,129.1
implant,Ce3Ti3SiO14,150.4
implant,Ce4Ti3SiO16,145.2
implant,CeTi3(SiO6)2,116.9
implant,Ce2Ti3(SiO7)2,128.3
implant,Ce3Ti3(SiO8)2,137.0
implant,Ce4Ti3(SiO9)2,142.5
implant,CeTi3Si3O14,162.9
implant,Ce2Ti3Si3O16,125.9
implant,Ce4Ti3Si3O20,128.7
implant,CeTi3(SiO4)4,168.0
implant,Ce2Ti3(Si2O9)2,158.7
implant,Ce3Ti3(SiO5)4,128.3
implant,Ce4Ti3(Si2O11)2,126.8
implant,CeTi4SiO12,107.4
implant,Ce2Ti4SiO14,131.9
implant,Ce3Ti4SiO16,133.6
implant,Ce4Ti4SiO18,148.7
implant,CeTi4(SiO7)2,114.7
implant,Ce3Ti4(SiO9)2,128.5
implant,CeTi4Si3O16,154.6
implant,Ce2Ti4(SiO6)3,121.3
implant,Ce3Ti4Si3O20,128.3
implant,Ce4Ti4Si3O22,131.6
implant,CeTi4(Si2O9)2,165.1
implant,Ce3Ti4(Si2O11)2,126.7
implant,Ti2Si2P2O13,148.4
implant,TiSiP2O9,83.9
implant,Ti2Si2P6O23,95.5
implant,TiSi(P2O7)2,99.2
implant,Ti2Si4P2O17,133.3
implant,TiSi2P2O11,89.7
implant,Ti2Si4(P2O9)3,82.9
implant,TiSi2(PO4)4,98.3
implant,Ti2Si6P2O21,117.6
implant,TiSi3P2O13,84.9
implant,TiSi3(P2O9)2,85.9
implant,Ti2Si8P2O25,94.1
implant,TiSi4P2O15,84.5
implant,TiSi4(PO5)4,85.9
implant,Ti4Si2P2O17,167.0
implant,Ti2SiP2O11,130.2
implant,Ti4Si2(P2O9)3,98.9
implant,Ti2Si(PO4)4,105.9
implant,Ti4Si4P2O21,169.2
implant,Ti4Si6P2O25,164.8
implant,Ti2Si3P2O15,135.8
implant,Ti2Si3(PO5)4,93.5
implant,Ti6Si2P2O21,163.0
implant,Ti3SiP2O13,162.2
implant,Ti3Si(P2O9)2,109.7
implant,Ti6Si4P2O25,176.4
implant,Ti3Si2P2O15,167.0
implant,Ti3Si2(PO5)4,120.1
implant,Ti3Si3P2O17,136.0
implant,Ti3Si3(P2O11)2,165.1
implant,Ti3Si4P2O19,166.0
implant,Ti3Si4(PO6)4,138.1
implant,Ti8Si2P2O25,161.0
implant,Ti4SiP2O15,167.3
implant,Ti4Si(PO5)4,163.0
implant,Ti4Si3P2O19,168.1
implant,Ti4Si3(PO6)4,138.3
implant,Ti2Al2Si2O11,200.9
implant,TiAl2SiO7,178.0
implant,Ti2Al6Si2O17,164.4
implant,TiAl4SiO10,159.4
implant,Ti2Al2Si4O15,192.7
implant,TiAl2Si2O9,185.1
implant,Ti2Al6Si4O21,185.6
implant,TiAl4(SiO6)2,181.8
implant,Ti2Al2Si6O19,212.4
implant,TiAl2Si3O11,186.8
implant,Ti2Al6Si6O25,188.3
implant,TiAl4Si3O14,177.9
implant,Ti2Al2Si8O23,187.7
implant,TiAl2Si4O13,198.5
implant,TiAl4(SiO4)4,188.3
implant,Ti4Al2Si2O15,178.8
implant,Ti2Al2SiO9,201.2
implant,Ti4Al6Si2O21,180.6
implant,Ti2Al4SiO12,182.5
implant,Ti4Al2Si4O19,208.1
implant,Ti4Al6Si4O25,183.7
implant,Ti4Al2Si6O23,206.4
implant,Ti2Al2Si3O13,200.1
implant,Ti2Al4Si3O16,181.1
implant,Ti6Al2Si2O19,163.9
implant,Ti3Al2SiO11,178.5
implant,Ti6Al6Si2O25,181.6
implant,Ti3Al4SiO14,184.6
implant,Ti6Al2Si4O23,195.8
implant,Ti3Al2Si2O13,176.8
implant,Ti3Al4(SiO8)2,178.7
implant,Ti3Al2(SiO5)3,206.6
implant,Ti3Al4(SiO6)3,182.5
implant,Ti3Al2Si4O17,200.5
implant,Ti3Al4(SiO5)4,181.4
implant,Ti8Al2Si2O23,160.9
implant,Ti4Al2SiO13,157.4
implant,Ti4Al4SiO16,177.4
implant,Ti4Al2Si3O17,179.6
implant,Ti4Al4Si3O20,206.1
implant,Y2Ti2Si2O11,149.8
implant,Y2TiSiO7,151.2
implant,Y6Ti2Si2O17,165.9
implant,Y4TiSiO10,182.3
implant,Y2Ti2Si4O15,175.0
implant,Y2TiSi2O9,148.2
implant,Y6Ti2Si4O21,154.3
implant,Y4Ti(SiO6)2,153.8
implant,Y2Ti2Si6O19,184.5
implant,Y2TiSi3O11,147.8
implant,Y6Ti2Si6O25,147.9
implant,Y4TiSi3O14,156.6
implant,Y2Ti2Si8O23,164.9
implant,Y2TiSi4O13,181.9
implant,Y4Ti(SiO4)4,149.0
implant,Y2Ti4Si2O15,142.3
implant,Y2Ti2SiO9,153.7
implant,Y6Ti4Si2O21,148.9
implant,Y4Ti2SiO12,168.7
implant,Y2Ti4Si4O19,148.9
implant,Y6Ti4Si4O25,151.0
implant,Y2Ti4Si6O23,180.0
implant,Y2Ti2Si3O13,137.9
implant,Y4Ti2Si3O16,150.7
implant,Y2Ti6Si2O19,136.6
implant,Y2Ti3SiO11,184.7
implant,Y6Ti6Si2O25,158.5
implant,Y4Ti3SiO14,141.9
implant,Y2Ti6Si4O23,140.8
implant,Y2Ti3Si2O13,130.5
implant,Y4Ti3(SiO8)2,153.6
implant,Y2Ti3(SiO5)3,136.0
implant,Y4Ti3(SiO6)3,151.5
implant,Y2Ti3Si4O17,175.0
implant,Y4Ti3(SiO5)4,149.3
implant,Y2Ti8Si2O23,138.4
implant,Y2Ti4SiO13,185.3
implant,Y4Ti4SiO16,157.9
implant,Y2Ti4Si3O17,140.5
implant,Y4Ti4Si3O20,149.3
implant,La2Ti2Si2O11,143.1
implant,La2TiSiO7,169.8
implant,La6Ti2Si2O17,151.2
implant,La4TiSiO10,149.0
implant,La2Ti2Si4O15,144.2
implant,La2TiSi2O9,147.3
implant,La6Ti2Si4O21,140.3
implant,La4Ti(SiO6)2,179.0
implant,La2Ti2Si6O19,184.1
implant,La2TiSi3O11,132.0
implant,La6Ti2Si6O25,136.2
implant,La4TiSi3O14,166.2
implant,La2Ti2Si8O23,170.3
implant,La2TiSi4O13,154.2
implant,La4Ti(SiO4)4,136.5
implant,La2Ti4Si2O15,138.4
implant,La2Ti2SiO9,165.6
implant,La6Ti4Si2O21,169.8
implant,La4Ti2SiO12,180.7
implant,La2Ti4Si4O19,132.2
implant,La6Ti4Si4O25,144.3
implant,La2Ti4Si6O23,172.3
implant,La2Ti2Si3O13,134.2
implant,La4Ti2Si3O16,159.8
implant,La2Ti6Si2O19,133.0
implant,La2Ti3SiO11,157.4
implant,La6Ti6Si2O25,172.3
implant,La4Ti3SiO14,166.4
implant,La2Ti6Si4O23,131.1
implant,La2Ti3Si2O13,133.4
implant,La4Ti3(SiO8)2,156.8
implant,La2Ti3(SiO5)3,134.3
implant,La4Ti3(SiO6)3,144.6
implant,La2Ti3Si4O17,145.8
implant,La4Ti3(SiO5)4,146.4
implant,La2Ti8Si2O23,153.4
implant,La2Ti4SiO13,158.4
implant,La4Ti4SiO16,174.8
implant,La2Ti4Si3O17,132.9
implant,La4Ti4Si3O20,149.6
implant,CaTiSiO5,141.6
implant,Ca2TiSiO6,158.7
implant,Ca3TiSiO7,150.8
implant,Ca4TiSiO8,146.0
implant,CaTiSi2O7,166.7
implant,Ca2Ti(SiO4)2,129.4
implant,Ca3TiSi2O9,159.2
implant,Ca4Ti(SiO5)2,160.0
implant,CaTi(SiO3)3,146.0
implant,Ca2TiSi3O10,134.6
implant,Ca3TiSi3O11,131.6
implant,Ca4Ti(SiO4)3,157.8
implant,CaTiSi4O11,161.4
implant,Ca2Ti(SiO3)4,123.7
implant,Ca3TiSi4O13,132.1
implant,Ca4Ti(Si2O7)2,151.1
implant,CaTi2SiO7,155.8
implant,Ca2Ti2SiO8,177.2
implant,Ca3Ti2SiO9,186.5
implant,Ca4Ti2SiO10,178.7
implant,CaTi2Si2O9,145.5
implant,Ca3Ti2Si2O11,140.1
implant,CaTi2Si3O11,164.2
implant,Ca2Ti2(SiO4)3,159.5
implant,Ca3Ti2Si3O13,132.0
implant,Ca4Ti2Si3O14,137.6
implant,CaTi2Si4O13,166.7
implant,Ca3Ti2Si4O15,137.1
implant,CaTi3SiO9,162.5
implant,Ca2Ti3SiO10,183.0
implant,Ca3Ti3SiO11,192.0
implant,Ca4Ti3SiO12,209.2
implant,CaTi3Si2O11,159.4
implant,Ca2Ti3(SiO6)2,160.3
implant,Ca3Ti3Si2O13,150.3
implant,Ca4Ti3(SiO7)2,167.6
implant,CaTi3Si3O13,162.1
implant,Ca2Ti3Si3O14,162.8
implant,Ca4Ti3Si3O16,136.1
implant,CaTi3Si4O15,169.7
implant,Ca2Ti3(SiO4)4,144.3
implant,Ca3Ti3Si4O17,159.5
implant,Ca4Ti3(Si2O9)2,132.0
implant,CaTi4SiO11,163.8
implant,Ca2Ti4SiO12,176.1
implant,Ca3Ti4SiO13,189.8
implant,Ca4Ti4SiO14,202.8
implant,CaTi4Si2O13,134.8
implant,Ca3Ti4Si2O15,176.4
implant,CaTi4(SiO5)3,142.0
implant,Ca2Ti4Si3O16,142.2
implant,Ca3Ti4Si3O17,160.3
implant,Ca4Ti4(SiO6)3,147.7
implant,CaTi4Si4O17,164.1
implant,Ca3Ti4Si4O19,159.3
implant,MgTiSiO5,150.1
implant,Mg2TiSiO6,154.5
implant,Mg3TiSiO7,173.1
implant,Mg4TiSiO8,161.2
implant,MgTiSi2O7,150.5
implant,Mg2Ti(SiO4)2,137.9
implant,Mg3TiSi2O9,169.7
implant,Mg4Ti(SiO5)2,174.4
implant,MgTi(SiO3)3,158.3
implant,Mg2TiSi3O10,113.2
implant,Mg3TiSi3O11,134.7
implant,Mg4Ti(SiO4)3,168.9
implant,MgTiSi4O11,167.0
implant,Mg2Ti(SiO3)4,110.8
implant,Mg3TiSi4O13,114.1
implant,Mg4Ti(Si2O7)2,158.9
implant,MgTi2SiO7,143.6
implant,Mg2Ti2SiO8,145.8
implant,Mg3Ti2SiO9,166.1
implant,Mg4Ti2SiO10,170.9
implant,MgTi2Si2O9,150.7
implant,Mg3Ti2Si2O11,142.8
implant,MgTi2Si3O11,162.2
implant,Mg2Ti2(SiO4)3,157.1
implant,Mg3Ti2Si3O13,144.4
implant,Mg4Ti2Si3O14,141.9
implant,MgTi2Si4O13,170.0
implant,Mg3Ti2Si4O15,144.3
implant,MgTi3SiO9,147.3
implant,Mg2Ti3SiO10,142.7
implant,Mg3Ti3SiO11,150.3
implant,Mg4Ti3SiO12,176.8
implant,MgTi3Si2O11,164.8
implant,Mg2Ti3(SiO6)2,145.6
implant,Mg3Ti3Si2O13,135.4
implant,Mg4Ti3(SiO7)2,152.2
implant,MgTi3Si3O13,154.3
implant,Mg2Ti3Si3O14,160.5
implant,Mg4Ti3Si3O16,141.3
implant,MgTi3Si4O15,171.6
implant,Mg2Ti3(SiO4)4,151.5
implant,Mg3Ti3Si4O17,156.7
implant,Mg4Ti3(Si2O9)2,144.4
implant,MgTi4SiO11,152.8
implant,Mg2Ti4SiO12,139.0
implant,Mg3Ti4SiO13,148.5
implant,Mg4Ti4SiO14,155.2
implant,MgTi4Si2O13,148.9
implant,Mg3Ti4Si2O15,134.4
implant,MgTi4(SiO5)3,159.7
implant,Mg2Ti4Si3O16,149.8
implant,Mg3Ti4Si3O17,148.9
implant,Mg4Ti4(SiO6)3,134.7
implant,MgTi4Si4O17,159.1
implant,Mg3Ti4Si4O19,152.8
implant,SrTiSiO5,148.4
implant,Sr2TiSiO6,137.6
implant,Sr3TiSiO7,164.6
implant,Sr4TiSiO8,175.2
implant,SrTiSi2O7,149.4
implant,Sr2Ti(SiO4)2,136.7
implant,Sr3TiSi2O9,139.0
implant,Sr4Ti(SiO5)2,158.1
implant,SrTi(SiO3)3,143.9
implant,Sr2TiSi3O10,147.4
implant,Sr3TiSi3O11,128.3
implant,Sr4Ti(SiO4)3,138.7
implant,SrTiSi4O11,134.5
implant,Sr2Ti(SiO3)4,113.2
implant,Sr3TiSi4O13,130.8
implant,Sr4Ti(Si2O7)2,137.6
implant,SrTi2SiO7,134.4
implant,Sr2Ti2SiO8,157.1
implant,Sr3Ti2SiO9,170.8
implant,Sr4Ti2SiO10,169.6
implant,SrTi2Si2O9,138.9
implant,Sr3Ti2Si2O11,150.7
implant,SrTi2Si3O11,174.1
implant,Sr2Ti2(SiO4)3,142.6
implant,Sr3Ti2Si3O13,146.7
implant,Sr4Ti2Si3O14,144.1
implant,SrTi2Si4O13,165.2
implant,Sr3Ti2Si4O15,136.6
implant,SrTi3SiO9,139.6
implant,Sr2Ti3SiO10,161.2
implant,Sr3Ti3SiO11,158.3
implant,Sr4Ti3SiO12,185.7
implant,SrTi3Si2O11,148.8
implant,Sr2Ti3(SiO6)2,142.1
implant,Sr3Ti3Si2O13,151.9
implant,Sr4Ti3(SiO7)2,152.4
implant,SrTi3Si3O13,149.0
implant,Sr2Ti3Si3O14,143.2
implant,Sr4Ti3Si3O16,152.1
implant,SrTi3Si4O15,176.5
implant,Sr2Ti3(SiO4)4,139.4
implant,Sr3Ti3Si4O17,138.5
implant,Sr4Ti3(Si2O9)2,146.7
implant,SrTi4SiO11,143.6
implant,Sr2Ti4SiO12,169.0
implant,Sr3Ti4SiO13,160.0
implant,Sr4Ti4SiO14,184.2
implant,SrTi4Si2O13,141.4
implant,Sr3Ti4Si2O15,154.6
implant,SrTi4(SiO5)3,138.8
implant,Sr2Ti4Si3O16,135.1
implant,Sr3Ti4Si3O17,139.1
implant,Sr4Ti4(SiO6)3,150.1
implant,SrTi4Si4O17,172.0
implant,Sr3Ti4Si4O19,134.2
implant,Ce2Ti2P2O13,115.5
implant,CeTiP2O9,100.4
implant,Ce2Ti2P6O23,105.5
implant,CeTi(P2O7)2,118.8
implant,Ce4Ti2P2O17,124.0
implant,Ce2TiP2O11,126.0
implant,Ce4Ti2(P2O9)3,105.8
implant,Ce2Ti(PO4)4,110.9
implant,Ce6Ti2P2O21,131.7
implant,Ce3TiP2O13,118.8
implant,Ce3Ti(P2O9)2,112.7
implant,Ce8Ti2P2O25,136.7
implant,Ce4TiP2O15,130.9
implant,Ce4Ti(PO5)4,125.3
implant,Ce2Ti4P2O17,122.2
implant,CeTi2P2O11,144.7
implant,Ce2Ti4(P2O9)3,98.6
implant,CeTi2(PO4)4,103.8
implant,Ce4Ti4P2O21,110.7
implant,Ce6Ti4P2O25,142.8
implant,Ce3Ti2P2O15,114.8
implant,Ce3Ti2(PO5)4,147.3
implant,Ce2Ti6P2O21,102.6
implant,CeTi3P2O13,127.7
implant,CeTi3(P2O9)2,97.4
implant,Ce4Ti6P2O25,109.0
implant,Ce2Ti3P2O15,118.0
implant,Ce2Ti3(PO5)4,142.7
implant,Ce3Ti3P2O17,122.2
implant,Ce3Ti3(P2O11)2,128.3
implant,Ce4Ti3P2O19,112.4
implant,Ce4Ti3(PO6)4,112.1
implant,Ce2Ti8P2O25,98.6
implant,CeTi4P2O15,148.1
implant,CeTi4(PO5)4,113.8
implant,Ce3Ti4P2O19,119.9
implant,Ce3Ti4(PO6)4,123.1
implant,Ce2Ti2Al2O11,139.7
implant,CeTiAl2O7,147.0
implant,Ce2Ti2Al6O17,154.5
implant,CeTiAl4O10,156.3
implant,Ce4Ti2Al2O15,176.4
implant,Ce2TiAl2O9,172.8
implant,Ce4Ti2Al6O21,141.9
implant,Ce2TiAl4O12,155.8
implant,Ce6Ti2Al2O19,169.2
implant,Ce3TiAl2O11,161.9
implant,Ce6Ti2Al6O25,166.7
implant,Ce3TiAl4O14,134.1
implant,Ce8Ti2Al2O23,143.6
implant,Ce4TiAl2O13,162.4
implant,Ce4TiAl4O16,167.5
implant,Ce2Ti4Al2O15,156.0
implant,CeTi2Al2O9,130.6
implant,Ce2Ti4Al6O21,149.3
implant,CeTi2Al4O12,164.4
implant,Ce4Ti4Al2O19,184.1
implant,Ce4Ti4Al6O25,133.0
implant,Ce6Ti4Al2O23,179.0
implant,Ce3Ti2Al2O13,175.3
implant,Ce3Ti2Al4O16,135.3
implant,Ce2Ti6Al2O19,152.6
implant,CeTi3Al2O11,129.2
implant,Ce2Ti6Al6O25,130.0
implant,CeTi3Al4O14,146.4
implant,Ce4Ti6Al2O23,143.0
implant,Ce2Ti3Al2O13,125.5
implant,Ce2Ti3Al4O16,131.2
implant,Ce3Ti3Al2O15,174.7
implant,Ce3Ti3Al4O18,131.3
implant,Ce4Ti3Al2O17,188.5
implant,Ce4Ti3Al4O20,144.9
implant,Ce2Ti8Al2O23,156.3
implant,CeTi4Al2O13,145.4
implant,CeTi4Al4O16,148.7
implant,Ce3Ti4Al2O17,150.6
implant,Ce3Ti4Al4O20,126.9
implant,Ce2Y2Ti2O11,165.6
implant,CeY2TiO7,171.1
implant,Ce2Y6Ti2O17,167.2
implant,CeY4TiO10,170.6
implant,Ce4Y2Ti2O15,154.4
implant,Ce2Y2TiO9,157.2
implant,Ce4Y6Ti2O21,162.4
implant,Ce2Y4TiO12,161.5
implant,Ce6Y2Ti2O19,160.0
implant,Ce3Y2TiO11,163.3
implant,Ce6Y6Ti2O25,164.2
implant,Ce3Y4TiO14,155.9
implant,Ce8Y2Ti2O23,160.3
implant,Ce4Y2TiO13,165.4
implant,Ce4Y4TiO16,163.0
implant,Ce2Y2Ti4O15,168.6
implant,CeY2Ti2O9,164.8
implant,Ce2Y6Ti4O21,168.2
implant,CeY4Ti2O12,171.5
implant,Ce4Y2Ti4O19,174.5
implant,Ce4Y6Ti4O25,168.8
implant,Ce6Y2Ti4O23,163.0
implant,Ce3Y2Ti2O13,164.6
implant,Ce3Y4Ti2O16,174.4
implant,Ce2Y2Ti6O19,159.2
implant,CeY2Ti3O11,168.9
implant,Ce2Y6Ti6O25,160.6
implant,CeY4Ti3O14,169.4
implant,Ce4Y2Ti6O23,165.6
implant,Ce2Y2Ti3O13,167.3
implant,Ce2Y4Ti3O16,171.3
implant,Ce3Y2Ti3O15,170.1
implant,Ce3Y4Ti3O18,164.7
implant,Ce4Y2Ti3O17,166.7
implant,Ce4Y4Ti3O20,169.9
implant,Ce2Y2Ti8O23,137.3
implant,CeY2Ti4O13,161.5
implant,CeY4Ti4O16,165.7
implant,Ce3Y2Ti4O17,174.2
implant,Ce3Y4Ti4O20,162.5
implant,La2Ce2Ti2O11,143.4
implant,La2CeTiO7,136.0
implant,La6Ce2Ti2O17,144.7
implant,La4CeTiO10,143.3
implant,La2Ce4Ti2O15,159.9
implant,La2Ce2TiO9,140.4
implant,La6Ce4Ti2O21,142.4
implant,La4Ce2TiO12,148.0
implant,La2Ce6Ti2O19,163.1
implant,La2Ce3TiO11,146.5
implant,La6Ce6Ti2O25,145.9
implant,La4Ce3TiO14,144.5
implant,La2Ce8Ti2O23,160.5
implant,La2Ce4TiO13,151.7
implant,La4Ce4TiO16,150.4
implant,La2Ce2Ti4O15,172.0
implant,La2CeTi2O9,155.2
implant,La6Ce2Ti4O21,150.0
implant,La4CeTi2O12,152.8
implant,La2Ce4Ti4O19,172.1
implant,La6Ce4Ti4O25,137.6
implant,La2Ce6Ti4O23,156.0
implant,La2Ce3Ti2O13,154.4
implant,La4Ce3Ti2O16,142.6
implant,La2Ce2Ti6O19,165.9
implant,La2CeTi3O11,167.5
implant,La6Ce2Ti6O25,155.2
implant,La4CeTi3O14,145.6
implant,La2Ce4Ti6O23,173.6
implant,La2Ce2Ti3O13,156.4
implant,La4Ce2Ti3O16,152.0
implant,La2Ce3Ti3O15,158.3
implant,La4Ce3Ti3O18,150.8
implant,La2Ce4Ti3O17,153.1
implant,La4Ce4Ti3O20,148.8
implant,La2Ce2Ti8O23,161.5
implant,La2CeTi4O13,177.8
implant,La4CeTi4O16,159.6
implant,La2Ce3Ti4O17,171.4
implant,La4Ce3Ti4O20,143.3
implant,CaCeTiO5,162.2
implant,Ca2CeTiO6,154.2
implant,Ca3CeTiO7,144.3
implant,Ca4CeTiO8,159.2
implant,CaCe2TiO7,176.9
implant,Ca2Ce2TiO8,170.0
implant,Ca3Ce2TiO9,165.5
implant,Ca4Ce2TiO10,160.0
implant,CaCe3TiO9,160.2
implant,Ca2Ce3TiO10,178.3
implant,Ca3Ce3TiO11,174.3
implant,Ca4Ce3TiO12,174.8
implant,CaCe4TiO11,162.7
implant,Ca2Ce4TiO12,158.7
implant,Ca3Ce4TiO13,177.6
implant,Ca4Ce4TiO14,153.8
implant,CaCeTi2O7,162.3
implant,Ca2CeTi2O8,156.0
implant,Ca3CeTi2O9,162.2
implant,Ca4CeTi2O10,153.1
implant,CaCe2Ti2O9,166.0
implant,Ca3Ce2Ti2O11,153.3
implant,CaCe3Ti2O11,170.8
implant,Ca2Ce3Ti2O12,174.2
implant,Ca3Ce3Ti2O13,162.5
implant,Ca4Ce3Ti2O14,160.4
implant,CaCe4Ti2O13,167.2
implant,Ca3Ce4Ti2O15,173.2
implant,CaCeTi3O9,167.5
implant,Ca2CeTi3O10,143.1
implant,Ca3CeTi3O11,145.4
implant,Ca4CeTi3O12,147.4
implant,CaCe2Ti3O11,161.9
implant,Ca2Ce2Ti3O12,162.9
implant,Ca3Ce2Ti3O13,158.6
implant,Ca4Ce2Ti3O14,141.7
implant,CaCe3Ti3O13,173.6
implant,Ca2Ce3Ti3O14,155.8
implant,Ca4Ce3Ti3O16,155.1
implant,CaCe4Ti3O15,166.7
implant,Ca2Ce4Ti3O16,169.2
implant,Ca3Ce4Ti3O17,175.6
implant,Ca4Ce4Ti3O18,164.3
implant,CaCeTi4O11,173.1
implant,Ca2CeTi4O12,170.5
implant,Ca3CeTi4O13,152.4
implant,Ca4CeTi4O14,145.2
implant,CaCe2Ti4O13,175.9
implant,Ca3Ce2Ti4O15,150.7
implant,CaCe3Ti4O15,165.1
implant,Ca2Ce3Ti4O16,161.0
implant,Ca3Ce3Ti4O17,158.2
implant,Ca4Ce3Ti4O18,159.4
implant,CaCe4Ti4O17,171.6
implant,Ca3Ce4Ti4O19,154.9
implant,CeMgTiO5,150.3
implant,CeMg2TiO6,139.6
implant,CeMg3TiO7,152.6
implant,CeMg4TiO8,142.8
implant,Ce2MgTiO7,167.9
implant,Ce2Mg2TiO8,159.9
implant,Ce2Mg3TiO9,150.5
implant,Ce2Mg4TiO10,153.4
implant,Ce3MgTiO9,168.3
implant,Ce3Mg2TiO10,171.2
implant,Ce3Mg3TiO11,157.7
implant,Ce3Mg4TiO12,150.9
implant,Ce4MgTiO11,165.8
implant,Ce4Mg2TiO12,161.1
implant,Ce4Mg3TiO13,172.9
implant,Ce4Mg4TiO14,157.1
implant,CeMgTi2O7,164.7
implant,CeMg2Ti2O8,143.1
implant,CeMg3Ti2O9,140.0
implant,CeMg4Ti2O10,159.0
implant,Ce2MgTi2O9,183.6
implant,Ce2Mg3Ti2O11,135.7
implant,Ce3MgTi2O11,167.7
implant,Ce3Mg2Ti2O12,164.3
implant,Ce3Mg3Ti2O13,158.5
implant,Ce3Mg4Ti2O14,146.0
implant,Ce4MgTi2O13,160.7
implant,Ce4Mg3Ti2O15,165.0
implant,CeMgTi3O9,160.5
implant,CeMg2Ti3O10,148.2
implant,CeMg3Ti3O11,146.5
implant,CeMg4Ti3O12,134.5
implant,Ce2MgTi3O11,172.2
implant,Ce2Mg2Ti3O12,169.9
implant,Ce2Mg3Ti3O13,136.8
implant,Ce2Mg4Ti3O14,136.1
implant,Ce3MgTi3O13,187.5
implant,Ce3Mg2Ti3O14,161.4
implant,Ce3Mg4Ti3O16,137.5
implant,Ce4MgTi3O15,169.8
implant,Ce4Mg2Ti3O16,167.3
implant,Ce4Mg3Ti3O17,158.8
implant,Ce4Mg4Ti3O18,147.2
implant,CeMgTi4O11,145.5
implant,CeMg2Ti4O12,154.2
implant,CeMg3Ti4O13,162.3
implant,CeMg4Ti4O14,134.4
implant,Ce2MgTi4O13,171.8
implant,Ce2Mg3Ti4O15,141.2
implant,Ce3MgTi4O15,182.1
implant,Ce3Mg2Ti4O16,175.9
implant,Ce3Mg3Ti4O17,152.6
implant,Ce3Mg4Ti4O18,143.0
implant,Ce4MgTi4O17,188.3
implant,Ce4Mg3Ti4O19,155.9
implant,SrCeTiO5,164.6
implant,Sr2CeTiO6,148.1
implant,Sr3CeTiO7,133.1
implant,Sr4CeTiO8,98.9
implant,SrCe2TiO7,170.4
implant,Sr2Ce2TiO8,147.8
implant,Sr3Ce2TiO9,133.6
implant,Sr4Ce2TiO10,124.2
implant,SrCe3TiO9,161.3
implant,Sr2Ce3TiO10,161.2
implant,Sr3Ce3TiO11,136.8
implant,Sr4Ce3TiO12,150.2
implant,SrCe4TiO11,164.1
implant,Sr2Ce4TiO12,140.0
implant,Sr3Ce4TiO13,148.4
implant,Sr4Ce4TiO14,145.9
implant,SrCeTi2O7,156.7
implant,Sr2CeTi2O8,164.0
implant,Sr3CeTi2O9,167.7
implant,Sr4CeTi2O10,145.5
implant,SrCe2Ti2O9,163.0
implant,Sr3Ce2Ti2O11,156.0
implant,SrCe3Ti2O11,171.2
implant,Sr2Ce3Ti2O12,171.9
implant,Sr3Ce3Ti2O13,137.6
implant,Sr4Ce3Ti2O14,129.7
implant,SrCe4Ti2O13,156.5
implant,Sr3Ce4Ti2O15,151.5
implant,SrCeTi3O9,165.3
implant,Sr2CeTi3O10,167.5
implant,Sr3CeTi3O11,162.4
implant,Sr4CeTi3O12,165.3
implant,SrCe2Ti3O11,148.0
implant,Sr2Ce2Ti3O12,159.6
implant,Sr3Ce2Ti3O13,162.3
implant,Sr4Ce2Ti3O14,160.4
implant,SrCe3Ti3O13,168.6
implant,Sr2Ce3Ti3O14,161.8
implant,Sr4Ce3Ti3O16,157.5
implant,SrCe4Ti3O15,166.5
implant,Sr2Ce4Ti3O16,171.2
implant,Sr3Ce4Ti3O17,176.9
implant,Sr4Ce4Ti3O18,164.0
implant,SrCeTi4O11,181.4
implant,Sr2CeTi4O12,161.6
implant,Sr3CeTi4O13,149.8
implant,Sr4CeTi4O14,162.2
implant,SrCe2Ti4O13,163.3
implant,Sr3Ce2Ti4O15,160.4
implant,SrCe3Ti4O15,165.3
implant,Sr2Ce3Ti4O16,159.7
implant,Sr3Ce3Ti4O17,162.3
implant,Sr4Ce3Ti4O18,166.2
implant,SrCe4Ti4O17,174.5
implant,Sr3Ce4Ti4O19,158.3
implant,TiAlPO6,176.2
implant,Ti2Al4P2O15,182.3
implant,TiAl3PO9,178.0
implant,Ti2Al8P2O21,175.1
implant,Ti2Al2P4O17,126.2
implant,TiAl2(PO5)2,170.6
implant,Ti2Al6P4O23,165.3
implant,TiAl4P2O13,190.5
implant,TiAlP3O11,85.3
implant,Ti2Al4P6O25,97.5
implant,TiAl3P3O14,154.0
implant,Ti2Al2P8O27,83.1
implant,TiAl2P4O15,76.2
implant,TiAl4(P2O9)2,129.4
implant,Ti2AlPO8,167.1
implant,Ti4Al4P2O19,193.7
implant,Ti2Al3PO11,203.0
implant,Ti4Al8P2O25,178.0
implant,Ti4Al2P4O21,159.7
implant,Ti2AlP3O13,162.8
implant,Ti2Al3P3O16,189.4
implant,Ti3AlPO10,165.4
implant,Ti6Al4P2O23,178.6
implant,Ti3Al3PO13,168.1
implant,Ti6Al2P4O25,163.2
implant,Ti3Al2(PO7)2,184.3
implant,Ti3Al4P2O17,203.4
implant,Ti3Al(PO5)3,157.0
implant,Ti3Al2P4O19,152.5
implant,Ti3Al4(P2O11)2,184.9
implant,Ti4AlPO12,161.6
implant,Ti4Al3PO15,168.5
implant,Ti4AlP3O17,164.1
implant,Ti4Al3P3O20,191.4
implant,YTiPO6,134.1
implant,Y4Ti2P2O15,149.4
implant,Y3TiPO9,140.9
implant,Y8Ti2P2O21,179.3
implant,Y2Ti2P4O17,147.2
implant,Y2Ti(PO5)2,143.0
implant,Y6Ti2P4O23,160.0
implant,Y4TiP2O13,164.0
implant,YTiP3O11,130.8
implant,Y4Ti2P6O25,154.4
implant,Y3TiP3O14,142.9
implant,Y2Ti2P8O27,109.1
implant,Y2TiP4O15,121.3
implant,Y4Ti(P2O9)2,147.8
implant,YTi2PO8,131.8
implant,Y4Ti4P2O19,139.0
implant,Y3Ti2PO11,151.1
implant,Y8Ti4P2O25,151.4
implant,Y2Ti4P4O21,149.7
implant,YTi2P3O13,123.2
implant,Y3Ti2P3O16,134.6
implant,YTi3PO10,113.1
implant,Y4Ti6P2O23,146.7
implant,Y3Ti3PO13,168.9
implant,Y2Ti6P4O25,133.8
implant,Y2Ti3(PO7)2,148.1
implant,Y4Ti3P2O17,149.8
implant,YTi3(PO5)3,152.9
implant,Y2Ti3P4O19,169.1
implant,Y4Ti3(P2O11)2,133.8
implant,YTi4PO12,97.6
implant,Y3Ti4PO15,168.3
implant,YTi4P3O17,147.9
implant,Y3Ti4P3O20,152.3
implant,LaTiPO6,140.8
implant,La4Ti2P2O15,146.7
implant,La3TiPO9,147.8
implant,La8Ti2P2O21,148.5
implant,La2Ti2P4O17,151.3
implant,La2Ti(PO5)2,126.9
implant,La6Ti2P4O23,153.6
implant,La4TiP2O13,144.5
implant,LaTiP3O11,124.8
implant,La4Ti2P6O25,127.5
implant,La3TiP3O14,128.5
implant,La2Ti2P8O27,107.5
implant,La2TiP4O15,131.7
implant,La4Ti(P2O9)2,144.5
implant,LaTi2PO8,129.8
implant,La4Ti4P2O19,125.9
implant,La3Ti2PO11,142.1
implant,La8Ti4P2O25,179.1
implant,La2Ti4P4O21,134.0
implant,LaTi2P3O13,121.4
implant,La3Ti2P3O16,121.3
implant,LaTi3PO10,105.0
implant,La4Ti6P2O23,119.6
implant,La3Ti3PO13,158.2
implant,La2Ti6P4O25,126.7
implant,La2Ti3(PO7)2,143.4
implant,La4Ti3P2O17,142.8
implant,LaTi3(PO5)3,147.7
implant,La2Ti3P4O19,136.0
implant,La4Ti3(P2O11)2,121.3
implant,LaTi4PO12,93.0
implant,La3Ti4PO15,166.6
implant,LaTi4P3O17,122.1
implant,La3Ti4P3O20,143.4
implant,Ca2Ti2P2O11,130.9
implant,Ca4Ti2P2O13,141.3
implant,Ca6Ti2P2O15,132.7
implant,Ca8Ti2P2O17,146.7
implant,CaTi(PO4)2,149.9
implant,Ca2TiP2O9,126.2
implant,Ca3Ti(PO5)2,133.1
implant,Ca4TiP2O11,126.6
implant,Ca2Ti2(P2O7)3,139.2
implant,Ca4Ti2P6O23,150.7
implant,Ca6Ti2P6O25,124.6
implant,CaTiP4O13,119.7
implant,Ca2Ti(P2O7)2,140.5
implant,Ca3TiP4O15,143.7
implant,Ca4Ti(PO4)4,122.5
implant,Ca2Ti4P2O15,126.0
implant,Ca4Ti4P2O17,123.2
implant,Ca6Ti4P2O19,142.5
implant,Ca8Ti4P2O21,183.8
implant,CaTi2(PO5)2,160.1
implant,Ca3Ti2(PO6)2,121.4
implant,Ca2Ti4P6O25,144.7
implant,CaTi2P4O15,143.0
implant,Ca3Ti2P4O17,128.9
implant,Ca2Ti6P2O19,128.3
implant,Ca4Ti6P2O21,156.3
implant,Ca6Ti6P2O23,162.1
implant,CaTi3(PO6)2,161.4
implant,Ca2Ti3P2O13,129.4
implant,Ca3Ti3(PO7)2,124.2
implant,Ca4Ti3P2O15,127.5
implant,CaTi3P4O17,130.5
implant,Ca2Ti3(P2O9)2,157.0
implant,Ca3Ti3P4O19,129.4
implant,Ca4Ti3(PO5)4,114.6
implant,Ca2Ti8P2O23,127.3
implant,Ca4Ti8P2O25,169.8
implant,CaTi4(PO7)2,139.9
implant,Ca3Ti4(PO8)2,126.9
implant,CaTi4P4O19,152.4
implant,Ca3Ti4P4O21,142.5
implant,Mg2Ti2P2O11,140.9
implant,Mg4Ti2P2O13,129.9
implant,Mg6Ti2P2O15,152.7
implant,Mg8Ti2P2O17,152.0
implant,MgTi(PO4)2,157.8
implant,Mg2TiP2O9,139.5
implant,Mg3Ti(PO5)2,110.5
implant,Mg4TiP2O11,120.5
implant,Mg2Ti2(P2O7)3,116.3
implant,Mg4Ti2P6O23,173.1
implant,Mg6Ti2P6O25,128.4
implant,MgTiP4O13,110.3
implant,Mg2Ti(P2O7)2,170.0
implant,Mg3TiP4O15,184.7
implant,Mg4Ti(PO4)4,125.8
implant,Mg2Ti4P2O15,133.1
implant,Mg4Ti4P2O17,119.9
implant,Mg6Ti4P2O19,131.2
implant,Mg8Ti4P2O21,149.9
implant,MgTi2(PO5)2,146.1
implant,Mg3Ti2(PO6)2,112.0
implant,Mg2Ti4P6O25,137.3
implant,MgTi2P4O15,140.9
implant,Mg3Ti2P4O17,157.8
implant,Mg2Ti6P2O19,118.9
implant,Mg4Ti6P2O21,141.9
implant,Mg6Ti6P2O23,142.7
implant,MgTi3(PO6)2,146.1
implant,Mg2Ti3P2O13,132.7
implant,Mg3Ti3(PO7)2,123.1
implant,Mg4Ti3P2O15,109.0
implant,MgTi3P4O17,128.9
implant,Mg2Ti3(P2O9)2,157.6
implant,Mg3Ti3P4O19,138.0
implant,Mg4Ti3(PO5)4,125.9
implant,Mg2Ti8P2O23,114.8
implant,Mg4Ti8P2O25,147.7
implant,MgTi4(PO7)2,153.8
implant,Mg3Ti4(PO8)2,123.4
implant,MgTi4P4O19,144.4
implant,Mg3Ti4P4O21,137.4
implant,Sr2Ti2P2O11,125.5
implant,Sr4Ti2P2O13,129.1
implant,Sr6Ti2P2O15,139.1
implant,Sr8Ti2P2O17,150.4
implant,SrTi(PO4)2,168.3
implant,Sr2TiP2O9,119.9
implant,Sr3Ti(PO5)2,129.2
implant,Sr4TiP2O11,122.8
implant,Sr2Ti2(P2O7)3,113.8
implant,Sr4Ti2P6O23,138.6
implant,Sr6Ti2P6O25,107.5
implant,SrTiP4O13,107.2
implant,Sr2Ti(P2O7)2,147.9
implant,Sr3TiP4O15,128.6
implant,Sr4Ti(PO4)4,114.0
implant,Sr2Ti4P2O15,139.0
implant,Sr4Ti4P2O17,140.2
implant,Sr6Ti4P2O19,141.6
implant,Sr8Ti4P2O21,150.4
implant,SrTi2(PO5)2,134.6
implant,Sr3Ti2(PO6)2,119.9
implant,Sr2Ti4P6O25,144.9
implant,SrTi2P4O15,114.0
implant,Sr3Ti2P4O17,126.6
implant,Sr2Ti6P2O19,123.8
implant,Sr4Ti6P2O21,127.4
implant,Sr6Ti6P2O23,145.0
implant,SrTi3(PO6)2,137.9
implant,Sr2Ti3P2O13,138.3
implant,Sr3Ti3(PO7)2,113.7
implant,Sr4Ti3P2O15,125.9
implant,SrTi3P4O17,148.9
implant,Sr2Ti3(P2O9)2,139.4
implant,Sr3Ti3P4O19,122.2
implant,Sr4Ti3(PO5)4,115.1
implant,Sr2Ti8P2O23,130.1
implant,Sr4Ti8P2O25,152.5
implant,SrTi4(PO7)2,145.0
implant,Sr3Ti4(PO8)2,122.2
implant,SrTi4P4O19,150.1
implant,Sr3Ti4P4O21,139.5
implant,YTiAlO5,184.8
implant,Y4Ti2Al2O13,195.4
implant,Y3TiAlO8,211.3
implant,Y8Ti2Al2O19,215.0
implant,Y2Ti2Al4O13,164.5
implant,Y2TiAl2O8,183.8
implant,Y6Ti2Al4O19,195.4
implant,Y4TiAl2O11,199.1
implant,YTiAl3O8,145.1
implant,Y4Ti2Al6O19,189.9
implant,Y3TiAl3O11,190.0
implant,Y2Ti2Al8O19,127.1
implant,Y2TiAl4O11,171.2
implant,Y4TiAl4O14,193.5
implant,YTi2AlO7,174.7
implant,Y4Ti4Al2O17,192.0
implant,Y3Ti2AlO10,193.2
implant,Y8Ti4Al2O23,206.2
implant,Y2Ti4Al4O17,155.1
implant,Y6Ti4Al4O23,188.9
implant,YTi2Al3O10,166.2
implant,Y4Ti4Al6O23,180.0
implant,Y3Ti2Al3O13,189.5
implant,Y2Ti4Al8O23,162.4
implant,YTi3AlO9,175.0
implant,Y4Ti6Al2O21,176.5
implant,Y3Ti3AlO12,188.5
implant,Y2Ti6Al4O21,157.0
implant,Y2Ti3Al2O12,177.2
implant,Y4Ti3Al2O15,191.1
implant,YTi3Al3O12,160.4
implant,Y2Ti3Al4O15,168.7
implant,Y4Ti3Al4O18,187.8
implant,YTi4AlO11,174.7
implant,Y4Ti8Al2O25,178.9
implant,Y3Ti4AlO14,181.0
implant,Y2Ti8Al4O25,153.3
implant,YTi4Al3O14,159.5
implant,Y3Ti4Al3O17,180.2
implant,LaTiAlO5,172.8
implant,La4Ti2Al2O13,192.9
implant,La3TiAlO8,155.4
implant,La8Ti2Al2O19,165.7
implant,La2Ti2Al4O13,159.1
implant,La2TiAl2O8,177.2
implant,La6Ti2Al4O19,214.7
implant,La4TiAl2O11,188.1
implant,LaTiAl3O8,147.6
implant,La4Ti2Al6O19,198.6
implant,La3TiAl3O11,213.3
implant,La2Ti2Al8O19,134.6
implant,La2TiAl4O11,164.4
implant,La4TiAl4O14,211.3
implant,LaTi2AlO7,149.3
implant,La4Ti4Al2O17,203.3
implant,La3Ti2AlO10,186.3
implant,La8Ti4Al2O23,190.8
implant,La2Ti4Al4O17,148.1
implant,La6Ti4Al4O23,207.8
implant,LaTi2Al3O10,146.9
implant,La4Ti4Al6O23,152.6
implant,La3Ti2Al3O13,180.4
implant,La2Ti4Al8O23,137.2
implant,LaTi3AlO9,170.2
implant,La4Ti6Al2O21,175.4
implant,La3Ti3AlO12,205.3
implant,La2Ti6Al4O21,143.6
implant,La2Ti3Al2O12,166.3
implant,La4Ti3Al2O15,208.5
implant,LaTi3Al3O12,139.8
implant,La2Ti3Al4O15,171.6
implant,La4Ti3Al4O18,170.7
implant,LaTi4AlO11,178.9
implant,La4Ti8Al2O25,190.8
implant,La3Ti4AlO14,199.4
implant,La2Ti8Al4O25,139.7
implant,LaTi4Al3O14,127.5
implant,La3Ti4Al3O17,170.3
implant,Ca2Ti2Al2O9,197.0
implant,Ca4Ti2Al2O11,146.9
implant,Ca6Ti2Al2O13,143.7
implant,Ca8Ti2Al2O15,141.1
implant,CaTiAl2O6,186.3
implant,Ca2TiAl2O7,153.5
implant,Ca3TiAl2O8,170.4
implant,Ca4TiAl2O9,151.0
implant,Ca2Ti2Al6O15,160.5
implant,Ca4Ti2Al6O17,193.9
implant,Ca6Ti2Al6O19,155.8
implant,Ca8Ti2Al6O21,158.9
implant,CaTiAl4O9,160.0
implant,Ca2TiAl4O10,167.6
implant,Ca3TiAl4O11,150.8
implant,Ca4TiAl4O12,163.7
implant,Ca2Ti4Al2O13,183.3
implant,Ca4Ti4Al2O15,185.4
implant,Ca6Ti4Al2O17,192.7
implant,Ca8Ti4Al2O19,147.7
implant,CaTi2Al2O8,161.4
implant,Ca3Ti2Al2O10,185.2
implant,Ca2Ti4Al6O19,164.9
implant,Ca4Ti4Al6O21,195.0
implant,Ca6Ti4Al6O23,188.7
implant,CaTi2Al4O11,155.5
implant,Ca3Ti2Al4O13,204.1
implant,Ca2Ti6Al2O17,189.3
implant,Ca4Ti6Al2O19,194.4
implant,Ca6Ti6Al2O21,205.2
implant,Ca8Ti6Al2O23,196.2
implant,CaTi3Al2O10,163.0
implant,Ca2Ti3Al2O11,183.0
implant,Ca3Ti3Al2O12,195.2
implant,Ca4Ti3Al2O13,188.1
implant,Ca2Ti6Al6O23,160.5
implant,CaTi3Al4O13,167.3
implant,Ca2Ti3Al4O14,181.0
implant,Ca3Ti3Al4O15,184.5
implant,Ca4Ti3Al4O16,189.8
implant,Ca2Ti8Al2O21,179.0
implant,Ca4Ti8Al2O23,191.1
implant,CaTi4Al2O12,164.8
implant,Ca3Ti4Al2O14,199.9
implant,CaTi4Al4O15,167.3
implant,Ca3Ti4Al4O17,186.0
implant,Mg2Ti2Al2O9,164.3
implant,Mg4Ti2Al2O11,140.5
implant,Mg6Ti2Al2O13,155.8
implant,Mg8Ti2Al2O15,162.2
implant,MgTiAl2O6,167.7
implant,Mg2TiAl2O7,142.6
implant,Mg3TiAl2O8,136.1
implant,Mg4TiAl2O9,157.7
implant,Mg2Ti2Al6O15,171.7
implant,Mg4Ti2Al6O17,163.7
implant,Mg6Ti2Al6O19,133.9
implant,Mg8Ti2Al6O21,125.6
implant,MgTiAl4O9,167.0
implant,Mg2TiAl4O10,165.9
implant,Mg3TiAl4O11,136.1
implant,Mg4TiAl4O12,130.3
implant,Mg2Ti4Al2O13,147.8
implant,Mg4Ti4Al2O15,172.0
implant,Mg6Ti4Al2O17,168.5
implant,Mg8Ti4Al2O19,138.1
implant,MgTi2Al2O8,146.3
implant,Mg3Ti2Al2O10,159.3
implant,Mg2Ti4Al6O19,162.6
implant,Mg4Ti4Al6O21,179.9
implant,Mg6Ti4Al6O23,166.0
implant,MgTi2Al4O11,170.2
implant,Mg3Ti2Al4O13,165.2
implant,Mg2Ti6Al2O17,164.3
implant,Mg4Ti6Al2O19,154.4
implant,Mg6Ti6Al2O21,173.8
implant,Mg8Ti6Al2O23,175.1
implant,MgTi3Al2O10,148.1
implant,Mg2Ti3Al2O11,146.8
implant,Mg3Ti3Al2O12,161.3
implant,Mg4Ti3Al2O13,166.6
implant,Mg2Ti6Al6O23,147.6
implant,MgTi3Al4O13,161.5
implant,Mg2Ti3Al4O14,154.7
implant,Mg3Ti3Al4O15,156.9
implant,Mg4Ti3Al4O16,161.0
implant,Mg2Ti8Al2O21,158.4
implant,Mg4Ti8Al2O23,157.0
implant,MgTi4Al2O12,152.7
implant,Mg3Ti4Al2O14,148.9
implant,MgTi4Al4O15,151.6
implant,Mg3Ti4Al4O17,156.8
implant,Sr2Ti2Al2O9,197.4
implant,Sr4Ti2Al2O11,157.0
implant,Sr6Ti2Al2O13,159.0
implant,Sr8Ti2Al2O15,158.7
implant,SrTiAl2O6,192.5
implant,Sr2TiAl2O7,153.8
implant,Sr3TiAl2O8,155.8
implant,Sr4TiAl2O9,164.3
implant,Sr2Ti2Al6O15,179.1
implant,Sr4Ti2Al6O17,188.8
implant,Sr6Ti2Al6O19,157.9
implant,Sr8Ti2Al6O21,151.3
implant,SrTiAl4O9,172.1
implant,Sr2TiAl4O10,157.7
implant,Sr3TiAl4O11,152.3
implant,Sr4TiAl4O12,152.8
implant,Sr2Ti4Al2O13,196.9
implant,Sr4Ti4Al2O15,207.3
implant,Sr6Ti4Al2O17,184.2
implant,Sr8Ti4Al2O19,166.6
implant,SrTi2Al2O8,156.1
implant,Sr3Ti2Al2O10,172.3
implant,Sr2Ti4Al6O19,171.7
implant,Sr4Ti4Al6O21,191.2
implant,Sr6Ti4Al6O23,192.5
implant,SrTi2Al4O11,148.5
implant,Sr3Ti2Al4O13,192.2
implant,Sr2Ti6Al2O17,203.3
implant,Sr4Ti6Al2O19,201.7
implant,Sr6Ti6Al2O21,181.6
implant,Sr8Ti6Al2O23,178.4
implant,SrTi3Al2O10,169.7
implant,Sr2Ti3Al2O11,202.2
implant,Sr3Ti3Al2O12,197.4
implant,Sr4Ti3Al2O13,175.2
implant,Sr2Ti6Al6O23,170.8
implant,SrTi3Al4O13,167.5
implant,Sr2Ti3Al4O14,182.6
implant,Sr3Ti3Al4O15,189.5
implant,Sr4Ti3Al4O16,162.6
implant,Sr2Ti8Al2O21,186.1
implant,Sr4Ti8Al2O23,199.7
implant,SrTi4Al2O12,168.3
implant,Sr3Ti4Al2O14,201.0
implant,SrTi4Al4O15,170.8
implant,Sr3Ti4Al4O17,186.0
implant,LaYTiO5,168.7
implant,La4Y2Ti2O13,159.6
implant,La3YTiO8,146.4
implant,La8Y2Ti2O19,147.7
implant,La2Y4Ti2O13,172.0
implant,La2Y2TiO8,158.8
implant,La6Y4Ti2O19,155.6
implant,La4Y2TiO11,153.7
implant,LaY3TiO8,173.6
implant,La4Y6Ti2O19,166.0
implant,La3Y3TiO11,157.9
implant,La2Y8Ti2O19,173.5
implant,La2Y4TiO11,166.6
implant,La4Y4TiO14,157.6
implant,LaYTi2O7,186.8
implant,La4Y2Ti4O17,176.3
implant,La3YTi2O10,157.0
implant,La8Y2Ti4O23,159.3
implant,La2Y4Ti4O17,179.1
implant,La6Y4Ti4O23,165.7
implant,LaY3Ti2O10,180.1
implant,La4Y6Ti4O23,172.0
implant,La3Y3Ti2O13,166.2
implant,La2Y8Ti4O23,170.2
implant,LaYTi3O9,193.8
implant,La4Y2Ti6O21,188.5
implant,La3YTi3O12,178.3
implant,La2Y4Ti6O21,194.3
implant,La2Y2Ti3O12,189.4
implant,La4Y2Ti3O15,156.9
implant,LaY3Ti3O12,190.0
implant,La2Y4Ti3O15,180.6
implant,La4Y4Ti3O18,167.9
implant,LaYTi4O11,171.7
implant,La4Y2Ti8O25,186.6
implant,La3YTi4O14,188.7
implant,La2Y4Ti8O25,191.9
implant,LaY3Ti4O14,194.3
implant,La3Y3Ti4O17,181.8
implant,Ca2Y2Ti2O9,182.7
implant,Ca4Y2Ti2O11,163.8
implant,Ca6Y2Ti2O13,164.0
implant,Ca8Y2Ti2O15,164.8
implant,CaY2TiO6,197.2
implant,Ca2Y2TiO7,162.9
implant,Ca3Y2TiO8,177.9
implant,Ca4Y2TiO9,166.8
implant,Ca2Y6Ti2O15,200.2
implant,Ca4Y6Ti2O17,195.2
implant,Ca6Y6Ti2O19,174.1
implant,Ca8Y6Ti2O21,170.3
implant,CaY4TiO9,212.4
implant,Ca2Y4TiO10,202.5
implant,Ca3Y4TiO11,183.8
implant,Ca4Y4TiO12,175.4
implant,Ca2Y2Ti4O13,170.1
implant,Ca4Y2Ti4O15,168.7
implant,Ca6Y2Ti4O17,162.5
implant,Ca8Y2Ti4O19,162.1
implant,CaY2Ti2O8,172.3
implant,Ca3Y2Ti2O10,179.8
implant,Ca2Y6Ti4O19,182.2
implant,Ca4Y6Ti4O21,186.5
implant,Ca6Y6Ti4O23,174.4
implant,CaY4Ti2O11,185.1
implant,Ca3Y4Ti2O13,189.5
implant,Ca2Y2Ti6O17,197.6
implant,Ca4Y2Ti6O19,171.9
implant,Ca6Y2Ti6O21,161.8
implant,Ca8Y2Ti6O23,157.9
implant,CaY2Ti3O10,175.5
implant,Ca2Y2Ti3O11,165.1
implant,Ca3Y2Ti3O12,168.7
implant,Ca4Y2Ti3O13,177.6
implant,Ca2Y6Ti6O23,179.3
implant,CaY4Ti3O13,186.0
implant,Ca2Y4Ti3O14,170.1
implant,Ca3Y4Ti3O15,178.8
implant,Ca4Y4Ti3O16,179.4
implant,Ca2Y2Ti8O21,205.2
implant,Ca4Y2Ti8O23,175.5
implant,CaY2Ti4O12,196.1
implant,Ca3Y2Ti4O14,164.9
implant,CaY4Ti4O15,181.6
implant,Ca3Y4Ti4O17,174.0
implant,Y2Mg2Ti2O9,169.2
implant,Y2Mg4Ti2O11,150.4
implant,Y2Mg6Ti2O13,153.7
implant,Y2Mg8Ti2O15,142.6
implant,Y2MgTiO6,162.3
implant,Y2Mg2TiO7,165.0
implant,Y2Mg3TiO8,166.5
implant,Y2Mg4TiO9,156.0
implant,Y6Mg2Ti2O15,183.6
implant,Y6Mg4Ti2O17,173.8
implant,Y6Mg6Ti2O19,164.4
implant,Y6Mg8Ti2O21,165.1
implant,Y4MgTiO9,200.9
implant,Y4Mg2TiO10,182.7
implant,Y4Mg3TiO11,166.6
implant,Y4Mg4TiO12,166.6
implant,Y2Mg2Ti4O13,169.7
implant,Y2Mg4Ti4O15,163.2
implant,Y2Mg6Ti4O17,163.9
implant,Y2Mg8Ti4O19,142.0
implant,Y2MgTi2O8,165.6
implant,Y2Mg3Ti2O10,173.6
implant,Y6Mg2Ti4O19,168.4
implant,Y6Mg4Ti4O21,167.3
implant,Y6Mg6Ti4O23,168.9
implant,Y4MgTi2O11,174.2
implant,Y4Mg3Ti2O13,163.8
implant,Y2Mg2Ti6O17,168.6
implant,Y2Mg4Ti6O19,164.7
implant,Y2Mg6Ti6O21,159.5
implant,Y2Mg8Ti6O23,163.9
implant,Y2MgTi3O10,158.1
implant,Y2Mg2Ti3O11,170.9
implant,Y2Mg3Ti3O12,151.4
implant,Y2Mg4Ti3O13,153.8
implant,Y6Mg2Ti6O23,162.3
implant,Y4MgTi3O13,167.7
implant,Y4Mg2Ti3O14,158.5
implant,Y4Mg3Ti3O15,166.1
implant,Y4Mg4Ti3O16,169.4
implant,Y2Mg2Ti8O21,175.2
implant,Y2Mg4Ti8O23,158.6
implant,Y2MgTi4O12,189.5
implant,Y2Mg3Ti4O14,160.0
implant,Y4MgTi4O15,162.3
implant,Y4Mg3Ti4O17,159.7
implant,Sr2Y2Ti2O9,181.2
implant,Sr4Y2Ti2O11,142.6
implant,Sr6Y2Ti2O13,140.3
implant,Sr8Y2Ti2O15,123.4
implant,SrY2TiO6,189.2
implant,Sr2Y2TiO7,142.1
implant,Sr3Y2TiO8,150.6
implant,Sr4Y2TiO9,133.1
implant,Sr2Y6Ti2O15,198.2
implant,Sr4Y6Ti2O17,147.4
implant,Sr6Y6Ti2O19,146.5
implant,Sr8Y6Ti2O21,159.7
implant,SrY4TiO9,208.2
implant,Sr2Y4TiO10,155.2
implant,Sr3Y4TiO11,157.2
implant,Sr4Y4TiO12,162.9
implant,Sr2Y2Ti4O13,181.4
implant,Sr4Y2Ti4O15,170.1
implant,Sr6Y2Ti4O17,171.2
implant,Sr8Y2Ti4O19,143.6
implant,SrY2Ti2O8,199.6
implant,Sr3Y2Ti2O10,174.0
implant,Sr2Y6Ti4O19,187.4
implant,Sr4Y6Ti4O21,190.7
implant,Sr6Y6Ti4O23,146.6
implant,SrY4Ti2O11,188.9
implant,Sr3Y4Ti2O13,147.4
implant,Sr2Y2Ti6O17,184.1
implant,Sr4Y2Ti6O19,187.8
implant,Sr6Y2Ti6O21,172.0
implant,Sr8Y2Ti6O23,161.2
implant,SrY2Ti3O10,195.7
implant,Sr2Y2Ti3O11,197.8
implant,Sr3Y2Ti3O12,170.1
implant,Sr4Y2Ti3O13,171.0
implant,Sr2Y6Ti6O23,187.1
implant,SrY4Ti3O13,193.5
implant,Sr2Y4Ti3O14,197.8
implant,Sr3Y4Ti3O15,183.1
implant,Sr4Y4Ti3O16,173.1
implant,Sr2Y2Ti8O21,194.6
implant,Sr4Y2Ti8O23,175.6
implant,SrY2Ti4O12,177.4
implant,Sr3Y2Ti4O14,190.8
implant,SrY4Ti4O15,195.3
implant,Sr3Y4Ti4O17,177.7
implant,Ca2La2Ti2O9,170.3
implant,Ca4La2Ti2O11,158.1
implant,Ca6La2Ti2O13,130.9
implant,Ca8La2Ti2O15,131.1
implant,CaLa2TiO6,176.6
implant,Ca2La2TiO7,163.6
implant,Ca3La2TiO8,170.6
implant,Ca4La2TiO9,136.1
implant,Ca2La6Ti2O15,158.3
implant,Ca4La6Ti2O17,143.8
implant,Ca6La6Ti2O19,129.3
implant,Ca8La6Ti2O21,129.6
implant,CaLa4TiO9,162.0
implant,Ca2La4TiO10,137.8
implant,Ca3La4TiO11,138.4
implant,Ca4La4TiO12,122.1
implant,Ca2La2Ti4O13,178.9
implant,Ca4La2Ti4O15,168.2
implant,Ca6La2Ti4O17,168.1
implant,Ca8La2Ti4O19,147.8
implant,CaLa2Ti2O8,162.0
implant,Ca3La2Ti2O10,163.0
implant,Ca2La6Ti4O19,173.0
implant,Ca4La6Ti4O21,174.5
implant,Ca6La6Ti4O23,166.3
implant,CaLa4Ti2O11,157.1
implant,Ca3La4Ti2O13,171.9
implant,Ca2La2Ti6O17,179.4
implant,Ca4La2Ti6O19,172.4
implant,Ca6La2Ti6O21,170.7
implant,Ca8La2Ti6O23,167.5
implant,CaLa2Ti3O10,181.7
implant,Ca2La2Ti3O11,181.7
implant,Ca3La2Ti3O12,183.1
implant,Ca4La2Ti3O13,179.9
implant,Ca2La6Ti6O23,164.9
implant,CaLa4Ti3O13,164.3
implant,Ca2La4Ti3O14,171.8
implant,Ca3La4Ti3O15,174.8
implant,Ca4La4Ti3O16,166.6
implant,Ca2La2Ti8O21,191.6
implant,Ca4La2Ti8O23,169.7
implant,CaLa2Ti4O12,195.3
implant,Ca3La2Ti4O14,163.4
implant,CaLa4Ti4O15,181.9
implant,Ca3La4Ti4O17,171.8
implant,La2Mg2Ti2O9,181.0
implant,La2Mg4Ti2O11,154.3
implant,La2Mg6Ti2O13,156.3
implant,La2Mg8Ti2O15,154.6
implant,La2MgTiO6,187.9
implant,La2Mg2TiO7,173.6
implant,La2Mg3TiO8,171.4
implant,La2Mg4TiO9,153.4
implant,La6Mg2Ti2O15,172.9
implant,La6Mg4Ti2O17,190.4
implant,La6Mg6Ti2O19,184.2
implant,La6Mg8Ti2O21,166.1
implant,La4MgTiO9,159.9
implant,La4Mg2TiO10,172.6
implant,La4Mg3TiO11,190.5
implant,La4Mg4TiO12,184.6
implant,La2Mg2Ti4O13,159.8
implant,La2Mg4Ti4O15,157.2
implant,La2Mg6Ti4O17,184.6
implant,La2Mg8Ti4O19,157.1
implant,La2MgTi2O8,177.5
implant,La2Mg3Ti2O10,168.8
implant,La6Mg2Ti4O19,183.8
implant,La6Mg4Ti4O21,193.0
implant,La6Mg6Ti4O23,202.2
implant,La4MgTi2O11,166.2
implant,La4Mg3Ti2O13,188.6
implant,La2Mg2Ti6O17,161.1
implant,La2Mg4Ti6O19,166.5
implant,La2Mg6Ti6O21,168.1
implant,La2Mg8Ti6O23,176.2
implant,La2MgTi3O10,187.0
implant,La2Mg2Ti3O11,161.2
implant,La2Mg3Ti3O12,155.6
implant,La2Mg4Ti3O13,159.8
implant,La6Mg2Ti6O23,180.5
implant,La4MgTi3O13,176.4
implant,La4Mg2Ti3O14,182.3
implant,La4Mg3Ti3O15,187.2
implant,La4Mg4Ti3O16,179.5
implant,La2Mg2Ti8O21,184.0
implant,La2Mg4Ti8O23,160.8
implant,La2MgTi4O12,199.0
implant,La2Mg3Ti4O14,157.6
implant,La4MgTi4O15,180.4
implant,La4Mg3Ti4O17,175.3
implant,Sr2La2Ti2O9,149.3
implant,Sr4La2Ti2O11,133.6
implant,Sr6La2Ti2O13,127.8
implant,Sr8La2Ti2O15,102.8
implant,SrLa2TiO6,155.0
implant,Sr2La2TiO7,133.4
implant,Sr3La2TiO8,134.5
implant,Sr4La2TiO9,109.0
implant,Sr2La6Ti2O15,153.4
implant,Sr4La6Ti2O17,136.9
implant,Sr6La6Ti2O19,135.2
implant,Sr8La6Ti2O21,133.5
implant,SrLa4TiO9,151.3
implant,Sr2La4TiO10,143.6
implant,Sr3La4TiO11,140.2
implant,Sr4La4TiO12,125.7
implant,Sr2La2Ti4O13,161.8
implant,Sr4La2Ti4O15,164.5
implant,Sr6La2Ti4O17,145.4
implant,Sr8La2Ti4O19,130.2
implant,SrLa2Ti2O8,169.7
implant,Sr3La2Ti2O10,140.5
implant,Sr2La6Ti4O19,150.9
implant,Sr4La6Ti4O21,146.7
implant,Sr6La6Ti4O23,125.3
implant,SrLa4Ti2O11,153.3
implant,Sr3La4Ti2O13,140.9
implant,Sr2La2Ti6O17,195.0
implant,Sr4La2Ti6O19,173.1
implant,Sr6La2Ti6O21,167.8
implant,Sr8La2Ti6O23,166.1
implant,SrLa2Ti3O10,187.7
implant,Sr2La2Ti3O11,166.8
implant,Sr3La2Ti3O12,165.5
implant,Sr4La2Ti3O13,146.8
implant,Sr2La6Ti6O23,170.1
implant,SrLa4Ti3O13,164.6
implant,Sr2La4Ti3O14,153.9
implant,Sr3La4Ti3O15,144.7
implant,Sr4La4Ti3O16,131.2
implant,Sr2La2Ti8O21,190.2
implant,Sr4La2Ti8O23,188.1
implant,SrLa2Ti4O12,184.1
implant,Sr3La2Ti4O14,165.1
implant,SrLa4Ti4O15,170.4
implant,Sr3La4Ti4O17,167.0
implant,CaMgTiO4,168.2
implant,CaMg2TiO5,185.2
implant,CaMg3TiO6,146.8
implant,CaMg4TiO7,135.0
implant,Ca2MgTiO5,144.5
implant,Ca2Mg2TiO6,138.5
implant,Ca2Mg3TiO7,146.5
implant,Ca2Mg4TiO8,144.9
implant,Ca3MgTiO6,133.0
implant,Ca3Mg2TiO7,138.8
implant,Ca3Mg3TiO8,142.1
implant,Ca3Mg4TiO9,142.0
implant,Ca4MgTiO7,121.1
implant,Ca4Mg2TiO8,137.5
implant,Ca4Mg3TiO9,140.6
implant,Ca4Mg4TiO10,138.4
implant,CaMgTi2O6,200.5
implant,CaMg2Ti2O7,164.3
implant,CaMg3Ti2O8,184.5
implant,CaMg4Ti2O9,183.9
implant,Ca2MgTi2O7,171.0
implant,Ca2Mg3Ti2O9,170.3
implant,Ca3MgTi2O8,170.4
implant,Ca3Mg2Ti2O9,168.4
implant,Ca3Mg3Ti2O10,155.6
implant,Ca3Mg4Ti2O11,156.6
implant,Ca4MgTi2O9,140.2
implant,Ca4Mg3Ti2O11,142.9
implant,CaMgTi3O8,190.2
implant,CaMg2Ti3O9,194.5
implant,CaMg3Ti3O10,188.8
implant,CaMg4Ti3O11,153.5
implant,Ca2MgTi3O9,189.1
implant,Ca2Mg2Ti3O10,178.4
implant,Ca2Mg3Ti3O11,162.4
implant,Ca2Mg4Ti3O12,183.5
implant,Ca3MgTi3O10,197.5
implant,Ca3Mg2Ti3O11,159.1
implant,Ca3Mg4Ti3O13,166.8
implant,Ca4MgTi3O11,174.3
implant,Ca4Mg2Ti3O12,171.7
implant,Ca4Mg3Ti3O13,168.9
implant,Ca4Mg4Ti3O14,155.6
implant,CaMgTi4O10,178.4
implant,CaMg2Ti4O11,177.4
implant,CaMg3Ti4O12,195.3
implant,CaMg4Ti4O13,185.4
implant,Ca2MgTi4O11,192.8
implant,Ca2Mg3Ti4O13,200.5
implant,Ca3MgTi4O12,196.0
implant,Ca3Mg2Ti4O13,188.0
implant,Ca3Mg3Ti4O14,168.2
implant,Ca3Mg4Ti4O15,161.7
implant,Ca4MgTi4O13,197.5
implant,Ca4Mg3Ti4O15,157.1
implant,SrCaTiO4,157.2
implant,Sr2CaTiO5,167.2
implant,Sr3CaTiO6,119.5
implant,Sr4CaTiO7,119.0
implant,SrCa2TiO5,154.4
implant,Sr2Ca2TiO6,136.1
implant,Sr3Ca2TiO7,123.8
implant,Sr4Ca2TiO8,125.1
implant,SrCa3TiO6,147.5
implant,Sr2Ca3TiO7,132.5
implant,Sr3Ca3TiO8,133.1
implant,Sr4Ca3TiO9,124.5
implant,SrCa4TiO7,147.6
implant,Sr2Ca4TiO8,126.8
implant,Sr3Ca4TiO9,133.1
implant,Sr4Ca4TiO10,126.2
implant,SrCaTi2O6,170.8
implant,Sr2CaTi2O7,152.8
implant,Sr3CaTi2O8,165.5
implant,Sr4CaTi2O9,162.3
implant,SrCa2Ti2O7,158.7
implant,Sr3Ca2Ti2O9,169.3
implant,SrCa3Ti2O8,141.5
implant,Sr2Ca3Ti2O9,159.6
implant,Sr3Ca3Ti2O10,169.8
implant,Sr4Ca3Ti2O11,132.9
implant,SrCa4Ti2O9,147.1
implant,Sr3Ca4Ti2O11,159.2
implant,SrCaTi3O8,176.9
implant,Sr2CaTi3O9,180.6
implant,Sr3CaTi3O10,164.7
implant,Sr4CaTi3O11,166.0
implant,SrCa2Ti3O9,169.9
implant,Sr2Ca2Ti3O10,171.9
implant,Sr3Ca2Ti3O11,151.2
implant,Sr4Ca2Ti3O12,160.4
implant,SrCa3Ti3O10,169.7
implant,Sr2Ca3Ti3O11,149.6
implant,Sr4Ca3Ti3O13,169.6
implant,SrCa4Ti3O11,142.9
implant,Sr2Ca4Ti3O12,150.3
implant,Sr3Ca4Ti3O13,159.6
implant,Sr4Ca4Ti3O14,163.1
implant,SrCaTi4O10,176.2
implant,Sr2CaTi4O11,165.8
implant,Sr3CaTi4O12,189.8
implant,Sr4CaTi4O13,164.7
implant,SrCa2Ti4O11,171.2
implant,Sr3Ca2Ti4O13,175.8
implant,SrCa3Ti4O12,176.1
implant,Sr2Ca3Ti4O13,174.4
implant,Sr3Ca3Ti4O14,154.5
implant,Sr4Ca3Ti4O15,151.2
implant,SrCa4Ti4O13,161.2
implant,Sr3Ca4Ti4O15,149.5
implant,SrMgTiO4,152.1
implant,Sr2MgTiO5,157.1
implant,Sr3MgTiO6,154.0
implant,Sr4MgTiO7,118.5
implant,SrMg2TiO5,149.4
implant,Sr2Mg2TiO6,143.9
implant,Sr3Mg2TiO7,154.5
implant,Sr4Mg2TiO8,154.5
implant,SrMg3TiO6,141.5
implant,Sr2Mg3TiO7,138.0
implant,Sr3Mg3TiO8,146.6
implant,Sr4Mg3TiO9,157.7
implant,SrMg4TiO7,125.7
implant,Sr2Mg4TiO8,143.7
implant,Sr3Mg4TiO9,135.5
implant,Sr4Mg4TiO10,152.2
implant,SrMgTi2O6,205.7
implant,Sr2MgTi2O7,159.0
implant,Sr3MgTi2O8,154.0
implant,Sr4MgTi2O9,164.5
implant,SrMg2Ti2O7,154.0
implant,Sr3Mg2Ti2O9,151.1
implant,SrMg3Ti2O8,163.6
implant,Sr2Mg3Ti2O9,149.6
implant,Sr3Mg3Ti2O10,143.1
implant,Sr4Mg3Ti2O11,151.3
implant,SrMg4Ti2O9,152.3
implant,Sr3Mg4Ti2O11,142.5
implant,SrMgTi3O8,200.0
implant,Sr2MgTi3O9,178.9
implant,Sr3MgTi3O10,174.0
implant,Sr4MgTi3O11,155.6
implant,SrMg2Ti3O9,189.8
implant,Sr2Mg2Ti3O10,201.4
implant,Sr3Mg2Ti3O11,150.5
implant,Sr4Mg2Ti3O12,148.1
implant,SrMg3Ti3O10,175.2
implant,Sr2Mg3Ti3O11,156.6
implant,Sr4Mg3Ti3O13,147.4
implant,SrMg4Ti3O11,145.4
implant,Sr2Mg4Ti3O12,180.0
implant,Sr3Mg4Ti3O13,149.4
implant,Sr4Mg4Ti3O14,139.7
implant,SrMgTi4O10,197.3
implant,Sr2MgTi4O11,174.6
implant,Sr3MgTi4O12,167.6
implant,Sr4MgTi4O13,173.3
implant,SrMg2Ti4O11,172.9
implant,Sr3Mg2Ti4O13,199.5
implant,SrMg3Ti4O12,180.7
implant,Sr2Mg3Ti4O13,199.7
implant,Sr3Mg3Ti4O14,154.4
implant,Sr4Mg3Ti4O15,148.8
implant,SrMg4Ti4O13,169.3
implant,Sr3Mg4Ti4O15,154.0
implant,Ce2Si2P2O13,153.4
implant,CeSiP2O9,108.6
implant,Ce2Si2P6O23,119.9
implant,CeSi(P2O7)2,123.1
implant,Ce4Si2P2O17,128.4
implant,Ce2SiP2O11,117.1
implant,Ce4Si2(P2O9)3,97.6
implant,Ce2Si(PO4)4,110.8
implant,Ce6Si2P2O21,139.5
implant,Ce3SiP2O13,129.7
implant,Ce3Si(P2O9)2,97.9
implant,Ce8Si2P2O25,123.3
implant,Ce4SiP2O15,125.3
implant,Ce4Si(PO5)4,140.2
implant,Ce2Si4P2O17,159.0
implant,CeSi2P2O11,115.0
implant,Ce2Si4(P2O9)3,111.7
implant,CeSi2(PO4)4,106.5
implant,Ce4Si4P2O21,130.6
implant,Ce6Si4P2O25,133.2
implant,Ce3Si2P2O15,129.1
implant,Ce3Si2(PO5)4,116.2
implant,Ce2Si6P2O21,156.3
implant,CeSi3P2O13,116.0
implant,CeSi3(P2O9)2,103.1
implant,Ce4Si6P2O25,156.8
implant,Ce2Si3P2O15,132.8
implant,Ce2Si3(PO5)4,129.9
implant,Ce3Si3P2O17,136.9
implant,Ce3Si3(P2O11)2,120.0
implant,Ce4Si3P2O19,133.9
implant,Ce4Si3(PO6)4,145.4
implant,Ce2Si8P2O25,133.9
implant,CeSi4P2O15,117.0
implant,CeSi4(PO5)4,100.0
implant,Ce3Si4P2O19,154.8
implant,Ce3Si4(PO6)4,119.8
implant,Ce2Al2Si2O11,128.6
implant,CeAl2SiO7,154.1
implant,Ce2Al6Si2O17,131.4
implant,CeAl4SiO10,128.1
implant,Ce4Al2Si2O15,141.7
implant,Ce2Al2SiO9,128.7
implant,Ce4Al6Si2O21,132.2
implant,Ce2Al4SiO12,131.5
implant,Ce6Al2Si2O19,143.3
implant,Ce3Al2SiO11,133.0
implant,Ce6Al6Si2O25,135.8
implant,Ce3Al4SiO14,137.4
implant,Ce8Al2Si2O23,154.1
implant,Ce4Al2SiO13,140.9
implant,Ce4Al4SiO16,133.3
implant,Ce2Al2Si4O15,162.5
implant,CeAl2Si2O9,154.5
implant,Ce2Al6Si4O21,160.0
implant,CeAl4(SiO6)2,156.2
implant,Ce4Al2Si4O19,141.2
implant,Ce4Al6Si4O25,136.3
implant,Ce6Al2Si4O23,146.1
implant,Ce3Al2Si2O13,139.0
implant,Ce3Al4(SiO8)2,128.9
implant,Ce2Al2Si6O19,188.7
implant,CeAl2Si3O11,158.8
implant,Ce2Al6Si6O25,161.2
implant,CeAl4Si3O14,152.8
implant,Ce4Al2Si6O23,137.1
implant,Ce2Al2Si3O13,160.5
implant,Ce2Al4Si3O16,163.2
implant,Ce3Al2(SiO5)3,134.5
implant,Ce3Al4(SiO6)3,128.2
implant,Ce4Al2Si3O17,149.0
implant,Ce4Al4Si3O20,132.8
implant,Ce2Al2Si8O23,164.9
implant,CeAl2Si4O13,164.5
implant,CeAl4(SiO4)4,155.5
implant,Ce3Al2Si4O17,133.9
implant,Ce3Al4(SiO5)4,160.1
implant,Ce2Y2Si2O11,133.9
implant,CeY2SiO7,142.1
implant,Ce2Y6Si2O17,149.8
implant,CeY4SiO10,155.3
implant,Ce4Y2Si2O15,151.0
implant,Ce2Y2SiO9,161.9
implant,Ce4Y6Si2O21,147.5
implant,Ce2Y4SiO12,158.8
implant,Ce6Y2Si2O19,137.9
implant,Ce3Y2SiO11,139.9
implant,Ce6Y6Si2O25,142.2
implant,Ce3Y4SiO14,145.6
implant,Ce8Y2Si2O23,143.3
implant,Ce4Y2SiO13,137.4
implant,Ce4Y4SiO16,152.8
implant,Ce2Y2Si4O15,142.9
implant,CeY2Si2O9,138.3
implant,Ce2Y6Si4O21,138.9
implant,CeY4(SiO6)2,158.5
implant,Ce4Y2Si4O19,143.9
implant,Ce4Y6Si4O25,139.3
implant,Ce6Y2Si4O23,144.0
implant,Ce3Y2Si2O13,147.8
implant,Ce3Y4(SiO8)2,159.0
implant,Ce2Y2Si6O19,142.5
implant,CeY2Si3O11,139.4
implant,Ce2Y6Si6O25,128.6
implant,CeY4Si3O14,144.6
implant,Ce4Y2Si6O23,142.6
implant,Ce2Y2Si3O13,132.3
implant,Ce2Y4Si3O16,145.4
implant,Ce3Y2(SiO5)3,143.2
implant,Ce3Y4(SiO6)3,139.0
implant,Ce4Y2Si3O17,145.1
implant,Ce4Y4Si3O20,158.7
implant,Ce2Y2Si8O23,169.5
implant,CeY2Si4O13,145.8
implant,CeY4(SiO4)4,141.3
implant,Ce3Y2Si4O17,141.9
implant,Ce3Y4(SiO5)4,149.6
implant,La2Ce2Si2O11,147.1
implant,La2CeSiO7,132.0
implant,La6Ce2Si2O17,130.6
implant,La4CeSiO10,136.0
implant,La2Ce4Si2O15,143.3
implant,La2Ce2SiO9,144.0
implant,La6Ce4Si2O21,133.4
implant,La4Ce2SiO12,140.8
implant,La2Ce6Si2O19,137.8
implant,La2Ce3SiO11,127.6
implant,La6Ce6Si2O25,133.8
implant,La4Ce3SiO14,136.2
implant,La2Ce8Si2O23,143.2
implant,La2Ce4SiO13,124.2
implant,La4Ce4SiO16,144.7
implant,La2Ce2Si4O15,141.1
implant,La2CeSi2O9,143.6
implant,La6Ce2Si4O21,143.9
implant,La4Ce(SiO6)2,143.0
implant,La2Ce4Si4O19,136.9
implant,La6Ce4Si4O25,130.8
implant,La2Ce6Si4O23,160.4
implant,La2Ce3Si2O13,145.9
implant,La4Ce3(SiO8)2,148.8
implant,La2Ce2Si6O19,149.1
implant,La2CeSi3O11,133.5
implant,La6Ce2Si6O25,133.1
implant,La4CeSi3O14,161.6
implant,La2Ce4Si6O23,142.5
implant,La2Ce2Si3O13,135.8
implant,La4Ce2Si3O16,145.8
implant,La2Ce3(SiO5)3,134.7
implant,La4Ce3(SiO6)3,143.0
implant,La2Ce4Si3O17,166.6
implant,La4Ce4Si3O20,140.3
implant,La2Ce2Si8O23,142.7
implant,La2CeSi4O13,136.5
implant,La4Ce(SiO4)4,137.8
implant,La2Ce3Si4O17,146.9
implant,La4Ce3(SiO5)4,153.5
implant,CaCeSiO5,131.7
implant,Ca2CeSiO6,132.7
implant,Ca3CeSiO7,145.1
implant,Ca4CeSiO8,140.5
implant,CaCe2SiO7,151.3
implant,Ca2Ce2SiO8,164.1
implant,Ca3Ce2SiO9,155.3
implant,Ca4Ce2SiO10,156.0
implant,CaCe3SiO9,148.5
implant,Ca2Ce3SiO10,158.4
implant,Ca3Ce3SiO11,169.8
implant,Ca4Ce3SiO12,168.3
implant,CaCe4SiO11,141.2
implant,Ca2Ce4SiO12,160.4
implant,Ca3Ce4SiO13,160.4
implant,Ca4Ce4SiO14,169.0
implant,CaCeSi2O7,133.7
implant,Ca2Ce(SiO4)2,132.8
implant,Ca3CeSi2O9,132.1
implant,Ca4Ce(SiO5)2,140.2
implant,CaCe2Si2O9,129.4
implant,Ca3Ce2Si2O11,122.3
implant,CaCe3Si2O11,149.0
implant,Ca2Ce3(SiO6)2,155.1
implant,Ca3Ce3Si2O13,151.1
implant,Ca4Ce3(SiO7)2,146.9
implant,CaCe4Si2O13,157.6
implant,Ca3Ce4Si2O15,145.8
implant,CaCe(SiO3)3,134.1
implant,Ca2CeSi3O10,131.5
implant,Ca3CeSi3O11,135.4
implant,Ca4Ce(SiO4)3,134.3
implant,CaCe2Si3O11,132.7
implant,Ca2Ce2(SiO4)3,138.8
implant,Ca3Ce2Si3O13,130.0
implant,Ca4Ce2Si3O14,123.1
implant,CaCe3Si3O13,128.3
implant,Ca2Ce3Si3O14,148.7
implant,Ca4Ce3Si3O16,122.4
implant,CaCe4(SiO5)3,156.9
implant,Ca2Ce4Si3O16,154.5
implant,Ca3Ce4Si3O17,148.9
implant,Ca4Ce4(SiO6)3,140.4
implant,CaCeSi4O11,134.9
implant,Ca2Ce(SiO3)4,138.6
implant,Ca3CeSi4O13,133.5
implant,Ca4Ce(Si2O7)2,135.4
implant,CaCe2Si4O13,137.5
implant,Ca3Ce2Si4O15,138.4
implant,CaCe3Si4O15,137.8
implant,Ca2Ce3(SiO4)4,120.6
implant,Ca3Ce3Si4O17,137.8
implant,Ca4Ce3(Si2O9)2,130.0
implant,CaCe4Si4O17,132.1
implant,Ca3Ce4Si4O19,147.9
implant,CeMgSiO5,133.2
implant,CeMg2SiO6,142.2
implant,CeMg3SiO7,138.9
implant,CeMg4SiO8,138.1
implant,Ce2MgSiO7,147.2
implant,Ce2Mg2SiO8,143.2
implant,Ce2Mg3SiO9,141.1
implant,Ce2Mg4SiO10,158.9
implant,Ce3MgSiO9,152.1
implant,Ce3Mg2SiO10,156.8
implant,Ce3Mg3SiO11,145.2
implant,Ce3Mg4SiO12,149.0
implant,Ce4MgSiO11,154.6
implant,Ce4Mg2SiO12,149.2
implant,Ce4Mg3SiO13,157.5
implant,Ce4Mg4SiO14,158.6
implant,CeMgSi2O7,129.7
implant,CeMg2(SiO4)2,133.0
implant,CeMg3Si2O9,130.9
implant,CeMg4(SiO5)2,139.1
implant,Ce2MgSi2O9,138.7
implant,Ce2Mg3Si2O11,132.9
implant,Ce3MgSi2O11,141.0
implant,Ce3Mg2(SiO6)2,139.3
implant,Ce3Mg3Si2O13,138.6
implant,Ce3Mg4(SiO7)2,135.2
implant,Ce4MgSi2O13,143.3
implant,Ce4Mg3Si2O15,137.3
implant,CeMg(SiO3)3,160.1
implant,CeMg2Si3O10,133.8
implant,CeMg3Si3O11,132.3
implant,CeMg4(SiO4)3,130.5
implant,Ce2MgSi3O11,133.4
implant,Ce2Mg2(SiO4)3,133.6
implant,Ce2Mg3Si3O13,128.6
implant,Ce2Mg4Si3O14,116.7
implant,Ce3MgSi3O13,138.3
implant,Ce3Mg2Si3O14,134.4
implant,Ce3Mg4Si3O16,133.8
implant,Ce4Mg(SiO5)3,149.0
implant,Ce4Mg2Si3O16,140.2
implant,Ce4Mg3Si3O17,137.5
implant,Ce4Mg4(SiO6)3,133.1
implant,CeMgSi4O11,159.1
implant,CeMg2(SiO3)4,130.9
implant,CeMg3Si4O13,126.7
implant,CeMg4(Si2O7)2,150.0
implant,Ce2MgSi4O13,136.3
implant,Ce2Mg3Si4O15,126.7
implant,Ce3MgSi4O15,143.6
implant,Ce3Mg2(SiO4)4,127.2
implant,Ce3Mg3Si4O17,131.6
implant,Ce3Mg4(Si2O9)2,129.3
implant,Ce4MgSi4O17,136.8
implant,Ce4Mg3Si4O19,131.0
implant,SrCeSiO5,133.0
implant,Sr2CeSiO6,142.2
implant,Sr3CeSiO7,148.7
implant,Sr4CeSiO8,95.6
implant,SrCe2SiO7,141.2
implant,Sr2Ce2SiO8,145.8
implant,Sr3Ce2SiO9,137.3
implant,Sr4Ce2SiO10,127.9
implant,SrCe3SiO9,140.5
implant,Sr2Ce3SiO10,146.6
implant,Sr3Ce3SiO11,143.9
implant,Sr4Ce3SiO12,138.8
implant,SrCe4SiO11,141.3
implant,Sr2Ce4SiO12,152.1
implant,Sr3Ce4SiO13,146.0
implant,Sr4Ce4SiO14,154.0
implant,SrCeSi2O7,120.1
implant,Sr2Ce(SiO4)2,129.3
implant,Sr3CeSi2O9,145.0
implant,Sr4Ce(SiO5)2,148.4
implant,SrCe2Si2O9,151.8
implant,Sr3Ce2Si2O11,131.8
implant,SrCe3Si2O11,156.5
implant,Sr2Ce3(SiO6)2,133.6
implant,Sr3Ce3Si2O13,136.1
implant,Sr4Ce3(SiO7)2,126.2
implant,SrCe4Si2O13,150.7
implant,Sr3Ce4Si2O15,126.7
implant,SrCe(SiO3)3,127.7
implant,Sr2CeSi3O10,128.3
implant,Sr3CeSi3O11,117.6
implant,Sr4Ce(SiO4)3,138.7
implant,SrCe2Si3O11,123.7
implant,Sr2Ce2(SiO4)3,136.4
implant,Sr3Ce2Si3O13,135.4
implant,Sr4Ce2Si3O14,137.4
implant,SrCe3Si3O13,137.0
implant,Sr2Ce3Si3O14,145.3
implant,Sr4Ce3Si3O16,111.3
implant,SrCe4(SiO5)3,149.4
implant,Sr2Ce4Si3O16,141.8
implant,Sr3Ce4Si3O17,133.6
implant,Sr4Ce4(SiO6)3,119.9
implant,SrCeSi4O11,139.3
implant,Sr2Ce(SiO3)4,117.0
implant,Sr3CeSi4O13,121.7
implant,Sr4Ce(Si2O7)2,118.0
implant,SrCe2Si4O13,124.4
implant,Sr3Ce2Si4O15,132.0
implant,SrCe3Si4O15,129.7
implant,Sr2Ce3(SiO4)4,135.3
implant,Sr3Ce3Si4O17,140.9
implant,Sr4Ce3(Si2O9)2,136.9
implant,SrCe4Si4O17,130.3
implant,Sr3Ce4Si4O19,142.1
implant,AlSiPO6,64.4
implant,Al4Si2P2O15,105.7
implant,Al3SiPO9,142.1
implant,Al8Si2P2O21,177.2
implant,Al2Si2P4O17,88.8
implant,Al2Si(PO5)2,64.4
implant,Al6Si2P4O23,102.3
implant,Al4SiP2O13,131.3
implant,AlSiP3O11,93.8
implant,Al4Si2P6O25,89.6
implant,Al3SiP3O14,65.8
implant,Al2Si2P8O27,85.1
implant,Al2SiP4O15,91.9
implant,Al4Si(P2O9)2,65.8
implant,AlSi2PO8,83.8
implant,Al4Si4P2O19,102.8
implant,Al3Si2PO11,120.3
implant,Al8Si4P2O25,152.0
implant,Al2Si4P4O21,90.8
implant,AlSi2P3O13,87.6
implant,Al3Si2P3O16,68.0
implant,AlSi3PO10,82.5
implant,Al4Si6P2O23,107.5
implant,Al3Si3PO13,112.9
implant,Al2Si6P4O25,87.6
implant,Al2Si3(PO7)2,70.2
implant,Al4Si3P2O17,102.6
implant,AlSi3(PO5)3,91.3
implant,Al2Si3P4O19,90.5
implant,Al4Si3(P2O11)2,68.0
implant,AlSi4PO12,82.1
implant,Al3Si4PO15,107.7
implant,AlSi4P3O17,92.3
implant,Al3Si4P3O20,69.5
implant,YSiPO6,175.0
implant,Y4Si2P2O15,155.4
implant,Y3SiPO9,153.1
implant,Y8Si2P2O21,154.9
implant,Y2Si2P4O17,126.5
implant,Y2Si(PO5)2,169.7
implant,Y6Si2P4O23,155.7
implant,Y4SiP2O13,142.3
implant,YSiP3O11,130.7
implant,Y4Si2P6O25,136.8
implant,Y3SiP3O14,171.6
implant,Y2Si2P8O27,97.1
implant,Y2SiP4O15,125.1
implant,Y4Si(P2O9)2,171.5
implant,YSi2PO8,178.0
implant,Y4Si4P2O19,179.4
implant,Y3Si2PO11,151.0
implant,Y8Si4P2O25,159.5
implant,Y2Si4P4O21,138.0
implant,YSi2P3O13,119.2
implant,Y3Si2P3O16,164.3
implant,YSi3PO10,173.3
implant,Y4Si6P2O23,175.0
implant,Y3Si3PO13,151.6
implant,Y2Si6P4O25,129.9
implant,Y2Si3(PO7)2,177.7
implant,Y4Si3P2O17,159.8
implant,YSi3(PO5)3,116.3
implant,Y2Si3P4O19,128.0
implant,Y4Si3(P2O11)2,171.0
implant,YSi4PO12,168.0
implant,Y3Si4PO15,146.2
implant,YSi4P3O17,116.7
implant,Y3Si4P3O20,176.7
implant,LaSiPO6,153.4
implant,La4Si2P2O15,133.6
implant,La3SiPO9,153.2
implant,La8Si2P2O21,157.8
implant,La2Si2P4O17,120.3
implant,La2Si(PO5)2,146.2
implant,La6Si2P4O23,138.2
implant,La4SiP2O13,146.4
implant,LaSiP3O11,117.5
implant,La4Si2P6O25,135.1
implant,La3SiP3O14,136.9
implant,La2Si2P8O27,103.5
implant,La2SiP4O15,122.7
implant,La4Si(P2O9)2,136.6
implant,LaSi2PO8,177.4
implant,La4Si4P2O19,152.4
implant,La3Si2PO11,133.8
implant,La8Si4P2O25,143.7
implant,La2Si4P4O21,118.6
implant,LaSi2P3O13,115.6
implant,La3Si2P3O16,142.6
implant,LaSi3PO10,169.5
implant,La4Si6P2O23,155.0
implant,La3Si3PO13,142.7
implant,La2Si6P4O25,129.2
implant,La2Si3(PO7)2,155.5
implant,La4Si3P2O17,141.1
implant,LaSi3(PO5)3,113.7
implant,La2Si3P4O19,127.2
implant,La4Si3(P2O11)2,150.0
implant,LaSi4PO12,170.2
implant,La3Si4PO15,140.9
implant,LaSi4P3O17,115.0
implant,La3Si4P3O20,153.6
implant,Ca2Si2P2O11,108.6
implant,Ca4Si2P2O13,129.2
implant,Ca6Si2P2O15,123.2
implant,Ca8Si2P2O17,113.8
implant,CaSi(PO4)2,160.4
implant,Ca2SiP2O9,98.1
implant,Ca3Si(PO5)2,111.9
implant,Ca4SiP2O11,140.0
implant,Ca2Si2(P2O7)3,145.9
implant,Ca4Si2P6O23,109.5
implant,Ca6Si2P6O25,99.3
implant,CaSiP4O13,102.9
implant,Ca2Si(P2O7)2,124.0
implant,Ca3SiP4O15,110.9
implant,Ca4Si(PO4)4,102.4
implant,Ca2Si4P2O15,163.6
implant,Ca4Si4P2O17,121.4
implant,Ca6Si4P2O19,127.2
implant,Ca8Si4P2O21,121.3
implant,CaSi2(PO5)2,156.4
implant,Ca3Si2(PO6)2,104.9
implant,Ca2Si4P6O25,146.2
implant,CaSi2P4O15,95.6
implant,Ca3Si2P4O17,109.5
implant,Ca2Si6P2O19,175.0
implant,Ca4Si6P2O21,141.0
implant,Ca6Si6P2O23,126.2
implant,CaSi3(PO6)2,164.6
implant,Ca2Si3P2O13,153.4
implant,Ca3Si3(PO7)2,105.5
implant,Ca4Si3P2O15,107.9
implant,CaSi3P4O17,91.3
implant,Ca2Si3(P2O9)2,166.9
implant,Ca3Si3P4O19,127.4
implant,Ca4Si3(PO5)4,104.7
implant,Ca2Si8P2O23,163.8
implant,Ca4Si8P2O25,138.4
implant,CaSi4(PO7)2,152.1
implant,Ca3Si4(PO8)2,145.8
implant,CaSi4P4O19,89.9
implant,Ca3Si4P4O21,154.1
implant,Mg2Si2P2O11,118.6
implant,Mg4Si2P2O13,116.6
implant,Mg6Si2P2O15,157.7
implant,Mg8Si2P2O17,162.8
implant,MgSi(PO4)2,104.5
implant,Mg2SiP2O9,128.4
implant,Mg3Si(PO5)2,108.1
implant,Mg4SiP2O11,114.1
implant,Mg2Si2(P2O7)3,110.5
implant,Mg4Si2P6O23,127.9
implant,Mg6Si2P6O25,130.4
implant,MgSiP4O13,111.8
implant,Mg2Si(P2O7)2,77.7
implant,Mg3SiP4O15,125.4
implant,Mg4Si(PO4)4,127.3
implant,Mg2Si4P2O15,161.4
implant,Mg4Si4P2O17,119.8
implant,Mg6Si4P2O19,106.6
implant,Mg8Si4P2O21,155.3
implant,MgSi2(PO5)2,93.8
implant,Mg3Si2(PO6)2,123.2
implant,Mg2Si4P6O25,97.5
implant,MgSi2P4O15,117.4
implant,Mg3Si2P4O17,122.8
implant,Mg2Si6P2O19,158.0
implant,Mg4Si6P2O21,163.8
implant,Mg6Si6P2O23,114.0
implant,MgSi3(PO6)2,94.6
implant,Mg2Si3P2O13,158.2
implant,Mg3Si3(PO7)2,122.9
implant,Mg4Si3P2O15,111.2
implant,MgSi3P4O17,95.8
implant,Mg2Si3(P2O9)2,97.6
implant,Mg3Si3P4O19,138.3
implant,Mg4Si3(PO5)4,121.5
implant,Mg2Si8P2O23,104.1
implant,Mg4Si8P2O25,162.4
implant,MgSi4(PO7)2,86.4
implant,Mg3Si4(PO8)2,162.0
implant,MgSi4P4O19,91.7
implant,Mg3Si4P4O21,161.8
implant,Sr2Si2P2O11,105.9
implant,Sr4Si2P2O13,132.1
implant,Sr6Si2P2O15,126.4
implant,Sr8Si2P2O17,120.6
implant,SrSi(PO4)2,149.3
implant,Sr2SiP2O9,100.2
implant,Sr3Si(PO5)2,112.0
implant,Sr4SiP2O11,135.0
implant,Sr2Si2(P2O7)3,137.7
implant,Sr4Si2P6O23,100.5
implant,Sr6Si2P6O25,95.4
implant,SrSiP4O13,133.5
implant,Sr2Si(P2O7)2,99.9
implant,Sr3SiP4O15,98.2
implant,Sr4Si(PO4)4,97.3
implant,Sr2Si4P2O15,168.8
implant,Sr4Si4P2O17,108.5
implant,Sr6Si4P2O19,129.7
implant,Sr8Si4P2O21,123.1
implant,SrSi2(PO5)2,157.0
implant,Sr3Si2(PO6)2,103.4
implant,Sr2Si4P6O25,138.0
implant,SrSi2P4O15,133.6
implant,Sr3Si2P4O17,101.6
implant,Sr2Si6P2O19,165.3
implant,Sr4Si6P2O21,123.0
implant,Sr6Si6P2O23,121.3
implant,SrSi3(PO6)2,146.3
implant,Sr2Si3P2O13,143.6
implant,Sr3Si3(PO7)2,105.2
implant,Sr4Si3P2O15,106.9
implant,SrSi3P4O17,113.0
implant,Sr2Si3(P2O9)2,160.3
implant,Sr3Si3P4O19,106.9
implant,Sr4Si3(PO5)4,104.3
implant,Sr2Si8P2O23,186.5
implant,Sr4Si8P2O25,120.3
implant,SrSi4(PO7)2,165.9
implant,Sr3Si4(PO8)2,125.9
implant,SrSi4P4O19,107.9
implant,Sr3Si4P4O21,134.9
implant,YAlSiO5,145.7
implant,Y4Al2Si2O13,162.2
implant,Y3AlSiO8,161.2
implant,Y8Al2Si2O19,174.0
implant,Y2Al4Si2O13,131.3
implant,Y2Al2SiO8,156.7
implant,Y6Al4Si2O19,167.5
implant,Y4Al2SiO11,164.6
implant,YAl3SiO8,138.8
implant,Y4Al6Si2O19,142.4
implant,Y3Al3SiO11,166.0
implant,Y2Al8Si2O19,159.8
implant,Y2Al4SiO11,134.4
implant,Y4Al4SiO14,188.6
implant,YAlSi2O7,140.9
implant,Y4Al2Si4O17,146.1
implant,Y3Al(SiO5)2,160.1
implant,Y8Al2Si4O23,158.5
implant,Y2Al4Si4O17,137.4
implant,Y6Al4Si4O23,178.8
implant,YAl3(SiO5)2,131.1
implant,Y4Al6Si4O23,144.5
implant,Y3Al3Si2O13,151.0
implant,Y2Al8Si4O23,135.2
implant,YAl(SiO3)3,166.2
implant,Y4Al2(Si2O7)3,143.4
implant,Y3Al(SiO4)3,151.1
implant,Y2Al4(Si2O7)3,161.0
implant,Y2Al2(SiO4)3,149.6
implant,Y4Al2(SiO5)3,159.4
implant,YAl3(SiO4)3,156.6
implant,Y2Al4(SiO5)3,129.1
implant,Y4Al4(SiO6)3,141.3
implant,YAlSi4O11,164.7
implant,Y4Al2Si8O25,155.1
implant,Y3Al(Si2O7)2,148.8
implant,Y2Al4Si8O25,141.7
implant,YAl3(Si2O7)2,161.8
implant,Y3Al3Si4O17,149.6
implant,LaAlSiO5,147.4
implant,La4Al2Si2O13,183.0
implant,La3AlSiO8,173.8
implant,La8Al2Si2O19,152.8
implant,La2Al4Si2O13,128.8
implant,La2Al2SiO8,164.1
implant,La6Al4Si2O19,187.1
implant,La4Al2SiO11,161.9
implant,LaAl3SiO8,136.5
implant,La4Al6Si2O19,151.1
implant,La3Al3SiO11,162.2
implant,La2Al8Si2O19,134.4
implant,La2Al4SiO11,146.3
implant,La4Al4SiO14,178.0
implant,LaAlSi2O7,143.8
implant,La4Al2Si4O17,144.6
implant,La3Al(SiO5)2,169.3
implant,La8Al2Si4O23,158.5
implant,La2Al4Si4O17,137.0
implant,La6Al4Si4O23,162.5
implant,LaAl3(SiO5)2,137.7
implant,La4Al6Si4O23,149.0
implant,La3Al3Si2O13,159.2
implant,La2Al8Si4O23,132.1
implant,LaAl(SiO3)3,151.8
implant,La4Al2(Si2O7)3,143.8
implant,La3Al(SiO4)3,156.0
implant,La2Al4(Si2O7)3,147.1
implant,La2Al2(SiO4)3,145.5
implant,La4Al2(SiO5)3,158.6
implant,LaAl3(SiO4)3,137.0
implant,La2Al4(SiO5)3,134.6
implant,La4Al4(SiO6)3,150.4
implant,LaAlSi4O11,170.9
implant,La4Al2Si8O25,147.2
implant,La3Al(Si2O7)2,149.9
implant,La2Al4Si8O25,140.5
implant,LaAl3(Si2O7)2,134.1
implant,La3Al3Si4O17,147.4
implant,Ca2Al2Si2O9,143.5
implant,Ca4Al2Si2O11,127.4
implant,Ca6Al2Si2O13,124.9
implant,Ca8Al2Si2O15,131.9
implant,CaAl2SiO6,169.1
implant,Ca2Al2SiO7,122.9
implant,Ca3Al2SiO8,146.6
implant,Ca4Al2SiO9,124.4
implant,Ca2Al6Si2O15,168.1
implant,Ca4Al6Si2O17,141.6
implant,Ca6Al6Si2O19,125.3
implant,Ca8Al6Si2O21,127.6
implant,CaAl4SiO9,152.1
implant,Ca2Al4SiO10,157.3
implant,Ca3Al4SiO11,122.5
implant,Ca4Al4SiO12,124.7
implant,Ca2Al2Si4O13,120.7
implant,Ca4Al2Si4O15,185.9
implant,Ca6Al2Si4O17,145.9
implant,Ca8Al2Si4O19,126.4
implant,CaAl2(SiO4)2,113.0
implant,Ca3Al2(SiO5)2,184.6
implant,Ca2Al6Si4O19,122.9
implant,Ca4Al6Si4O21,176.3
implant,Ca6Al6Si4O23,143.9
implant,CaAl4Si2O11,126.7
implant,Ca3Al4Si2O13,147.9
implant,Ca2Al2Si6O17,117.0
implant,Ca4Al2Si6O19,133.4
implant,Ca6Al2(Si2O7)3,150.7
implant,Ca8Al2Si6O23,152.0
implant,CaAl2Si3O10,114.8
implant,Ca2Al2Si3O11,123.8
implant,Ca3Al2(SiO4)3,197.6
implant,Ca4Al2Si3O13,183.9
implant,Ca2Al6Si6O23,114.5
implant,CaAl4Si3O13,130.0
implant,Ca2Al4Si3O14,120.5
implant,Ca3Al4(SiO5)3,180.9
implant,Ca4Al4Si3O16,142.8
implant,Ca2Al2Si8O21,136.6
implant,Ca4Al2Si8O23,105.4
implant,CaAl2(SiO3)4,119.3
implant,Ca3Al2(Si2O7)2,149.8
implant,CaAl4Si4O15,118.3
implant,Ca3Al4Si4O17,132.7
implant,Mg2Al2Si2O9,176.1
implant,Mg4Al2Si2O11,173.2
implant,Mg6Al2Si2O13,164.7
implant,Mg8Al2Si2O15,152.8
implant,MgAl2SiO6,175.3
implant,Mg2Al2SiO7,163.7
implant,Mg3Al2SiO8,173.7
implant,Mg4Al2SiO9,144.2
implant,Mg2Al6Si2O15,172.9
implant,Mg4Al6Si2O17,170.8
implant,Mg6Al6Si2O19,164.6
implant,Mg8Al6Si2O21,138.6
implant,MgAl4SiO9,165.3
implant,Mg2Al4SiO10,174.8
implant,Mg3Al4SiO11,162.0
implant,Mg4Al4SiO12,162.4
implant,Mg2Al2Si4O13,124.2
implant,Mg4Al2Si4O15,193.5
implant,Mg6Al2Si4O17,175.1
implant,Mg8Al2Si4O19,175.2
implant,MgAl2(SiO4)2,126.0
implant,Mg3Al2(SiO5)2,179.4
implant,Mg2Al6Si4O19,127.1
implant,Mg4Al6Si4O21,173.6
implant,Mg6Al6Si4O23,175.3
implant,MgAl4Si2O11,139.8
implant,Mg3Al4Si2O13,169.7
implant,Mg2Al2Si6O17,120.1
implant,Mg4Al2Si6O19,119.9
implant,Mg6Al2(Si2O7)3,181.7
implant,Mg8Al2Si6O23,177.6
implant,MgAl2Si3O10,133.5
implant,Mg2Al2Si3O11,120.1
implant,Mg3Al2(SiO4)3,195.1
implant,Mg4Al2Si3O13,179.1
implant,Mg2Al6Si6O23,135.8
implant,MgAl4Si3O13,137.7
implant,Mg2Al4Si3O14,127.2
implant,Mg3Al4(SiO5)3,175.8
implant,Mg4Al4Si3O16,174.3
implant,Mg2Al2Si8O21,139.1
implant,Mg4Al2Si8O23,121.8
implant,MgAl2(SiO3)4,131.0
implant,Mg3Al2(Si2O7)2,142.9
implant,MgAl4Si4O15,137.2
implant,Mg3Al4Si4O17,131.1
implant,Sr2Al2Si2O9,157.7
implant,Sr4Al2Si2O11,138.1
implant,Sr6Al2Si2O13,146.9
implant,Sr8Al2Si2O15,137.6
implant,SrAl2SiO6,155.1
implant,Sr2Al2SiO7,129.8
implant,Sr3Al2SiO8,134.4
implant,Sr4Al2SiO9,148.1
implant,Sr2Al6Si2O15,163.3
implant,Sr4Al6Si2O17,167.2
implant,Sr6Al6Si2O19,114.9
implant,Sr8Al6Si2O21,132.5
implant,SrAl4SiO9,156.2
implant,Sr2Al4SiO10,135.1
implant,Sr3Al4SiO11,120.2
implant,Sr4Al4SiO12,112.1
implant,Sr2Al2Si4O13,124.1
implant,Sr4Al2Si4O15,169.6
implant,Sr6Al2Si4O17,129.4
implant,Sr8Al2Si4O19,145.4
implant,SrAl2(SiO4)2,126.9
implant,Sr3Al2(SiO5)2,145.0
implant,Sr2Al6Si4O19,129.9
implant,Sr4Al6Si4O21,163.6
implant,Sr6Al6Si4O23,160.0
implant,SrAl4Si2O11,135.5
implant,Sr3Al4Si2O13,159.7
implant,Sr2Al2Si6O17,121.6
implant,Sr4Al2Si6O19,131.8
implant,Sr6Al2(Si2O7)3,150.9
implant,Sr8Al2Si6O23,130.8
implant,SrAl2Si3O10,127.9
implant,Sr2Al2Si3O11,115.6
implant,Sr3Al2(SiO4)3,165.5
implant,Sr4Al2Si3O13,140.9
implant,Sr2Al6Si6O23,134.6
implant,SrAl4Si3O13,132.6
implant,Sr2Al4Si3O14,124.2
implant,Sr3Al4(SiO5)3,161.2
implant,Sr4Al4Si3O16,162.0
implant,Sr2Al2Si8O21,127.5
implant,Sr4Al2Si8O23,106.0
implant,SrAl2(SiO3)4,128.7
implant,Sr3Al2(Si2O7)2,134.3
implant,SrAl4Si4O15,132.6
implant,Sr3Al4Si4O17,128.6
implant,LaYSiO5,141.8
implant,La4Y2Si2O13,149.7
implant,La3YSiO8,142.4
implant,La8Y2Si2O19,144.6
implant,La2Y4Si2O13,153.4
implant,La2Y2SiO8,155.2
implant,La6Y4Si2O19,147.0
implant,La4Y2SiO11,143.9
implant,LaY3SiO8,154.0
implant,La4Y6Si2O19,162.3
implant,La3Y3SiO11,146.9
implant,La2Y8Si2O19,163.2
implant,La2Y4SiO11,161.8
implant,La4Y4SiO14,148.7
implant,LaYSi2O7,135.7
implant,La4Y2Si4O17,149.9
implant,La3Y(SiO5)2,152.0
implant,La8Y2Si4O23,151.6
implant,La2Y4Si4O17,145.7
implant,La6Y4Si4O23,154.6
implant,LaY3(SiO5)2,149.4
implant,La4Y6Si4O23,146.4
implant,La3Y3Si2O13,149.6
implant,La2Y8Si4O23,146.6
implant,LaY(SiO3)3,135.9
implant,La4Y2(Si2O7)3,135.4
implant,La3Y(SiO4)3,143.9
implant,La2Y4(Si2O7)3,137.9
implant,La2Y2(SiO4)3,143.1
implant,La4Y2(SiO5)3,149.9
implant,LaY3(SiO4)3,153.4
implant,La2Y4(SiO5)3,149.4
implant,La4Y4(SiO6)3,150.5
implant,LaYSi4O11,146.0
implant,La4Y2Si8O25,135.8
implant,La3Y(Si2O7)2,137.7
implant,La2Y4Si8O25,133.9
implant,LaY3(Si2O7)2,138.7
implant,La3Y3Si4O17,153.7
implant,Ca2Y2Si2O9,149.0
implant,Ca4Y2Si2O11,154.8
implant,Ca6Y2Si2O13,140.5
implant,Ca8Y2Si2O15,137.3
implant,CaY2SiO6,166.0
implant,Ca2Y2SiO7,167.1
implant,Ca3Y2SiO8,158.5
implant,Ca4Y2SiO9,158.8
implant,Ca2Y6Si2O15,187.6
implant,Ca4Y6Si2O17,186.5
implant,Ca6Y6Si2O19,164.6
implant,Ca8Y6Si2O21,164.0
implant,CaY4SiO9,207.7
implant,Ca2Y4SiO10,198.3
implant,Ca3Y4SiO11,171.9
implant,Ca4Y4SiO12,166.9
implant,Ca2Y2Si4O13,139.8
implant,Ca4Y2Si4O15,144.7
implant,Ca6Y2Si4O17,134.0
implant,Ca8Y2Si4O19,139.4
implant,CaY2(SiO4)2,158.9
implant,Ca3Y2(SiO5)2,156.6
implant,Ca2Y6Si4O19,154.9
implant,Ca4Y6Si4O21,152.9
implant,Ca6Y6Si4O23,167.8
implant,CaY4Si2O11,165.6
implant,Ca3Y4Si2O13,182.0
implant,Ca2Y2Si6O17,137.7
implant,Ca4Y2Si6O19,129.6
implant,Ca6Y2(Si2O7)3,132.0
implant,Ca8Y2Si6O23,120.4
implant,CaY2Si3O10,147.9
implant,Ca2Y2Si3O11,148.1
implant,Ca3Y2(SiO4)3,138.0
implant,Ca4Y2Si3O13,133.9
implant,Ca2Y6Si6O23,159.3
implant,CaY4Si3O13,164.5
implant,Ca2Y4Si3O14,164.5
implant,Ca3Y4(SiO5)3,142.2
implant,Ca4Y4Si3O16,158.5
implant,Ca2Y2Si8O21,141.2
implant,Ca4Y2Si8O23,124.0
implant,CaY2(SiO3)4,150.0
implant,Ca3Y2(Si2O7)2,147.1
implant,CaY4Si4O15,159.6
implant,Ca3Y4Si4O17,163.4
implant,Y2Mg2Si2O9,146.1
implant,Y2Mg4Si2O11,135.5
implant,Y2Mg6Si2O13,135.5
implant,Y2Mg8Si2O15,139.1
implant,Y2MgSiO6,162.5
implant,Y2Mg2SiO7,159.9
implant,Y2Mg3SiO8,152.2
implant,Y2Mg4SiO9,146.1
implant,Y6Mg2Si2O15,167.4
implant,Y6Mg4Si2O17,164.4
implant,Y6Mg6Si2O19,164.6
implant,Y6Mg8Si2O21,160.7
implant,Y4MgSiO9,184.9
implant,Y4Mg2SiO10,166.6
implant,Y4Mg3SiO11,168.6
implant,Y4Mg4SiO12,166.5
implant,Y2Mg2Si4O13,132.7
implant,Y2Mg4Si4O15,129.0
implant,Y2Mg6Si4O17,125.5
implant,Y2Mg8Si4O19,142.7
implant,Y2Mg(SiO4)2,141.0
implant,Y2Mg3(SiO5)2,150.7
implant,Y6Mg2Si4O19,152.7
implant,Y6Mg4Si4O21,153.9
implant,Y6Mg6Si4O23,156.4
implant,Y4MgSi2O11,155.2
implant,Y4Mg3Si2O13,167.0
implant,Y2Mg2Si6O17,132.3
implant,Y2Mg4Si6O19,148.1
implant,Y2Mg6(Si2O7)3,129.9
implant,Y2Mg8Si6O23,140.3
implant,Y2MgSi3O10,130.0
implant,Y2Mg2Si3O11,126.8
implant,Y2Mg3(SiO4)3,135.5
implant,Y2Mg4Si3O13,128.9
implant,Y6Mg2Si6O23,148.6
implant,Y4MgSi3O13,152.9
implant,Y4Mg2Si3O14,153.5
implant,Y4Mg3(SiO5)3,149.4
implant,Y4Mg4Si3O16,149.3
implant,Y2Mg2Si8O21,141.3
implant,Y2Mg4Si8O23,127.6
implant,Y2Mg(SiO3)4,140.5
implant,Y2Mg3(Si2O7)2,132.5
implant,Y4MgSi4O15,148.6
implant,Y4Mg3Si4O17,149.4
implant,Sr2Y2Si2O9,143.9
implant,Sr4Y2Si2O11,169.4
implant,Sr6Y2Si2O13,141.5
implant,Sr8Y2Si2O15,120.8
implant,SrY2SiO6,160.4
implant,Sr2Y2SiO7,169.1
implant,Sr3Y2SiO8,148.3
implant,Sr4Y2SiO9,143.4
implant,Sr2Y6Si2O15,193.8
implant,Sr4Y6Si2O17,176.3
implant,Sr6Y6Si2O19,148.8
implant,Sr8Y6Si2O21,155.3
implant,SrY4SiO9,205.4
implant,Sr2Y4SiO10,173.7
implant,Sr3Y4SiO11,162.1
implant,Sr4Y4SiO12,161.8
implant,Sr2Y2Si4O13,134.6
implant,Sr4Y2Si4O15,128.7
implant,Sr6Y2Si4O17,148.8
implant,Sr8Y2Si4O19,166.7
implant,SrY2(SiO4)2,143.1
implant,Sr3Y2(SiO5)2,159.1
implant,Sr2Y6Si4O19,150.6
implant,Sr4Y6Si4O21,146.7
implant,Sr6Y6Si4O23,153.1
implant,SrY4Si2O11,161.2
implant,Sr3Y4Si2O13,156.8
implant,Sr2Y2Si6O17,125.1
implant,Sr4Y2Si6O19,128.5
implant,Sr6Y2(Si2O7)3,133.2
implant,Sr8Y2Si6O23,148.1
implant,SrY2Si3O10,137.7
implant,Sr2Y2Si3O11,127.7
implant,Sr3Y2(SiO4)3,128.7
implant,Sr4Y2Si3O13,143.3
implant,Sr2Y6Si6O23,161.8
implant,SrY4Si3O13,154.7
implant,Sr2Y4Si3O14,146.9
implant,Sr3Y4(SiO5)3,146.2
implant,Sr4Y4Si3O16,154.0
implant,Sr2Y2Si8O21,154.6
implant,Sr4Y2Si8O23,117.5
implant,SrY2(SiO3)4,144.3
implant,Sr3Y2(Si2O7)2,133.4
implant,SrY4Si4O15,141.5
implant,Sr3Y4Si4O17,134.0
implant,Ca2La2Si2O9,146.7
implant,Ca4La2Si2O11,151.9
implant,Ca6La2Si2O13,153.0
implant,Ca8La2Si2O15,118.6
implant,CaLa2SiO6,148.2
implant,Ca2La2SiO7,165.8
implant,Ca3La2SiO8,166.8
implant,Ca4La2SiO9,135.5
implant,Ca2La6Si2O15,167.9
implant,Ca4La6Si2O17,161.6
implant,Ca6La6Si2O19,153.1
implant,Ca8La6Si2O21,137.9
implant,CaLa4SiO9,171.0
implant,Ca2La4SiO10,145.1
implant,Ca3La4SiO11,140.1
implant,Ca4La4SiO12,146.5
implant,Ca2La2Si4O13,132.0
implant,Ca4La2Si4O15,127.9
implant,Ca6La2Si4O17,129.3
implant,Ca8La2Si4O19,138.2
implant,CaLa2(SiO4)2,157.2
implant,Ca3La2(SiO5)2,152.2
implant,Ca2La6Si4O19,146.8
implant,Ca4La6Si4O21,153.3
implant,Ca6La6Si4O23,166.9
implant,CaLa4Si2O11,154.6
implant,Ca3La4Si2O13,166.5
implant,Ca2La2Si6O17,141.1
implant,Ca4La2Si6O19,135.5
implant,Ca6La2(Si2O7)3,136.9
implant,Ca8La2Si6O23,127.4
implant,CaLa2Si3O10,126.0
implant,Ca2La2Si3O11,131.2
implant,Ca3La2(SiO4)3,135.0
implant,Ca4La2Si3O13,125.6
implant,Ca2La6Si6O23,168.4
implant,CaLa4Si3O13,146.2
implant,Ca2La4Si3O14,152.1
implant,Ca3La4(SiO5)3,154.9
implant,Ca4La4Si3O16,165.0
implant,Ca2La2Si8O21,146.7
implant,Ca4La2Si8O23,119.9
implant,CaLa2(SiO3)4,145.9
implant,Ca3La2(Si2O7)2,141.5
implant,CaLa4Si4O15,168.5
implant,Ca3La4Si4O17,145.8
implant,La2Mg2Si2O9,143.8
implant,La2Mg4Si2O11,144.8
implant,La2Mg6Si2O13,141.5
implant,La2Mg8Si2O15,141.2
implant,La2MgSiO6,186.6
implant,La2Mg2SiO7,177.9
implant,La2Mg3SiO8,166.6
implant,La2Mg4SiO9,146.9
implant,La6Mg2Si2O15,167.8
implant,La6Mg4Si2O17,194.9
implant,La6Mg6Si2O19,184.5
implant,La6Mg8Si2O21,188.4
implant,La4MgSiO9,174.0
implant,La4Mg2SiO10,193.2
implant,La4Mg3SiO11,174.2
implant,La4Mg4SiO12,161.5
implant,La2Mg2Si4O13,119.8
implant,La2Mg4Si4O15,117.7
implant,La2Mg6Si4O17,124.7
implant,La2Mg8Si4O19,141.2
implant,La2Mg(SiO4)2,129.2
implant,La2Mg3(SiO5)2,150.2
implant,La6Mg2Si4O19,145.8
implant,La6Mg4Si4O21,159.0
implant,La6Mg6Si4O23,159.2
implant,La4MgSi2O11,164.0
implant,La4Mg3Si2O13,171.5
implant,La2Mg2Si6O17,141.3
implant,La2Mg4Si6O19,137.0
implant,La2Mg6(Si2O7)3,123.3
implant,La2Mg8Si6O23,145.8
implant,La2MgSi3O10,123.6
implant,La2Mg2Si3O11,117.7
implant,La2Mg3(SiO4)3,125.9
implant,La2Mg4Si3O13,120.4
implant,La6Mg2Si6O23,156.0
implant,La4MgSi3O13,143.7
implant,La4Mg2Si3O14,141.2
implant,La4Mg3(SiO5)3,134.5
implant,La4Mg4Si3O16,158.1
implant,La2Mg2Si8O21,144.8
implant,La2Mg4Si8O23,125.8
implant,La2Mg(SiO3)4,126.5
implant,La2Mg3(Si2O7)2,124.6
implant,La4MgSi4O15,146.3
implant,La4Mg3Si4O17,127.4
implant,Sr2La2Si2O9,111.2
implant,Sr4La2Si2O11,128.2
implant,Sr6La2Si2O13,137.3
implant,Sr8La2Si2O15,97.3
implant,SrLa2SiO6,128.9
implant,Sr2La2SiO7,147.2
implant,Sr3La2SiO8,124.1
implant,Sr4La2SiO9,89.5
implant,Sr2La6Si2O15,152.5
implant,Sr4La6Si2O17,139.7
implant,Sr6La6Si2O19,134.8
implant,Sr8La6Si2O21,125.7
implant,SrLa4SiO9,147.8
implant,Sr2La4SiO10,141.0
implant,Sr3La4SiO11,133.9
implant,Sr4La4SiO12,132.2
implant,Sr2La2Si4O13,124.9
implant,Sr4La2Si4O15,108.9
implant,Sr6La2Si4O17,115.4
implant,Sr8La2Si4O19,122.9
implant,SrLa2(SiO4)2,144.4
implant,Sr3La2(SiO5)2,145.1
implant,Sr2La6Si4O19,153.4
implant,Sr4La6Si4O21,122.1
implant,Sr6La6Si4O23,133.3
implant,SrLa4Si2O11,130.9
implant,Sr3La4Si2O13,141.4
implant,Sr2La2Si6O17,125.0
implant,Sr4La2Si6O19,119.9
implant,Sr6La2(Si2O7)3,143.0
implant,Sr8La2Si6O23,146.7
implant,SrLa2Si3O10,133.1
implant,Sr2La2Si3O11,140.6
implant,Sr3La2(SiO4)3,151.0
implant,Sr4La2Si3O13,109.0
implant,Sr2La6Si6O23,147.1
implant,SrLa4Si3O13,153.9
implant,Sr2La4Si3O14,111.9
implant,Sr3La4(SiO5)3,120.8
implant,Sr4La4Si3O16,126.9
implant,Sr2La2Si8O21,121.9
implant,Sr4La2Si8O23,115.2
implant,SrLa2(SiO3)4,124.9
implant,Sr3La2(Si2O7)2,136.7
implant,SrLa4Si4O15,153.0
implant,Sr3La4Si4O17,140.0
implant,CaMgSiO4,134.8
implant,CaMg2SiO5,135.5
implant,CaMg3SiO6,125.0
implant,CaMg4SiO7,127.7
implant,Ca2MgSiO5,130.6
implant,Ca2Mg2SiO6,123.2
implant,Ca2Mg3SiO7,128.6
implant,Ca2Mg4SiO8,127.8
implant,Ca3MgSiO6,124.7
implant,Ca3Mg2SiO7,123.4
implant,Ca3Mg3SiO8,124.3
implant,Ca3Mg4SiO9,124.5
implant,Ca4MgSiO7,125.1
implant,Ca4Mg2SiO8,124.9
implant,Ca4Mg3SiO9,134.2
implant,Ca4Mg4SiO10,128.6
implant,CaMg(SiO3)2,142.5
implant,CaMg2Si2O7,120.4
implant,CaMg3(SiO4)2,123.1
implant,CaMg4Si2O9,130.3
implant,Ca2MgSi2O7,126.6
implant,Ca2Mg3Si2O9,135.5
implant,Ca3Mg(SiO4)2,130.8
implant,Ca3Mg2Si2O9,136.3
implant,Ca3Mg3(SiO5)2,134.1
implant,Ca3Mg4Si2O11,129.1
implant,Ca4MgSi2O9,131.3
implant,Ca4Mg3Si2O11,124.7
implant,CaMgSi3O8,111.9
implant,CaMg2(SiO3)3,164.4
implant,CaMg3Si3O10,149.0
implant,CaMg4Si3O11,122.0
implant,Ca2Mg(SiO3)3,135.8
implant,Ca2Mg2Si3O10,132.5
implant,Ca2Mg3Si3O11,123.7
implant,Ca2Mg4(SiO4)3,125.4
implant,Ca3MgSi3O10,139.9
implant,Ca3Mg2Si3O11,128.6
implant,Ca3Mg4Si3O13,135.1
implant,Ca4MgSi3O11,125.6
implant,Ca4Mg2(SiO4)3,134.7
implant,Ca4Mg3Si3O13,136.1
implant,Ca4Mg4Si3O14,134.1
implant,CaMg(Si2O5)2,130.0
implant,CaMg2Si4O11,123.4
implant,CaMg3(SiO3)4,178.7
implant,CaMg4Si4O13,169.7
implant,Ca2MgSi4O11,126.0
implant,Ca2Mg3Si4O13,134.6
implant,Ca3Mg(SiO3)4,147.2
implant,Ca3Mg2Si4O13,132.4
implant,Ca3Mg3(Si2O7)2,124.8
implant,Ca3Mg4Si4O15,122.8
implant,Ca4MgSi4O13,139.9
implant,Ca4Mg3Si4O15,130.0
implant,SrCaSiO4,129.0
implant,Sr2CaSiO5,142.7
implant,Sr3CaSiO6,110.4
implant,Sr4CaSiO7,121.6
implant,SrCa2SiO5,130.7
implant,Sr2Ca2SiO6,145.0
implant,Sr3Ca2SiO7,113.2
implant,Sr4Ca2SiO8,124.0
implant,SrCa3SiO6,131.1
implant,Sr2Ca3SiO7,119.2
implant,Sr3Ca3SiO8,115.6
implant,Sr4Ca3SiO9,127.8
implant,SrCa4SiO7,134.6
implant,Sr2Ca4SiO8,121.2
implant,Sr3Ca4SiO9,119.3
implant,Sr4Ca4SiO10,120.8
implant,SrCa(SiO3)2,165.7
implant,Sr2CaSi2O7,118.8
implant,Sr3Ca(SiO4)2,141.7
implant,Sr4CaSi2O9,138.8
implant,SrCa2Si2O7,110.3
implant,Sr3Ca2Si2O9,146.2
implant,SrCa3(SiO4)2,120.8
implant,Sr2Ca3Si2O9,130.1
implant,Sr3Ca3(SiO5)2,148.8
implant,Sr4Ca3Si2O11,142.6
implant,SrCa4Si2O9,121.8
implant,Sr3Ca4Si2O11,133.9
implant,SrCaSi3O8,114.0
implant,Sr2Ca(SiO3)3,132.3
implant,Sr3CaSi3O10,129.5
implant,Sr4CaSi3O11,126.3
implant,SrCa2(SiO3)3,157.3
implant,Sr2Ca2Si3O10,124.9
implant,Sr3Ca2Si3O11,120.7
implant,Sr4Ca2(SiO4)3,140.8
implant,SrCa3Si3O10,126.2
implant,Sr2Ca3Si3O11,119.3
implant,Sr4Ca3Si3O13,140.8
implant,SrCa4Si3O11,112.4
implant,Sr2Ca4(SiO4)3,121.1
implant,Sr3Ca4Si3O13,127.5
implant,Sr4Ca4Si3O14,133.9
implant,SrCa(Si2O5)2,109.8
implant,Sr2CaSi4O11,135.3
implant,Sr3Ca(SiO3)4,152.6
implant,Sr4CaSi4O13,126.0
implant,SrCa2Si4O11,129.2
implant,Sr3Ca2Si4O13,123.5
implant,SrCa3(SiO3)4,158.9
implant,Sr2Ca3Si4O13,133.7
implant,Sr3Ca3(Si2O7)2,123.1
implant,Sr4Ca3Si4O15,123.7
implant,SrCa4Si4O13,124.4
implant,Sr3Ca4Si4O15,120.1
implant,SrMgSiO4,135.5
implant,Sr2MgSiO5,136.0
implant,Sr3MgSiO6,135.2
implant,Sr4MgSiO7,118.0
implant,SrMg2SiO5,132.1
implant,Sr2Mg2SiO6,125.0
implant,Sr3Mg2SiO7,140.9
implant,Sr4Mg2SiO8,146.2
implant,SrMg3SiO6,124.8
implant,Sr2Mg3SiO7,135.3
implant,Sr3Mg3SiO8,130.5
implant,Sr4Mg3SiO9,147.1
implant,SrMg4SiO7,125.7
implant,Sr2Mg4SiO8,129.0
implant,Sr3Mg4SiO9,123.0
implant,Sr4Mg4SiO10,136.4
implant,SrMg(SiO3)2,128.8
implant,Sr2MgSi2O7,116.4
implant,Sr3Mg(SiO4)2,133.5
implant,Sr4MgSi2O9,149.9
implant,SrMg2Si2O7,115.6
implant,Sr3Mg2Si2O9,132.8
implant,SrMg3(SiO4)2,123.5
implant,Sr2Mg3Si2O9,140.2
implant,Sr3Mg3(SiO5)2,123.8
implant,Sr4Mg3Si2O11,131.5
implant,SrMg4Si2O9,132.3
implant,Sr3Mg4Si2O11,125.3
implant,SrMgSi3O8,123.4
implant,Sr2Mg(SiO3)3,145.9
implant,Sr3MgSi3O10,124.8
implant,Sr4MgSi3O11,127.6
implant,SrMg2(SiO3)3,123.2
implant,Sr2Mg2Si3O10,131.6
implant,Sr3Mg2Si3O11,121.9
implant,Sr4Mg2(SiO4)3,132.2
implant,SrMg3Si3O10,134.5
implant,Sr2Mg3Si3O11,123.8
implant,Sr4Mg3Si3O13,124.6
implant,SrMg4Si3O11,121.9
implant,Sr2Mg4(SiO4)3,123.1
implant,Sr3Mg4Si3O13,139.5
implant,Sr4Mg4Si3O14,123.9
implant,SrMg(Si2O5)2,121.6
implant,Sr2MgSi4O11,116.5
implant,Sr3Mg(SiO3)4,144.4
implant,Sr4MgSi4O13,127.6
implant,SrMg2Si4O11,125.4
implant,Sr3Mg2Si4O13,133.6
implant,SrMg3(SiO3)4,143.0
implant,Sr2Mg3Si4O13,123.4
implant,Sr3Mg3(Si2O7)2,125.2
implant,Sr4Mg3Si4O15,121.9
implant,SrMg4Si4O13,132.7
implant,Sr3Mg4Si4O15,121.7
implant,CeAlPO6,135.4
implant,Ce2Al4P2O15,159.7
implant,CeAl3PO9,151.2
implant,Ce2Al8P2O21,157.2
implant,Ce2Al2P4O17,140.9
implant,CeAl2(PO5)2,142.4
implant,Ce2Al6P4O23,135.7
implant,CeAl4P2O13,160.9
implant,CeAlP3O11,116.7
implant,Ce2Al4P6O25,140.1
implant,CeAl3P3O14,146.6
implant,Ce2Al2P8O27,102.6
implant,CeAl2P4O15,110.0
implant,CeAl4(P2O9)2,138.7
implant,Ce2AlPO8,134.5
implant,Ce4Al4P2O19,138.7
implant,Ce2Al3PO11,128.1
implant,Ce4Al8P2O25,127.2
implant,Ce4Al2P4O21,141.5
implant,Ce2AlP3O13,140.5
implant,Ce2Al3P3O16,152.4
implant,Ce3AlPO10,137.2
implant,Ce6Al4P2O23,143.6
implant,Ce3Al3PO13,138.2
implant,Ce6Al2P4O25,123.2
implant,Ce3Al2(PO7)2,134.3
implant,Ce3Al4P2O17,135.0
implant,Ce3Al(PO5)3,123.5
implant,Ce3Al2P4O19,138.4
implant,Ce3Al4(P2O11)2,155.0
implant,Ce4AlPO12,129.4
implant,Ce4Al3PO15,141.9
implant,Ce4AlP3O17,124.3
implant,Ce4Al3P3O20,131.7
implant,CeYPO6,135.2
implant,Ce2Y4P2O15,146.4
implant,CeY3PO9,148.0
implant,Ce2Y8P2O21,153.0
implant,Ce2Y2P4O17,126.6
implant,CeY2(PO5)2,120.4
implant,Ce2Y6P4O23,141.3
implant,CeY4P2O13,133.3
implant,CeYP3O11,114.3
implant,Ce2Y4P6O25,130.1
implant,CeY3P3O14,129.2
implant,Ce2Y2P8O27,104.9
implant,CeY2P4O15,142.3
implant,CeY4(P2O9)2,142.4
implant,Ce2YPO8,150.3
implant,Ce4Y4P2O19,147.7
implant,Ce2Y3PO11,150.5
implant,Ce4Y8P2O25,147.6
implant,Ce4Y2P4O21,116.4
implant,Ce2YP3O13,119.1
implant,Ce2Y3P3O16,122.8
implant,Ce3YPO10,131.8
implant,Ce6Y4P2O23,138.1
implant,Ce3Y3PO13,140.5
implant,Ce6Y2P4O25,125.0
implant,Ce3Y2(PO7)2,142.7
implant,Ce3Y4P2O17,142.9
implant,Ce3Y(PO5)3,121.1
implant,Ce3Y2P4O19,123.9
implant,Ce3Y4(P2O11)2,122.0
implant,Ce4YPO12,117.6
implant,Ce4Y3PO15,146.3
implant,Ce4YP3O17,111.0
implant,Ce4Y3P3O20,143.2
implant,LaCePO6,143.4
implant,La4Ce2P2O15,127.5
implant,La3CePO9,129.4
implant,La8Ce2P2O21,135.8
implant,La2Ce2P4O17,121.6
implant,La2Ce(PO5)2,133.8
implant,La6Ce2P4O23,152.3
implant,La4CeP2O13,119.8
implant,LaCeP3O11,116.1
implant,La4Ce2P6O25,126.5
implant,La3CeP3O14,133.0
implant,La2Ce2P8O27,98.2
implant,La2CeP4O15,127.7
implant,La4Ce(P2O9)2,123.3
implant,LaCe2PO8,146.8
implant,La4Ce4P2O19,131.1
implant,La3Ce2PO11,124.9
implant,La8Ce4P2O25,136.3
implant,La2Ce4P4O21,122.8
implant,LaCe2P3O13,122.4
implant,La3Ce2P3O16,130.3
implant,LaCe3PO10,124.5
implant,La4Ce6P2O23,130.5
implant,La3Ce3PO13,130.6
implant,La2Ce6P4O25,122.2
implant,La2Ce3(PO7)2,143.2
implant,La4Ce3P2O17,126.1
implant,LaCe3(PO5)3,121.0
implant,La2Ce3P4O19,118.0
implant,La4Ce3(P2O11)2,132.2
implant,LaCe4PO12,115.6
implant,La3Ce4PO15,131.2
implant,LaCe4P3O17,121.2
implant,La3Ce4P3O20,150.8
implant,Ca2Ce2P2O11,126.5
implant,Ca4Ce2P2O13,121.1
implant,Ca6Ce2P2O15,113.4
implant,Ca8Ce2P2O17,121.5
implant,CaCe(PO4)2,134.0
implant,Ca2CeP2O9,115.5
implant,Ca3Ce(PO5)2,117.7
implant,Ca4CeP2O11,121.6
implant,Ca2Ce2(P2O7)3,137.1
implant,Ca4Ce2P6O23,131.5
implant,Ca6Ce2P6O25,116.1
implant,CaCeP4O13,117.0
implant,Ca2Ce(P2O7)2,133.9
implant,Ca3CeP4O15,124.5
implant,Ca4Ce(PO4)4,107.3
implant,Ca2Ce4P2O15,146.1
implant,Ca4Ce4P2O17,139.1
implant,Ca6Ce4P2O19,146.5
implant,Ca8Ce4P2O21,147.8
implant,CaCe2(PO5)2,116.0
implant,Ca3Ce2(PO6)2,123.5
implant,Ca2Ce4P6O25,122.8
implant,CaCe2P4O15,133.1
implant,Ca3Ce2P4O17,110.1
implant,Ca2Ce6P2O19,144.9
implant,Ca4Ce6P2O21,138.8
implant,Ca6Ce6P2O23,164.7
implant,CaCe3(PO6)2,132.2
implant,Ca2Ce3P2O13,127.7
implant,Ca3Ce3(PO7)2,139.3
implant,Ca4Ce3P2O15,134.8
implant,CaCe3P4O17,118.9
implant,Ca2Ce3(P2O9)2,130.2
implant,Ca3Ce3P4O19,118.4
implant,Ca4Ce3(PO5)4,120.8
implant,Ca2Ce8P2O23,133.2
implant,Ca4Ce8P2O25,146.2
implant,CaCe4(PO7)2,146.8
implant,Ca3Ce4(PO8)2,148.1
implant,CaCe4P4O19,122.5
implant,Ca3Ce4P4O21,129.6
implant,Ce2Mg2P2O11,126.6
implant,Ce2Mg4P2O13,112.7
implant,Ce2Mg6P2O15,136.1
implant,Ce2Mg8P2O17,135.1
implant,CeMg(PO4)2,151.5
implant,CeMg2P2O9,126.1
implant,CeMg3(PO5)2,112.7
implant,CeMg4P2O11,106.1
implant,Ce2Mg2(P2O7)3,137.5
implant,Ce2Mg4P6O23,154.8
implant,Ce2Mg6P6O25,125.5
implant,CeMgP4O13,115.0
implant,CeMg2(P2O7)2,168.5
implant,CeMg3P4O15,155.9
implant,CeMg4(PO4)4,137.3
implant,Ce4Mg2P2O15,135.9
implant,Ce4Mg4P2O17,133.9
implant,Ce4Mg6P2O19,135.7
implant,Ce4Mg8P2O21,137.8
implant,Ce2Mg(PO5)2,126.9
implant,Ce2Mg3(PO6)2,121.5
implant,Ce4Mg2P6O25,134.7
implant,Ce2MgP4O15,133.7
implant,Ce2Mg3P4O17,152.9
implant,Ce6Mg2P2O19,143.3
implant,Ce6Mg4P2O21,131.8
implant,Ce6Mg6P2O23,137.9
implant,Ce3Mg(PO6)2,133.9
implant,Ce3Mg2P2O13,135.9
implant,Ce3Mg3(PO7)2,120.4
implant,Ce3Mg4P2O15,130.3
implant,Ce3MgP4O17,135.2
implant,Ce3Mg2(P2O9)2,147.7
implant,Ce3Mg3P4O19,127.7
implant,Ce3Mg4(PO5)4,122.2
implant,Ce8Mg2P2O23,153.3
implant,Ce8Mg4P2O25,148.8
implant,Ce4Mg(PO7)2,141.7
implant,Ce4Mg3(PO8)2,131.6
implant,Ce4MgP4O19,122.0
implant,Ce4Mg3P4O21,126.9
implant,Sr2Ce2P2O11,106.3
implant,Sr4Ce2P2O13,97.9
implant,Sr6Ce2P2O15,120.0
implant,Sr8Ce2P2O17,121.1
implant,SrCe(PO4)2,121.1
implant,Sr2CeP2O9,94.7
implant,Sr3Ce(PO5)2,99.9
implant,Sr4CeP2O11,105.3
implant,Sr2Ce2(P2O7)3,114.8
implant,Sr4Ce2P6O23,113.2
implant,Sr6Ce2P6O25,92.5
implant,SrCeP4O13,117.1
implant,Sr2Ce(P2O7)2,121.3
implant,Sr3CeP4O15,105.0
implant,Sr4Ce(PO4)4,89.7
implant,Sr2Ce4P2O15,143.7
implant,Sr4Ce4P2O17,119.5
implant,Sr6Ce4P2O19,133.9
implant,Sr8Ce4P2O21,136.7
implant,SrCe2(PO5)2,122.0
implant,Sr3Ce2(PO6)2,92.8
implant,Sr2Ce4P6O25,113.6
implant,SrCe2P4O15,142.3
implant,Sr3Ce2P4O17,105.9
implant,Sr2Ce6P2O19,126.6
implant,Sr4Ce6P2O21,129.1
implant,Sr6Ce6P2O23,145.1
implant,SrCe3(PO6)2,141.6
implant,Sr2Ce3P2O13,136.1
implant,Sr3Ce3(PO7)2,104.8
implant,Sr4Ce3P2O15,113.8
implant,SrCe3P4O17,114.4
implant,Sr2Ce3(P2O9)2,117.5
implant,Sr3Ce3P4O19,114.8
implant,Sr4Ce3(PO5)4,101.3
implant,Sr2Ce8P2O23,122.9
implant,Sr4Ce8P2O25,125.9
implant,SrCe4(PO7)2,144.7
implant,Sr3Ce4(PO8)2,115.5
implant,SrCe4P4O19,119.5
implant,Sr3Ce4P4O21,138.8
implant,CeYAlO5,161.3
implant,Ce2Y4Al2O13,165.9
implant,CeY3AlO8,172.0
implant,Ce2Y8Al2O19,161.3
implant,Ce2Y2Al4O13,172.7
implant,CeY2Al2O8,155.4
implant,Ce2Y6Al4O19,156.5
implant,CeY4Al2O11,158.3
implant,CeYAl3O8,159.5
implant,Ce2Y4Al6O19,174.2
implant,CeY3Al3O11,175.1
implant,Ce2Y2Al8O19,138.7
implant,CeY2Al4O11,164.4
implant,CeY4Al4O14,175.7
implant,Ce2YAlO7,160.7
implant,Ce4Y4Al2O17,162.2
implant,Ce2Y3AlO10,174.0
implant,Ce4Y8Al2O23,166.0
implant,Ce4Y2Al4O17,160.9
implant,Ce4Y6Al4O23,165.4
implant,Ce2YAl3O10,148.5
implant,Ce4Y4Al6O23,152.1
implant,Ce2Y3Al3O13,155.9
implant,Ce4Y2Al8O23,140.0
implant,Ce3YAlO9,155.0
implant,Ce6Y4Al2O21,151.0
implant,Ce3Y3AlO12,159.1
implant,Ce6Y2Al4O21,152.1
implant,Ce3Y2Al2O12,160.9
implant,Ce3Y4Al2O15,166.8
implant,Ce3YAl3O12,175.9
implant,Ce3Y2Al4O15,159.5
implant,Ce3Y4Al4O18,162.3
implant,Ce4YAlO11,149.0
implant,Ce8Y4Al2O25,147.6
implant,Ce4Y3AlO14,154.8
implant,Ce8Y2Al4O25,150.9
implant,Ce4YAl3O14,152.8
implant,Ce4Y3Al3O17,165.9
implant,LaCeAlO5,145.1
implant,La4Ce2Al2O13,132.8
implant,La3CeAlO8,141.3
implant,La8Ce2Al2O19,148.0
implant,La2Ce2Al4O13,168.1
implant,La2CeAl2O8,156.6
implant,La6Ce2Al4O19,155.7
implant,La4CeAl2O11,147.8
implant,LaCeAl3O8,134.1
implant,La4Ce2Al6O19,171.6
implant,La3CeAl3O11,153.7
implant,La2Ce2Al8O19,147.0
implant,La2CeAl4O11,140.3
implant,La4CeAl4O14,153.7
implant,LaCe2AlO7,142.4
implant,La4Ce4Al2O17,129.1
implant,La3Ce2AlO10,144.1
implant,La8Ce4Al2O23,143.3
implant,La2Ce4Al4O17,154.5
implant,La6Ce4Al4O23,147.9
implant,LaCe2Al3O10,145.9
implant,La4Ce4Al6O23,152.6
implant,La3Ce2Al3O13,145.6
implant,La2Ce4Al8O23,135.7
implant,LaCe3AlO9,147.5
implant,La4Ce6Al2O21,131.8
implant,La3Ce3AlO12,147.3
implant,La2Ce6Al4O21,140.4
implant,La2Ce3Al2O12,143.5
implant,La4Ce3Al2O15,146.2
implant,LaCe3Al3O12,151.7
implant,La2Ce3Al4O15,153.5
implant,La4Ce3Al4O18,145.6
implant,LaCe4AlO11,134.3
implant,La4Ce8Al2O25,133.6
implant,La3Ce4AlO14,140.9
implant,La2Ce8Al4O25,135.5
implant,LaCe4Al3O14,148.7
implant,La3Ce4Al3O17,151.7
implant,Ca2Ce2Al2O9,158.9
implant,Ca4Ce2Al2O11,147.0
implant,Ca6Ce2Al2O13,150.6
implant,Ca8Ce2Al2O15,142.9
implant,CaCeAl2O6,160.9
implant,Ca2CeAl2O7,142.8
implant,Ca3CeAl2O8,146.7
implant,Ca4CeAl2O9,135.0
implant,Ca2Ce2Al6O15,139.8
implant,Ca4Ce2Al6O17,148.0
implant,Ca6Ce2Al6O19,146.9
implant,Ca8Ce2Al6O21,132.8
implant,CaCeAl4O9,155.0
implant,Ca2CeAl4O10,135.7
implant,Ca3CeAl4O11,133.0
implant,Ca4CeAl4O12,139.6
implant,Ca2Ce4Al2O13,161.1
implant,Ca4Ce4Al2O15,167.9
implant,Ca6Ce4Al2O17,155.1
implant,Ca8Ce4Al2O19,156.3
implant,CaCe2Al2O8,150.2
implant,Ca3Ce2Al2O10,154.4
implant,Ca2Ce4Al6O19,145.3
implant,Ca4Ce4Al6O21,141.5
implant,Ca6Ce4Al6O23,145.2
implant,CaCe2Al4O11,133.6
implant,Ca3Ce2Al4O13,148.7
implant,Ca2Ce6Al2O17,155.6
implant,Ca4Ce6Al2O19,160.1
implant,Ca6Ce6Al2O21,167.1
implant,Ca8Ce6Al2O23,164.5
implant,CaCe3Al2O10,161.0
implant,Ca2Ce3Al2O11,151.2
implant,Ca3Ce3Al2O12,166.7
implant,Ca4Ce3Al2O13,157.9
implant,Ca2Ce6Al6O23,149.5
implant,CaCe3Al4O13,143.4
implant,Ca2Ce3Al4O14,136.5
implant,Ca3Ce3Al4O15,144.0
implant,Ca4Ce3Al4O16,144.5
implant,Ca2Ce8Al2O21,151.4
implant,Ca4Ce8Al2O23,154.9
implant,CaCe4Al2O12,148.4
implant,Ca3Ce4Al2O14,159.4
implant,CaCe4Al4O15,181.1
implant,Ca3Ce4Al4O17,154.0
implant,Ce2Mg2Al2O9,157.3
implant,Ce2Mg4Al2O11,137.3
implant,Ce2Mg6Al2O13,141.7
implant,Ce2Mg8Al2O15,148.5
implant,CeMgAl2O6,152.0
implant,CeMg2Al2O7,150.8
implant,CeMg3Al2O8,146.7
implant,CeMg4Al2O9,140.4
implant,Ce2Mg2Al6O15,151.6
implant,Ce2Mg4Al6O17,156.7
implant,Ce2Mg6Al6O19,150.9
implant,Ce2Mg8Al6O21,155.9
implant,CeMgAl4O9,152.8
implant,CeMg2Al4O10,153.4
implant,CeMg3Al4O11,150.6
implant,CeMg4Al4O12,151.2
implant,Ce4Mg2Al2O13,152.6
implant,Ce4Mg4Al2O15,141.2
implant,Ce4Mg6Al2O17,145.0
implant,Ce4Mg8Al2O19,164.3
implant,Ce2MgAl2O8,143.7
implant,Ce2Mg3Al2O10,158.8
implant,Ce4Mg2Al6O19,155.6
implant,Ce4Mg4Al6O21,155.9
implant,Ce4Mg6Al6O23,152.0
implant,Ce2MgAl4O11,132.8
implant,Ce2Mg3Al4O13,151.1
implant,Ce6Mg2Al2O17,148.5
implant,Ce6Mg4Al2O19,151.9
implant,Ce6Mg6Al2O21,152.0
implant,Ce6Mg8Al2O23,146.5
implant,Ce3MgAl2O10,153.7
implant,Ce3Mg2Al2O11,140.9
implant,Ce3Mg3Al2O12,162.6
implant,Ce3Mg4Al2O13,164.3
implant,Ce6Mg2Al6O23,161.8
implant,Ce3MgAl4O13,157.0
implant,Ce3Mg2Al4O14,153.5
implant,Ce3Mg3Al4O15,157.3
implant,Ce3Mg4Al4O16,154.3
implant,Ce8Mg2Al2O21,148.7
implant,Ce8Mg4Al2O23,151.9
implant,Ce4MgAl2O12,143.4
implant,Ce4Mg3Al2O14,146.1
implant,Ce4MgAl4O15,161.8
implant,Ce4Mg3Al4O17,156.1
implant,Sr2Ce2Al2O9,134.3
implant,Sr4Ce2Al2O11,147.8
implant,Sr6Ce2Al2O13,136.6
implant,Sr8Ce2Al2O15,103.7
implant,SrCeAl2O6,143.8
implant,Sr2CeAl2O7,145.8
implant,Sr3CeAl2O8,126.2
implant,Sr4CeAl2O9,133.3
implant,Sr2Ce2Al6O15,137.5
implant,Sr4Ce2Al6O17,148.5
implant,Sr6Ce2Al6O19,140.6
implant,Sr8Ce2Al6O21,127.3
implant,SrCeAl4O9,143.8
implant,Sr2CeAl4O10,142.3
implant,Sr3CeAl4O11,135.4
implant,Sr4CeAl4O12,140.4
implant,Sr2Ce4Al2O13,148.4
implant,Sr4Ce4Al2O15,159.9
implant,Sr6Ce4Al2O17,132.2
implant,Sr8Ce4Al2O19,121.3
implant,SrCe2Al2O8,135.4
implant,Sr3Ce2Al2O10,143.4
implant,Sr2Ce4Al6O19,154.3
implant,Sr4Ce4Al6O21,149.4
implant,Sr6Ce4Al6O23,155.3
implant,SrCe2Al4O11,135.9
implant,Sr3Ce2Al4O13,158.8
implant,Sr2Ce6Al2O17,139.4
implant,Sr4Ce6Al2O19,140.3
implant,Sr6Ce6Al2O21,137.9
implant,Sr8Ce6Al2O23,144.5
implant,SrCe3Al2O10,164.7
implant,Sr2Ce3Al2O11,139.1
implant,Sr3Ce3Al2O12,156.8
implant,Sr4Ce3Al2O13,151.2
implant,Sr2Ce6Al6O23,154.3
implant,SrCe3Al4O13,151.2
implant,Sr2Ce3Al4O14,145.5
implant,Sr3Ce3Al4O15,142.6
implant,Sr4Ce3Al4O16,149.2
implant,Sr2Ce8Al2O21,145.1
implant,Sr4Ce8Al2O23,129.5
implant,SrCe4Al2O12,139.3
implant,Sr3Ce4Al2O14,143.2
implant,SrCe4Al4O15,155.9
implant,Sr3Ce4Al4O17,147.3
implant,LaCeYO5,141.7
implant,La4Ce2Y2O13,134.8
implant,La3CeYO8,134.2
implant,La8Ce2Y2O19,134.1
implant,La2Ce2Y4O13,147.8
implant,La2CeY2O8,150.4
implant,La6Ce2Y4O19,145.3
implant,La4CeY2O11,129.6
implant,LaCeY3O8,147.7
implant,La4Ce2Y6O19,151.2
implant,La3CeY3O11,145.5
implant,La2Ce2Y8O19,153.3
implant,La2CeY4O11,149.1
implant,La4CeY4O14,149.1
implant,LaCe2YO7,150.0
implant,La4Ce4Y2O17,144.6
implant,La3Ce2YO10,139.2
implant,La8Ce4Y2O23,146.4
implant,La2Ce4Y4O17,148.6
implant,La6Ce4Y4O23,142.3
implant,LaCe2Y3O10,140.2
implant,La4Ce4Y6O23,150.5
implant,La3Ce2Y3O13,149.4
implant,La2Ce4Y8O23,150.4
implant,LaCe3YO9,151.7
implant,La4Ce6Y2O21,149.8
implant,La3Ce3YO12,149.5
implant,La2Ce6Y4O21,151.2
implant,La2Ce3Y2O12,147.2
implant,La4Ce3Y2O15,136.7
implant,LaCe3Y3O12,147.8
implant,La2Ce3Y4O15,142.7
implant,La4Ce3Y4O18,149.5
implant,LaCe4YO11,152.4
implant,La4Ce8Y2O25,152.5
implant,La3Ce4YO14,150.7
implant,La2Ce8Y4O25,153.2
implant,LaCe4Y3O14,151.2
implant,La3Ce4Y3O17,147.0
implant,Ca2Ce2Y2O9,146.9
implant,Ca4Ce2Y2O11,132.2
implant,Ca6Ce2Y2O13,128.3
implant,Ca8Ce2Y2O15,140.7
implant,CaCeY2O6,147.4
implant,Ca2CeY2O7,132.7
implant,Ca3CeY2O8,134.9
implant,Ca4CeY2O9,129.8
implant,Ca2Ce2Y6O15,157.7
implant,Ca4Ce2Y6O17,141.7
implant,Ca6Ce2Y6O19,134.9
implant,Ca8Ce2Y6O21,134.5
implant,CaCeY4O9,159.2
implant,Ca2CeY4O10,138.6
implant,Ca3CeY4O11,135.9
implant,Ca4CeY4O12,137.1
implant,Ca2Ce4Y2O13,136.8
implant,Ca4Ce4Y2O15,152.1
implant,Ca6Ce4Y2O17,130.7
implant,Ca8Ce4Y2O19,129.7
implant,CaCe2Y2O8,157.0
implant,Ca3Ce2Y2O10,133.8
implant,Ca2Ce4Y6O19,150.0
implant,Ca4Ce4Y6O21,146.9
implant,Ca6Ce4Y6O23,136.6
implant,CaCe2Y4O11,153.4
implant,Ca3Ce2Y4O13,146.9
implant,Ca2Ce6Y2O17,157.9
implant,Ca4Ce6Y2O19,141.2
implant,Ca6Ce6Y2O21,118.2
implant,Ca8Ce6Y2O23,133.1
implant,CaCe3Y2O10,150.1
implant,Ca2Ce3Y2O11,140.5
implant,Ca3Ce3Y2O12,146.4
implant,Ca4Ce3Y2O13,136.9
implant,Ca2Ce6Y6O23,165.4
implant,CaCe3Y4O13,144.1
implant,Ca2Ce3Y4O14,145.6
implant,Ca3Ce3Y4O15,146.9
implant,Ca4Ce3Y4O16,149.8
implant,Ca2Ce8Y2O21,166.7
implant,Ca4Ce8Y2O23,143.2
implant,CaCe4Y2O12,160.3
implant,Ca3Ce4Y2O14,142.6
implant,CaCe4Y4O15,164.2
implant,Ca3Ce4Y4O17,144.2
implant,Ce2Y2Mg2O9,161.6
implant,Ce2Y2Mg4O11,155.7
implant,Ce2Y2Mg6O13,147.1
implant,Ce2Y2Mg8O15,144.9
implant,CeY2MgO6,166.1
implant,CeY2Mg2O7,166.1
implant,CeY2Mg3O8,162.4
implant,CeY2Mg4O9,147.1
implant,Ce2Y6Mg2O15,167.0
implant,Ce2Y6Mg4O17,175.0
implant,Ce2Y6Mg6O19,166.4
implant,Ce2Y6Mg8O21,160.7
implant,CeY4MgO9,171.5
implant,CeY4Mg2O10,178.1
implant,CeY4Mg3O11,170.8
implant,CeY4Mg4O12,164.0
implant,Ce4Y2Mg2O13,151.8
implant,Ce4Y2Mg4O15,166.3
implant,Ce4Y2Mg6O17,166.6
implant,Ce4Y2Mg8O19,166.4
implant,Ce2Y2MgO8,175.2
implant,Ce2Y2Mg3O10,169.1
implant,Ce4Y6Mg2O19,168.7
implant,Ce4Y6Mg4O21,166.5
implant,Ce4Y6Mg6O23,175.4
implant,Ce2Y4MgO11,164.7
implant,Ce2Y4Mg3O13,177.2
implant,Ce6Y2Mg2O17,138.4
implant,Ce6Y2Mg4O19,174.2
implant,Ce6Y2Mg6O21,165.1
implant,Ce6Y2Mg8O23,161.3
implant,Ce3Y2MgO10,148.0
implant,Ce3Y2Mg2O11,174.0
implant,Ce3Y2Mg3O12,167.3
implant,Ce3Y2Mg4O13,171.4
implant,Ce6Y6Mg2O23,147.2
implant,Ce3Y4MgO13,160.0
implant,Ce3Y4Mg2O14,168.7
implant,Ce3Y4Mg3O15,165.4
implant,Ce3Y4Mg4O16,173.1
implant,Ce8Y2Mg2O21,150.6
implant,Ce8Y2Mg4O23,158.2
implant,Ce4Y2MgO12,144.7
implant,Ce4Y2Mg3O14,178.9
implant,Ce4Y4MgO15,150.6
implant,Ce4Y4Mg3O17,167.3
implant,Sr2Ce2Y2O9,129.0
implant,Sr4Ce2Y2O11,121.3
implant,Sr6Ce2Y2O13,101.5
implant,Sr8Ce2Y2O15,104.9
implant,SrCeY2O6,129.7
implant,Sr2CeY2O7,127.4
implant,Sr3CeY2O8,124.6
implant,Sr4CeY2O9,92.8
implant,Sr2Ce2Y6O15,152.1
implant,Sr4Ce2Y6O17,130.1
implant,Sr6Ce2Y6O19,127.4
implant,Sr8Ce2Y6O21,122.9
implant,SrCeY4O9,157.7
implant,Sr2CeY4O10,140.3
implant,Sr3CeY4O11,137.5
implant,Sr4CeY4O12,128.6
implant,Sr2Ce4Y2O13,149.8
implant,Sr4Ce4Y2O15,140.6
implant,Sr6Ce4Y2O17,130.0
implant,Sr8Ce4Y2O19,101.2
implant,SrCe2Y2O8,161.0
implant,Sr3Ce2Y2O10,133.7
implant,Sr2Ce4Y6O19,151.6
implant,Sr4Ce4Y6O21,128.3
implant,Sr6Ce4Y6O23,134.4
implant,SrCe2Y4O11,153.7
implant,Sr3Ce2Y4O13,133.5
implant,Sr2Ce6Y2O17,148.3
implant,Sr4Ce6Y2O19,155.6
implant,Sr6Ce6Y2O21,136.4
implant,Sr8Ce6Y2O23,140.7
implant,SrCe3Y2O10,153.4
implant,Sr2Ce3Y2O11,149.9
implant,Sr3Ce3Y2O12,142.2
implant,Sr4Ce3Y2O13,133.5
implant,Sr2Ce6Y6O23,150.6
implant,SrCe3Y4O13,139.7
implant,Sr2Ce3Y4O14,152.9
implant,Sr3Ce3Y4O15,136.9
implant,Sr4Ce3Y4O16,135.7
implant,Sr2Ce8Y2O21,148.3
implant,Sr4Ce8Y2O23,143.3
implant,SrCe4Y2O12,150.1
implant,Sr3Ce4Y2O14,149.5
implant,SrCe4Y4O15,150.6
implant,Sr3Ce4Y4O17,144.8
implant,Ca2La2Ce2O9,128.6
implant,Ca4La2Ce2O11,128.1
implant,Ca6La2Ce2O13,123.0
implant,Ca8La2Ce2O15,127.7
implant,CaLa2CeO6,138.9
implant,Ca2La2CeO7,121.5
implant,Ca3La2CeO8,128.7
implant,Ca4La2CeO9,123.4
implant,Ca2La6Ce2O15,141.0
implant,Ca4La6Ce2O17,131.1
implant,Ca6La6Ce2O19,122.3
implant,Ca8La6Ce2O21,128.7
implant,CaLa4CeO9,132.7
implant,Ca2La4CeO10,138.2
implant,Ca3La4CeO11,130.6
implant,Ca4La4CeO12,123.3
implant,Ca2La2Ce4O13,149.5
implant,Ca4La2Ce4O15,126.2
implant,Ca6La2Ce4O17,118.5
implant,Ca8La2Ce4O19,126.7
implant,CaLa2Ce2O8,156.2
implant,Ca3La2Ce2O10,122.9
implant,Ca2La6Ce4O19,149.5
implant,Ca4La6Ce4O21,136.9
implant,Ca6La6Ce4O23,124.2
implant,CaLa4Ce2O11,137.0
implant,Ca3La4Ce2O13,132.0
implant,Ca2La2Ce6O17,142.8
implant,Ca4La2Ce6O19,148.6
implant,Ca6La2Ce6O21,131.1
implant,Ca8La2Ce6O23,138.5
implant,CaLa2Ce3O10,149.1
implant,Ca2La2Ce3O11,145.1
implant,Ca3La2Ce3O12,127.1
implant,Ca4La2Ce3O13,126.4
implant,Ca2La6Ce6O23,146.0
implant,CaLa4Ce3O13,140.4
implant,Ca2La4Ce3O14,142.0
implant,Ca3La4Ce3O15,130.3
implant,Ca4La4Ce3O16,127.5
implant,Ca2La2Ce8O21,148.4
implant,Ca4La2Ce8O23,140.6
implant,CaLa2Ce4O12,146.1
implant,Ca3La2Ce4O14,144.6
implant,CaLa4Ce4O15,149.9
implant,Ca3La4Ce4O17,137.5
implant,La2Ce2Mg2O9,162.7
implant,La2Ce2Mg4O11,162.8
implant,La2Ce2Mg6O13,157.3
implant,La2Ce2Mg8O15,150.8
implant,La2CeMgO6,148.4
implant,La2CeMg2O7,155.9
implant,La2CeMg3O8,160.5
implant,La2CeMg4O9,159.2
implant,La6Ce2Mg2O15,152.3
implant,La6Ce2Mg4O17,139.7
implant,La6Ce2Mg6O19,162.4
implant,La6Ce2Mg8O21,165.6
implant,La4CeMgO9,145.2
implant,La4CeMg2O10,146.8
implant,La4CeMg3O11,165.9
implant,La4CeMg4O12,163.7
implant,La2Ce4Mg2O13,136.9
implant,La2Ce4Mg4O15,177.2
implant,La2Ce4Mg6O17,174.2
implant,La2Ce4Mg8O19,158.5
implant,La2Ce2MgO8,153.9
implant,La2Ce2Mg3O10,177.7
implant,La6Ce4Mg2O19,149.3
implant,La6Ce4Mg4O21,143.2
implant,La6Ce4Mg6O23,158.7
implant,La4Ce2MgO11,146.8
implant,La4Ce2Mg3O13,145.5
implant,La2Ce6Mg2O17,138.4
implant,La2Ce6Mg4O19,169.4
implant,La2Ce6Mg6O21,176.2
implant,La2Ce6Mg8O23,168.9
implant,La2Ce3MgO10,148.6
implant,La2Ce3Mg2O11,143.3
implant,La2Ce3Mg3O12,157.0
implant,La2Ce3Mg4O13,175.7
implant,La6Ce6Mg2O23,148.6
implant,La4Ce3MgO13,140.8
implant,La4Ce3Mg2O14,149.5
implant,La4Ce3Mg3O15,142.2
implant,La4Ce3Mg4O16,162.1
implant,La2Ce8Mg2O21,146.3
implant,La2Ce8Mg4O23,135.9
implant,La2Ce4MgO12,139.3
implant,La2Ce4Mg3O14,152.4
implant,La4Ce4MgO15,148.4
implant,La4Ce4Mg3O17,143.3
implant,Sr2La2Ce2O9,125.5
implant,Sr4La2Ce2O11,114.2
implant,Sr6La2Ce2O13,108.8
implant,Sr8La2Ce2O15,114.0
implant,SrLa2CeO6,134.6
implant,Sr2La2CeO7,124.0
implant,Sr3La2CeO8,110.4
implant,Sr4La2CeO9,108.9
implant,Sr2La6Ce2O15,140.7
implant,Sr4La6Ce2O17,132.2
implant,Sr6La6Ce2O19,122.6
implant,Sr8La6Ce2O21,112.8
implant,SrLa4CeO9,140.7
implant,Sr2La4CeO10,134.8
implant,Sr3La4CeO11,128.2
implant,Sr4La4CeO12,124.0
implant,Sr2La2Ce4O13,148.8
implant,Sr4La2Ce4O15,136.8
implant,Sr6La2Ce4O17,118.4
implant,Sr8La2Ce4O19,110.0
implant,SrLa2Ce2O8,154.6
implant,Sr3La2Ce2O10,122.5
implant,Sr2La6Ce4O19,142.4
implant,Sr4La6Ce4O21,132.6
implant,Sr6La6Ce4O23,126.5
implant,SrLa4Ce2O11,140.3
implant,Sr3La4Ce2O13,128.6
implant,Sr2La2Ce6O17,141.0
implant,Sr4La2Ce6O19,155.4
implant,Sr6La2Ce6O21,132.3
implant,Sr8La2Ce6O23,130.2
implant,SrLa2Ce3O10,151.2
implant,Sr2La2Ce3O11,133.8
implant,Sr3La2Ce3O12,134.3
implant,Sr4La2Ce3O13,124.0
implant,Sr2La6Ce6O23,150.9
implant,SrLa4Ce3O13,141.4
implant,Sr2La4Ce3O14,138.5
implant,Sr3La4Ce3O15,130.0
implant,Sr4La4Ce3O16,133.4
implant,Sr2La2Ce8O21,150.9
implant,Sr4La2Ce8O23,146.9
implant,SrLa2Ce4O12,145.6
implant,Sr3La2Ce4O14,137.8
implant,SrLa4Ce4O15,149.2
implant,Sr3La4Ce4O17,137.0
implant,CaCeMgO4,157.4
implant,CaCeMg2O5,134.0
implant,CaCeMg3O6,139.8
implant,CaCeMg4O7,139.5
implant,Ca2CeMgO5,154.8
implant,Ca2CeMg2O6,149.4
implant,Ca2CeMg3O7,134.7
implant,Ca2CeMg4O8,134.0
implant,Ca3CeMgO6,124.3
implant,Ca3CeMg2O7,141.8
implant,Ca3CeMg3O8,131.0
implant,Ca3CeMg4O9,132.8
implant,Ca4CeMgO7,124.6
implant,Ca4CeMg2O8,144.4
implant,Ca4CeMg3O9,128.2
implant,Ca4CeMg4O10,135.6
implant,CaCe2MgO6,160.7
implant,CaCe2Mg2O7,162.8
implant,CaCe2Mg3O8,149.2
implant,CaCe2Mg4O9,134.2
implant,Ca2Ce2MgO7,162.5
implant,Ca2Ce2Mg3O9,147.4
implant,Ca3Ce2MgO8,126.0
implant,Ca3Ce2Mg2O9,152.4
implant,Ca3Ce2Mg3O10,150.7
implant,Ca3Ce2Mg4O11,138.0
implant,Ca4Ce2MgO9,127.3
implant,Ca4Ce2Mg3O11,146.3
implant,CaCe3MgO8,157.1
implant,CaCe3Mg2O9,167.6
implant,CaCe3Mg3O10,164.2
implant,CaCe3Mg4O11,159.3
implant,Ca2Ce3MgO9,155.2
implant,Ca2Ce3Mg2O10,165.2
implant,Ca2Ce3Mg3O11,161.1
implant,Ca2Ce3Mg4O12,144.8
implant,Ca3Ce3MgO10,170.5
implant,Ca3Ce3Mg2O11,159.5
implant,Ca3Ce3Mg4O13,152.9
implant,Ca4Ce3MgO11,134.5
implant,Ca4Ce3Mg2O12,153.6
implant,Ca4Ce3Mg3O13,148.9
implant,Ca4Ce3Mg4O14,145.3
implant,CaCe4MgO10,154.8
implant,CaCe4Mg2O11,158.3
implant,CaCe4Mg3O12,167.0
implant,CaCe4Mg4O13,160.1
implant,Ca2Ce4MgO11,162.8
implant,Ca2Ce4Mg3O13,162.5
implant,Ca3Ce4MgO12,158.6
implant,Ca3Ce4Mg2O13,164.2
implant,Ca3Ce4Mg3O14,169.5
implant,Ca3Ce4Mg4O15,164.0
implant,Ca4Ce4MgO13,168.5
implant,Ca4Ce4Mg3O15,157.9
implant,SrCaCeO4,126.6
implant,Sr2CaCeO5,92.5
implant,Sr3CaCeO6,99.1
implant,Sr4CaCeO7,91.8
implant,SrCa2CeO5,121.4
implant,Sr2Ca2CeO6,112.0
implant,Sr3Ca2CeO7,115.3
implant,Sr4Ca2CeO8,116.9
implant,SrCa3CeO6,124.8
implant,Sr2Ca3CeO7,116.9
implant,Sr3Ca3CeO8,119.4
implant,Sr4Ca3CeO9,119.2
implant,SrCa4CeO7,125.7
implant,Sr2Ca4CeO8,102.7
implant,Sr3Ca4CeO9,119.2
implant,Sr4Ca4CeO10,124.5
implant,SrCaCe2O6,124.0
implant,Sr2CaCe2O7,125.7
implant,Sr3CaCe2O8,104.9
implant,Sr4CaCe2O9,89.4
implant,SrCa2Ce2O7,132.3
implant,Sr3Ca2Ce2O9,103.5
implant,SrCa3Ce2O8,124.6
implant,Sr2Ca3Ce2O9,124.6
implant,Sr3Ca3Ce2O10,111.8
implant,Sr4Ca3Ce2O11,102.1
implant,SrCa4Ce2O9,124.0
implant,Sr3Ca4Ce2O11,118.5
implant,SrCaCe3O8,142.8
implant,Sr2CaCe3O9,127.3
implant,Sr3CaCe3O10,128.9
implant,Sr4CaCe3O11,114.7
implant,SrCa2Ce3O9,123.9
implant,Sr2Ca2Ce3O10,129.1
implant,Sr3Ca2Ce3O11,128.6
implant,Sr4Ca2Ce3O12,119.2
implant,SrCa3Ce3O10,117.6
implant,Sr2Ca3Ce3O11,134.6
implant,Sr4Ca3Ce3O13,126.6
implant,SrCa4Ce3O11,132.9
implant,Sr2Ca4Ce3O12,123.2
implant,Sr3Ca4Ce3O13,116.0
implant,Sr4Ca4Ce3O14,113.1
implant,SrCaCe4O10,141.7
implant,Sr2CaCe4O11,138.0
implant,Sr3CaCe4O12,133.4
implant,Sr4CaCe4O13,125.6
implant,SrCa2Ce4O11,136.1
implant,Sr3Ca2Ce4O13,129.4
implant,SrCa3Ce4O12,126.2
implant,Sr2Ca3Ce4O13,131.2
implant,Sr3Ca3Ce4O14,127.2
implant,Sr4Ca3Ce4O15,129.2
implant,SrCa4Ce4O13,125.4
implant,Sr3Ca4Ce4O15,133.8
implant,SrCeMgO4,130.6
implant,Sr2CeMgO5,128.1
implant,Sr3CeMgO6,105.8
implant,Sr4CeMgO7,105.4
implant,SrCeMg2O5,149.9
implant,Sr2CeMg2O6,130.7
implant,Sr3CeMg2O7,122.1
implant,Sr4CeMg2O8,113.1
implant,SrCeMg3O6,147.8
implant,Sr2CeMg3O7,155.1
implant,Sr3CeMg3O8,130.8
implant,Sr4CeMg3O9,135.3
implant,SrCeMg4O7,133.2
implant,Sr2CeMg4O8,143.2
implant,Sr3CeMg4O9,157.2
implant,Sr4CeMg4O10,135.9
implant,SrCe2MgO6,145.2
implant,Sr2Ce2MgO7,135.4
implant,Sr3Ce2MgO8,121.1
implant,Sr4Ce2MgO9,112.6
implant,SrCe2Mg2O7,153.0
implant,Sr3Ce2Mg2O9,130.3
implant,SrCe2Mg3O8,151.8
implant,Sr2Ce2Mg3O9,152.5
implant,Sr3Ce2Mg3O10,120.6
implant,Sr4Ce2Mg3O11,130.5
implant,SrCe2Mg4O9,147.5
implant,Sr3Ce2Mg4O11,158.1
implant,SrCe3MgO8,136.4
implant,Sr2Ce3MgO9,132.6
implant,Sr3Ce3MgO10,140.2
implant,Sr4Ce3MgO11,131.4
implant,SrCe3Mg2O9,169.6
implant,Sr2Ce3Mg2O10,149.1
implant,Sr3Ce3Mg2O11,145.1
implant,Sr4Ce3Mg2O12,126.0
implant,SrCe3Mg3O10,167.2
implant,Sr2Ce3Mg3O11,152.5
implant,Sr4Ce3Mg3O13,129.1
implant,SrCe3Mg4O11,155.2
implant,Sr2Ce3Mg4O12,150.5
implant,Sr3Ce3Mg4O13,154.9
implant,Sr4Ce3Mg4O14,132.1
implant,SrCe4MgO10,133.3
implant,Sr2Ce4MgO11,135.7
implant,Sr3Ce4MgO12,136.2
implant,Sr4Ce4MgO13,139.8
implant,SrCe4Mg2O11,153.9
implant,Sr3Ce4Mg2O13,138.1
implant,SrCe4Mg3O12,171.6
implant,Sr2Ce4Mg3O13,167.8
implant,Sr3Ce4Mg3O14,138.5
implant,Sr4Ce4Mg3O15,137.7
implant,SrCe4Mg4O13,169.5
implant,Sr3Ce4Mg4O15,155.1
implant,Y2Al2P2O11,145.3
implant,Y2AlPO7,149.4
implant,Y6Al2P2O17,158.7
implant,Y4AlPO10,158.9
implant,YAl2PO7,129.5
implant,Y4Al4P2O17,141.5
implant,Y3Al2PO10,160.8
implant,Y8Al4P2O23,159.5
implant,Y2Al6P2O17,126.3
implant,Y2Al3PO10,143.2
implant,Y6Al6P2O23,158.7
implant,Y4Al3PO13,160.9
implant,YAl4PO10,124.2
implant,Y4Al8P2O23,149.8
implant,Y3Al4PO13,151.9
implant,YAl(PO4)2,163.8
implant,Y4Al2P4O19,142.7
implant,Y3AlP2O11,134.4
implant,Y8Al2P4O25,142.0
implant,Y2Al4P4O19,165.4
implant,Y6Al4P4O25,147.5
implant,YAl3P2O11,129.1
implant,Y4Al6P4O25,140.1
implant,Y3Al3(PO7)2,139.5
implant,Y2Al8P4O25,155.3
implant,Y2Al2(P2O7)3,123.7
implant,Y2Al(PO4)3,166.4
implant,Y4Al(PO5)3,149.3
implant,YAl2(PO4)3,153.9
implant,Y3Al2(PO5)3,142.8
implant,Y2Al3(PO5)3,135.5
implant,Y4Al3(PO6)3,143.5
implant,YAl4(PO5)3,138.1
implant,Y3Al4(PO6)3,144.6
implant,YAlP4O13,128.8
implant,Y3Al(PO4)4,165.1
implant,YAl3(PO4)4,150.3
implant,Y3Al3P4O19,150.0
implant,La2Al2P2O11,124.6
implant,La2AlPO7,146.9
implant,La6Al2P2O17,161.5
implant,La4AlPO10,130.5
implant,LaAl2PO7,141.5
implant,La4Al4P2O17,135.0
implant,La3Al2PO10,153.1
implant,La8Al4P2O23,156.0
implant,La2Al6P2O17,130.6
implant,La2Al3PO10,135.7
implant,La6Al6P2O23,155.3
implant,La4Al3PO13,171.4
implant,LaAl4PO10,133.1
implant,La4Al8P2O23,145.9
implant,La3Al4PO13,137.0
implant,LaAl(PO4)2,161.3
implant,La4Al2P4O19,146.8
implant,La3AlP2O11,129.2
implant,La8Al2P4O25,145.2
implant,La2Al4P4O19,168.3
implant,La6Al4P4O25,130.8
implant,LaAl3P2O11,134.5
implant,La4Al6P4O25,142.0
implant,La3Al3(PO7)2,131.4
implant,La2Al8P4O25,127.6
implant,La2Al2(P2O7)3,121.5
implant,La2Al(PO4)3,166.7
implant,La4Al(PO5)3,128.1
implant,LaAl2(PO4)3,161.8
implant,La3Al2(PO5)3,130.4
implant,La2Al3(PO5)3,139.5
implant,La4Al3(PO6)3,126.5
implant,LaAl4(PO5)3,134.2
implant,La3Al4(PO6)3,126.7
implant,LaAlP4O13,114.2
implant,La3Al(PO4)4,147.1
implant,LaAl3(PO4)4,127.3
implant,La3Al3P4O19,147.3
implant,CaAlPO5,140.3
implant,Ca2AlPO6,153.1
implant,Ca3AlPO7,118.3
implant,Ca4AlPO8,124.8
implant,Ca2Al4P2O13,131.1
implant,Ca4Al4P2O15,139.2
implant,Ca6Al4P2O17,119.1
implant,Ca8Al4P2O19,120.2
implant,CaAl3PO8,123.4
implant,Ca2Al3PO9,139.5
implant,Ca3Al3PO10,136.2
implant,Ca4Al3PO11,119.9
implant,Ca2Al8P2O19,122.6
implant,Ca4Al8P2O21,140.8
implant,Ca6Al8P2O23,136.5
implant,Ca2Al2P4O15,155.6
implant,Ca4Al2P4O17,103.6
implant,Ca6Al2P4O19,127.5
implant,Ca8Al2P4O21,122.3
implant,CaAl2P2O9,122.6
implant,Ca3Al2P2O11,144.7
implant,Ca2Al6P4O21,152.2
implant,Ca4Al6P4O23,124.6
implant,CaAl4(PO6)2,144.6
implant,Ca3Al4(PO7)2,150.7
implant,CaAlP3O10,159.1
implant,Ca2AlP3O11,106.5
implant,Ca3Al(PO4)3,107.6
implant,Ca4AlP3O13,128.4
implant,Ca2Al4P6O23,148.8
implant,Ca4Al4P6O25,123.1
implant,CaAl3P3O13,127.4
implant,Ca2Al3P3O14,120.9
implant,Ca4Al3P3O16,143.4
implant,Ca2Al2P8O25,140.2
implant,CaAl2(P2O7)2,148.8
implant,Ca3Al2(PO4)4,129.6
implant,CaAl4P4O17,135.0
implant,Ca3Al4P4O19,119.8
implant,MgAlPO5,130.0
implant,Mg2AlPO6,183.5
implant,Mg3AlPO7,181.2
implant,Mg4AlPO8,167.9
implant,Mg2Al4P2O13,125.4
implant,Mg4Al4P2O15,185.2
implant,Mg6Al4P2O17,173.6
implant,Mg8Al4P2O19,165.6
implant,MgAl3PO8,129.9
implant,Mg2Al3PO9,176.6
implant,Mg3Al3PO10,178.0
implant,Mg4Al3PO11,165.9
implant,Mg2Al8P2O19,133.0
implant,Mg4Al8P2O21,165.9
implant,Mg6Al8P2O23,178.3
implant,Mg2Al2P4O15,164.9
implant,Mg4Al2P4O17,121.8
implant,Mg6Al2P4O19,109.9
implant,Mg8Al2P4O21,162.8
implant,MgAl2P2O9,122.2
implant,Mg3Al2P2O11,117.1
implant,Mg2Al6P4O21,136.7
implant,Mg4Al6P4O23,117.9
implant,MgAl4(PO6)2,135.0
implant,Mg3Al4(PO7)2,150.5
implant,MgAlP3O10,96.9
implant,Mg2AlP3O11,122.4
implant,Mg3Al(PO4)3,125.7
implant,Mg4AlP3O13,112.7
implant,Mg2Al4P6O23,120.0
implant,Mg4Al4P6O25,149.3
implant,MgAl3P3O13,123.2
implant,Mg2Al3P3O14,124.5
implant,Mg4Al3P3O16,122.5
implant,Mg2Al2P8O25,93.6
implant,MgAl2(P2O7)2,78.8
implant,Mg3Al2(PO4)4,167.1
implant,MgAl4P4O17,115.5
implant,Mg3Al4P4O19,123.5
implant,SrAlPO5,115.9
implant,Sr2AlPO6,129.0
implant,Sr3AlPO7,131.7
implant,Sr4AlPO8,129.9
implant,Sr2Al4P2O13,123.2
implant,Sr4Al4P2O15,135.9
implant,Sr6Al4P2O17,114.1
implant,Sr8Al4P2O19,134.6
implant,SrAl3PO8,127.4
implant,Sr2Al3PO9,123.7
implant,Sr3Al3PO10,135.0
implant,Sr4Al3PO11,120.9
implant,Sr2Al8P2O19,131.1
implant,Sr4Al8P2O21,127.2
implant,Sr6Al8P2O23,138.9
implant,Sr2Al2P4O15,147.8
implant,Sr4Al2P4O17,102.3
implant,Sr6Al2P4O19,132.5
implant,Sr8Al2P4O21,126.5
implant,SrAl2P2O9,125.1
implant,Sr3Al2P2O11,119.2
implant,Sr2Al6P4O21,134.8
implant,Sr4Al6P4O23,112.4
implant,SrAl4(PO6)2,135.9
implant,Sr3Al4(PO7)2,135.2
implant,SrAlP3O10,139.7
implant,Sr2AlP3O11,104.5
implant,Sr3Al(PO4)3,97.9
implant,Sr4AlP3O13,125.8
implant,Sr2Al4P6O23,138.2
implant,Sr4Al4P6O25,117.8
implant,SrAl3P3O13,130.4
implant,Sr2Al3P3O14,123.2
implant,Sr4Al3P3O16,122.7
implant,Sr2Al2P8O25,133.1
implant,SrAl2(P2O7)2,145.4
implant,Sr3Al2(PO4)4,127.7
implant,SrAl4P4O17,142.9
implant,Sr3Al4P4O19,117.6
implant,La2Y2P2O11,151.6
implant,La2YPO7,143.2
implant,La6Y2P2O17,125.6
implant,La4YPO10,134.5
implant,LaY2PO7,139.9
implant,La4Y4P2O17,144.2
implant,La3Y2PO10,141.3
implant,La8Y4P2O23,142.5
implant,La2Y6P2O17,145.3
implant,La2Y3PO10,157.0
implant,La6Y6P2O23,143.7
implant,La4Y3PO13,140.6
implant,LaY4PO10,154.7
implant,La4Y8P2O23,162.4
implant,La3Y4PO13,144.5
implant,LaY(PO4)2,148.4
implant,La4Y2P4O19,129.8
implant,La3YP2O11,146.9
implant,La8Y2P4O25,147.7
implant,La2Y4P4O19,126.8
implant,La6Y4P4O25,142.3
implant,LaY3P2O11,131.8
implant,La4Y6P4O25,139.1
implant,La3Y3(PO7)2,147.6
implant,La2Y8P4O25,140.9
implant,La2Y2(P2O7)3,131.3
implant,La2Y(PO4)3,150.1
implant,La4Y(PO5)3,144.0
implant,LaY2(PO4)3,142.5
implant,La3Y2(PO5)3,141.1
implant,La2Y3(PO5)3,127.5
implant,La4Y3(PO6)3,143.4
implant,LaY4(PO5)3,127.9
implant,La3Y4(PO6)3,144.3
implant,LaYP4O13,110.6
implant,La3Y(PO4)4,144.6
implant,LaY3(PO4)4,144.5
implant,La3Y3P4O19,124.6
implant,CaYPO5,129.0
implant,Ca2YPO6,139.0
implant,Ca3YPO7,134.7
implant,Ca4YPO8,128.7
implant,Ca2Y4P2O13,134.3
implant,Ca4Y4P2O15,137.2
implant,Ca6Y4P2O17,143.2
implant,Ca8Y4P2O19,149.2
implant,CaY3PO8,147.2
implant,Ca2Y3PO9,163.0
implant,Ca3Y3PO10,161.5
implant,Ca4Y3PO11,156.2
implant,Ca2Y8P2O19,166.0
implant,Ca4Y8P2O21,162.7
implant,Ca6Y8P2O23,161.6
implant,Ca2Y2P4O15,145.4
implant,Ca4Y2P4O17,120.4
implant,Ca6Y2P4O19,116.5
implant,Ca8Y2P4O21,130.2
implant,CaY2P2O9,122.6
implant,Ca3Y2P2O11,133.6
implant,Ca2Y6P4O21,131.7
implant,Ca4Y6P4O23,129.2
implant,CaY4(PO6)2,130.5
implant,Ca3Y4(PO7)2,135.3
implant,CaYP3O10,143.9
implant,Ca2YP3O11,124.4
implant,Ca3Y(PO4)3,113.3
implant,Ca4YP3O13,118.5
implant,Ca2Y4P6O23,151.8
implant,Ca4Y4P6O25,113.2
implant,CaY3P3O13,128.5
implant,Ca2Y3P3O14,126.8
implant,Ca4Y3P3O16,136.3
implant,Ca2Y2P8O25,112.0
implant,CaY2(P2O7)2,168.6
implant,Ca3Y2(PO4)4,108.6
implant,CaY4P4O17,138.1
implant,Ca3Y4P4O19,126.8
implant,YMgPO5,116.7
implant,YMg2PO6,118.9
implant,YMg3PO7,132.5
implant,YMg4PO8,129.5
implant,Y4Mg2P2O13,123.7
implant,Y4Mg4P2O15,146.9
implant,Y4Mg6P2O17,143.5
implant,Y4Mg8P2O19,130.4
implant,Y3MgPO8,153.3
implant,Y3Mg2PO9,143.3
implant,Y3Mg3PO10,140.3
implant,Y3Mg4PO11,134.4
implant,Y8Mg2P2O19,172.7
implant,Y8Mg4P2O21,152.4
implant,Y8Mg6P2O23,154.4
implant,Y2Mg2P4O15,158.2
implant,Y2Mg4P4O17,119.8
implant,Y2Mg6P4O19,121.1
implant,Y2Mg8P4O21,123.9
implant,Y2MgP2O9,137.9
implant,Y2Mg3P2O11,108.3
implant,Y6Mg2P4O21,149.5
implant,Y6Mg4P4O23,121.3
implant,Y4Mg(PO6)2,133.0
implant,Y4Mg3(PO7)2,155.5
implant,YMgP3O10,158.1
implant,YMg2P3O11,144.5
implant,YMg3(PO4)3,124.0
implant,YMg4P3O13,113.8
implant,Y4Mg2P6O23,164.9
implant,Y4Mg4P6O25,130.1
implant,Y3MgP3O13,141.1
implant,Y3Mg2P3O14,124.2
implant,Y3Mg4P3O16,108.7
implant,Y2Mg2P8O25,113.1
implant,Y2Mg(P2O7)2,163.2
implant,Y2Mg3(PO4)4,122.7
implant,Y4MgP4O17,146.3
implant,Y4Mg3P4O19,142.1
implant,SrYPO5,103.4
implant,Sr2YPO6,118.0
implant,Sr3YPO7,114.1
implant,Sr4YPO8,111.4
implant,Sr2Y4P2O13,150.7
implant,Sr4Y4P2O15,123.5
implant,Sr6Y4P2O17,133.7
implant,Sr8Y4P2O19,141.8
implant,SrY3PO8,154.9
implant,Sr2Y3PO9,129.7
implant,Sr3Y3PO10,138.8
implant,Sr4Y3PO11,147.4
implant,Sr2Y8P2O19,167.1
implant,Sr4Y8P2O21,136.7
implant,Sr6Y8P2O23,138.1
implant,Sr2Y2P4O15,118.2
implant,Sr4Y2P4O17,99.6
implant,Sr6Y2P4O19,105.8
implant,Sr8Y2P4O21,105.3
implant,SrY2P2O9,125.4
implant,Sr3Y2P2O11,144.4
implant,Sr2Y6P4O21,133.6
implant,Sr4Y6P4O23,143.4
implant,SrY4(PO6)2,106.7
implant,Sr3Y4(PO7)2,114.1
implant,SrYP3O10,130.4
implant,Sr2YP3O11,112.6
implant,Sr3Y(PO4)3,97.1
implant,Sr4YP3O13,101.3
implant,Sr2Y4P6O23,126.1
implant,Sr4Y4P6O25,117.8
implant,SrY3P3O13,129.2
implant,Sr2Y3P3O14,134.6
implant,Sr4Y3P3O16,108.6
implant,Sr2Y2P8O25,114.6
implant,SrY2(P2O7)2,174.1
implant,Sr3Y2(PO4)4,97.4
implant,SrY4P4O17,125.3
implant,Sr3Y4P4O19,131.2
implant,CaLaPO5,127.3
implant,Ca2LaPO6,129.0
implant,Ca3LaPO7,144.9
implant,Ca4LaPO8,107.8
implant,Ca2La4P2O13,140.5
implant,Ca4La4P2O15,158.0
implant,Ca6La4P2O17,125.8
implant,Ca8La4P2O19,132.5
implant,CaLa3PO8,130.4
implant,Ca2La3PO9,130.4
implant,Ca3La3PO10,147.2
implant,Ca4La3PO11,134.0
implant,Ca2La8P2O19,142.8
implant,Ca4La8P2O21,146.9
implant,Ca6La8P2O23,139.0
implant,Ca2La2P4O15,129.2
implant,Ca4La2P4O17,121.6
implant,Ca6La2P4O19,127.8
implant,Ca8La2P4O21,129.2
implant,CaLa2P2O9,123.8
implant,Ca3La2P2O11,128.4
implant,Ca2La6P4O21,143.5
implant,Ca4La6P4O23,145.7
implant,CaLa4(PO6)2,141.3
implant,Ca3La4(PO7)2,148.9
implant,CaLaP3O10,128.5
implant,Ca2LaP3O11,114.4
implant,Ca3La(PO4)3,116.1
implant,Ca4LaP3O13,121.2
implant,Ca2La4P6O23,141.3
implant,Ca4La4P6O25,114.6
implant,CaLa3P3O13,125.5
implant,Ca2La3P3O14,128.0
implant,Ca4La3P3O16,128.2
implant,Ca2La2P8O25,113.6
implant,CaLa2(P2O7)2,142.1
implant,Ca3La2(PO4)4,107.5
implant,CaLa4P4O17,120.5
implant,Ca3La4P4O19,127.4
implant,LaMgPO5,122.0
implant,LaMg2PO6,120.6
implant,LaMg3PO7,131.5
implant,LaMg4PO8,131.3
implant,La4Mg2P2O13,139.2
implant,La4Mg4P2O15,136.3
implant,La4Mg6P2O17,139.4
implant,La4Mg8P2O19,127.6
implant,La3MgPO8,153.6
implant,La3Mg2PO9,156.9
implant,La3Mg3PO10,158.3
implant,La3Mg4PO11,142.0
implant,La8Mg2P2O19,143.5
implant,La8Mg4P2O21,167.2
implant,La8Mg6P2O23,157.3
implant,La2Mg2P4O15,139.7
implant,La2Mg4P4O17,107.0
implant,La2Mg6P4O19,106.9
implant,La2Mg8P4O21,113.9
implant,La2MgP2O9,126.2
implant,La2Mg3P2O11,105.9
implant,La6Mg2P4O21,136.2
implant,La6Mg4P4O23,121.9
implant,La4Mg(PO6)2,148.8
implant,La4Mg3(PO7)2,157.2
implant,LaMgP3O10,142.9
implant,LaMg2P3O11,135.7
implant,LaMg3(PO4)3,118.5
implant,LaMg4P3O13,112.4
implant,La4Mg2P6O23,141.0
implant,La4Mg4P6O25,116.0
implant,La3MgP3O13,131.4
implant,La3Mg2P3O14,119.0
implant,La3Mg4P3O16,110.7
implant,La2Mg2P8O25,109.7
implant,La2Mg(P2O7)2,163.4
implant,La2Mg3(PO4)4,118.2
implant,La4MgP4O17,131.6
implant,La4Mg3P4O19,122.9
implant,SrLaPO5,100.1
implant,Sr2LaPO6,105.8
implant,Sr3LaPO7,120.0
implant,Sr4LaPO8,89.5
implant,Sr2La4P2O13,115.8
implant,Sr4La4P2O15,124.3
implant,Sr6La4P2O17,109.6
implant,Sr8La4P2O19,122.6
implant,SrLa3PO8,128.9
implant,Sr2La3PO9,137.6
implant,Sr3La3PO10,131.8
implant,Sr4La3PO11,126.2
implant,Sr2La8P2O19,142.9
implant,Sr4La8P2O21,135.2
implant,Sr6La8P2O23,132.6
implant,Sr2La2P4O15,113.0
implant,Sr4La2P4O17,99.3
implant,Sr6La2P4O19,105.1
implant,Sr8La2P4O21,107.5
implant,SrLa2P2O9,143.1
implant,Sr3La2P2O11,98.8
implant,Sr2La6P4O21,115.2
implant,Sr4La6P4O23,111.0
implant,SrLa4(PO6)2,114.3
implant,Sr3La4(PO7)2,117.0
implant,SrLaP3O10,122.1
implant,Sr2LaP3O11,90.4
implant,Sr3La(PO4)3,97.0
implant,Sr4LaP3O13,97.0
implant,Sr2La4P6O23,122.9
implant,Sr4La4P6O25,95.4
implant,SrLa3P3O13,127.6
implant,Sr2La3P3O14,106.0
implant,Sr4La3P3O16,99.4
implant,Sr2La2P8O25,111.8
implant,SrLa2(P2O7)2,116.7
implant,Sr3La2(PO4)4,96.5
implant,SrLa4P4O17,123.2
implant,Sr3La4P4O19,103.6
implant,Ca2Mg2P2O9,120.6
implant,Ca2Mg4P2O11,122.7
implant,Ca2Mg6P2O13,125.1
implant,Ca2Mg8P2O15,127.7
implant,Ca4Mg2P2O11,121.9
implant,Ca4Mg4P2O13,126.6
implant,Ca4Mg6P2O15,129.8
implant,Ca4Mg8P2O17,126.8
implant,Ca6Mg2P2O13,123.8
implant,Ca6Mg4P2O15,113.6
implant,Ca6Mg6P2O17,117.6
implant,Ca6Mg8P2O19,118.0
implant,Ca8Mg2P2O15,116.2
implant,Ca8Mg4P2O17,122.4
implant,Ca8Mg6P2O19,123.6
implant,Ca8Mg8P2O21,115.9
implant,CaMgP2O7,110.5
implant,CaMg2(PO4)2,120.7
implant,CaMg3P2O9,133.4
implant,CaMg4(PO5)2,136.6
implant,Ca2Mg(PO4)2,110.1
implant,Ca2Mg3(PO5)2,133.4
implant,Ca3MgP2O9,138.7
implant,Ca3Mg2(PO5)2,138.3
implant,Ca3Mg3P2O11,122.9
implant,Ca3Mg4(PO6)2,125.7
implant,Ca4Mg(PO5)2,125.4
implant,Ca4Mg3(PO6)2,126.3
implant,Ca2Mg2P6O19,130.0
implant,Ca2Mg4(P2O7)3,119.9
implant,Ca2Mg6P6O23,119.0
implant,Ca4Mg2(P2O7)3,109.6
implant,Ca4Mg4P6O23,119.6
implant,Ca6Mg2P6O23,115.8
implant,CaMg(PO3)4,116.6
implant,CaMg2P4O13,129.2
implant,CaMg3(P2O7)2,119.9
implant,CaMg4P4O15,120.5
implant,Ca2MgP4O13,116.5
implant,Ca2Mg3P4O15,118.6
implant,Ca3Mg(P2O7)2,109.6
implant,Ca3Mg2P4O15,118.8
implant,Ca3Mg3(PO4)4,117.6
implant,Ca3Mg4P4O17,128.7
implant,Ca4MgP4O15,109.9
implant,Ca4Mg3P4O17,124.9
implant,Sr2Ca2P2O9,117.4
implant,Sr4Ca2P2O11,102.8
implant,Sr6Ca2P2O13,99.7
implant,Sr8Ca2P2O15,80.5
implant,Sr2Ca4P2O11,97.0
implant,Sr4Ca4P2O13,97.4
implant,Sr6Ca4P2O15,111.3
implant,Sr8Ca4P2O17,111.0
implant,Sr2Ca6P2O13,94.8
implant,Sr4Ca6P2O15,109.3
implant,Sr6Ca6P2O17,107.8
implant,Sr8Ca6P2O19,115.2
implant,Sr2Ca8P2O15,105.1
implant,Sr4Ca8P2O17,134.4
implant,Sr6Ca8P2O19,117.3
implant,Sr8Ca8P2O21,116.3
implant,SrCaP2O7,102.7
implant,Sr2Ca(PO4)2,109.7
implant,Sr3CaP2O9,120.4
implant,Sr4Ca(PO5)2,138.7
implant,SrCa2(PO4)2,121.9
implant,Sr3Ca2(PO5)2,119.4
implant,SrCa3P2O9,108.9
implant,Sr2Ca3(PO5)2,118.4
implant,Sr3Ca3P2O11,99.0
implant,Sr4Ca3(PO6)2,96.0
implant,SrCa4(PO5)2,116.7
implant,Sr3Ca4(PO6)2,97.0
implant,Sr2Ca2P6O19,95.2
implant,Sr4Ca2(P2O7)3,96.1
implant,Sr6Ca2P6O23,114.6
implant,Sr2Ca4(P2O7)3,99.7
implant,Sr4Ca4P6O23,115.5
implant,Sr2Ca6P6O23,114.8
implant,SrCa(PO3)4,97.8
implant,Sr2CaP4O13,100.5
implant,Sr3Ca(P2O7)2,96.1
implant,Sr4CaP4O15,107.0
implant,SrCa2P4O13,95.2
implant,Sr3Ca2P4O15,104.9
implant,SrCa3(P2O7)2,98.9
implant,Sr2Ca3P4O15,112.7
implant,Sr3Ca3(PO4)4,112.4
implant,Sr4Ca3P4O17,122.3
implant,SrCa4P4O15,113.3
implant,Sr3Ca4P4O17,117.4
implant,Sr2Mg2P2O9,128.1
implant,Sr4Mg2P2O11,121.4
implant,Sr6Mg2P2O13,135.4
implant,Sr8Mg2P2O15,106.0
implant,Sr2Mg4P2O11,117.1
implant,Sr4Mg4P2O13,126.0
implant,Sr6Mg4P2O15,123.1
implant,Sr8Mg4P2O17,136.1
implant,Sr2Mg6P2O13,115.7
implant,Sr4Mg6P2O15,119.5
implant,Sr6Mg6P2O17,118.6
implant,Sr8Mg6P2O19,133.9
implant,Sr2Mg8P2O15,119.5
implant,Sr4Mg8P2O17,111.8
implant,Sr6Mg8P2O19,120.7
implant,Sr8Mg8P2O21,122.9
implant,SrMgP2O7,98.4
implant,Sr2Mg(PO4)2,106.8
implant,Sr3MgP2O9,117.0
implant,Sr4Mg(PO5)2,123.4
implant,SrMg2(PO4)2,107.8
implant,Sr3Mg2(PO5)2,111.9
implant,SrMg3P2O9,112.9
implant,Sr2Mg3(PO5)2,116.7
implant,Sr3Mg3P2O11,107.6
implant,Sr4Mg3(PO6)2,121.2
implant,SrMg4(PO5)2,121.0
implant,Sr3Mg4(PO6)2,111.5
implant,Sr2Mg2P6O19,130.1
implant,Sr4Mg2(P2O7)3,100.3
implant,Sr6Mg2P6O23,101.9
implant,Sr2Mg4(P2O7)3,109.1
implant,Sr4Mg4P6O23,102.1
implant,Sr2Mg6P6O23,116.3
implant,SrMg(PO3)4,106.5
implant,Sr2MgP4O13,102.4
implant,Sr3Mg(P2O7)2,95.5
implant,Sr4MgP4O15,104.3
implant,SrMg2P4O13,129.4
implant,Sr3Mg2P4O15,107.0
implant,SrMg3(P2O7)2,108.9
implant,Sr2Mg3P4O15,104.6
implant,Sr3Mg3(PO4)4,105.4
implant,Sr4Mg3P4O17,129.0
implant,SrMg4P4O15,116.9
implant,Sr3Mg4P4O17,120.5
implant,La2Y2Al2O9,194.3
implant,La2YAlO6,164.0
implant,La6Y2Al2O15,159.5
implant,La4YAlO9,159.5
implant,LaY2AlO6,193.4
implant,La4Y4Al2O15,169.5
implant,La3Y2AlO9,151.3
implant,La8Y4Al2O21,152.5
implant,La2Y6Al2O15,200.2
implant,La2Y3AlO9,163.7
implant,La6Y6Al2O21,162.7
implant,La4Y3AlO12,151.6
implant,LaY4AlO9,201.2
implant,La4Y8Al2O21,174.0
implant,La3Y4AlO12,162.1
implant,LaYAl2O6,218.7
implant,La4Y2Al4O15,187.9
implant,La3YAl2O9,164.9
implant,La8Y2Al4O21,162.5
implant,La2Y4Al4O15,212.0
implant,La6Y4Al4O21,158.4
implant,LaY3Al2O9,211.2
implant,La4Y6Al4O21,192.5
implant,La3Y3Al2O12,163.5
implant,La2Y8Al4O21,193.8
implant,La2Y2Al6O15,204.8
implant,La2YAl3O9,235.3
implant,La6Y2Al6O21,188.6
implant,La4YAl3O12,200.2
implant,LaY2Al3O9,204.4
implant,La4Y4Al6O21,214.7
implant,La3Y2Al3O12,192.9
implant,La2Y6Al6O21,206.1
implant,La2Y3Al3O12,202.0
implant,La4Y3Al3O15,190.4
implant,LaY4Al3O12,221.1
implant,La3Y4Al3O15,191.9
implant,LaYAl4O9,180.0
implant,La4Y2Al8O21,195.1
implant,La3YAl4O12,224.1
implant,La2Y4Al8O21,202.2
implant,LaY3Al4O12,217.1
implant,La3Y3Al4O15,185.6
implant,CaYAlO4,167.3
implant,Ca2YAlO5,145.0
implant,Ca3YAlO6,153.2
implant,Ca4YAlO7,154.1
implant,Ca2Y4Al2O11,183.8
implant,Ca4Y4Al2O13,161.9
implant,Ca6Y4Al2O15,157.7
implant,Ca8Y4Al2O17,155.8
implant,CaY3AlO7,197.0
implant,Ca2Y3AlO8,173.4
implant,Ca3Y3AlO9,168.4
implant,Ca4Y3AlO10,166.6
implant,Ca2Y8Al2O17,206.9
implant,Ca4Y8Al2O19,183.9
implant,Ca6Y8Al2O21,183.6
implant,Ca2Y2Al4O11,149.7
implant,Ca4Y2Al4O13,155.8
implant,Ca6Y2Al4O15,155.4
implant,Ca8Y2Al4O17,146.2
implant,CaY2Al2O7,162.0
implant,Ca3Y2Al2O9,161.8
implant,Ca2Y6Al4O17,171.8
implant,Ca4Y6Al4O19,178.6
implant,Ca6Y6Al4O21,162.6
implant,CaY4Al2O10,191.5
implant,Ca3Y4Al2O12,164.7
implant,CaYAl3O7,152.2
implant,Ca2YAl3O8,139.2
implant,Ca3YAl3O9,143.7
implant,Ca4YAl3O10,152.9
implant,Ca2Y4Al6O17,185.2
implant,Ca4Y4Al6O19,156.1
implant,Ca6Y4Al6O21,160.9
implant,CaY3Al3O10,191.0
implant,Ca2Y3Al3O11,163.9
implant,Ca4Y3Al3O13,159.6
implant,Ca2Y8Al6O23,174.7
implant,Ca2Y2Al8O17,156.7
implant,Ca4Y2Al8O19,138.4
implant,Ca6Y2Al8O21,137.7
implant,CaY2Al4O10,154.0
implant,Ca3Y2Al4O12,154.9
implant,Ca2Y6Al8O23,187.3
implant,CaY4Al4O13,191.5
implant,Ca3Y4Al4O15,164.8
implant,YMgAlO4,151.3
implant,YMg2AlO5,151.3
implant,YMg3AlO6,141.6
implant,YMg4AlO7,144.6
implant,Y4Mg2Al2O11,173.2
implant,Y4Mg4Al2O13,175.9
implant,Y4Mg6Al2O15,167.8
implant,Y4Mg8Al2O17,149.7
implant,Y3MgAlO7,185.0
implant,Y3Mg2AlO8,160.1
implant,Y3Mg3AlO9,164.7
implant,Y3Mg4AlO10,167.6
implant,Y8Mg2Al2O17,181.9
implant,Y8Mg4Al2O19,181.8
implant,Y8Mg6Al2O21,164.6
implant,Y2Mg2Al4O11,150.2
implant,Y2Mg4Al4O13,139.7
implant,Y2Mg6Al4O15,137.9
implant,Y2Mg8Al4O17,136.6
implant,Y2MgAl2O7,156.3
implant,Y2Mg3Al2O9,157.4
implant,Y6Mg2Al4O17,182.9
implant,Y6Mg4Al4O19,168.5
implant,Y6Mg6Al4O21,171.8
implant,Y4MgAl2O10,187.3
implant,Y4Mg3Al2O12,171.6
implant,YMgAl3O7,139.6
implant,YMg2Al3O8,132.7
implant,YMg3Al3O9,129.4
implant,YMg4Al3O10,130.8
implant,Y4Mg2Al6O17,173.3
implant,Y4Mg4Al6O19,148.6
implant,Y4Mg6Al6O21,151.3
implant,Y3MgAl3O10,174.4
implant,Y3Mg2Al3O11,150.3
implant,Y3Mg4Al3O13,155.0
implant,Y8Mg2Al6O23,182.9
implant,Y2Mg2Al8O17,145.1
implant,Y2Mg4Al8O19,132.0
implant,Y2Mg6Al8O21,127.7
implant,Y2MgAl4O10,164.5
implant,Y2Mg3Al4O12,147.3
implant,Y6Mg2Al8O23,173.3
implant,Y4MgAl4O13,174.4
implant,Y4Mg3Al4O15,150.3
implant,SrYAlO4,163.4
implant,Sr2YAlO5,142.0
implant,Sr3YAlO6,143.2
implant,Sr4YAlO7,122.3
implant,Sr2Y4Al2O11,170.4
implant,Sr4Y4Al2O13,142.9
implant,Sr6Y4Al2O15,155.8
implant,Sr8Y4Al2O17,143.3
implant,SrY3AlO7,177.7
implant,Sr2Y3AlO8,161.5
implant,Sr3Y3AlO9,151.6
implant,Sr4Y3AlO10,138.9
implant,Sr2Y8Al2O17,206.5
implant,Sr4Y8Al2O19,161.7
implant,Sr6Y8Al2O21,155.6
implant,Sr2Y2Al4O11,162.2
implant,Sr4Y2Al4O13,151.8
implant,Sr6Y2Al4O15,161.4
implant,Sr8Y2Al4O17,171.5
implant,SrY2Al2O7,180.7
implant,Sr3Y2Al2O9,171.1
implant,Sr2Y6Al4O17,186.2
implant,Sr4Y6Al4O19,163.8
implant,Sr6Y6Al4O21,168.9
implant,SrY4Al2O10,195.9
implant,Sr3Y4Al2O12,170.2
implant,SrYAl3O7,160.0
implant,Sr2YAl3O8,150.3
implant,Sr3YAl3O9,149.0
implant,Sr4YAl3O10,159.3
implant,Sr2Y4Al6O17,158.4
implant,Sr4Y4Al6O19,167.8
implant,Sr6Y4Al6O21,158.6
implant,SrY3Al3O10,175.2
implant,Sr2Y3Al3O11,182.7
implant,Sr4Y3Al3O13,164.3
implant,Sr2Y8Al6O23,215.5
implant,Sr2Y2Al8O17,146.6
implant,Sr4Y2Al8O19,149.4
implant,Sr6Y2Al8O21,157.9
implant,SrY2Al4O10,166.7
implant,Sr3Y2Al4O12,175.0
implant,Sr2Y6Al8O23,160.0
implant,SrY4Al4O13,173.1
implant,Sr3Y4Al4O15,175.0
implant,CaLaAlO4,176.5
implant,Ca2LaAlO5,162.1
implant,Ca3LaAlO6,158.3
implant,Ca4LaAlO7,125.3
implant,Ca2La4Al2O11,169.2
implant,Ca4La4Al2O13,173.1
implant,Ca6La4Al2O15,138.6
implant,Ca8La4Al2O17,131.7
implant,CaLa3AlO7,139.7
implant,Ca2La3AlO8,136.7
implant,Ca3La3AlO9,148.4
implant,Ca4La3AlO10,138.1
implant,Ca2La8Al2O17,146.4
implant,Ca4La8Al2O19,128.6
implant,Ca6La8Al2O21,135.1
implant,Ca2La2Al4O11,156.5
implant,Ca4La2Al4O13,139.3
implant,Ca6La2Al4O15,146.7
implant,Ca8La2Al4O17,156.3
implant,CaLa2Al2O7,183.5
implant,Ca3La2Al2O9,165.0
implant,Ca2La6Al4O17,193.3
implant,Ca4La6Al4O19,163.3
implant,Ca6La6Al4O21,174.4
implant,CaLa4Al2O10,160.6
implant,Ca3La4Al2O12,171.6
implant,CaLaAl3O7,155.8
implant,Ca2LaAl3O8,153.1
implant,Ca3LaAl3O9,148.6
implant,Ca4LaAl3O10,143.7
implant,Ca2La4Al6O17,161.2
implant,Ca4La4Al6O19,176.6
implant,Ca6La4Al6O21,151.4
implant,CaLa3Al3O10,189.8
implant,Ca2La3Al3O11,186.6
implant,Ca4La3Al3O13,160.1
implant,Ca2La8Al6O23,194.9
implant,Ca2La2Al8O17,139.6
implant,Ca4La2Al8O19,143.8
implant,Ca6La2Al8O21,151.9
implant,CaLa2Al4O10,161.2
implant,Ca3La2Al4O12,159.6
implant,Ca2La6Al8O23,172.8
implant,CaLa4Al4O13,184.5
implant,Ca3La4Al4O15,171.6
implant,LaMgAlO4,169.2
implant,LaMg2AlO5,151.1
implant,LaMg3AlO6,142.3
implant,LaMg4AlO7,155.9
implant,La4Mg2Al2O11,202.5
implant,La4Mg4Al2O13,177.0
implant,La4Mg6Al2O15,164.0
implant,La4Mg8Al2O17,155.8
implant,La3MgAlO7,173.2
implant,La3Mg2AlO8,187.4
implant,La3Mg3AlO9,174.4
implant,La3Mg4AlO10,181.0
implant,La8Mg2Al2O17,167.3
implant,La8Mg4Al2O19,171.8
implant,La8Mg6Al2O21,182.8
implant,La2Mg2Al4O11,150.1
implant,La2Mg4Al4O13,150.1
implant,La2Mg6Al4O15,137.4
implant,La2Mg8Al4O17,134.8
implant,La2MgAl2O7,171.3
implant,La2Mg3Al2O9,159.7
implant,La6Mg2Al4O17,198.9
implant,La6Mg4Al4O19,173.8
implant,La6Mg6Al4O21,183.0
implant,La4MgAl2O10,205.9
implant,La4Mg3Al2O12,187.1
implant,LaMgAl3O7,146.0
implant,LaMg2Al3O8,143.7
implant,LaMg3Al3O9,137.6
implant,LaMg4Al3O10,132.9
implant,La4Mg2Al6O17,180.1
implant,La4Mg4Al6O19,147.9
implant,La4Mg6Al6O21,150.7
implant,La3MgAl3O10,197.1
implant,La3Mg2Al3O11,165.3
implant,La3Mg4Al3O13,161.9
implant,La8Mg2Al6O23,196.6
implant,La2Mg2Al8O17,135.4
implant,La2Mg4Al8O19,138.4
implant,La2Mg6Al8O21,136.3
implant,La2MgAl4O10,158.3
implant,La2Mg3Al4O12,148.5
implant,La6Mg2Al8O23,176.0
implant,La4MgAl4O13,195.5
implant,La4Mg3Al4O15,167.3
implant,SrLaAlO4,148.6
implant,Sr2LaAlO5,139.7
implant,Sr3LaAlO6,107.0
implant,Sr4LaAlO7,109.8
implant,Sr2La4Al2O11,140.4
implant,Sr4La4Al2O13,140.8
implant,Sr6La4Al2O15,127.5
implant,Sr8La4Al2O17,113.4
implant,SrLa3AlO7,141.6
implant,Sr2La3AlO8,132.7
implant,Sr3La3AlO9,132.6
implant,Sr4La3AlO10,133.3
implant,Sr2La8Al2O17,144.7
implant,Sr4La8Al2O19,134.0
implant,Sr6La8Al2O21,136.3
implant,Sr2La2Al4O11,156.7
implant,Sr4La2Al4O13,154.4
implant,Sr6La2Al4O15,129.5
implant,Sr8La2Al4O17,125.4
implant,SrLa2Al2O7,175.0
implant,Sr3La2Al2O9,137.4
implant,Sr2La6Al4O17,160.4
implant,Sr4La6Al4O19,147.6
implant,Sr6La6Al4O21,150.5
implant,SrLa4Al2O10,156.3
implant,Sr3La4Al2O12,143.6
implant,SrLaAl3O7,154.8
implant,Sr2LaAl3O8,150.4
implant,Sr3LaAl3O9,149.6
implant,Sr4LaAl3O10,129.7
implant,Sr2La4Al6O17,177.1
implant,Sr4La4Al6O19,164.6
implant,Sr6La4Al6O21,133.7
implant,SrLa3Al3O10,192.3
implant,Sr2La3Al3O11,150.1
implant,Sr4La3Al3O13,135.7
implant,Sr2La8Al6O23,200.2
implant,Sr2La2Al8O17,153.4
implant,Sr4La2Al8O19,135.3
implant,Sr6La2Al8O21,142.1
implant,SrLa2Al4O10,165.6
implant,Sr3La2Al4O12,150.9
implant,Sr2La6Al8O23,181.0
implant,SrLa4Al4O13,191.5
implant,Sr3La4Al4O15,145.8
implant,Ca2Mg2Al2O7,127.2
implant,Ca2Mg4Al2O9,126.4
implant,Ca2Mg6Al2O11,128.6
implant,Ca2Mg8Al2O13,126.8
implant,Ca4Mg2Al2O9,131.1
implant,Ca4Mg4Al2O11,130.5
implant,Ca4Mg6Al2O13,130.0
implant,Ca4Mg8Al2O15,131.5
implant,Ca6Mg2Al2O11,131.2
implant,Ca6Mg4Al2O13,136.9
implant,Ca6Mg6Al2O15,124.8
implant,Ca6Mg8Al2O17,127.0
implant,Ca8Mg2Al2O13,130.3
implant,Ca8Mg4Al2O15,133.3
implant,Ca8Mg6Al2O17,139.8
implant,Ca8Mg8Al2O19,138.0
implant,CaMgAl2O5,130.0
implant,CaMg2Al2O6,128.8
implant,CaMg3Al2O7,127.7
implant,CaMg4Al2O8,125.8
implant,Ca2MgAl2O6,123.5
implant,Ca2Mg3Al2O8,129.7
implant,Ca3MgAl2O7,126.3
implant,Ca3Mg2Al2O8,126.1
implant,Ca3Mg3Al2O9,126.3
implant,Ca3Mg4Al2O10,132.0
implant,Ca4MgAl2O8,129.1
implant,Ca4Mg3Al2O10,132.5
implant,Ca2Mg2Al6O13,127.9
implant,Ca2Mg4Al6O15,133.3
implant,Ca2Mg6Al6O17,135.9
implant,Ca2Mg8Al6O19,133.6
implant,Ca4Mg2Al6O15,124.7
implant,Ca4Mg4Al6O17,124.9
implant,Ca4Mg6Al6O19,127.1
implant,Ca4Mg8Al6O21,124.6
implant,Ca6Mg2Al6O17,120.8
implant,Ca6Mg4Al6O19,125.5
implant,Ca8Mg2Al6O19,123.6
implant,Ca8Mg4Al6O21,124.4
implant,CaMgAl4O8,117.8
implant,CaMg2Al4O9,115.6
implant,CaMg3Al4O10,133.1
implant,CaMg4Al4O11,120.5
implant,Ca2MgAl4O9,118.1
implant,Ca2Mg3Al4O11,127.5
implant,Ca3MgAl4O10,128.2
implant,Ca3Mg2Al4O11,122.3
implant,Ca3Mg3Al4O12,126.2
implant,Ca3Mg4Al4O13,127.5
implant,Ca4MgAl4O11,119.9
implant,Ca4Mg3Al4O13,126.0
implant,Sr2Ca2Al2O7,136.8
implant,Sr4Ca2Al2O9,128.8
implant,Sr6Ca2Al2O11,133.3
implant,Sr8Ca2Al2O13,132.4
implant,Sr2Ca4Al2O9,146.2
implant,Sr4Ca4Al2O11,155.9
implant,Sr6Ca4Al2O13,126.5
implant,Sr8Ca4Al2O15,132.1
implant,Sr2Ca6Al2O11,151.1
implant,Sr4Ca6Al2O13,159.7
implant,Sr6Ca6Al2O15,119.7
implant,Sr8Ca6Al2O17,133.3
implant,Sr2Ca8Al2O13,152.3
implant,Sr4Ca8Al2O15,129.0
implant,Sr6Ca8Al2O17,122.3
implant,Sr8Ca8Al2O19,131.4
implant,SrCaAl2O5,137.7
implant,Sr2CaAl2O6,141.7
implant,Sr3CaAl2O7,143.4
implant,Sr4CaAl2O8,126.6
implant,SrCa2Al2O6,125.6
implant,Sr3Ca2Al2O8,153.0
implant,SrCa3Al2O7,125.8
implant,Sr2Ca3Al2O8,140.9
implant,Sr3Ca3Al2O9,149.9
implant,Sr4Ca3Al2O10,133.5
implant,SrCa4Al2O8,129.1
implant,Sr3Ca4Al2O10,151.8
implant,Sr2Ca2Al6O13,120.6
implant,Sr4Ca2Al6O15,128.7
implant,Sr6Ca2Al6O17,145.0
implant,Sr8Ca2Al6O19,149.2
implant,Sr2Ca4Al6O15,128.3
implant,Sr4Ca4Al6O17,133.4
implant,Sr6Ca4Al6O19,137.4
implant,Sr8Ca4Al6O21,147.2
implant,Sr2Ca6Al6O17,132.6
implant,Sr4Ca6Al6O19,130.4
implant,Sr2Ca8Al6O19,123.6
implant,Sr4Ca8Al6O21,129.8
implant,SrCaAl4O8,104.4
implant,Sr2CaAl4O9,131.9
implant,Sr3CaAl4O10,126.1
implant,Sr4CaAl4O11,133.8
implant,SrCa2Al4O9,118.9
implant,Sr3Ca2Al4O11,130.8
implant,SrCa3Al4O10,125.1
implant,Sr2Ca3Al4O11,128.8
implant,Sr3Ca3Al4O12,129.5
implant,Sr4Ca3Al4O13,137.9
implant,SrCa4Al4O11,119.6
implant,Sr3Ca4Al4O13,130.9
implant,Sr2Mg2Al2O7,126.2
implant,Sr4Mg2Al2O9,154.0
implant,Sr6Mg2Al2O11,149.0
implant,Sr8Mg2Al2O13,126.2
implant,Sr2Mg4Al2O9,122.3
implant,Sr4Mg4Al2O11,136.8
implant,Sr6Mg4Al2O13,154.4
implant,Sr8Mg4Al2O15,153.4
implant,Sr2Mg6Al2O11,128.6
implant,Sr4Mg6Al2O13,134.5
implant,Sr6Mg6Al2O15,137.3
implant,Sr8Mg6Al2O17,155.1
implant,Sr2Mg8Al2O13,125.7
implant,Sr4Mg8Al2O15,139.1
implant,Sr6Mg8Al2O17,134.6
implant,Sr8Mg8Al2O19,150.0
implant,SrMgAl2O5,132.8
implant,Sr2MgAl2O6,126.7
implant,Sr3MgAl2O7,145.9
implant,Sr4MgAl2O8,150.7
implant,SrMg2Al2O6,127.6
implant,Sr3Mg2Al2O8,132.5
implant,SrMg3Al2O7,130.7
implant,Sr2Mg3Al2O8,128.2
implant,Sr3Mg3Al2O9,128.5
implant,Sr4Mg3Al2O10,139.3
implant,SrMg4Al2O8,129.6
implant,Sr3Mg4Al2O10,135.6
implant,Sr2Mg2Al6O13,127.6
implant,Sr4Mg2Al6O15,134.1
implant,Sr6Mg2Al6O17,132.4
implant,Sr8Mg2Al6O19,144.5
implant,Sr2Mg4Al6O15,130.7
implant,Sr4Mg4Al6O17,134.9
implant,Sr6Mg4Al6O19,130.8
implant,Sr8Mg4Al6O21,130.0
implant,Sr2Mg6Al6O17,127.8
implant,Sr4Mg6Al6O19,134.1
implant,Sr2Mg8Al6O19,126.1
implant,Sr4Mg8Al6O21,128.0
implant,SrMgAl4O8,109.9
implant,Sr2MgAl4O9,128.9
implant,Sr3MgAl4O10,126.3
implant,Sr4MgAl4O11,132.8
implant,SrMg2Al4O9,119.1
implant,Sr3Mg2Al4O11,132.4
implant,SrMg3Al4O10,121.3
implant,Sr2Mg3Al4O11,133.4
implant,Sr3Mg3Al4O12,127.0
implant,Sr4Mg3Al4O13,123.8
implant,SrMg4Al4O11,124.9
implant,Sr3Mg4Al4O13,136.7
implant,CaLaYO4,138.8
implant,Ca2LaYO5,127.9
implant,Ca3LaYO6,122.8
implant,Ca4LaYO7,126.4
implant,Ca2La4Y2O11,137.0
implant,Ca4La4Y2O13,132.9
implant,Ca6La4Y2O15,127.6
implant,Ca8La4Y2O17,123.3
implant,CaLa3YO7,142.8
implant,Ca2La3YO8,129.1
implant,Ca3La3YO9,129.3
implant,Ca4La3YO10,120.2
implant,Ca2La8Y2O17,144.2
implant,Ca4La8Y2O19,138.5
implant,Ca6La8Y2O21,127.2
implant,Ca2La2Y4O11,145.7
implant,Ca4La2Y4O13,133.0
implant,Ca6La2Y4O15,139.3
implant,Ca8La2Y4O17,132.4
implant,CaLa2Y2O7,138.8
implant,Ca3La2Y2O9,128.1
implant,Ca2La6Y4O17,142.6
implant,Ca4La6Y4O19,131.3
implant,Ca6La6Y4O21,134.0
implant,CaLa4Y2O10,145.8
implant,Ca3La4Y2O12,127.8
implant,CaLaY3O7,154.7
implant,Ca2LaY3O8,134.7
implant,Ca3LaY3O9,130.8
implant,Ca4LaY3O10,131.2
implant,Ca2La4Y6O17,141.3
implant,Ca4La4Y6O19,139.5
implant,Ca6La4Y6O21,138.4
implant,CaLa3Y3O10,144.2
implant,Ca2La3Y3O11,133.7
implant,Ca4La3Y3O13,119.6
implant,Ca2La8Y6O23,138.7
implant,Ca2La2Y8O17,156.6
implant,Ca4La2Y8O19,136.8
implant,Ca6La2Y8O21,135.6
implant,CaLa2Y4O10,145.2
implant,Ca3La2Y4O12,133.0
implant,Ca2La6Y8O23,148.7
implant,CaLa4Y4O13,141.1
implant,Ca3La4Y4O15,128.6
implant,LaYMgO4,177.9
implant,LaYMg2O5,182.2
implant,LaYMg3O6,169.1
implant,LaYMg4O7,154.8
implant,La4Y2Mg2O11,153.2
implant,La4Y2Mg4O13,176.0
implant,La4Y2Mg6O15,161.7
implant,La4Y2Mg8O17,164.0
implant,La3YMgO7,152.1
implant,La3YMg2O8,157.2
implant,La3YMg3O9,173.4
implant,La3YMg4O10,157.2
implant,La8Y2Mg2O17,145.4
implant,La8Y2Mg4O19,158.2
implant,La8Y2Mg6O21,171.2
implant,La2Y4Mg2O11,182.7
implant,La2Y4Mg4O13,171.7
implant,La2Y4Mg6O15,176.9
implant,La2Y4Mg8O17,169.8
implant,La2Y2MgO7,151.7
implant,La2Y2Mg3O9,161.1
implant,La6Y4Mg2O17,154.6
implant,La6Y4Mg4O19,156.8
implant,La6Y4Mg6O21,176.1
implant,La4Y2MgO10,158.1
implant,La4Y2Mg3O12,176.4
implant,LaY3MgO7,173.8
implant,LaY3Mg2O8,180.6
implant,LaY3Mg3O9,182.9
implant,LaY3Mg4O10,168.9
implant,La4Y6Mg2O17,164.4
implant,La4Y6Mg4O19,174.1
implant,La4Y6Mg6O21,183.3
implant,La3Y3MgO10,152.8
implant,La3Y3Mg2O11,174.5
implant,La3Y3Mg4O13,179.4
implant,La8Y6Mg2O23,154.1
implant,La2Y8Mg2O17,173.7
implant,La2Y8Mg4O19,168.8
implant,La2Y8Mg6O21,191.3
implant,La2Y4MgO10,163.2
implant,La2Y4Mg3O12,186.1
implant,La6Y8Mg2O23,163.4
implant,La4Y4MgO13,151.5
implant,La4Y4Mg3O15,174.7
implant,SrLaYO4,129.0
implant,Sr2LaYO5,113.3
implant,Sr3LaYO6,112.6
implant,Sr4LaYO7,114.8
implant,Sr2La4Y2O11,131.0
implant,Sr4La4Y2O13,131.7
implant,Sr6La4Y2O15,124.5
implant,Sr8La4Y2O17,114.6
implant,SrLa3YO7,139.8
implant,Sr2La3YO8,134.0
implant,Sr3La3YO9,124.3
implant,Sr4La3YO10,120.5
implant,Sr2La8Y2O17,140.2
implant,Sr4La8Y2O19,135.3
implant,Sr6La8Y2O21,131.2
implant,Sr2La2Y4O11,149.8
implant,Sr4La2Y4O13,132.1
implant,Sr6La2Y4O15,108.5
implant,Sr8La2Y4O17,95.2
implant,SrLa2Y2O7,143.2
implant,Sr3La2Y2O9,124.3
implant,Sr2La6Y4O17,145.7
implant,Sr4La6Y4O19,132.1
implant,Sr6La6Y4O21,132.9
implant,SrLa4Y2O10,132.7
implant,Sr3La4Y2O12,132.0
implant,SrLaY3O7,148.9
implant,Sr2LaY3O8,146.4
implant,Sr3LaY3O9,127.1
implant,Sr4LaY3O10,98.3
implant,Sr2La4Y6O17,148.3
implant,Sr4La4Y6O19,139.0
implant,Sr6La4Y6O21,136.0
implant,SrLa3Y3O10,144.9
implant,Sr2La3Y3O11,140.1
implant,Sr4La3Y3O13,124.7
implant,Sr2La8Y6O23,142.9
implant,Sr2La2Y8O17,147.0
implant,Sr4La2Y8O19,144.1
implant,Sr6La2Y8O21,133.0
implant,SrLa2Y4O10,149.7
implant,Sr3La2Y4O12,136.1
implant,Sr2La6Y8O23,151.1
implant,SrLa4Y4O13,143.4
implant,Sr3La4Y4O15,134.5
implant,Ca2Y2Mg2O7,158.5
implant,Ca2Y2Mg4O9,147.8
implant,Ca2Y2Mg6O11,162.4
implant,Ca2Y2Mg8O13,150.7
implant,Ca4Y2Mg2O9,128.4
implant,Ca4Y2Mg4O11,144.8
implant,Ca4Y2Mg6O13,143.5
implant,Ca4Y2Mg8O15,140.4
implant,Ca6Y2Mg2O11,131.8
implant,Ca6Y2Mg4O13,144.5
implant,Ca6Y2Mg6O15,139.1
implant,Ca6Y2Mg8O17,143.3
implant,Ca8Y2Mg2O13,129.9
implant,Ca8Y2Mg4O15,127.1
implant,Ca8Y2Mg6O17,139.4
implant,Ca8Y2Mg8O19,134.4
implant,CaY2MgO5,178.4
implant,CaY2Mg2O6,169.0
implant,CaY2Mg3O7,163.4
implant,CaY2Mg4O8,153.4
implant,Ca2Y2MgO6,172.7
implant,Ca2Y2Mg3O8,139.5
implant,Ca3Y2MgO7,138.8
implant,Ca3Y2Mg2O8,153.4
implant,Ca3Y2Mg3O9,140.9
implant,Ca3Y2Mg4O10,157.0
implant,Ca4Y2MgO8,136.1
implant,Ca4Y2Mg3O10,147.0
implant,Ca2Y6Mg2O13,185.0
implant,Ca2Y6Mg4O15,169.2
implant,Ca2Y6Mg6O17,162.2
implant,Ca2Y6Mg8O19,166.0
implant,Ca4Y6Mg2O15,174.5
implant,Ca4Y6Mg4O17,170.4
implant,Ca4Y6Mg6O19,161.2
implant,Ca4Y6Mg8O21,154.8
implant,Ca6Y6Mg2O17,172.9
implant,Ca6Y6Mg4O19,172.7
implant,Ca8Y6Mg2O19,144.6
implant,Ca8Y6Mg4O21,156.6
implant,CaY4MgO8,187.8
implant,CaY4Mg2O9,172.7
implant,CaY4Mg3O10,166.8
implant,CaY4Mg4O11,151.5
implant,Ca2Y4MgO9,175.7
implant,Ca2Y4Mg3O11,165.5
implant,Ca3Y4MgO10,176.6
implant,Ca3Y4Mg2O11,172.5
implant,Ca3Y4Mg3O12,168.5
implant,Ca3Y4Mg4O13,159.3
implant,Ca4Y4MgO11,146.3
implant,Ca4Y4Mg3O13,163.7
implant,Sr2Ca2Y2O7,140.3
implant,Sr4Ca2Y2O9,127.5
implant,Sr6Ca2Y2O11,126.9
implant,Sr8Ca2Y2O13,127.3
implant,Sr2Ca4Y2O9,141.8
implant,Sr4Ca4Y2O11,122.0
implant,Sr6Ca4Y2O13,129.3
implant,Sr8Ca4Y2O15,128.6
implant,Sr2Ca6Y2O11,139.2
implant,Sr4Ca6Y2O13,131.1
implant,Sr6Ca6Y2O15,125.1
implant,Sr8Ca6Y2O17,129.6
implant,Sr2Ca8Y2O13,136.2
implant,Sr4Ca8Y2O15,123.1
implant,Sr6Ca8Y2O17,129.3
implant,Sr8Ca8Y2O19,130.3
implant,SrCaY2O5,147.8
implant,Sr2CaY2O6,133.0
implant,Sr3CaY2O7,121.3
implant,Sr4CaY2O8,120.0
implant,SrCa2Y2O6,142.5
implant,Sr3Ca2Y2O8,123.0
implant,SrCa3Y2O7,148.4
implant,Sr2Ca3Y2O8,145.2
implant,Sr3Ca3Y2O9,121.7
implant,Sr4Ca3Y2O10,124.2
implant,SrCa4Y2O8,144.5
implant,Sr3Ca4Y2O10,130.8
implant,Sr2Ca2Y6O13,145.8
implant,Sr4Ca2Y6O15,155.0
implant,Sr6Ca2Y6O17,133.7
implant,Sr8Ca2Y6O19,116.9
implant,Sr2Ca4Y6O15,147.7
implant,Sr4Ca4Y6O17,145.4
implant,Sr6Ca4Y6O19,135.7
implant,Sr8Ca4Y6O21,122.1
implant,Sr2Ca6Y6O17,148.0
implant,Sr4Ca6Y6O19,142.5
implant,Sr2Ca8Y6O19,144.1
implant,Sr4Ca8Y6O21,148.4
implant,SrCaY4O8,147.0
implant,Sr2CaY4O9,151.8
implant,Sr3CaY4O10,161.6
implant,Sr4CaY4O11,145.3
implant,SrCa2Y4O9,144.3
implant,Sr3Ca2Y4O11,143.8
implant,SrCa3Y4O10,146.0
implant,Sr2Ca3Y4O11,146.0
implant,Sr3Ca3Y4O12,135.4
implant,Sr4Ca3Y4O13,136.6
implant,SrCa4Y4O11,148.1
implant,Sr3Ca4Y4O13,143.8
implant,Sr2Y2Mg2O7,176.8
implant,Sr4Y2Mg2O9,140.1
implant,Sr6Y2Mg2O11,127.9
implant,Sr8Y2Mg2O13,116.4
implant,Sr2Y2Mg4O9,157.9
implant,Sr4Y2Mg4O11,145.6
implant,Sr6Y2Mg4O13,140.7
implant,Sr8Y2Mg4O15,131.5
implant,Sr2Y2Mg6O11,150.1
implant,Sr4Y2Mg6O13,157.3
implant,Sr6Y2Mg6O15,142.8
implant,Sr8Y2Mg6O17,141.5
implant,Sr2Y2Mg8O13,144.2
implant,Sr4Y2Mg8O15,143.2
implant,Sr6Y2Mg8O17,158.6
implant,Sr8Y2Mg8O19,162.1
implant,SrY2MgO5,181.4
implant,Sr2Y2MgO6,150.0
implant,Sr3Y2MgO7,140.3
implant,Sr4Y2MgO8,110.1
implant,SrY2Mg2O6,168.8
implant,Sr3Y2Mg2O8,144.6
implant,SrY2Mg3O7,162.4
implant,Sr2Y2Mg3O8,168.4
implant,Sr3Y2Mg3O9,140.6
implant,Sr4Y2Mg3O10,143.7
implant,SrY2Mg4O8,148.1
implant,Sr3Y2Mg4O10,173.3
implant,Sr2Y6Mg2O13,182.2
implant,Sr4Y6Mg2O15,158.6
implant,Sr6Y6Mg2O17,140.2
implant,Sr8Y6Mg2O19,132.2
implant,Sr2Y6Mg4O15,174.1
implant,Sr4Y6Mg4O17,187.6
implant,Sr6Y6Mg4O19,144.5
implant,Sr8Y6Mg4O21,146.0
implant,Sr2Y6Mg6O17,179.2
implant,Sr4Y6Mg6O19,148.4
implant,Sr2Y6Mg8O19,174.5
implant,Sr4Y6Mg8O21,165.1
implant,SrY4MgO8,184.9
implant,Sr2Y4MgO9,162.8
implant,Sr3Y4MgO10,153.9
implant,Sr4Y4MgO11,153.9
implant,SrY4Mg2O9,175.8
implant,Sr3Y4Mg2O11,144.9
implant,SrY4Mg3O10,178.2
implant,Sr2Y4Mg3O11,182.0
implant,Sr3Y4Mg3O12,147.3
implant,Sr4Y4Mg3O13,146.0
implant,SrY4Mg4O11,182.9
implant,Sr3Y4Mg4O13,171.6
implant,Ca2La2Mg2O7,139.9
implant,Ca2La2Mg4O9,150.4
implant,Ca2La2Mg6O11,151.9
implant,Ca2La2Mg8O13,150.1
implant,Ca4La2Mg2O9,134.5
implant,Ca4La2Mg4O11,125.5
implant,Ca4La2Mg6O13,145.2
implant,Ca4La2Mg8O15,141.7
implant,Ca6La2Mg2O11,129.6
implant,Ca6La2Mg4O13,125.4
implant,Ca6La2Mg6O15,142.3
implant,Ca6La2Mg8O17,139.3
implant,Ca8La2Mg2O13,133.2
implant,Ca8La2Mg4O15,128.7
implant,Ca8La2Mg6O17,120.5
implant,Ca8La2Mg8O19,140.9
implant,CaLa2MgO5,141.3
implant,CaLa2Mg2O6,173.2
implant,CaLa2Mg3O7,170.4
implant,CaLa2Mg4O8,157.4
implant,Ca2La2MgO6,137.2
implant,Ca2La2Mg3O8,164.2
implant,Ca3La2MgO7,133.2
implant,Ca3La2Mg2O8,136.1
implant,Ca3La2Mg3O9,160.5
implant,Ca3La2Mg4O10,158.3
implant,Ca4La2MgO8,136.7
implant,Ca4La2Mg3O10,133.8
implant,Ca2La6Mg2O13,124.6
implant,Ca2La6Mg4O15,172.4
implant,Ca2La6Mg6O17,175.4
implant,Ca2La6Mg8O19,180.6
implant,Ca4La6Mg2O15,129.2
implant,Ca4La6Mg4O17,144.0
implant,Ca4La6Mg6O19,143.4
implant,Ca4La6Mg8O21,174.7
implant,Ca6La6Mg2O17,111.7
implant,Ca6La6Mg4O19,138.5
implant,Ca8La6Mg2O19,130.4
implant,Ca8La6Mg4O21,139.3
implant,CaLa4MgO8,136.6
implant,CaLa4Mg2O9,145.7
implant,CaLa4Mg3O10,173.3
implant,CaLa4Mg4O11,177.1
implant,Ca2La4MgO9,124.3
implant,Ca2La4Mg3O11,161.0
implant,Ca3La4MgO10,127.9
implant,Ca3La4Mg2O11,142.5
implant,Ca3La4Mg3O12,150.6
implant,Ca3La4Mg4O13,140.3
implant,Ca4La4MgO11,112.7
implant,Ca4La4Mg3O13,138.5
implant,Sr2Ca2La2O7,94.6
implant,Sr4Ca2La2O9,98.8
implant,Sr6Ca2La2O11,101.8
implant,Sr8Ca2La2O13,107.3
implant,Sr2Ca4La2O9,128.9
implant,Sr4Ca4La2O11,118.9
implant,Sr6Ca4La2O13,117.1
implant,Sr8Ca4La2O15,122.2
implant,Sr2Ca6La2O11,130.5
implant,Sr4Ca6La2O13,124.4
implant,Sr6Ca6La2O15,124.6
implant,Sr8Ca6La2O17,119.9
implant,Sr2Ca8La2O13,131.1
implant,Sr4Ca8La2O15,126.0
implant,Sr6Ca8La2O17,121.2
implant,Sr8Ca8La2O19,124.6
implant,SrCaLa2O5,110.4
implant,Sr2CaLa2O6,113.2
implant,Sr3CaLa2O7,117.3
implant,Sr4CaLa2O8,117.6
implant,SrCa2La2O6,119.9
implant,Sr3Ca2La2O8,98.4
implant,SrCa3La2O7,122.7
implant,Sr2Ca3La2O8,111.4
implant,Sr3Ca3La2O9,108.0
implant,Sr4Ca3La2O10,109.9
implant,SrCa4La2O8,129.7
implant,Sr3Ca4La2O10,118.0
implant,Sr2Ca2La6O13,120.1
implant,Sr4Ca2La6O15,115.3
implant,Sr6Ca2La6O17,112.2
implant,Sr8Ca2La6O19,113.1
implant,Sr2Ca4La6O15,115.2
implant,Sr4Ca4La6O17,121.6
implant,Sr6Ca4La6O19,97.3
implant,Sr8Ca4La6O21,102.2
implant,Sr2Ca6La6O17,118.3
implant,Sr4Ca6La6O19,121.7
implant,Sr2Ca8La6O19,115.1
implant,Sr4Ca8La6O21,110.4
implant,SrCaLa4O8,126.0
implant,Sr2CaLa4O9,117.5
implant,Sr3CaLa4O10,117.0
implant,Sr4CaLa4O11,109.1
implant,SrCa2La4O9,113.3
implant,Sr3Ca2La4O11,108.5
implant,SrCa3La4O10,111.4
implant,Sr2Ca3La4O11,117.3
implant,Sr3Ca3La4O12,120.9
implant,Sr4Ca3La4O13,96.8
implant,SrCa4La4O11,117.3
implant,Sr3Ca4La4O13,121.7
implant,Sr2La2Mg2O7,140.7
implant,Sr4La2Mg2O9,97.6
implant,Sr6La2Mg2O11,98.9
implant,Sr8La2Mg2O13,99.4
implant,Sr2La2Mg4O9,133.9
implant,Sr4La2Mg4O11,128.0
implant,Sr6La2Mg4O13,124.8
implant,Sr8La2Mg4O15,113.2
implant,Sr2La2Mg6O11,158.9
implant,Sr4La2Mg6O13,135.0
implant,Sr6La2Mg6O15,137.2
implant,Sr8La2Mg6O17,132.5
implant,Sr2La2Mg8O13,145.4
implant,Sr4La2Mg8O15,151.7
implant,Sr6La2Mg8O17,134.4
implant,Sr8La2Mg8O19,135.3
implant,SrLa2MgO5,135.9
implant,Sr2La2MgO6,118.2
implant,Sr3La2MgO7,108.4
implant,Sr4La2MgO8,108.2
implant,SrLa2Mg2O6,144.9
implant,Sr3La2Mg2O8,131.7
implant,SrLa2Mg3O7,166.6
implant,Sr2La2Mg3O8,149.2
implant,Sr3La2Mg3O9,127.2
implant,Sr4La2Mg3O10,138.7
implant,SrLa2Mg4O8,158.7
implant,Sr3La2Mg4O10,139.4
implant,Sr2La6Mg2O13,136.1
implant,Sr4La6Mg2O15,129.4
implant,Sr6La6Mg2O17,121.7
implant,Sr8La6Mg2O19,109.2
implant,Sr2La6Mg4O15,149.7
implant,Sr4La6Mg4O17,132.7
implant,Sr6La6Mg4O19,129.4
implant,Sr8La6Mg4O21,126.8
implant,Sr2La6Mg6O17,171.8
implant,Sr4La6Mg6O19,145.1
implant,Sr2La6Mg8O19,168.0
implant,Sr4La6Mg8O21,151.2
implant,SrLa4MgO8,133.1
implant,Sr2La4MgO9,125.2
implant,Sr3La4MgO10,118.9
implant,Sr4La4MgO11,112.4
implant,SrLa4Mg2O9,135.5
implant,Sr3La4Mg2O11,133.8
implant,SrLa4Mg3O10,147.5
implant,Sr2La4Mg3O11,147.0
implant,Sr3La4Mg3O12,126.4
implant,Sr4La4Mg3O13,129.8
implant,SrLa4Mg4O11,171.1
implant,Sr3La4Mg4O13,149.2
implant,SrCaMgO3,130.8
implant,Sr2CaMgO4,131.4
implant,Sr3CaMgO5,131.8
implant,Sr4CaMgO6,131.8
implant,SrCaMg2O4,139.6
implant,Sr2CaMg2O5,128.4
implant,Sr3CaMg2O6,125.4
implant,Sr4CaMg2O7,130.3
implant,SrCaMg3O5,138.1
implant,Sr2CaMg3O6,151.4
implant,Sr3CaMg3O7,132.5
implant,Sr4CaMg3O8,122.2
implant,SrCaMg4O6,134.0
implant,Sr2CaMg4O7,141.4
implant,Sr3CaMg4O8,150.3
implant,Sr4CaMg4O9,135.7
implant,SrCa2MgO4,130.5
implant,Sr2Ca2MgO5,127.9
implant,Sr3Ca2MgO6,131.5
implant,Sr4Ca2MgO7,131.8
implant,SrCa2Mg2O5,135.7
implant,Sr3Ca2Mg2O7,127.4
implant,SrCa2Mg3O6,142.1
implant,Sr2Ca2Mg3O7,148.4
implant,Sr3Ca2Mg3O8,126.5
implant,Sr4Ca2Mg3O9,127.6
implant,SrCa2Mg4O7,134.0
implant,Sr3Ca2Mg4O9,153.6
implant,SrCa3MgO5,133.8
implant,Sr2Ca3MgO6,128.1
implant,Sr3Ca3MgO7,123.5
implant,Sr4Ca3MgO8,131.8
implant,SrCa3Mg2O6,146.4
implant,Sr2Ca3Mg2O7,131.4
implant,Sr3Ca3Mg2O8,127.7
implant,Sr4Ca3Mg2O9,124.1
implant,SrCa3Mg3O7,133.3
implant,Sr2Ca3Mg3O8,152.7
implant,Sr4Ca3Mg3O10,128.6
implant,SrCa3Mg4O8,137.5
implant,Sr2Ca3Mg4O9,137.3
implant,Sr3Ca3Mg4O10,151.4
implant,Sr4Ca3Mg4O11,126.8
implant,SrCa4MgO6,132.7
implant,Sr2Ca4MgO7,128.1
implant,Sr3Ca4MgO8,126.2
implant,Sr4Ca4MgO9,131.8
implant,SrCa4Mg2O7,123.5
implant,Sr3Ca4Mg2O9,127.7
implant,SrCa4Mg3O8,134.9
implant,Sr2Ca4Mg3O9,128.2
implant,Sr3Ca4Mg3O10,132.6
implant,Sr4Ca4Mg3O11,127.3
implant,SrCa4Mg4O9,139.6
implant,Sr3Ca4Mg4O11,132.5
