material_id,formula,K_GPa,G_GPa,youngs_modulus_GPa,energy_above_hull,is_stable,nelements,density,vol_per_atom
mp-556788,SiO2,42.63,38.011,87.90592202578647,0.24704845472222303,False,2,2.696521765071871,12.333459702429002
mp-684591,Al2O3,141.633,83.335,209.0117435964536,0.125386212749999,False,2,3.482552267854382,9.723367879954038
mp-752826,Al2O3,166.16,81.144,209.35293114156764,0.093756465599999,False,2,3.496443884413578,9.684736258021122
mp-2637304,Al2O3,89.312,49.715,125.8025780494946,0.7831800509999991,False,2,2.61970290909868,12.925945435990986
mp-684679,Sb6O13,119.442,70.699,177.14555007750127,0.024027943947361,False,2,5.700608753874141,14.389068933662623
mp-775907,Y2O3,128.193,63.43,163.34836556854881,0.041838798249999004,False,2,5.363418063602864,13.982358120454128
mp-776456,Ti2O3,206.646,108.773,277.61012009150403,0.047594817333333005,False,2,4.775431857524981,9.995868032428142
mp-23195,Bi2O3,20.242,25.082,53.25131218534403,0.019471687999999,False,2,9.025910157664597,17.144932963393707
mp-27519,SeO3,5.11,3.287,8.119951119944137,0.020287150937498003,False,2,3.445588054679223,15.296304112654791
mp-1147,Ti3O5,170.755,76.573,199.84614365071548,0.002190746249999,False,2,4.273518581031359,10.860290155917022
mp-1203,TiO,195.566,107.51,272.5807048319812,0.05257314800000001,False,2,4.934842399291236,10.745292722857165
mp-1595,Nb2O5,135.559,49.941,133.43663230753057,0.007537548265307001,False,2,4.376949510667836,14.406233306937585
mp-1745,Sm2O3,133.404,55.025,145.1222020617832,0.013724095749999,False,2,7.736961882448128,14.968671246735054
mp-2460,Er2O3,152.954,69.138,180.25455088636363,0.034199426166669,False,2,9.648473202345551,13.166499618881987
mp-554278,TiO2,180.571,60.573,163.4431891941702,0.006417397499999001,False,2,3.615939061446627,12.225526917683998
mp-556253,Tm2O3,155.798,71.182,185.32225558509847,0.03859901858333,False,2,9.923255578811622,12.91403999258136
mp-558573,Y2O3,142.737,62.537,163.70335471769627,0.034227796250000005,False,2,5.457599847821435,13.74106460827165
mp-643084,Gd2O3,94.858,60.907,150.50797541398802,0.021289789833330002,False,2,8.312236785643153,14.483283818667234
mp-7048,Al2O3,186.365,102.826,260.5575399632282,0.017159517999999003,False,2,3.626309528339469,9.337905823230228
mp-754698,NbO2,160.143,48.466,132.0742599986765,0.052645225416666004,False,2,4.976998975711901,13.89123124349163
mp-754812,Al2O3,128.947,53.564,141.1479296829055,0.08488599199999901,False,2,3.094645987901551,10.942168181400927
mp-755769,ZrO2,159.745,45.236,124.00308764450273,0.091111707499999,False,2,4.589118191733542,14.862424889122657
mp-758933,B8O,204.847,179.969,417.60958035392883,0.025976052222222,False,2,2.533458900688488,7.463855113392465
mp-766454,TiO2,155.372,65.111,171.39158331184223,0.045939138888888,False,2,4.019598507976489,10.997804940144364
mp-775935,ZrO2,127.742,50.589,134.06880892085337,0.130473561111108,False,2,4.5723229995210914,14.917017988250187
mp-886,Ga2O3,155.545,70.553,183.86020809288368,0.0,True,2,5.887587999533202,10.573376293730535
mp-546794,SiO2,35.06,33.443,76.12448309443599,0.005647450555557001,False,2,2.223612886125405,14.956489384349169
mp-1065811,SnO,87.558,47.731,121.17420171066831,0.4444397775,False,2,6.83730437709922,16.35807103216519
mp-634965,NbO,129.596,69.155,176.13524482304567,0.8240059083333311,False,2,5.450529809536891,16.58942420167319
mp-2374583,SiO2,89.352,42.035,109.01058682773767,0.15964837638889,False,2,2.6312563843426213,12.639377418383155
mp-19921,PbO,15.634,10.522,25.782051616049046,0.0,True,2,8.81022542720316,21.034156640151846
mp-2097,SnO,29.755,21.245,51.48226201248756,0.0,True,2,6.294342860686033,17.769148129457438
mp-759943,Al2O3,196.991,111.116,280.590733659123,0.035135316874999004,False,2,3.57452754463431,9.473178325999061
mp-1336,PdO,155.722,34.529,96.45765742532814,0.0,True,2,8.117605863761803,12.52106838034684
mp-1692,CuO,144.365,23.585,67.10089499211702,0.0,True,2,6.155599921960791,10.729112185888175
mp-2803876,AgO,102.564,11.556000000000001,33.41310284167795,0.0,True,2,6.730482161807199,15.28025659537245
mp-726,SeO2,17.612,10.038,25.306220440881763,0.0,True,2,4.137816735565543,14.842885669582719
mp-1018664,CeO2,128.806,47.443,126.76522554919664,0.11931447833333302,False,2,5.962115660346726,15.97885524881083
mp-12875,ReO2,295.868,133.476,348.0838861910918,0.12338596361111301,False,2,10.893177295164286,11.08765133871322
mp-20725,PbO2,114.693,46.309,122.44706095730402,0.0,True,2,9.340001787646925,14.17554875307679
mp-20994,TaO2,255.403,113.66,296.9327761519044,0.09078960184444301,False,2,9.807658236443672,12.0180330077444
mp-2237,TeO2,146.533,49.766,134.1151318586331,0.225514718333331,False,2,5.9654445818888515,14.808622042302515
mp-2533,NbO2,234.511,94.33,249.53256846100146,0.047459152916665005,False,2,5.71910918533139,12.08870847361326
mp-2657,TiO2,208.538,107.377,274.9415251128595,0.043638704166665,False,2,4.236221754389662,10.435421677964042
mp-2723,IrO2,269.435,106.561,282.4472297746336,0.0,True,2,11.548302349446649,10.746719416203844
mp-470,GeO2,202.915,130.151,321.6776264657002,0.0,True,2,6.20512814957392,9.334043879715589
mp-644607,CO2,4.674,2.184,5.669020362828581,0.005399366666665,False,2,1.744820943895653,13.961221333208451
mp-6947,SiO2,272.328,201.767,485.41913792869894,0.20171111388889001,False,2,4.134211700498967,8.044445939288192
mp-725,RhO2,234.909,100.944,264.88962227013263,0.0,True,2,7.20074117228947,10.369944567391494
mp-7599,BeO,195.52,131.584,322.42242937349613,0.015346631250000001,False,2,2.912878239417336,7.129152957106981
mp-775909,ZrO2,194.576,92.442,239.41161442832424,0.062655081666665,False,2,5.299849538023465,12.869313353635848
mp-776532,HfO2,211.548,106.112,272.7349253789372,0.036980001666666006,False,2,9.412302135077686,12.378299182837454
mp-825,RuO2,252.231,96.302,256.28889718931526,0.0,True,2,7.0691471835481,10.41926440857591
mp-856,SnO2,171.933,87.385,224.17585155607577,0.0,True,2,6.8731915563027774,12.136906512323106
mp-862855,PaO2,141.582,50.388,135.13304529669523,0.184630715,False,2,8.897568060169542,16.363248888419925
mp-996,OsO2,281.2,103.408,276.34926674325874,0.0,True,2,11.467906499374536,10.726154308512035
mp-1018721,HfO2,185.839,49.71,136.92162932478297,0.050883971666667006,False,2,10.676886282074282,10.912197503017365
mp-2574,ZrO2,167.345,50.773,138.32916521649472,0.027125123333330003,False,2,6.042619614291532,11.287393346857714
mp-1022728,Cu3O2,112.469,36.808,99.56263262562965,0.16036249400000102,False,2,6.147635985624615,12.0272932531235
mp-1105,BaO2,65.16,35.973,91.14596103744604,0.0,True,2,5.534178952108108,16.935490540783995
mp-12105,RbO2,20.844,7.798,20.80013661310963,0.0,True,2,3.3787543416919252,19.243569137672146
mp-1441,CsO2,18.38,4.644,12.849767161782417,0.034859988333332,False,2,3.961580674720943,23.04046246621714
mp-1866,KO2,24.246,9.593,25.425743668848913,0.0172468975,False,2,2.39878116699765,16.40548595555816
mp-2697,SrO2,71.147,44.189,109.82895255599115,0.0,True,2,4.7311038520642335,13.99473898063957
mp-861975,PaO3,252.209,54.533,152.60049875856797,0.0,True,2,11.181658408326806,10.359531963696512
mp-1581,As2O3,9.944,8.605,20.035722871191822,0.0016657115000000002,False,2,3.904404431828516,16.82834754579882
mp-23261,I2O5,17.477,14.793,34.61316418243485,0.0,True,2,5.159777653138838,15.34666915889128
mp-23262,Bi2O3,53.426,30.036,75.88685027901258,0.0,True,2,9.438175801265304,16.396031165898382
mp-2858,ZrO2,183.109,85.963,222.99326402587792,0.0,True,2,5.777331384412114,11.805697110602315
mp-33137,TcO2,255.97,111.765,292.69489692215876,0.0,True,2,6.739462012444188,10.676820870495149
mp-352,HfO2,204.904,100.522,259.18264371100923,0.0,True,2,10.24124328616322,11.376381614199502
mp-430,TiO2,157.994,88.246,223.185338894541,0.039483500833334004,False,2,4.555389330254649,9.704277093248924
mp-669426,SiO2,18.076,35.939,64.84301658034535,0.0071271338888890005,False,2,2.355588157477184,14.118530194113001
mp-754531,Al2O3,106.927,57.732,146.77959825950495,0.10727426049999801,False,2,3.2285435636381212,10.488363001476264
mp-755066,Al2O3,182.223,84.014,218.46719841505157,0.08892886000000001,False,2,3.561892587487244,9.506782147354034
mp-1014261,IrO2,192.223,75.26,199.71550095179077,0.263230421666665,False,2,9.882715940690662,12.557920902289686
mp-33104,Sm2O,80.158,44.22,112.05463002381505,0.071468046805553,False,2,7.975357339320386,21.981248591716323
mp-390,TiO2,184.247,47.35,130.84158744257124,0.0,True,2,3.856139057916947,11.463995375804954
mp-754403,ZrO2,169.342,39.788,110.69453402797299,0.048185859999998006,False,2,4.74826681390781,14.364277978686985
mp-755071,SnO2,139.796,49.089,131.83574134055675,0.087447203333333,False,2,6.105005004894499,13.664081076634092
mp-755690,NbO2,181.643,94.335,241.24247829535213,0.080003551249999,False,2,5.70466850890858,12.11930957289966
mp-754455,Sc2O3,138.896,69.54,178.78330857128753,0.09726974075000001,False,2,3.694187737244951,12.39812369138179
mp-754624,Al2O3,187.289,110.963,277.9890072722679,0.074726125999998,False,2,3.806598544022501,8.895641731038351
mp-753629,Zr2O,153.477,76.375,196.5258452308655,0.008804855277775001,False,2,6.854541899733948,16.024881272663276
mp-10390,Ta2O5,126.687,71.615,180.7804832335568,0.0,True,2,8.7289892060389,12.00892097923963
mp-11684,SiO2,110.695,59.798,152.02000722154315,0.013725869722224001,False,2,2.90589968123047,11.444800638181066
mp-1705,Sb2O5,125.537,75.478,188.62997147464327,0.0,True,2,6.67669459753784,11.4944091691149
mp-1819,SbO2,82.545,56.104,137.2228858329026,0.0,True,2,6.645553853260452,12.806682476298013
mp-21325,KO2,16.347,9.297,23.446167695155818,0.056030107499999,False,2,2.06561693280497,19.051533767298462
mp-32570,Al2O3,197.042,111.213,280.80839525357413,0.039524041499999,False,2,3.695231826720428,9.163738149432842
mp-540783,OsO4,3.799,2.284,5.708080111102989,0.00079814,False,2,5.386723342623542,15.673901730485102
mp-557837,SiO2,14.613,32.297,55.78969934065356,0.008337957222222001,False,2,2.283038293275298,14.567185589570101
mp-557993,BiO2,51.48,28.904,73.04193908718038,0.0,True,2,9.362232999004997,14.247148654975172
mp-558733,SiO2,263.994,193.946,467.38222559456676,0.26369140277777803,False,2,4.07667960167212,8.157973099626357
mp-1974948,Na2O,46.967,23.696,60.8539055268322,0.07367914777777701,False,2,2.7255985798114413,12.586647900806216
mp-306,B2O3,33.164,36.019,79.33530889743268,0.0,True,2,2.561902772718296,9.025093638769107
mp-553432,TiO2,21.691,18.21,42.68503764273622,0.14966203888888702,False,2,2.4238539243290482,18.238211422191096
mp-7000,SiO2,29.797,46.637,91.94271915340958,0.0,True,2,2.634242418262655,12.625050107639943
mp-733,GeO2,37.861,28.881,69.07830658271563,0.079582796111111,False,2,4.264932175835284,13.58027186353508
mp-223,GeO2,32.439,27.681,64.65299949599193,0.079972759444444,False,2,4.286376745965896,13.512330310650247
mp-6930,SiO2,33.568,46.226,95.04818152861905,0.000625704444445,False,2,2.632257568520512,12.634570007117249
mp-546546,SiO2,63.433,31.521,81.1254365566676,0.041503442222225004,False,2,2.089347715195751,15.917619783608274
mp-775808,MgO,115.534,50.63,132.5305558968059,0.132080626666664,False,2,2.8242808194548212,11.848508529118602
mp-1105780,Bi2O3,33.361,27.707,65.0989830424916,0.038616759499996,False,2,9.809987387003124,15.774599750433357
mp-1408285,TiO2,86.709,32.379,86.384403735308,0.187470469999999,False,2,3.5487996910676562,12.45682038343538
mp-755483,Al2O3,212.651,103.635,267.45683245279054,0.10307848399999901,False,2,3.7626576031054073,8.999526513804815
mp-556464,SiO2,134.058,71.266,181.6154039624873,0.245938782500001,False,2,2.666282666738986,12.47333710754395
mp-755175,Al2O3,189.101,125.957,309.21638622306205,0.081900228999999,False,2,3.796290496395147,8.919796020265295
mp-1017552,Bi2O3,118.12,31.132,85.85341994126985,0.084994106499999,False,2,10.15087632542345,15.244853707772705
mp-11107,Ac2O3,101.296,35.758,95.98017144909701,0.0,True,2,9.109129867325775,18.30224477209263
mp-1215,Ti2O,183.19,110.136,275.2473443624888,0.0,True,2,5.09095651040831,12.14818704269804
mp-13061,Y2O3,140.624,43.654,118.6812355571977,0.057234046250002,False,2,5.546597092739123,13.520584037585703
mp-13068,Lu2O3,155.662,47.365,129.00990893378258,0.08415882149999901,False,2,10.734582977414272,12.3112740448023
mp-1968,La2O3,116.022,39.07,105.38109568730368,0.0,True,2,6.615226585908185,16.356773217045408
mp-2063,Pr2O3,121.654,39.845,107.76921513214938,0.001039500249998,False,2,6.899506900183612,15.875575149508274
mp-2721,Ce2O3,120.983,47.005,124.84633211287121,0.079304169250001,False,2,7.123829429995266,15.301856264076596
mp-547622,Pm2O3,129.418,42.722,115.46109798225426,0.012331169000001,False,2,7.496773097556724,14.97335475508523
mp-617,PtO2,41.116,30.048,72.48612813893452,0.055776731666668,False,2,10.633759523269788,11.820211529382844
mp-7711,Ag2O,94.131,21.968,61.14721752129871,0.11929020833333101,False,2,8.614878187275739,14.889216100511902
mp-8134,UO3,168.947,43.216,119.46202296852873,0.11389847500000001,False,2,9.101782039814061,13.04577466764405
mp-1346,B6O,228.689,207.712,478.3207550322843,0.0,True,2,2.621773527017992,7.3167568470321465
mp-1390618,SnO2,42.723,28.477,69.90032199353958,0.15327647333333302,False,2,5.754825882445788,14.495535584246442
mp-1419175,SbO2,36.048,15.287,40.181088899871185,0.388283149583311,False,2,5.459814601789836,15.587983161542779
mp-25433,TiO2,43.04,30.243,73.51096854351387,0.15901846083333301,False,2,3.5004323071863492,12.628943070164437
mp-753746,Rb2O,5.74,3.6710000000000003,9.077777990522236,0.0,True,2,3.226482428404933,32.06927640269519
mp-7988,Cs2O,6.526,3.041,7.89646288518502,0.0,True,2,4.577833402444146,34.07412617072435
mp-1143,Al2O3,231.003,128.563,325.3347828321802,0.0,True,2,3.873499124580814,8.74200193995937
mp-14024,Zr3O,131.559,52.09,138.04997860182152,0.0,True,2,6.688575555944507,17.978815973350798
mp-22323,In2O3,149.39,52.286,140.4699910881276,0.020704577249998003,False,2,7.194067376509533,12.816739438098494
mp-2552,TeO3,89.234,77.836,180.90791350300108,0.0201215525,False,2,6.370962349341241,11.442057539187557
mp-458,Ti2O3,214.394,74.827,201.08680885894188,0.0,True,2,4.602205288902889,10.37211155286214
mp-754759,Y2O3,135.891,53.717,142.38911034699493,0.049441107250000005,False,2,5.155299927103416,14.546822333408633
mp-755313,Sc2O3,172.651,70.819,186.90212938285114,0.036392894749999,False,2,3.891656453292744,11.769023564964561
mp-1025421,SmO3,67.594,23.832,63.97707940374382,0.42767082203125,False,2,4.7894367327767675,17.193125134439914
mp-1025565,HoO3,71.744,29.665,78.21480802133142,0.45448645421874906,False,2,5.701386902479575,15.50395245495208
mp-6922,SiO2,134.073,35.048,96.7164559319592,0.009076502222221,False,2,2.435363186396876,13.656050445371598
mp-1017,Zr3O,132.953,59.206,154.66044745178084,0.007423523749999001,False,2,6.699842819825176,17.94858062764473
mp-9761,ReO3,158.374,111.219,270.36789368984944,0.106826340000001,False,2,8.48263958092835,11.461847473611034
mp-13119,CdO,91.875,19.754,55.298747541294404,0.07925563000000001,False,2,6.47405750449773,16.468071654414153
mp-2133,ZnO,128.167,42.921,115.83283561211168,0.0,True,2,5.70421780686615,11.849287064975101
mp-2542,BeO,208.037,156.717,375.7887918478846,0.0,True,2,3.019437108902679,6.877558222029522
mp-776911,MgO,115.543,50.224,131.60360306713068,0.13835586124999902,False,2,2.816647553146497,11.880618624276998
mp-755264,TiO,234.957,165.923,402.9230022244067,0.080865955,False,2,5.491461420617172,9.656141063373182
mp-2340,Na2O2,49.866,29.996,74.95809895653528,0.0,True,2,2.6929727082185853,12.020738005649605
mp-308,U3O8,163.668,48.125,131.48745940210972,0.002885138636367,False,2,8.465552295994232,15.016041623228386
mp-776896,Nb2O5,55.283,25.761,66.89268966651011,0.059221325765307004,False,2,3.46318718570519,18.207319570722976
mp-8377,TeO2,21.082,23.269,51.031769311680044,0.0,True,2,5.657354018806982,15.615076205911963
mp-7954,Nd2O3,98.225,37.433,99.64140528081228,0.215049207499998,False,2,5.275942423690727,21.180740555718682
mp-1008500,BaO,67.199,28.172,74.15348481300785,0.018888297499998003,False,2,6.059770600663804,21.007765303297795
mp-545512,CaO,86.059,34.214,90.63139301141278,0.10432442000000101,False,2,2.820285472220921,16.508738985920036
mp-7087,SiO2,146.02,54.984,146.55664224693942,0.019207063888890003,False,2,1.9706992687989642,16.875960250650152
mp-754333,TiO,231.655,156.899,384.0025410218063,0.13233054499999802,False,2,5.409794701447449,9.801910987003508
mp-841,Li2O2,72.65,50.633,123.26315161421238,0.0,True,2,2.414495373744071,7.888486931403914
mp-8059,SiO2,19.957,41.802,73.84637638311055,0.00937302763889,False,2,2.247387477681125,14.798268147579059
mp-2789,NO2,5.601,3.922,9.539401592279855,0.0,True,2,2.001559698678917,12.722400116084193
mp-20066,CO2,4.63,2.479,6.310704991141793,0.0,True,2,1.759790401139708,13.842461789067913
mp-2310,CdO2,105.752,37.359,100.26959015270083,0.05623419,False,2,6.075567913124506,13.156416976366287
mp-2589,MgO2,129.089,86.082,211.28206393591196,0.014843958333333001,False,2,3.321847881193346,9.38179218734984
mp-2633,GeO2,229.91,139.96,349.0506483144307,0.304185555833335,False,2,6.419358244129008,9.022543410839024
mp-697,SnO2,192.235,99.178,253.87433249541712,0.10055290916666601,False,2,7.221911930701193,11.5508585760386
mp-8484,ZnO2,138.631,62.222,162.37324229108063,0.135488532499999,False,2,5.310802143868639,10.152230172253761
mp-8909,RuO2,273.128,147.463,374.91606053077686,0.06483860250000001,False,2,7.78471911265118,9.461524890323647
mp-9258,SiO2,310.27,213.805,521.6037673366154,0.5770440263888901,False,2,4.415008882327144,7.532814409357813
mp-1045,Nd2O3,124.063,50.641,133.7276670222075,0.0,True,2,6.4871077282622664,17.226223510402143
mp-1056,Tb2O3,141.499,61.887,162.03768527953224,0.0,True,2,8.013812686078552,15.161482173846803
mp-1427,Lu2O3,156.458,73.089,189.72396063510325,0.0,True,2,9.78462289416088,13.506539211693402
mp-1767,Tm2O3,150.148,70.015,181.7885942600666,0.0,True,2,9.150946297529503,14.003941803917707
mp-218,Sm2O3,130.35,55.209,145.13643052577092,0.0,True,2,7.079480081162786,16.358833917061403
mp-22598,In2O3,144.766,57.394,152.08361786646927,0.0,True,2,6.998712419580601,13.174492897705445
mp-2292,La2O3,114.974,39.632,106.6426200533605,0.001785823249997,False,2,5.904323249276039,18.32619192357688
mp-2345,Dy2O3,143.814,63.498,166.05469824221117,0.0,True,2,8.333958276713304,14.863959313727268
mp-2652,Y2O3,138.413,62.199,162.28777701607328,0.0,True,2,5.026122832858722,14.920692272925162
mp-504886,Gd2O3,131.73,55.657,146.3584530672268,0.0,True,2,7.632702112600969,15.772721476406687
mp-679,Er2O3,145.923,65.426,170.757705823786,0.0,True,2,8.894209986204963,14.283069428146089
mp-771359,Cu2O3,161.174,53.715,145.03310957733737,0.018748490000000003,False,2,5.9792570368966365,9.725091779286002
mp-776475,Al2O3,212.727,127.515,318.83796003244106,0.035034444749999005,False,2,3.874797934013569,8.739071672426935
mp-1778,BeO,207.897,153.975,370.46555356026875,0.006973667500000001,False,2,3.033562473352565,6.845533822576787
mp-1986,ZnO,129.269,40.506,110.02591802256762,0.00806893,False,2,5.708336616549273,11.840737296175583
mp-1021489,IrO3,202.01,102.231,262.4246694227128,0.11425780124999901,False,2,7.321746567413168,13.619930720029762
mp-2311,NbO,242.599,147.84,368.6373753507446,0.0,True,2,7.068081569952337,12.79288449622154
mp-2630414,TaO3,187.237,73.013,193.8427028582502,0.146295184374999,False,2,6.120451418900427,15.528834556668581
mp-33029,Nd2O3,113.322,45.787,121.05691913219081,0.9288243034999971,False,2,6.126903270648087,18.238963914846078
mp-33032,La2O3,100.901,33.76,91.11777473303157,0.8924609145,False,2,5.659525195442684,19.118876108582484
mp-375,UO3,153.034,63.703,167.82265685676305,0.0,True,2,6.71581326426754,17.680628226695376
mp-755300,TiO,208.643,46.453,129.7310747625606,0.112576613333333,False,2,4.6615969120233345,11.375141849949316
mp-982048,Ge2O3,178.568,103.527,260.28068730083487,0.454093126000001,False,2,6.163199650194571,10.414914980467845
mp-1604,Pt3O4,213.174,58.894,161.78327243934845,0.0,True,2,12.260547925324396,12.561828759796501
mp-1021503,SiO2,275.987,133.326,344.5029266576995,0.39713604888889,False,2,3.616399587026764,9.19628534566319
mp-11872,Ag2O3,125.939,21.458,60.91438622002379,0.18969381066666502,False,2,6.577314962218024,13.316729061320189
mp-22891,Bi2O3,107.798,21.406,60.23119458236659,0.361795156000003,False,2,8.864215807103806,17.45767792146463
mp-32927,Tb2O3,134.172,50.448,134.48835118022626,0.48035174375000006,False,2,7.786936039864331,15.60322026051266
mp-361,Cu2O,111.715,7.888,23.119849343940675,0.0,True,2,6.20494716806907,12.764484711878117
mp-551685,Pb2O,24.735,0.848,2.515256152319028,0.356317426354168,False,2,8.722243354793145,27.313119223639973
mp-673247,Y2O3,135.747,57.501,151.15977084705062,0.492873679749999,False,2,5.058089909619062,14.826393649585365
mp-684768,Sm2O3,126.271,52.094,137.38846959088622,0.44923883024999706,False,2,7.126676920073853,16.250496573048842
mp-685148,Ho2O3,137.137,54.669,144.76974741889805,1.308044438749999,False,2,11.375866030042983,11.031236913299344
mp-1008677,TiO2,246.526,83.386,224.81099212602254,0.308324844166666,False,2,4.6787932007867035,9.448325333333333
mp-1008785,RuO2,284.209,186.658,459.40136891997867,0.188058738333334,False,2,7.713205120800527,9.549248657979797
mp-10197,ZrO,197.527,29.097,83.20543443872874,0.346729603749997,False,2,7.197062628033025,12.36953558387608
mp-10688,CeO,148.033,80.747,204.972479277731,0.0,True,2,8.465653204880008,15.31102883168246
mp-10728,PdO,173.814,22.013,63.364047139137554,0.44928499250000004,False,2,8.650294485871516,11.750015941177022
mp-1132,CdO,127.369,44.447,119.44684491764232,0.0,True,2,8.100938388867615,13.16085097318824
mp-1265,MgO,151.45,118.82,282.56468586981174,0.0,True,2,3.628903381952319,9.2213850455102
mp-12979,SnO2,185.31,57.406,156.09902686292668,0.245658063333333,False,2,7.335946620076627,11.37130457463225
mp-1342,BaO,68.281,37.058,94.1427099598596,0.0,True,2,5.859229670745691,21.726787602501958
mp-1394,Rb2O,22.839,7.73,20.83897373011397,0.0031695866666660005,False,2,4.015077323666957,25.770601277102504
mp-14549,CuO,179.442,35.321,99.4385709992382,0.17112737999999902,False,2,6.965341577708864,9.48182101298842
mp-1565,ZrO2,235.389,103.516,270.8451943736006,0.05567256666666501,False,2,6.205968894519971,10.990294278170374
mp-1597,UO2,206.152,92.078,240.43687522905313,0.0,True,2,11.055276852979338,13.5196843848886
mp-1794,BeO,243.273,148.783,370.76398736970776,0.48147472750000003,False,2,3.418546903310765,6.0746144784858895
mp-1959,PuO2,196.245,78.729,208.3281696765668,0.0,True,2,11.84744749340084,12.894670349597867
mp-1960,Li2O,78.6,68.452,159.15407228218714,0.0,True,2,1.969302476050398,8.398782930867444
mp-20158,PbO2,134.544,28.736,80.47845228138993,0.106632788333333,False,2,10.067599299407842,13.151064792815191
mp-20194,CeO2,170.992,73.939,193.87270284794218,0.0,True,2,6.994759103664203,13.619880499307337
mp-2229,ZnO,166.374,62.567,166.79283112540926,0.14726733999999903,False,2,6.619789652587246,10.210432328205899
mp-2352,Na2O,45.868,30.58,75.05940493744944,0.0,True,2,2.494753648201913,13.751317557046228
mp-2364,PaO2,206.71,104.185,267.5972914408786,0.0,True,2,10.887088713609831,13.37300765155018
mp-2472,SrO,84.99,55.772,137.28611040670395,0.0,True,2,4.987595380591106,17.249200128305095
mp-2605,CaO,105.841,74.209,180.45294466880418,0.0,True,2,3.353083748678994,13.885533501816138
mp-2616,NpO2,192.353,81.895,215.15119479508436,0.0,True,2,11.203450100361314,13.290043461823558
mp-2664,TiO,224.438,64.903,177.59045866730244,0.272444019999998,False,2,5.375278809240463,9.864851294856617
mp-32548,BiO2,140.204,46.383,125.32840648829217,0.10203634666666601,False,2,9.561020949408448,13.950929088549996
mp-550893,HfO2,252.656,116.166,302.18517076786856,0.08357950333333401,False,2,10.971726147701107,10.618957332585556
mp-643,ThO2,188.295,91.197,235.56118295426486,0.0,True,2,9.981284074654347,14.642188245289411
mp-644481,ScO,184.583,103.187,260.93728184937345,0.066787465624997,False,2,4.573512086716922,11.06574935996848
mp-6927,NpO,164.957,88.803,225.87623954296402,0.1565880178125,False,2,14.656175188317173,14.332367828860463
mp-971,K2O,27.218,12.49,32.49888872365737,0.0,True,2,2.413811104778204,21.600162750426534
mp-979074,TmO3,158.954,14.701,42.78402724777902,0.5645992034375,False,2,8.571467455327133,10.506507301524264
mp-1999,Sb2O3,12.83,10.31,24.39540368852459,0.004735054499999,False,2,5.4823094179633625,17.659614692260227
mp-25262,TiO2,107.79,73.07,178.80621960447985,0.185231633333332,False,2,3.531484643093461,12.517896804358498
mp-8352,SiO2,146.005,53.406,142.80604058434622,0.020551200555557002,False,2,1.970734329777291,16.87566001349101
mp-556605,ZrO2,194.099,94.708,244.37715057939008,0.016660947500000002,False,2,5.984314861505894,11.397365615014268
mp-685097,HfO2,208.48,109.345,279.21937764107867,0.021979467500003003,False,2,10.634789518075097,10.955392359127707
mp-2254,Al2O3,201.586,104.324,266.9258573423102,0.020825458749999002,False,2,3.782405259976946,8.952540654441345
mp-230,SbO2,94.068,58.618,145.60885804320142,0.0015151433333210002,False,2,6.561858477656823,12.97002950728624
mp-28460,Br2O,5.004,2.591,6.628885758109413,0.044283101944444,False,2,4.086549121259138,23.812679699085773
mp-554089,SiO2,19.96,36.105,67.5720393811533,0.0067576188888880005,False,2,2.257872049803831,14.729551450502306
mp-697111,H2O,15.606,8.999,22.644455022663347,0.0,True,2,1.039895189271257,9.589131848534878
mp-717,B2O3,168.858,157.964,361.2455059123782,0.005631319333332,False,2,3.098707675229485,7.461630731428222
mp-754401,Al2O3,92.512,45.373,116.99247399112443,0.095123856999999,False,2,2.583435714552006,13.107404481085926
mp-12177,Te2O5,47.587,39.669,93.12919107054759,0.0,True,2,5.655033925776998,14.060992150979704
mp-972808,SiO2,25.788,36.205,73.9893004252921,0.007662029722222001,False,2,2.246806325836915,14.802095820986503
mp-554573,SiO2,24.084,37.443,73.98691743470532,0.007466217222223,False,2,2.206245804230383,15.074223580376625
mp-27726,SO2,4.436,2.642,6.613116489028213,0.0,True,2,2.037555773121775,17.403277014246946
mp-27253,Au2O3,80.505,38.407,99.41197839040875,0.0,True,2,11.06406560179728,13.265363346808087
mp-760432,Cu2O3,95.16,44.243,114.91911368027101,0.0,True,2,5.954172764725702,9.766062516736573
mp-1001790,LiO3,36.573,18.166,46.75658648004066,0.23903239732142803,False,2,2.130136214552076,10.706907763048175
mp-22464,NaO3,23.841,12.571,32.075378730943946,0.084816664999999,False,2,2.117359781527774,13.918075859902508
mp-998913,KO3,14.064,5.756,15.195033286059898,0.093251796875,False,2,1.8491200223506041,19.553509110549324
mp-990076,P2O5,246.057,160.992,396.5008312130281,0.687677007857144,False,2,3.937857021427678,8.55085922946581
mp-1285,PtO2,209.304,87.687,230.82642462049276,0.0,True,2,11.648979383694853,10.79006862125379
mp-1901,NaO2,32.685,8.992,24.710002895924223,0.0008964216666660001,False,2,2.326334011099947,13.083628174597363
mp-1539317,Ta2O5,194.214,59.754,162.58751642911847,0.013605430714287001,False,2,7.564873671204801,13.85690576737179
mp-1228652,B8O,209.358,186.929,432.1649542860578,0.022647236666667,False,2,2.561823317370813,7.381215574960111
mp-10913,GeO2,216.482,123.464,311.2258902485412,0.036180372499999,False,2,6.330815484833641,9.14873266582075
mp-1105681,In2O3,156.673,65.355,172.13065116161786,0.037840163749999,False,2,7.431383515891209,12.407445648267002
mp-1439,TiO2,203.794,80.898,214.33342449297967,0.004523600833332001,False,2,4.307081249474625,10.263739587873589
mp-1716,Rh2O3,233.122,105.314,274.59249984093054,0.025638011999998003,False,2,8.286979112170076,10.171621922964558
mp-1938,Al2O3,231.614,146.396,362.75853955242155,0.09335591350000001,False,2,3.953068690720562,8.566038060761354
mp-20633,PbO2,103.849,39.538,105.25609427346653,0.001528377499998,False,2,9.62342805612383,13.758054813987139
mp-556034,CO2,3.848,2.383,5.925759747253536,0.010511642499999,False,2,1.7034950041252892,14.299913604415407
mp-560203,SiO2,56.961,44.504,105.92529305854116,0.029665876944445002,False,2,2.726997283113123,12.19562730486851
mp-776097,HfO2,200.242,96.744,249.97477802916254,0.039298047777778004,False,2,9.471347955396345,12.301130987471556
mp-1840,TiO2,190.856,78.901,208.0353221780315,0.0030413275,False,2,4.105159895594103,10.7685842823969
mp-2125,TeO2,22.059,17.938,42.337859810973065,0.00035735458333,False,2,5.649784342218027,15.635997549034284
mp-557266,HgO2,41.06,15.676,41.7188241055482,0.35928877000000004,False,2,8.04907815030639,15.99449368161133
mp-775757,HfO2,217.87,103.555,268.17635607826566,0.009928638750000001,False,2,10.2455682122362,11.37157934179838
mp-775906,Y2O3,139.432,64.912,168.576037350375,0.058289611500001004,False,2,5.24683428475605,14.293043775537242
mp-776404,ZrO2,196.653,89.526,233.1913262279521,0.009497303333333,False,2,5.781420117936309,11.797347890416278
mp-776490,Al2O3,228.207,145.301,359.5860186415108,0.046347576749999,False,2,4.040220639524978,8.381259312980907
mp-1101843,PbO2,92.315,35.417,94.20378661616972,0.056563160833333,False,2,9.403874973521587,14.079265310035487
mp-1102359,PbO2,68.625,28.161,74.31735982925704,0.13053216,False,2,9.940397663888033,13.319351516046618
mp-1224,HgO,22.392,10.902,28.139274264197336,0.0,True,2,10.77019190675644,16.69678512811979
mp-2173,P2O5,40.395,33.316,78.39559860453979,0.0,True,2,2.910639625653711,11.56861219067238
mp-2420244,TiO2,56.861,17.976,48.786851987971936,0.016494126666666,False,2,2.588382977784918,17.0789101565843
mp-741,HfO2,224.899,93.323,245.9496424481133,0.139282821666665,False,2,11.603390426384543,10.040883530241922
mp-754741,ZrO2,109.287,49.055,128.01171631079606,0.113545586666663,False,2,5.23135038535135,13.037823775469652
mp-755089,ZrO2,154.271,77.349,198.81881400579823,0.027970261666666003,False,2,5.7071390438752285,11.950895870522494
mp-755759,ZrO2,213.895,82.002,218.13071135725804,0.028776015833331003,False,2,5.986052159539798,11.394057822107202
mp-755894,Li2O,71.014,44.318,110.0590071028909,0.084359710833333,False,2,2.195570919540326,7.533231504555502
mp-9173,TiO2,100.826,53.487,136.35026577893896,0.057499790000001,False,2,3.873617058742386,11.412269116445131
mp-963,ZrO2,212.032,84.375,223.48130597900538,0.10306952583333301,False,2,6.508923782587941,10.47875604480158
mp-1096799,AlO2,121.5,76.989,190.6898507097572,0.29525629333333403,False,2,3.34037363811511,9.773273593216013
mp-2672,K2O2,32.413,16.455,42.220374294158,0.0,True,2,2.434651554559929,18.789523116449462
mp-755875,Ti3O4,179.336,93.478,238.92174248043503,0.057754788571429,False,2,4.809434818707178,10.239563288945346
mp-555483,SiO2,119.344,43.519,116.40758913313627,0.013546909722222,False,2,2.435377261571973,13.655971520720291
mp-1400172,SbO2,68.54,37.802,95.79471748650492,0.273865457083312,False,2,4.767743636459837,17.850686733030745
mp-775910,ZrO2,188.21,98.43,251.45475929780113,0.047335141333332005,False,2,6.232379834017383,10.94372073724862
mp-10734,Ti4O5,207.408,90.488,236.99813660496804,0.036609422222221,False,2,4.967927931675921,10.081964059466086
mp-557057,NbO2,207.449,81.941,217.22250923059886,0.0,True,2,5.7487495278992515,12.026379534315767
mp-555434,As2O5,91.699,51.804,130.7838610588527,9.635821428499727e-05,False,2,4.435299509223556,12.292892843666328
mp-557,TeO2,31.251,29.509,67.33358075481495,0.000498890833331,False,2,5.932513985040269,14.890822735564727
mp-6945,SiO2,12.474,46.397,62.143494935515825,0.005370743055555001,False,2,2.309027516318023,14.403224860338169
mp-7812,GeO2,20.101,25.441,53.677293676525466,0.09336300499999901,False,2,3.941344226963124,14.69522454576593
mp-2739,TeO2,31.468,28.985,66.52861940691633,0.0005973924999990001,False,2,5.94690272928791,14.854793856376276
mp-23487,KIO3,21.031,14.11,34.59356100151548,0.0,True,3,4.053475826557709,17.53344468700437
mp-36779,PNO,51.111,53.892,119.62970736156352,0.017478005833333,False,3,2.716064050190747,12.427228182114659
mp-753197,HfTiO4,182.734,74.28,196.24878097679934,0.038291263750000006,False,3,6.989656311448525,11.49663481253242
mp-774922,Ti3TeO8,6.146,13.893,23.76905762271504,0.07814281187499801,False,3,3.066022288974895,18.01685329451994
mp-2468835,Li7B18O,129.576,91.595,222.38498568671497,0.02933021409615,False,3,1.804168653851141,9.175029616817788
mp-675334,LiTi2O4,168.606,114.219,279.5350574659254,0.143370717857143,False,3,4.080888444935629,9.688589257191268
mp-997006,AgPtO2,123.077,34.632,94.98672563715913,0.022420155833335002,False,3,9.797313901605593,14.192645721129397
mp-559264,Bi2PdO4,36.71,24.815,60.75532883767462,0.08394655678571401,False,3,8.218741942266078,16.982531702833747
mp-752463,NbNO,177.394,57.723,156.22417975436724,0.061740881666665005,False,3,4.942325901365797,13.765514381011608
mp-756638,NbRhO4,215.16,81.083,216.1028906233871,0.014574650863096,False,3,6.317207068500571,11.382239723316856
mp-760396,TaAlO4,215.809,117.113,297.5205414406048,0.066272694583332,False,3,7.082091225781199,10.626461950616768
mp-1025461,PrBrO2,60.485,24.082,63.78120693597747,0.10830513851562701,False,3,5.5801301934514544,18.807877868261162
mp-23022,KClO3,15.769,7.956,20.431816513761465,0.050930346875001004,False,3,2.199650261164601,18.50278073156547
mp-2506699,BaCO3,49.604,21.994,57.48576387246349,0.015460144000002,False,3,4.135037253633823,15.849142394289482
mp-2525045,Zr2N2O,160.644,79.641,205.03948593682392,0.089019224249996,False,3,5.7316640309985445,13.12173928617292
mp-3488,Na2Ti3O7,97.103,43.32,113.13579408837847,0.0,True,3,3.456687956033042,12.072714741940706
mp-4264,K2S2O5,20.378,10.521,26.928650366338704,0.075334463801161,False,3,2.182967998770846,18.79077900846831
mp-4691,Ag2CO3,47.972,14.143,38.632485109990576,0.0,True,3,6.103459150948377,12.503451779203736
mp-5431,BaTeO3,43.028,20.15,52.28786871624428,0.0,True,3,5.49100834768368,18.926378785886058
mp-545482,PdSeO3,17.966,11.723,28.886160863138326,0.0,True,3,5.0106199066219,15.468489951937247
mp-558636,CaAl2O4,152.027,89.116,223.64822841651733,0.01832663571422,False,3,3.628595404809274,10.331797775626015
mp-997042,TlCuO2,21.672,9.227,24.240775507455247,0.024846025416665002,False,3,6.202852958944729,20.073115166421815
mp-997054,CuBiO2,45.335,19.29,50.68166618371487,0.009776949687497,False,3,7.8759889859820245,16.051190277951097
mp-997082,BiAuO2,59.145,20.275,54.58744562743412,0.038493021770827,False,3,9.986487550224822,18.2052512161873
mp-4779,Li2B4O7,41.92,40.743,92.31977225635575,0.002735776057699,False,3,2.407235838835364,8.974013053065772
mp-606393,NbBr3O,6.824,4.154,10.359866157719482,3.51775000009269e-05,False,3,4.169097179610413,27.770685981249283
mp-34993,LiAlO2,153.169,123.673,292.33826199972566,0.102801654791666,False,3,3.412033572192316,8.020507107549692
mp-753156,La2Th2O7,128.506,58.428,152.21476736359827,0.058107609318179,False,3,7.764584819376735,16.601084871117937
mp-754839,SnBiO4,118.856,31.907,87.85905277817105,0.08908806166666301,False,3,6.73586510485157,16.093286108366254
mp-755302,TiNbO4,162.315,27.544,78.20816235138166,0.057167662948723004,False,3,4.41673825127051,12.831120789878325
mp-773864,TiSnO4,163.816,47.131,129.01971124756074,0.06946404874999901,False,3,4.87947087058393,13.077856910464865
mp-1101156,Zr5N5O2,222.105,117.091,298.7703298098304,0.052447238541667,False,3,6.291404942354351,12.276453719463996
mp-1386610,Ca2Sn3O8,107.769,46.162,121.18335557786986,0.004545263461547,False,3,5.173350188039524,13.93251275344882
mp-15397,Ti7Al2O15,196.424,85.772,224.62108240648016,0.012502229062491,False,3,4.161113751830011,10.459112789856848
mp-20067,Na5OsO6,55.843,37.641,92.20586473168592,0.0,True,3,4.741232334173,11.708755625947733
mp-2408760,NaCu2O3,93.317,19.434,54.51743808808057,0.047356875000001006,False,3,4.966343087153475,11.038287177245488
mp-27927,NbAlO4,173.006,74.472,195.38143100641963,0.0,True,3,4.269971267181024,11.918467686352377
mp-2874,In2Si2O7,151.63,62.028,163.7546975729226,0.007708829393941001,False,3,4.996274459902352,12.019266382731843
mp-29364,Li5SbO5,94.256,64.692,157.94187062683469,0.0,True,3,3.715820537960308,9.606452507474858
mp-29455,Ga4GeO8,152.853,72.5,187.80697154176843,0.010709424230768,False,3,5.607684262319922,10.922836646297116
mp-31031,La4PdO7,113.246,50.422,131.71726550133278,0.026340202187494003,False,3,6.803701927726149,15.742897767446157
mp-31256,U(SbO3)2,28.801,25.536,59.13185774394984,0.001809516111126,False,3,7.107622208395796,14.992301720722622
mp-3943,BaTi2O5,123.542,64.43,164.66454787429666,0.022967943125062004,False,3,4.938200329835688,13.158767475745558
mp-4300,Yb2Si2O7,88.802,30.327,81.68246971519852,0.0,True,3,6.236822823552138,12.44699753286021
mp-4541,NaCuO2,58.273,31.25,79.53297803163018,0.0,True,3,4.344419879857045,11.32667240249123
mp-5274,ThTi2O6,150.848,62.689,165.18466877703875,0.004213995000023001,False,3,6.050979430501163,12.921399127844035
mp-5427,Mg2P2O7,117.085,61.45,156.90107764626063,0.0026836325,False,3,3.170600125836908,10.596172626815736
mp-553991,Ti(GaO2)4,150.756,70.401,182.75497189234488,0.00408461173077,False,3,5.170914622398334,11.233500185373808
mp-5594,Sc2Si2O7,160.151,72.463,188.89885121248074,0.0,True,3,3.373334353584162,11.549124356629491
mp-5618,Mg2As2O7,103.919,48.223,125.28910893105171,0.0,True,3,3.963532091727043,11.823996667538871
mp-5652,Y2Si2O7,140.631,59.865,157.27787257295157,0.012987350075766001,False,3,4.008890788263514,13.028106453595006
mp-5813,TaNO,219.542,74.925,201.8164505944372,0.03863096083333,False,3,8.64325800263037,13.509463095904744
mp-7064,Er2Si2O7,147.56,64.453,168.78444534274047,0.0,True,3,5.974776007580203,12.700784210867756
mp-753693,Ho2Ge2O7,129.156,49.518,131.72028685587182,0.036105168181826006,False,3,6.369657476285525,13.914876894148273
mp-753802,Sc2Ti2O7,137.672,48.995,131.3976436924662,0.0,True,3,3.4098769025950793,13.176843158769527
mp-754262,Zn2As2O7,103.132,18.432,52.1870042095245,0.027117596477272,False,3,4.746963212032819,12.486878627834784
mp-754326,NaAgO2,58.425,26.511,69.08381441229817,0.0,True,3,5.271264458465234,12.825671609750742
mp-754483,Na3(CuO2)2,33.577,21.098,52.332924952187085,0.043347851666666,False,3,3.689375775573421,13.005451399266118
mp-754495,NbNO,142.058,49.906,134.02352321458577,0.05716676750000001,False,3,4.860292699545467,13.997852079414791
mp-754752,NbNO,186.14,61.596,166.43008399783227,0.03762236333333,False,3,4.8337798734841755,14.074628975989876
mp-755013,Li5TaO5,101.668,68.963,168.73674028991863,0.0,True,3,4.632917139886629,9.633399843930642
mp-755378,NaPdO2,86.526,45.178,115.44200820328393,0.071178696375,False,3,5.521322301654773,12.135916920350938
mp-756063,RbNbO3,62.925,17.347,47.66128688349618,0.0243193675,False,3,4.282909210134933,17.553497501170597
mp-756597,Li2HfO3,95.328,52.736,133.57627737364194,0.029452834166663003,False,3,6.4030286160300225,10.389461286783245
mp-7601,NbGaO4,162.98,59.533,159.21329775576922,0.0,True,3,4.950024551687939,12.67074368036054
mp-760400,Na5BiO5,58.661,38.102,93.96227105121798,0.0,True,3,4.454948398909756,13.687237653556506
mp-760483,Li2PdO3,103.12,56.718,143.7913270942258,0.0,True,3,5.203738011980649,8.950907225189765
mp-760492,Na4PtO4,54.146,30.888,77.85892653859285,0.059536964999999005,False,3,4.709155704969385,13.753745418581268
mp-760539,Li2Ti3O6,106.055,61.957,155.5754381882659,0.06443507545454501,False,3,3.7411734262042913,10.228012306370657
mp-770649,Li5NbO5,99.64,64.543,159.2447668125779,0.008409855568181001,False,3,3.088230200529213,10.148260953193473
mp-8090,Cu2P2O7,80.27,40.766,104.59194455493363,0.002472540454544,False,3,4.160886798919482,10.92164286749467
mp-8253,Na5ReO6,56.295,37.483,92.02468098251667,0.0,True,3,4.670962858169556,11.765718699405854
mp-9158,LiCuO2,81.11,41.021,105.30970452011775,0.0,True,3,4.607173182615962,9.23460373238698
mp-9771,UTi2O6,138.601,58.663,154.22971122693724,0.014160577222227001,False,3,6.335486445758438,12.515606945800972
mp-996973,CuHgO2,46.181,14.739,39.96526553019924,0.043040451874999004,False,3,8.313315928944172,14.787823793261975
mp-996992,LiAgO2,70.805,27.457,72.9423857932564,0.022499258749999,False,3,5.306694525422265,11.484570014420353
mp-997009,BaAuO2,71.713,25.176,67.6154979589289,0.029478256302082003,False,3,8.029159431668086,18.938557444848186
mp-997086,SrAgO2,79.857,33.996,89.3140150237419,0.013738662499999001,False,3,6.109194453318664,15.458300334442232
mp-997094,SrAuO2,80.847,32.871,86.84333156507343,0.031812447083332,False,3,8.01690927824189,16.393548775874486
mp-22993,AgClO4,26.665,9.049,24.388215545123757,0.0,True,3,4.229779246078329,13.564969809390414
mp-27888,Zr3GeO8,198.421,48.748,135.17415412469663,0.013833564166665,False,3,5.967645509801303,10.998274415430265
mp-38103,NaClO4,20.812,11.502,29.138151099569914,0.003909229166666001,False,3,2.658044502300413,12.748533531980042
mp-5461,Rb3TaO8,29.187,14.073,36.3730430662967,0.001073045625,False,3,4.67159963969896,16.74622521564674
mp-9808,Rb3NbO8,27.894,13.316,34.463891379203694,0.0,True,3,3.9277193019025,16.816026151801413
mp-550433,BeZnO2,163.901,82.37,211.65379373354955,0.048562542499999,False,3,4.750973583385163,9.29885919571648
mp-1018030,Sr2SO,58.297,39.69,97.0462033917262,0.22345567999999802,False,3,3.966832194158781,23.369130693862587
mp-1018032,SrCdO2,97.832,53.705,136.193755317525,0.028113617499999,False,3,6.147157205208419,15.669623154786441
mp-1018097,BaCaO2,80.465,47.51,119.09115228189198,0.19948631000000003,False,3,4.632472302367921,18.765529931865533
mp-19796,Ba2Nb5O9,177.267,103.306,259.5069843632648,0.0,True,3,6.701996092845088,13.67648256199173
mp-37514,SrCuO2,108.889,63.36,159.20144851510278,0.0,True,3,5.7685415583261666,13.181507966557417
mp-4826,CaCuO2,120.874,63.044,161.1202776449141,0.015604196666667002,False,3,4.832002015729212,11.651845186973281
mp-505517,BaNb4O6,183.851,108.317,271.61061861124165,0.0,True,3,6.802210302967415,13.425332892687624
mp-752398,BaCuO2,98.185,54.904,138.83386365782536,0.077322986249999,False,3,6.156723618315564,15.702049717608496
mp-753581,LaUO4,178.775,32.967,93.1737646497755,0.049968216666734004,False,3,8.780931131369933,13.897250142557112
mp-753619,BaSrO2,75.036,44.502,111.46941377545345,0.053534384999999005,False,3,5.325796311770558,20.028391714672267
mp-753657,TiOF,188.024,94.772,243.41831260814396,0.0036075111111110005,False,3,4.2674951475891785,10.747931999208381
mp-862664,Rb2Zr2O5,86.047,39.669,103.15498467815051,0.09114419138889,False,3,4.627600053788692,17.27906494947665
mp-862682,Ba2Ga2O5,111.605,54.122,139.772179787472,0.176272850740735,False,3,6.185061163709624,14.739230353647919
mp-863021,Ba2Sc2O5,105.611,50.033,129.62857410335107,0.027155870555553,False,3,5.070078892637721,16.17800681373505
mp-863749,Rb2Hf2O5,90.266,44.219,114.03591008104326,0.0,True,3,6.890326276554248,16.278258675230312
mp-866311,Bi3BrO4,59.352,28.1,72.80952676613828,0.0,True,3,8.837934474295418,18.10398384557745
mp-867920,K2Rh2O5,84.38,47.77,120.55928151274469,0.0,True,3,4.810804372838751,13.960332522785748
mp-973920,Lu2Ta2O5,177.355,80.165,209.00474033451485,0.6903312367722161,False,3,11.199077440243924,13.045313340170035
mp-975106,Rb2Bi2O5,57.614,35.292,87.92325901582635,0.0033229466666660004,False,3,6.703754651637985,18.40964387885572
mp-984876,Ba2Pd2O5,103.917,37.382,100.13842187934112,0.068392954666665,False,3,6.639986929951165,15.768788994870825
mp-996990,BaAgO2,82.961,44.442,113.12562808488877,0.0,True,3,6.7836397495334655,16.96329267996492
mp-997030,CaAgO2,112.571,49.532,129.58928055365467,0.031081083750000002,False,3,5.5216632050101495,13.528790658049006
mp-1020622,SrZrO3,142.374,89.039,221.03868225999253,0.017242586999996,False,3,5.382536375487199,13.996387922066543
mp-3382,CaSiO3,215.108,144.683,354.5566518727049,0.24373002783333403,False,3,4.103785434537042,9.400639676203232
mp-4419,NaNbO3,130.639,99.908,238.8388774625121,0.030859024999998003,False,3,4.3609392924035895,12.481392265583448
mp-550908,SrHfO3,154.13,99.642,245.9297569177556,0.011285950000001,False,3,7.670305811826364,13.600212319147214
mp-8846,Ba3Nb5O15,160.248,90.19,227.82826750552604,0.004824777635855,False,3,5.5727658171673,14.464742696018007
mp-10219,YOF,123.796,47.409,126.12650299787246,0.017664245000002,False,3,5.1442382592606,13.33186413379894
mp-22939,BiClO,26.218,18.304,44.54556042822665,0.0,True,3,7.614664760301017,18.930964230959734
mp-22987,BiIO,16.924,11.049,27.22278002620469,0.0,True,3,7.58848827566523,25.666841494232447
mp-23025,LaClO,67.468,33.92,87.15420795179499,0.0,True,3,5.390112996230304,19.547931554856916
mp-23050,GdClO,70.235,31.328,81.81900286324593,0.0,True,3,6.636607544198575,17.406407625440387
mp-23058,NdClO,74.064,34.045,88.56480492668896,0.0,True,3,5.83922259172562,18.55031163311157
mp-23068,NdBrO,20.663,15.753,37.68282461217875,0.0,True,3,6.22149132041206,21.365232108468827
mp-23072,BiBrO,18.132,11.592,28.666959083469727,0.0,True,3,7.81849613632773,21.584349549488156
mp-23856,LiHO,14.251,10.119,24.547072571493413,0.0,True,3,1.528160775455243,8.674295442587992
mp-27823,SmClO,74.842,34.161,88.94957248721427,0.0,True,3,6.258666742805479,17.848176941174312
mp-27984,PrClO,72.722,33.187,86.41561917303551,0.0,True,3,5.6059139794091095,18.99311923392481
mp-29327,SmBrO,22.04,15.101,36.88004777089668,0.0,True,3,6.38194260020587,21.35870021564443
mp-29731,HoClO,67.211,30.398,79.24682392438942,0.0,True,3,7.240698233845551,16.541312651203516
mp-30273,AcClO,62.71,30.419,78.55528696081886,0.0,True,3,7.156870615491261,21.535533858783285
mp-3217,USeO,114.334,27.307,75.88005379831438,0.0,True,3,10.294405980408342,17.904225477035187
mp-3718,ThTeO,79.236,51.071,126.1170507689271,0.0,True,3,9.369622464185339,22.19088618894632
mp-4888,NbPO5,87.368,51.893,129.95056836848758,0.022745180357141,False,3,3.788115816890832,12.767220110861023
mp-542757,EuClO,56.557,25.934,67.48673675008308,0.052201759999999,False,3,6.269361646386143,17.95934461588232
mp-556939,NpIO,14.177,11.809,27.728114409274934,0.015021130069447,False,3,8.137685268709907,25.840485627740737
mp-753594,BiOF,113.68,39.898,107.1577048233571,0.015264392500000001,False,3,8.953514049202791,15.082917373227545
mp-753712,YIO,18.076,12.222,29.922104559819413,0.0,True,3,5.229788367358784,24.534395979265295
mp-753848,Li(CuO)3,89.756,41.778,108.49982160837943,0.040393398214285,False,3,5.666416653957614,10.280887233618218
mp-754349,GdOF,120.948,51.007,134.1612119434289,0.009983800000000001,False,3,7.582857594576073,14.033187519789086
mp-755323,DyClO,69.64,32.308,83.94283449682457,0.039688131666669006,False,3,6.9118777117746975,17.133613247989068
mp-756134,ZrSeO,144.42,74.86,191.49321183972287,0.050689555833333004,False,3,6.72270897069936,15.329376426472129
mp-7915,ZrSiO,172.699,110.149,272.51044870799024,0.25924465958333204,False,3,5.545434285899893,13.505748027704533
mp-8136,ThSO,135.883,63.691,165.25378151016253,0.0,True,3,8.692176439657416,17.836770829098032
mp-8231,ZrSO,170.185,84.61,217.74495417237236,0.025671939166665003,False,3,5.61635364914035,13.727401827860248
mp-1041411,CaBi4O9,85.547,38.622,100.7100994909623,0.0010569999107130001,False,3,8.239315705660957,14.683433476691183
mp-12931,SmTaO4,148.256,67.474,175.7583878245048,0.0,True,3,8.503153743686715,12.866210439243071
mp-3203,NdTaO4,146.512,65.377,170.73562220818238,0.0,True,3,8.132632280984096,13.244195164270659
mp-3444,ErTaO4,138.466,67.66,174.5494040881219,0.0,True,3,9.506922858695782,11.999705418903538
mp-4875,GdTaO4,142.698,65.535,170.5033960119847,0.0,True,3,8.798098530809094,12.651622101662626
mp-5377,YTaO4,137.531,66.772,172.41346236792424,0.0,True,3,7.519352299974885,12.287697880202174
mp-5489,LuTaO4,138.592,58.177,153.10758884530745,0.0,True,3,9.879084564383504,11.763591269491348
mp-553961,ScNbO4,166.644,60.602,162.15008758077119,0.0,True,3,4.713655860090216,11.851955488297689
mp-558781,ScTaO4,178.016,73.282,193.3188161427889,0.0,True,3,6.850006173714704,11.712704452855142
mp-573051,ReO3F,6.734,6.173,14.184676322274882,0.0,True,3,5.812179655296767,14.468048128358017
mp-778364,Na6Ti2O7,46.367,25.335,64.29474996351165,0.004290940444444001,False,3,2.7410646107278103,13.960412950012149
mp-9595,NbInO4,161.141,59.303,158.4691032067747,0.0,True,3,6.119882493342202,12.28795279252415
mp-29259,Bi2PdO4,51.718,16.451,44.62174972757205,0.0,True,3,8.886163528142784,15.707008446322657
mp-505042,Cu(BiO2)2,56.918,26.984,69.90501475690054,0.0,True,3,8.675057944387532,14.91684342150187
mp-618309,Bi2AuO5,124.209,53.326,139.94999966193453,0.0,True,3,10.695889663223916,13.485893873612506
mp-33997,TaO2F,183.266,91.41,235.13603314369126,0.08628079517857401,False,3,6.252120245932447,15.400930276811442
mp-37473,TiOF2,134.531,70.894,180.90478016468313,0.08118549281249801,False,3,2.960624496597418,14.28312116841709
mp-18288,Ti(SnO2)2,63.04,19.604,53.28819608669822,0.002559667857144,False,3,5.372659710951702,15.422016411814829
mp-22271,Cu(AsO2)2,19.387,11.732,29.288119783097017,0.025737220357144003,False,3,4.133576866580498,15.918818454895694
mp-22467,Sn(PbO2)2,47.458,17.649,47.10745441592771,0.0,True,3,8.051104990329549,17.593334756173483
mp-27219,Mg(SbO2)2,49.538,20.282,53.53926347574839,0.0,True,3,5.155458264365747,15.268266929809075
mp-5388,Zn(SbO2)2,43.305,12.537,34.300908832448826,0.013109714285716001,False,3,5.714603989314901,15.480617465412049
mp-19970,Li3CuO3,81.806,35.049,92.00713968488272,0.0,True,3,3.31291605561265,9.478093922899776
mp-4287,Sr2SnO4,106.729,50.94,131.84429410956355,0.0,True,3,5.682661727350975,14.942343221585164
mp-1025154,UTl2O4,42.627,11.277,31.089424330617,0.0,True,3,9.050637164839719,18.630096832304282
mp-1025158,K2PuO4,53.382,28.851,73.34040613343069,0.0,True,3,5.318943284861648,17.22389800404591
mp-1025200,Eu2TiO4,133.071,71.88,182.7373603938076,0.0,True,3,7.38929617544094,13.348262512043775
mp-1025208,Cs2PuO4,36.666,19.028,48.66558547889572,0.0,True,3,6.709831083656301,20.286468476043545
mp-1025237,Ba2RuO4,96.473,52.327,132.94459639322773,0.0006041192857160001,False,3,6.7295891597960775,15.500307201729141
mp-1025274,Cs2NpO4,34.259,21.565,53.47475523153883,0.0,True,3,6.622232156204992,20.30406583761701
mp-1025349,Sr2ZrO4,117.107,66.772,168.32431405452854,0.034574683928567,False,3,4.900873873056585,15.995526250589748
mp-1025351,Sr4Bi2O,37.73,25.111,61.65495744788541,0.002101964285714,False,3,5.842098944259131,31.85238754426829
mp-10498,Pr2CuO4,151.748,37.87,104.88501814996127,0.080700031428572,False,3,7.242829410074191,13.40747630171231
mp-1077929,La2CuO4,124.285,58.378,151.425302724977,0.0,True,3,6.721571458851243,14.305903093694324
mp-1101329,Tb2SeO2,84.414,27.253,73.81526472129627,0.04122113,False,3,7.850418425992266,18.140559859118884
mp-13660,Ca4Sb2O,49.159,32.933,80.76370557618758,0.0,True,3,3.872293519235127,25.719214783633834
mp-16032,Pr2TeO2,70.35,34.028,87.91008658467918,0.0,True,3,6.7119902057313485,21.841073515637284
mp-16033,Sm2TeO2,75.322,36.804,94.94751300376757,0.0,True,3,7.482034218998491,20.432340406824498
mp-16035,Gd2TeO2,73.923,35.465,91.72625996174689,0.0,True,3,7.9379650736019105,19.835299639859848
mp-16036,Tb2TeO2,79.972,38.705,99.98473316799523,0.0,True,3,8.212666351732242,19.30733608607908
mp-19735,La2CuO4,142.568,50.382,135.2178243746941,0.07048389714285501,False,3,6.998499442412323,13.739823903525606
mp-20098,Ba2PbO4,85.368,43.424,111.38584802756337,0.0,True,3,7.203059759468319,17.976644383156682
mp-20352,Ba3In2O6,87.964,35.899,94.8006335213532,0.0,True,3,6.31645044621835,17.62836835449913
mp-20356,Ce2SbO2,78.176,22.121,60.64306373295825,0.0,True,3,6.92012654334677,20.827904617953884
mp-21020,Sr2UO4,96.41,40.606,106.82102663141683,0.147991949428568,False,3,6.284478255870758,18.015353582671104
mp-22306,Eu2CuO4,134.635,52.259,138.81633400487542,0.21239609285714603,False,3,7.8892166747334755,12.973865421411045
mp-22937,Na4I2O,20.124,11.964,29.955648971466488,0.0,True,3,3.514775083663585,24.416475139186865
mp-28592,Li7Br3O2,37.683,25.035,61.488261818892845,0.025523700833334002,False,3,3.083251195348862,14.375166994944708
mp-28599,Na4Br2O,25.283,14.596,36.721499386367405,0.00026124571428600004,False,3,2.9947064564702783,21.210602414944805
mp-28627,K4Br2O,15.725999999999999,8.724,22.08762863582698,0.0,True,3,2.528464208032325,31.166975504371212
mp-2991,Cs2UO4,35.463,22.715,56.155335272338576,0.0,True,3,6.538392007104804,20.601749702098232
mp-30004,Rb4Br2O,12.914,6.882,17.531723040504996,0.0015706371428580001,False,3,3.357421052489837,36.576779183589785
mp-3349,Sr3Ti2O7,139.441,83.293,208.38675982624162,0.0,True,3,5.022340116866562,12.965946966620686
mp-3359,Ba2SnO4,96.443,51.646,131.47021512427597,0.0,True,3,6.514413199418974,16.65464784698862
mp-3376,Sr2SnO4,108.931,63.505,159.51649353827077,0.005311964285713001,False,3,5.695165445731112,14.909537352578832
mp-35417,Li3TaO4,103.312,91.621,212.14905671673014,0.0642091053125,False,3,5.9368205546526625,9.29198843994537
mp-36086,Li3NbO4,104.609,90.318,210.40141770404188,0.0672211009375,False,3,3.951811515780362,9.33504142025607
mp-3808,K2UO4,60.113,29.379,75.79005351471979,0.0,True,3,5.090494292722964,17.718608501949035
mp-4158,Nd2CuO4,136.726,58.915,154.5469887847399,0.00048416642857500005,False,3,7.244832264518928,13.622125149952572
mp-4181,Pr2CuO4,132.588,58.074,152.02602593026467,0.0,True,3,6.9636096800251455,13.945075633900837
mp-4210,Sm2CuO4,142.528,60.204,158.32042077295876,0.008012203035725,False,3,7.759069146805907,13.093404912872765
mp-4961,Na2HgO2,42.323,23.423,59.32486210037767,0.0,True,3,6.068127925222486,15.246007157298848
mp-5072,Rb2HgO2,23.964,11.792,30.39113082548635,0.0,True,3,5.459037155966833,24.54894558810349
mp-5127,LiCuO,69.627,32.616,84.63288607311893,0.0,True,3,4.2894703998712185,11.160200253307563
mp-5380,Ca4P2O,61.778,43.882,106.44317920214992,0.0,True,3,2.598231990220828,21.7531576833332
mp-5459,Nd2TeO2,71.289,34.516,89.15867879846849,0.0,True,3,6.985686563767754,21.30238703610554
mp-551675,Li3UO4,94.691,64.714,158.12085991163661,0.0,True,3,6.464798377322667,10.365834181855984
mp-551873,Ca4Bi2O,44.568,29.289,72.07775406305792,0.0,True,3,5.282084208645243,26.68892930773702
mp-552098,Bi2SeO2,77.867,26.569,71.56718648191567,0.0,True,3,9.470403686972716,18.548135600567996
mp-552265,Bi2SeO2,88.992,21.489,59.66457557069317,0.938200220000002,False,3,9.527761277984565,18.436474912944767
mp-5532,Sr2TiO4,127.094,75.758,189.601534368983,0.0,True,3,4.987146509547847,13.656489697718376
mp-7232,Cs2HgO2,20.095,8.569,22.50771915938072,0.0,True,3,5.781781763415479,28.6282745633371
mp-7469,NaCuO,47.66,22.586,58.51466388026527,0.0,True,3,3.837715995425951,14.78862727143053
mp-7470,RbCuO,28.024,12.071,31.66636506037881,0.0,True,3,4.192598702920158,21.78528438013316
mp-753192,Yb4Sb2O,53.82,36.155,88.62059509652607,0.15368375916666402,False,3,9.890290513545219,22.82615056242933
mp-754128,Ba3Hf2O7,124.136,71.974,180.95035392072586,0.0,True,3,7.703156572421853,15.825365102319806
mp-754322,Sr2CuO4,104.977,56.612,143.9580918386297,0.0,True,3,5.521676770588147,13.00805682805642
mp-754327,Ho2CuO4,150.981,58.736,155.98095709223946,0.04959728267856801,False,3,8.71777891587583,12.446446952630799
mp-754363,Ba2HfO4,109.181,59.646,151.3728162060389,0.0,True,3,7.319037352570924,16.761256362733217
mp-754364,Y2CuO4,144.406,57.572,152.45559218402985,0.05114320696429701,False,3,5.710752019177434,12.684203990262816
mp-754475,Tm2SeO2,89.409,29.031,78.58726799951556,0.045072101999999004,False,3,8.728808541985662,17.076674998164872
mp-754808,La2MgO4,132.923,78.047,195.81593828436962,0.087315924642858,False,3,6.267411872199572,13.857299777187675
mp-754976,Cs2BeO2,23.555,8.606,23.01508710625576,0.051695514499999005,False,3,4.002242169500008,25.460214863631464
mp-755293,Sr4Sb2O,41.23,27.873,68.24115456938699,0.0,True,3,4.702521619228042,30.771570669076798
mp-755609,Y2SeO2,84.366,25.303,69.00986735679828,0.054074196000000005,False,3,5.3034429548139155,18.08314714109866
mp-755895,Ba3Zr2O7,119.003,67.526,170.35619961133946,0.0,True,3,6.028274898220201,16.21588815236655
mp-755959,NaLiO,38.429,16.356,42.97154057564777,0.10410393166666601,False,3,1.630501342546925,15.59210418595453
mp-760417,Rb4I2O,11.88,5.095,13.373202405793544,0.0,True,3,3.592266257283858,40.39303562799258
mp-768305,Sr2HfO4,122.77,72.528,181.78642276754726,0.018610716428570002,False,3,6.543251658585134,15.144348825555568
mp-768368,K4I2O,13.588,7.139,18.225217376782247,0.0,True,3,2.902344643035187,34.83510227859703
mp-769253,Dy2SeO2,85.195,26.274,71.4744637212223,0.042297293999999,False,3,8.083237973811574,17.911797751679835
mp-7725,Na2UO4,70.652,33.502,86.78816635025137,0.060774764285715,False,3,5.138767076507335,16.064932931615143
mp-779517,Sr3Hf2O7,135.285,80.788,202.12895535330827,0.021197374999999002,False,3,6.768937436561916,14.961013054432351
mp-7911,KCuO,33.195,14.741,38.520961592288714,0.0,True,3,3.359754678548887,19.546317881862148
mp-8298,Sr4P2O,50.236,33.556,82.33552372682671,0.0,True,3,3.8379830050716723,26.48041370931291
mp-8299,Sr4As2O,46.741,32.082,78.32566006790285,0.0,True,3,4.4446981268313,27.556872216963985
mp-8300,Ba4As2O,38.918,21.736,54.97360698967436,0.0,True,3,5.04258213607348,33.643067260749845
mp-8335,Ba2ZrO4,105.829,56.479,143.8474214741447,0.0,True,3,5.959897098396696,17.110200197683298
mp-8666,CsAgO,21.37,8.448,22.39317290994791,0.0,True,3,5.213697371306408,27.26035246289588
mp-8682,Ca2SiO4,152.578,98.816,243.8133659725092,0.188813411785714,False,3,3.743683366803676,10.913993607859776
mp-8789,Ca4As2O,56.917,40.92,99.02817466729029,0.0,True,3,3.401921734450228,22.743130724645344
mp-9799,Yb4As2O,62.732,42.842,104.6930768791281,0.318393625357138,False,3,10.02839915857352,20.29588762324789
mp-9986,CsAuO,22.044,8.773,23.23647430745611,0.0,True,3,7.071678835584058,27.071978228371506
mp-1196187,Cu2CO5,61.818,28.883,74.97260690408095,0.12638415285156102,False,3,4.29270889071142,10.594231422190743
mp-14600,CaAl2O4,78.458,44.59,112.4643882070552,0.0022870757142180002,False,3,2.901042280535811,12.922911942231673
mp-16913,Ag2SeO3,31.512,8.633000000000001,23.731817348234454,0.0,True,3,6.00462026596979,15.794997463256273
mp-2379939,Ca2SiO4,87.228,43.197,111.22992657463077,0.008240172142857001,False,3,2.943806974468659,13.879488937117229
mp-27275,Li3BO3,72.847,42.251,106.21770366038834,0.0,True,3,2.219457518906585,8.511241915962081
mp-28150,BaNb2O6,90.563,35.739,94.75285111635895,0.0,True,3,5.294185871731757,14.60705059322087
mp-2963,CaAl2O4,81.122,43.029,109.6925115382601,0.0007486029761240001,False,3,2.9398926917337933,12.752136850935766
mp-30981,Te(HO)6,26.626,18.976,46.00010909017338,0.0,True,3,3.165069859591974,9.267820708022896
mp-3397,Ba2TiO4,64.743,30.35,78.74534328677214,0.0,True,3,5.088301343372636,18.019744619081752
mp-3470,MgSiO3,97.725,67.421,164.4456816631355,0.007678037916668001,False,3,3.217069600188835,10.363428766688944
mp-3584,NdPO4,114.656,55.684,143.77644134396922,0.0,True,3,5.421181865392233,12.212070563109826
mp-3635,LiBO2,62.738,31.277,80.4602823532628,0.0181639975,False,3,2.248286826303503,9.186233049547194
mp-3768,KN3O4,14.515,6.382,16.698631401846693,0.23968496687499402,False,3,2.031029549133849,14.830581077186306
mp-3962,LaPO4,104.626,48.615,126.28529905405068,0.0,True,3,5.066875218931536,12.774527347663787
mp-3963,K2CO3,27.466,12.321,32.15487150413328,0.0,True,3,2.466477900622331,15.507648369839501
mp-4138,Rb2CO3,24.861,10.78,28.25596827665382,0.0,True,3,3.5637985069099463,17.934626201174577
mp-4165,TaNO,267.592,129.73,335.0459851625619,0.0,True,3,10.896074306494693,10.716315962100145
mp-4180,Ca2SiO4,96.958,48.988,125.78048306665646,0.035158319642857004,False,3,3.2197749440698162,12.689873374659173
mp-4199,Na2S2O3,27.015,13.524000000000001,34.769932430288996,0.13324500142856602,False,3,2.284824013684362,16.415398487599635
mp-4249,Hg(CO2)2,44.013,20.522,53.28434576333401,0.250924189642856,False,3,5.463502822109839,12.531116158481765
mp-4556,Li2SO4,45.0,21.273,55.13150064310534,0.0,True,3,2.266122949652701,11.509103403092054
mp-4661,ScOF,142.79,62.971,164.70162638574837,0.0,True,3,3.841408908126993,11.520622666033299
mp-4662,ScOF,104.243,46.104,120.54123630769745,0.047728635000000005,False,3,3.583605245590133,12.349413371054005
mp-505368,As2Pb3O8,40.636,21.852,55.591269115191984,0.0,True,3,7.469210966750883,15.381632965277069
mp-510535,CsB5O8,27.061,16.982,42.13262484592268,0.005068083750000001,False,3,2.791968598048926,13.380117849255665
mp-5152,La2SiO5,99.469,44.933,117.15781788606049,0.0,True,3,5.4831988576635915,14.608058847096656
mp-5282,AgCO2,33.367,11.493,30.928028200440888,0.22148470895833403,False,3,4.488740387621706,14.046192941500161
mp-555064,Cd(CO2)2,45.668,22.782,58.60135045623522,0.07175880892856501,False,3,3.768238456283132,12.617560811421937
mp-556548,Bi(BO2)3,87.617,50.69,127.48492723439678,0.010280192,False,3,5.4323594925072864,10.313790078261123
mp-559051,BaBiO3,106.167,49.331,128.14523612138152,0.0,True,3,7.825829472632553,16.733302336037138
mp-559939,Ba(PO3)2,51.839,24.574,63.66239442281958,0.0,True,3,3.869910604182887,14.077526005757717
mp-5733,CaSiO3,92.34,47.273,121.14569040959874,1.4276166666604692e-05,False,3,2.90304391106308,13.288882070132619
mp-616458,Cs2CO3,22.432,8.493,22.623794798717494,0.0,True,3,4.256387202687168,21.185279405512286
mp-752496,TiOF,154.987,66.392,174.28916772089363,0.07218294694444401,False,3,4.249252516255022,10.794074364322265
mp-752730,Ba2GeO4,64.347,31.103,80.36111905293026,0.004625264166655,False,3,5.652217704898711,17.26163845823616
mp-753708,TiOF,135.307,57.512,151.12429554218193,0.043403242777776005,False,3,3.9137211916773023,11.719472442436073
mp-754134,HfZrO4,203.819,98.598,254.72014401419605,0.038950065416665,False,3,7.099429191933504,13.00905405670307
mp-7596,NbNO,236.601,110.04,285.81102279338853,0.0,True,3,6.179509141675791,11.0095570232375
mp-766217,Sr4Cu2O7,94.546,53.21,134.41413913694012,0.0,True,3,5.42589449852623,13.879318949520382
mp-768870,Ca(ClO3)2,22.378,13.661,34.05350234544216,0.0,True,3,2.671032982876395,14.29738327639505
mp-996983,AgAuO2,63.604,17.878,49.039296602616325,0.0,True,3,9.66719256736608,14.464522568706837
mp-1019544,BaZrO3,147.064,90.422,225.12648100313382,0.0,True,3,6.148305055783227,14.938125101812371
mp-12867,SrSnO3,138.388,83.126,207.77613034979635,0.006706956999999,False,3,6.354962395647654,13.291090821475047
mp-3387,CaSiO3,214.891,122.375,308.55379992516765,0.241314701833333,False,3,4.106169037509772,9.39518266932576
mp-3442,CaTiO3,171.657,106.112,263.94831005839796,0.017396585500002,False,3,4.016239102380592,11.241312515722095
mp-3721,SrHfO3,154.085,98.02,242.61426138949625,0.0040905669999980005,False,3,7.693023958111824,13.560049749179665
mp-4651,SrTiO3,168.22,101.114,252.70905274904504,0.0,True,3,5.093987781835845,11.962507795144642
mp-5076,SrZrO3,143.03,87.474,217.9839399958185,0.009295326999996,False,3,5.40852623021807,13.929130396935383
mp-760414,Ti3PdO,170.984,45.205,124.63157405532851,0.0,True,3,6.433494068897923,13.732421666418961
mp-997100,SrAgO2,77.721,41.425,105.52657736317683,0.024454639999999,False,3,6.087851707000628,15.512493931531107
mp-1023125,MgCuO2,126.208,71.609,180.65903220776798,0.0796322675,False,3,5.03879471707622,9.874150774080157
mp-1047016,Zn(AgO2)2,64.706,26.799,70.64420051874687,0.06889668119047501,False,3,5.806702663171706,14.10004630630166
mp-1047145,Mg(CuO2)2,60.487,26.547,69.47682541536864,0.037184244642856,False,3,4.5611318706986825,11.202455824378887
mp-1047156,Zn(CuO2)2,63.223,33.875,86.22513744497728,0.0,True,3,5.59259389576237,10.879846601386271
mp-10523,CeSiO4,148.899,56.926,151.47445661933628,0.036410676944445004,False,3,4.936797895877379,13.01706372266615
mp-13900,Sr(CuO)2,68.022,26.331,69.965257959088,0.0,True,3,5.6109754340936355,14.60255623515541
mp-28323,Pd2Cl2O,44.532,12.248,33.65823361948383,0.035959308999998,False,3,4.720441029724281,21.08866284312914
mp-38280,LiTiO2,170.849,122.647,296.89678385973417,0.0,True,3,4.185257853936155,8.610346583004809
mp-4006,ErPO4,141.94,66.446,172.4313829514937,0.0,True,3,6.275106624844279,11.565374810409848
mp-4104,HoPO4,138.301,63.957,166.24452556697156,0.0,True,3,6.137642879281181,11.719398497777341
mp-4200,ScPO4,149.784,78.155,199.72685989001096,0.0,True,3,3.6916257834908492,10.490170572856423
mp-4820,ZrSiO4,202.03,97.007,250.8685400307497,0.0,True,3,4.634255277198486,10.947051990309676
mp-546125,ScAsO4,142.55,67.656,175.24371842860776,0.0,True,3,4.375879641113693,11.629349673404228
mp-5632,DyAsO4,127.515,54.647,143.44912497255208,0.0,True,3,6.369751344581069,13.096229610520146
mp-5767,DyPO4,132.418,62.37,161.71957064905226,0.0,True,3,6.006926605193962,11.862451556120561
mp-5836,ThSiO4,162.659,58.134,155.83675251734536,0.0,True,3,6.6610355185589025,13.466771219783526
mp-5840,LiScO2,118.79,81.291,198.57611486972797,0.0,True,3,3.430721979221607,10.15180683103843
mp-7374,Ba(CuO)2,56.503,21.409,57.02476740275929,0.0,True,3,5.907405636175781,16.664280980517354
mp-753306,YUO4,190.218,34.164,96.70259444659386,0.016122259166669,False,3,8.572582516489266,12.62082643375914
mp-754027,NaSmO2,91.596,48.531,123.73912230335985,0.0,True,3,5.813709580060765,14.663155979159377
mp-754605,LiLuO2,114.047,69.919,174.16509667766832,0.0,True,3,7.683700995916841,11.55695016633743
mp-755253,LiZrO2,158.131,100.522,248.83817510066706,0.055770417812498,False,3,5.093783945796442,10.60812930314195
mp-755586,NaLaO2,82.441,37.902,98.59622767288982,0.0,True,3,4.92749983542368,16.335293645810502
mp-760408,LiZnO2,94.162,49.385,126.10837744183736,0.079787155,False,3,4.603220267018856,9.410545710484046
mp-7644,LuAsO4,136.399,63.025,163.84014886007003,0.0,True,3,7.019589743914191,12.375374169088865
mp-8470,NaPrO2,84.293,42.149,108.38222444310371,0.0,True,3,5.133434125656541,15.841896338354037
mp-8615,NbBO4,249.352,141.476,356.924665968172,0.0,True,3,5.127383801765492,9.052611335243514
mp-755478,CdBiO3,100.02,28.386,77.79820573244915,0.0,True,3,8.444817808315447,14.526917584693376
mp-10326,Zn(ReO4)2,26.19,12.192,31.662769881668538,0.0,True,3,5.202513788882393,16.417993717175527
mp-555678,Na4Ti5O12,133.543,60.956,158.71881445887539,0.0,True,3,3.72110954050869,11.119805518801385
mp-8724,K2TeO3,23.313,14.44,35.90653456428733,0.0,True,3,3.498862617261029,20.074913212313223
mp-13641,TiCdO3,148.77,42.573,116.59695037462951,0.0,True,3,5.810462306526291,11.904414777961351
mp-14142,TiZnO3,169.135,45.719,125.82015530875535,0.028635328499998003,False,3,5.007411138147304,10.696230133551445
mp-14628,ZnSnO3,143.83,32.654,91.0700631269606,0.05493057999999901,False,3,6.456458301074723,11.939662912889759
mp-23054,NaBiO3,57.489,23.569,62.20604464996225,0.0,True,3,6.483681240488199,14.340569727537376
mp-3759,MgGeO3,167.305,81.692,210.7708107339357,0.031802013000004,False,3,4.764605969186327,10.102990576537422
mp-3771,MgTiO3,161.087,74.471,193.58184538990054,0.0,True,3,3.8928989368345963,10.25186191467851
mp-754246,TiSnO3,25.074,17.517,42.62490777342865,0.0021027584999990002,False,3,4.544839624216931,15.67978330522059
mp-754701,CaTiO3,135.519,52.0,138.3097237638941,0.0283526885,False,3,3.613170410158765,12.495341697913329
mp-755225,Li8ZrO6,93.569,55.213,138.4139877738747,0.000657791,False,3,3.051995079369946,8.805020783057925
mp-776083,HfSnO3,22.014,14.412,35.49098754567827,0.068686626500001,False,3,6.592594463634103,17.389666541206324
mp-780260,TiGeO3,27.439,16.375,40.974168372309805,0.06877411550000301,False,3,3.9330191466442272,14.228736606278071
mp-8275,CdGeO3,147.362,45.555,123.89787403028048,0.044035278750000004,False,3,6.5129473542720255,11.883630558937064
mp-8285,ZnGeO3,163.128,42.095,116.2827852840846,0.05910878500000401,False,3,5.97066705202391,10.348547026309927
mp-10417,KSbO2,23.533,16.167,39.463869476523065,0.0,True,3,4.282305780301104,18.695929555891333
mp-12647,TbNbO4,134.127,53.917,142.63820821261544,0.0,True,3,6.980271797904842,12.522123207306395
mp-12862,LuTaO4,161.12,73.874,192.24097940900947,0.004151559999987,False,3,9.973762244204698,11.651923325089781
mp-15113,Na2Si3O7,101.485,67.825,166.40426862845172,0.093988887847228,False,3,3.1825972284139272,10.532158753656299
mp-2356866,PdSeO4,23.43,10.796,28.075777816145823,2.1268333332713493e-05,False,3,4.126421581024183,16.725599449138514
mp-2677258,PdSO4,27.378,13.766,35.36986373305526,0.0,True,3,3.693933985024819,15.17037883233323
mp-2931,Li2TiO3,110.301,71.679,176.75004945824705,0.0,True,3,3.46303787960749,8.770695912352105
mp-29396,Cu2PbO2,49.45,17.547,47.073137850594044,0.0,True,3,8.119401012574201,14.982390503787391
mp-3144,HoNbO4,141.033,58.084,153.21789620165302,0.0,True,3,7.265698054536229,12.258937455390312
mp-3638,Cu2P2O7,80.272,40.718,104.48698084067999,0.0,True,3,4.098617069242906,11.087573896789053
mp-36864,Li2TiO3,122.947,87.311,211.79700988486297,0.0049166775,False,3,3.54577750538313,8.566034425138586
mp-3901,NdNbO4,106.12,38.657,103.41392023349027,0.0,True,3,6.183476526217033,13.478519794362208
mp-4156,Li2ZrO3,100.625,55.316,140.24864148312807,0.0,True,3,4.210744562000371,10.06296715529734
mp-4321,MgSiO3,101.455,71.846,174.37614362684772,0.019268999666670002,False,3,3.309471564110922,10.074077082452323
mp-4819,MgGeO3,111.428,65.203,163.6823199653556,0.011727870000003,False,3,4.426262699821197,10.87526260236383
mp-4867,CaAl4O7,113.819,47.283,124.59570405155118,0.0,True,3,2.895907407393032,12.423857213494314
mp-5370,ErNbO4,142.997,57.979,153.22793512331359,0.0,True,3,7.402326776658028,12.119731819389209
mp-5387,YNbO4,133.321,55.399,145.97759740821587,0.0,True,3,5.474794004786983,12.425941667467548
mp-542833,Zn3(BO3)2,90.488,30.787,82.95319619786206,0.018998552651515,False,3,4.045358984435142,11.711569852534762
mp-5503,ErTaO4,154.87,73.121,189.53388112271747,0.0039586549999920005,False,3,9.526457980733552,11.975098612234191
mp-555296,YbTaO4,94.996,40.993,107.5140552731601,0.0,True,3,9.834751467567903,11.762392117049208
mp-685194,Li4Ti5O12,108.701,60.558,153.22061553143453,0.0043052279761910004,False,3,3.500730865162658,10.369805599087615
mp-690733,H2SO4,10.776,6.367,15.958059904380411,0.0,True,3,2.184359601315062,10.651251714016405
mp-755352,Li2HfO3,106.444,66.947,166.0327333662974,0.0025094091666620004,False,3,6.793848791955316,9.791801372320966
mp-768572,YAl3O6,55.637,36.039,88.91804181818182,0.083766724666665,False,3,3.329436099776594,13.258975188732071
mp-990440,Na2ZrO3,80.895,50.952,126.33237078433575,0.0,True,3,4.1521059199963855,12.344527813385973
mp-996961,LiAuO2,56.84,17.227,46.93893441706126,0.034068407499999,False,3,7.118897546753338,13.756755846377832
mp-997108,RbAgO2,23.26,10.684,27.796139391529127,0.011696933750000001,False,3,4.26945664536804,21.9101205109112
mp-2717324,CaCO3,75.372,30.213,79.95555759980337,0.008233730666665,False,3,2.685701698782225,12.376520282386398
mp-504908,In2TeO6,141.455,60.251,158.28046710178782,0.0,True,3,6.755182694579025,12.379138942917624
mp-4236,BaZnO2,82.555,33.339,88.15073915317932,0.0,True,3,5.725287390866139,17.02038164548669
mp-756018,BaMgO2,79.228,40.188,103.12710088098119,0.037724884166666,False,3,4.561553749238541,17.621819536308454
mp-3955,AlPO4,30.491,36.63,78.46785766141308,5.2721111111431205e-05,False,3,2.61430889495698,12.910203286875362
mp-754912,LiCuO2,109.67,25.035,69.79422403931703,0.10700960500000001,False,3,4.3808974037014945,9.711576133234992
mp-22958,KBrO3,19.057,10.994,27.662494271253575,0.0,True,3,3.302905240368695,16.791935233405464
mp-2802611,H3ClO,8.222,4.34,11.071892711852719,0.0,True,3,1.3114516088755321,13.795383836486863
mp-28240,CSO,2.012,1.038,2.6570687022900765,0.10538865476190501,False,3,1.311599590928149,25.35251641580362
mp-28872,RbBrO3,16.727,9.591,24.156091698454127,0.0,True,3,3.9846923411126793,17.783517035169908
mp-3107,Ga3PO7,149.786,60.464,159.87922517270735,0.020279883484846002,False,3,4.797447718997489,11.080509950432518
mp-4559,BaCO3,46.663,21.432,55.759366773839844,0.021844735000001003,False,3,4.364283352094535,15.01662219229678
mp-7375,KNbO3,103.322,30.726,83.86473984713466,0.0,True,3,4.499799378518349,13.285117366229395
mp-13334,ZnSnO3,164.367,62.67,166.80956546851132,0.041423655000000004,False,3,6.556764826849906,11.757007878380284
mp-3666,LiTaO3,121.383,72.113,180.5787130462887,0.0,True,3,7.452082824503236,10.512489484369373
mp-3731,LiNbO3,103.121,49.129,127.18856900851343,0.0,True,3,4.577485851594526,10.726559048942411
mp-4514,NaNbO3,100.75,37.235,99.45310175707321,0.0,True,3,4.472888253079711,12.169003756668431
mp-551918,AlBiO3,126.197,63.244,162.57387398463229,0.053335064249994006,False,3,8.296037245622959,11.36752137295987
mp-552185,AgNO3,32.285,7.759,21.55059394536104,0.0,True,3,4.509524594558627,12.510450403344892
mp-5730,Ba(BO2)2,47.902,18.109,48.247170299416,0.00045783809523600004,False,3,3.845530009872251,13.752945019745445
mp-754009,ScBiO3,96.558,39.586,104.48006102168499,0.021432376875001,False,3,7.08472976865481,14.15365353662609
mp-755568,GaBiO3,103.348,36.043,96.86797734673651,0.051112547499998,False,3,8.67655615847845,12.504979164817883
mp-768310,LaBiO3,57.541,15.033,41.48614846847423,0.035194460599999006,False,3,7.537041755290872,17.444004834340713
mp-22286,Ag5(PbO3)2,89.855,19.145,53.62635785043816,0.0,True,3,8.774490532310642,15.281447930069525
mp-6915,As2PdO6,140.541,74.07,189.00578953102018,0.016875058333336003,False,3,6.146695907882214,10.573717366047568
mp-754065,Hg(SbO3)2,101.62,30.952,84.29740497659405,0.0,True,3,7.493444992406346,13.298552983152426
mp-8922,Cd(SbO3)2,107.992,47.314,123.8541339438175,0.0,True,3,6.486808372977494,12.85417453422571
mp-9125,Ca(SbO3)2,98.203,50.345,128.99189548461533,0.0,True,3,5.243032151053256,13.358074583615846
mp-9127,Ba(SbO3)2,87.909,41.371,107.28339468301989,0.0,True,3,5.537944435702883,15.88670275975325
mp-12669,Dy2SO2,120.352,65.3,165.8962707221195,0.0,True,3,7.910279492586543,16.33458438239326
mp-1541458,Mg(ReO4)2,16.491,11.846,28.67253989791092,0.0,True,3,4.878171657481451,16.23761167984238
mp-15800,Ti3PO2,181.87,66.326,177.41134134942214,0.312551500879633,False,3,4.905546828851908,11.654272255311383
mp-23879,Ca(HO)2,35.543,21.012,52.659142783274966,0.0,True,3,2.295852152215431,10.717919247741056
mp-30242,Mg4H2O5,88.485,69.588,165.40398581674592,0.013680194545452001,False,3,3.15907123274476,8.564749726964406
mp-30244,Mg2H2O3,62.075,34.799,87.96027275318518,0.020161978571425,False,3,2.771696011865488,8.440893604246243
mp-30245,Mg3H4O5,54.791,34.467,85.4774319704285,0.014424476666662002,False,3,2.659189077978552,8.167002455036792
mp-30247,Mg(HO)2,51.731,40.488,96.33210455792845,0.0,True,3,2.459022474503965,7.876471901416627
mp-3211,Nd2SO2,107.491,55.72,142.53195241583003,0.0,True,3,6.285988662812398,18.626167692830755
mp-3236,Pr2SO2,104.958,54.191,138.70188395540077,0.0,True,3,6.001201446181477,19.141025776960053
mp-3556,Tm2SO2,127.607,70.856,179.36878953087765,0.0,True,3,8.605889505072707,15.510869690851953
mp-4805,Gd2SO2,112.425,60.067,152.95964754543942,0.0,True,3,7.326043273032852,17.16124122319882
mp-553303,CsCu3O2,6.316,7.237,15.710522360129845,0.0,True,3,4.731709939199385,20.795575901495475
mp-625487,Zn(HO)2,54.605,29.387,74.75126662767465,0.0837181485,False,3,4.022964900820342,8.207722853931507
mp-753920,Tm2SeO2,119.03,67.155,169.57450730120567,0.0,True,3,9.109329192394378,16.36333734839091
mp-754375,NaTi2O3,141.836,81.135,204.4255516014235,0.054562383307789,False,3,4.383006959636632,10.52733681843833
mp-17481,Mg4Ta2O9,148.83,76.439,195.79665180167862,0.0,True,3,6.195599695626739,10.776339805148119
mp-1018025,LuAgO2,115.236,32.479,89.06903303392238,0.0,True,3,8.559651703209585,15.26914220989605
mp-1018031,KInO2,86.691,43.643,112.11492913445456,0.0,True,3,5.301502386549792,14.558103727543521
mp-1018033,AgRhO2,141.419,37.018,102.14175248604411,0.040260303333333004,False,3,7.558340990326247,13.33405111856258
mp-14115,LiRhO2,114.358,43.813,116.55419666724393,0.0,True,3,6.286704050612769,9.366579855172233
mp-14116,CuRhO2,163.487,42.539,117.43182258348969,0.0,True,3,7.024418962510328,11.728175586024685
mp-1444267,Al(SnO2)2,127.838,41.61,112.6119734947921,0.37761086598214605,False,3,5.677912560115739,13.720323982485667
mp-20930,InCuO2,121.57,33.594,92.28178280911062,0.0052967624999990005,False,3,6.362465186963177,13.725640820601951
mp-22660,InAgO2,107.674,28.665,78.98579387352957,0.00025061624999,False,3,7.145653351630925,14.796211464711442
mp-25372,LiCuO2,118.564,59.679,153.3136126595261,0.067987817499999,False,3,4.745681709882546,8.965080523487437
mp-25417,LiTiO2,132.322,77.858,195.2743258217782,0.021963843750000003,False,3,3.904592766987433,9.2292648202176
mp-2695851,CdHgO2,77.064,16.08,45.10297194991749,0.0,True,3,8.216295862154777,17.43138439390812
mp-36329,SrUO4,132.524,45.623,122.77954865916807,0.0,True,3,7.861221512673748,13.717614812919043
mp-3637,YOF,131.718,56.884,149.17732670262234,0.0,True,3,5.237683534296327,13.094010948786083
mp-3748,AlCuO2,156.0,81.731,208.73904509660179,0.000369936249986,False,3,5.150013916338868,9.876661269169858
mp-3857,Ba3(PO4)2,66.543,29.566,77.25601798468553,0.0,True,3,5.172931847567438,14.863135916974871
mp-3960,CaUO4,137.995,54.77,145.11178622094698,0.0,True,3,7.438674020301041,12.72802792013507
mp-4280,GaCuO2,148.134,55.03,146.89953022633713,0.00030246874998700004,False,3,6.266838422570757,10.947850409012876
mp-4519,KPrO2,67.63,36.621,93.06505367185642,0.0,True,3,4.868240309450869,18.078512321810393
mp-4636,ScCuO2,135.234,44.365,119.97526521606783,0.000457447499998,False,3,4.557641125914724,12.797569768851117
mp-5175,NaInO2,90.689,50.611,128.0184853352258,0.0,True,3,5.695762417105993,12.3763256525554
mp-5773,BaRuO3,115.604,37.097,100.53698739024092,0.0019360621666670002,False,3,6.817437184487096,13.951589291321044
mp-578601,NaNbO2,133.066,63.662,164.71768834636825,0.19914419624999902,False,3,5.391747828560103,11.387093241425317
mp-578606,NaCuO2,111.932,57.044,146.2820514000611,0.136693456249999,False,3,4.66641816859011,10.545094541511798
mp-6972,YCuO2,115.991,32.461,89.07367548378956,0.001060203593749,False,3,5.001437741983469,15.309973151005165
mp-7002,NaTiO2,104.141,63.701,158.7374710707107,0.008145459961685001,False,3,4.023262100483207,10.61301045899481
mp-7041,CaHgO2,66.621,18.564,50.9587651526597,0.0,True,3,6.482768359971848,17.460668360467807
mp-7476,RbDyO2,78.05,44.923,113.07493505283564,0.0,True,3,6.820083057823446,17.041415504092917
mp-7477,RbErO2,81.747,46.64,117.56202260510277,0.0,True,3,7.129688391477993,16.57849390115889
mp-7478,RbTmO2,82.532,47.336,119.21599815550702,0.0,True,3,7.267878191305468,16.358960661992725
mp-7480,RbLuO2,84.479,49.502,124.23925318958604,0.0,True,3,7.594477786815825,15.98521421806925
mp-7502,K2Sn2O3,23.584,16.772,40.674073762625106,0.005820712857141,False,3,4.067215670067516,21.20778964473546
mp-753226,SmAgO2,100.303,24.628,68.29441985396437,0.0,True,3,6.793242957255617,17.735758705913156
mp-753260,LaAgO2,90.615,23.117,63.91576743783945,0.0,True,3,5.9787951496226635,19.35643242254219
mp-753298,PrYO2,115.762,77.53,190.14173369176302,0.10670448826388601,False,3,6.960996551747802,15.613768410689701
mp-753380,La(BiO2)2,68.884,21.538,58.515326385906484,0.10075768471427801,False,3,7.887948550181283,18.671679146570092
mp-753721,GdOF,126.672,53.616,140.9601080363073,0.0,True,3,7.704625233054243,13.811400209839855
mp-753774,KTmO2,85.994,50.551,126.80570391497832,0.0,True,3,6.5035147732123,15.321767588808855
mp-753898,LaTmO2,119.536,83.776,203.73302701725197,0.08473905000000101,False,3,9.18964947530561,15.351920491918328
mp-754040,CeSmO2,141.282,73.418,187.73483880594614,0.060403641354167,False,3,8.702113576013097,15.383676583756868
mp-754126,CuAuO2,147.559,31.825,89.0714613953155,0.022865469999999003,False,3,9.927749746999856,12.231537055915759
mp-754158,KNdO2,69.683,38.368,97.25433618546826,0.0,True,3,5.048882822340243,17.705847050671895
mp-754344,LiZnO2,101.841,45.232,118.19717183789254,0.09100078125,False,3,4.590914685401208,9.435769929674006
mp-754502,SmYO2,104.052,43.61,114.79278368365723,0.091817673645831,False,3,5.777725254782315,19.49060957596308
mp-754537,LiLuO2,96.985,46.12,119.42901075428317,0.068352998749999,False,3,7.604020289436765,11.678052677766553
mp-754538,HgPtO2,39.043,14.826,39.48060825281346,0.023629833125000003,False,3,10.33159453202636,17.184360795441552
mp-754567,NaCdO2,69.553,28.076,74.238833514267,0.028956358333334,False,3,5.161379032623823,13.464111178642861
mp-754777,NaLaO2,63.943,32.067,82.4228285855933,0.044238261249999,False,3,4.884540328037931,16.478962470489332
mp-754823,ErTlO2,87.263,36.283,95.59928762513756,0.09957309812500001,False,3,9.90356798657477,16.91970551280107
mp-754825,NaTmO2,89.39,53.39,133.57628094290334,0.0037937550000000002,False,3,7.081981174526605,13.12600647095564
mp-754883,KHoO2,82.791,47.939,120.54948750303731,0.0,True,3,6.209443454331496,15.779705322278406
mp-754933,SmTlO2,79.013,31.987,84.55130537197148,0.09925783828125001,False,3,8.732319362271216,18.385732905154875
mp-754960,SmIO,15.981,9.76,24.327522659133844,0.077130263333333,False,3,6.324083121223915,25.667811107826278
mp-755010,KYbO2,61.719,18.755,51.08997315018243,0.0,True,3,6.684362270182213,15.16222400021789
mp-755219,ScTlO2,99.101,42.556,111.68184277597474,0.10550422921874901,False,3,7.79241564085234,14.988059588235718
mp-755544,YTlO2,83.732,34.596,91.22414360094054,0.096797386718749,False,3,7.776998737255215,17.363811128117373
mp-755581,NaCeO2,64.896,36.388,91.97372653153074,0.072771723624276,False,3,5.211081396293564,15.542779642246588
mp-755714,SrEuO2,80.014,54.35,132.94806958069515,0.017670722500000003,False,3,6.727289686541749,16.75912106620027
mp-756034,NaSmO2,74.437,40.862,103.62452728325756,0.024989182499999003,False,3,5.617390913162125,15.175609407958575
mp-7748,NaAlO2,133.356,87.199,214.7828369169264,0.06503010437500001,False,3,3.485224451651478,9.763687268667764
mp-777047,LiTmO2,93.296,40.168,105.3803820331442,0.070488535625,False,3,7.196213808929694,11.991823884785976
mp-7914,NaScO2,100.745,66.176,162.86731416814374,0.0,True,3,3.555175263658139,11.670431367548396
mp-7959,KErO2,83.58,49.484,123.9836071733106,0.0,True,3,6.372068321298157,15.52869476028238
mp-7973,RbNdO2,68.969,36.925,93.99965109173529,0.0,True,3,5.764818400874615,18.846099050546865
mp-7974,RbSmO2,72.801,39.626,100.62168141565483,0.0,True,3,6.1129725002003354,18.18822726423506
mp-7976,RbGdO2,76.184,39.962,102.04378569460066,0.0,True,3,6.437181326797368,17.716513773058626
mp-8001,LiAlO2,142.701,96.813,236.87181799945137,0.0,True,3,3.442778640368225,7.948881521479306
mp-8002,LiGaO2,118.336,71.709,178.97530685676927,0.066171811874999,False,3,4.89998639426124,9.206088036156011
mp-8175,KTlO2,71.739,27.414,72.94977358210616,0.0,True,3,7.257630321661667,15.757414817522017
mp-8176,RbTlO2,69.312,23.024,62.18633266366471,0.0,True,3,7.924808726782069,16.859849586184225
mp-8188,KScO2,95.827,57.465,143.6754941208189,0.0,True,3,3.511130091629651,13.721405586908501
mp-8409,KYO2,78.584,46.437,116.38599262196612,0.0,True,3,4.145686844635891,16.02214296468295
mp-867735,PrSmO2,113.333,64.272,162.1616370800775,0.09776435232638801,False,3,8.240465440038575,16.28538378845451
mp-8830,NaRhO2,109.969,59.556,151.3464022923872,0.0,True,3,6.118637517373269,10.712730966633758
mp-973185,ScAgO2,122.232,37.565,102.22308290930857,9.085124998531317e-05,False,3,5.534940707843104,13.862193019695923
mp-996981,TlAuO2,88.891,18.483,51.8549536990279,0.012509472708333,False,3,10.99970379216018,16.354813000657515
mp-997025,PbAuO2,68.491,17.253,47.74959819239783,0.024757396250001003,False,3,9.519180311059635,19.021323555585685
mp-3336,LaGaO3,161.922,69.839,183.18091993772552,0.038071038142859004,False,3,7.007147123944987,12.16297027959511
mp-3408,CeAlO3,182.218,59.449,160.85401480936412,0.000638455999995,False,3,6.6828728991216835,10.68926141185251
mp-3466,PrAlO3,184.409,103.755,262.10794535466727,0.0,True,3,6.694744446690226,10.709578105965994
mp-38035,SrCO3,62.636,22.129,59.392623185438765,0.0232246075,False,3,3.2953514255281,14.878143430174456
mp-3889,NaBO2,45.442,20.982,54.55015889846671,0.0,True,3,2.567521877420574,10.638931289717243
mp-3953,CaCO3,75.231,33.182,86.7864234785128,0.0,True,3,2.703519704858185,12.29495072208524
mp-4385,CdCO3,89.565,29.309,79.27928908672367,0.0,True,3,4.956502910786648,11.552902720431366
mp-4531,NaNO3,26.795,12.399000000000001,32.22625501163994,0.0,True,3,2.352073562532149,12.001067588841227
mp-5348,MgCO3,103.452,56.315,142.9976584458547,0.0,True,3,3.025300863741853,9.255709187868767
mp-5364,YbBO3,80.342,29.012,77.68513666965389,0.0,True,3,6.892850133688457,11.170840702841186
mp-552588,LiNbO3,144.515,76.732,195.58068425580615,0.033008032000003004,False,3,4.405933343837936,11.144215867790756
mp-674478,BaCO3,52.012,15.063,41.21070727473568,0.049906871000001005,False,3,3.698107340432591,17.72171227211266
mp-7027,InBO3,149.91,61.546,162.41178490678226,0.0,True,3,5.473290410538121,10.535335310154867
mp-756214,YAlO3,188.656,86.342,224.74042582207844,0.045807479549997004,False,3,5.229987875920269,10.406847158327306
mp-779545,Na3CuO2,43.258,16.37,43.60905093606306,0.040401480833326,False,3,3.036731290274455,14.99321018568376
mp-8110,AlBO3,202.44,121.355,303.4328826980479,0.030454673153846003,False,3,3.497216426150522,8.146986382228382
mp-8180,LiNO3,39.77,22.996,57.83985411718408,0.0,True,3,2.467377582518515,9.280084348909154
mp-8697,ScBO3,158.788,71.217,185.86409127416766,0.0,True,3,3.423054231058334,10.067384890530999
mp-9716,TiBO3,178.989,64.066,171.71100998780435,0.07640892018333201,False,3,3.701937125617603,9.570124589670453
mp-9812,ZnCO3,113.947,43.981,116.90242407897945,0.0,True,3,4.456983341587755,9.345393807406115
mp-4202,BaAl2O4,84.0,41.224,106.28510626688129,0.0,True,3,4.048522256479207,14.958373675154514
mp-5492,SrAl2O4,79.915,43.078,109.54980793641255,0.005956748690476001,False,3,3.569348743331647,13.662946475538003
mp-559390,CaAl2O4,75.432,42.587,107.52559014887518,0.008775708571362001,False,3,2.83901545104858,13.205251812986251
mp-4584,Tl3BO3,20.152,11.808,29.63568781135835,0.0,True,3,7.947793654931188,20.05613822172561
mp-28549,Li8SiO6,77.448,56.475,136.29602692343647,0.0,True,3,2.261978682863211,8.790217106749964
mp-37657,Ca3SiO5,95.423,52.632,133.37443685324033,0.028829847499999003,False,3,2.996383091876318,14.058744833145958
mp-545974,AlPO4,121.145,39.099,105.90368812323928,0.018504669722221003,False,3,1.939538556999476,17.40169545316763
mp-755000,LiTiO2,129.822,57.795,150.98021604834764,0.054478243749999,False,3,3.859525481287097,9.337034004920094
mp-23866,H2SeO4,8.966,7.261,17.15270160133493,0.0,True,3,3.060424958807631,11.237194199272523
mp-23963,HIO3,13.126,11.542,26.777349332285937,0.016353290499998,False,3,4.335262986437991,13.475834847769724
mp-27579,Na4P2O7,45.175,24.379,61.98651644111468,0.0,True,3,2.657159809242481,12.782338942003953
mp-27897,Ba(NO2)2,30.201,12.511,32.979056180538045,0.072964088714288,False,3,3.330655957253978,16.334178755667647
mp-697136,Be(HO)2,57.926,45.414,108.01426272856675,0.010380491500002,False,3,1.994615189877795,7.164067096930552
mp-7339,BaSiO3,57.994,30.968,78.86618066845573,0.022031850500000002,False,3,4.22550248405267,16.77323849260032
mp-1019262,Ta2N3O,240.219,77.09,208.92130511302457,0.9712794025000001,False,3,9.742208918220163,11.92894581616927
mp-27296,ZrTi2O,114.231,40.626,108.96078058744806,0.35486550999999605,False,3,5.357080130139805,15.727723095807397
mp-556777,Li2CO3,75.034,40.321,102.58724084197677,0.066899530833333,False,3,2.430922920629963,8.412355452528914
mp-11019,GaCuO2,148.405,58.853,155.94466457898537,0.0,True,3,6.267888091990467,10.946016996607094
mp-11021,GaAuO2,151.971,54.287,145.53204055860445,0.007147602708333,False,3,10.273786521336291,12.069155428563079
mp-11022,ScAgO2,122.643,39.168,106.19859447748325,0.0,True,3,5.538115174152629,13.85424716387072
mp-11023,ScAuO2,134.634,43.218,117.12182391304349,0.012146470677083,False,3,8.187810568872301,13.888236191090316
mp-1406000,YBiO3,119.883,36.082,98.37633557643954,0.155270851875,False,3,6.819974598344834,16.84330736052438
mp-1412082,AlCuO3,187.703,33.469,94.77400333736743,0.20133596912499901,False,3,4.742751582207296,9.700166525182578
mp-1443298,YTiO3,141.445,43.928,119.42127317340895,0.07797280824999,False,3,4.716708575643251,13.009900526231206
mp-16613,AlAuO2,172.084,71.746,188.9752141605924,0.012329293958334,False,3,9.567555064145138,11.105497595671142
mp-20329,InAgO2,108.417,31.048,85.02740435420812,0.0,True,3,7.150982639162847,14.785184551452456
mp-2918,YCuO2,115.21,35.776,97.26060061981195,0.00031791609375,False,3,5.001199948022238,15.310701100137324
mp-30251,YAuO2,113.218,29.163,80.57109299734014,0.0020374419270830003,False,3,7.9939435131959655,16.50742141303409
mp-3098,AlCuO2,178.355,80.28,209.41919508568367,0.0,True,3,5.146334199359751,9.883723250914782
mp-3405,NaAl11O17,152.126,69.533,181.01921127719328,0.0,True,3,3.219771934661843,10.52406930681782
mp-3642,ScCuO2,137.545,46.58,125.56561719456028,0.0,True,3,4.5624290881974545,12.784139580637918
mp-3744,NaNbO2,146.768,99.169,242.81756849369663,0.0,True,3,5.564450391300988,11.0336746561796
mp-3924,LiNbO2,156.667,100.566,248.52184177844143,0.0,True,3,5.667091788849184,9.658204808979935
mp-549158,InCuO2,120.572,35.461,96.8848478839409,0.0053152962500000005,False,3,6.357808361308225,13.735694271834147
mp-553308,CsNdO2,67.258,33.706,86.6442302191269,0.0,True,3,6.3404124057903815,20.241168701585487
mp-561949,GdBO3,117.092,27.567,76.68315496392965,0.143536840333331,False,3,4.557674388341321,15.743763671055579
mp-5933,BaTiO3,139.365,73.886,188.36926936202823,0.00261944199997,False,3,5.804935524770896,13.341225116938164
mp-7288,Sc2SO2,139.478,67.795,175.02699158215574,0.0,True,3,3.757785187618736,13.608150875603162
mp-753799,CsTmO2,80.308,43.86,111.31517191977076,0.008559425624996,False,3,7.800849861114383,17.765750456303945
mp-754055,CsErO2,80.061,42.918,109.23494435554802,0.0009187997916640001,False,3,7.654740204649692,18.014003138010104
mp-754110,SmAgO2,100.001,27.104,74.57450906278373,0.00013757500000000002,False,3,6.796298005436196,17.727786189504613
mp-754138,CsDyO2,78.024,40.984,104.6318587633064,0.0,True,3,7.374515146656906,18.430620184479466
mp-754154,CsHoO2,79.157,41.192,105.30898000811015,0.0,True,3,7.511636542455038,18.228490857473982
mp-754157,AlInO3,181.883,88.934,229.41088005509133,0.034660067499999,False,3,5.613715616053324,11.228447654040943
mp-754165,ScGaO3,179.215,83.392,216.5827084698657,0.017611347374997,False,3,4.878911497780485,11.07344127232281
mp-754480,GdYO2,103.674,48.284,125.3866029067146,0.08478931005208401,False,3,6.171099945192743,18.711682965095108
mp-755144,NaLiO,55.978,39.05,95.04825542070884,0.069303446666666,False,3,2.326659196666336,10.92680305081066
mp-755252,DyHO2,136.012,38.21,104.81475840679805,0.07332230406250001,False,3,6.5232315874031865,12.441938294070532
mp-755318,ScHO2,155.028,52.193,140.78025436274956,0.063832157499999,False,3,3.155372383140456,10.25711181297186
mp-755342,LuGaO3,172.4,80.173,208.2391182728379,0.021206369333333003,False,3,8.019411365090507,12.121093888475164
mp-755651,CsGdO2,76.461,37.118,95.84472321679844,0.0,True,3,6.993485734956848,19.123143344573794
mp-764648,LiTiO2,140.834,93.619,229.9124511771465,0.029397316249999004,False,3,3.932010695397177,9.164909114773687
mp-768358,ScInO3,151.834,59.427,157.7059207424713,0.073645931874999,False,3,5.201301265856924,13.26643819656345
mp-768479,YScO3,152.13,70.113,182.32871647455005,0.030876317749997002,False,3,4.346959576160271,13.894105351591026
mp-768864,KNdO2,69.273,37.8,95.94809277783885,0.007280378749999001,False,3,5.040962174653807,17.733667488838133
mp-7964,YAlO3,171.919,82.453,213.26479959044482,0.102225660549997,False,3,4.496849927381268,12.103513647008224
mp-7977,CsSmO2,71.864,36.15,92.87664513668756,0.0,True,3,6.686149632297675,19.5743677367594
mp-8098,InGaO3,168.242,74.36,194.43446410377732,0.002004937499999,False,3,6.666407292106624,11.584663498527046
mp-9631,AlAgO2,154.008,59.765,158.75879537514209,0.0,True,3,6.30693839740901,10.982290419398977
mp-996965,AgBiO2,88.77,19.323,54.04741185367237,0.04518056325000001,False,3,7.638430183940319,18.959220744065743
mp-997010,TlAgO2,87.57,19.118,53.463351192926176,0.0,True,3,8.767590575771955,16.299833657219985
mp-23352,Ge(Bi3O5)4,53.667,29.547,74.8960348101266,0.000390244141406,False,3,9.20431899497497,15.856243783455243
mp-23339,NaBrO3,27.038,16.231,40.5740818942935,0.0,True,3,3.423266816529206,14.638766024068655
mp-2720358,NaClO3,25.827,14.452,36.540374359587965,0.029885637749999003,False,3,2.5757206261379952,13.724267005476397
mp-3519,ZrSO,130.347,50.433,134.01494144389022,0.0,True,3,4.937205526844764,15.61570465922857
mp-756361,ZrSeO,121.879,48.154,127.65055860083957,0.035409574999999,False,3,6.060150344336365,17.00534319479112
mp-775761,AgClO3,33.661,7.739,21.564378055959235,0.031584152499997,False,3,4.366022674178715,14.552986166441878
mp-7787,HfSO,141.028,58.701,154.64649512126778,0.00722662708333,False,3,8.300631996244604,15.107381063687908
mp-761872,Na2Sn2O3,30.323,23.861,56.70847275973178,0.08403291535714301,False,3,4.532269620464737,17.345421595553887
mp-8624,K2Sn2O3,23.501,15.91,38.9421521067432,0.0,True,3,4.13826984345966,20.843651485629493
mp-11737,Li4SiO4,78.989,53.188,130.31449531457324,0.0,True,3,2.447366890408959,9.035143141373
mp-16828,Li3B7O12,64.468,39.327,98.04451200742488,0.0,True,3,2.336922888427131,9.317877857968723
mp-22747,Pb(CO2)2,22.536,13.958,34.708302380894004,0.062976543571423,False,3,4.899593217119712,14.293393086176271
mp-23791,B(HO)3,14.465,6.744,17.51067312870221,0.0,True,3,1.647926780931507,8.900893491831718
mp-2725306,NaCu3O4,45.84,20.876,54.37386398646431,0.054724029374999004,False,3,4.320606734596132,13.337472023237266
mp-28017,Na8Ti5O14,74.063,43.59,109.32261589516104,0.0,True,3,3.430266432576733,11.604488943876245
mp-3283,RbNbO3,40.207,18.604,48.3540976979709,0.0,True,3,4.243448231713888,17.71673224524754
mp-4428,CaSiO3,76.748,39.815,101.83513447061569,0.022951270500000003,False,3,2.965709943717648,13.008085386183906
mp-4429,CaSiO3,92.549,47.623,121.95145338641743,0.0,True,3,2.902926205593484,13.289420896817726
mp-5065,Al2SiO5,172.073,119.72,291.5455979897443,0.0,True,3,3.677083913881021,9.147296397512022
mp-554678,CaGe2O5,117.103,60.045,153.84084441867589,0.028006162083328002,False,3,4.830824451734098,11.40158239085544
mp-635713,TiZnO3,65.52,25.095,66.76149692089056,0.09579140549999801,False,3,3.613922060579641,14.820580247472666
mp-752685,ZrBiO4,105.128,46.263,121.03468292561531,0.026890978333335,False,3,7.214905242471345,13.970422544470793
mp-755115,CuReO4,47.537,30.382,75.13842875723294,0.056393246041667004,False,3,7.543769398959294,11.510495194022058
mp-756683,HfBiO4,129.509,61.088,158.36440538683098,0.020244565416666003,False,3,9.112183965292006,13.712048508811115
mp-7622,KSO4,21.988,11.3,28.942063574238972,0.147521937500005,False,3,2.267631440556262,16.495916599198296
mp-4051,AlPO4,17.002,30.589,57.364637563576196,0.007731930555554001,False,3,2.334921469215768,14.454986916505225
mp-553932,GaPO4,22.532,25.908,56.188307494866535,0.007042248888888001,False,3,3.259807632192314,13.982492885418031
mp-558125,BaTiO3,102.538,53.631,137.00657255325333,0.001296830333302,False,3,5.76628573211291,13.430647599369369
mp-997027,AuO2F,17.499,7.771,20.30700472887768,0.11144575722222301,False,3,6.393328589412737,16.100906010112677
mp-20820,Pb(NO3)2,30.668,10.034,27.14189231462789,0.0,True,3,4.5960424311158015,13.296144826622786
mp-3142,Ca(NO3)2,3.748,8.029,14.052520520936024,0.0,True,3,2.5718394006584253,11.77169591290664
mp-4157,Sr(NO3)2,31.616,13.799,36.13926436993198,0.0,True,3,3.013457493245108,12.957414138428403
mp-4396,Ba(NO3)2,27.443,9.771,26.203148501628664,0.0,True,3,3.202838414270172,15.05470078619196
mp-5024,ZrP2O7,131.49,51.345,136.2946209750681,0.0,True,3,2.9118389937425553,15.121739273153986
mp-21861,Cu3TeO6,147.302,62.89,165.16455166047274,0.018158695750001,False,3,6.326545321327956,10.872480461188399
mp-530399,LiAl5O8,196.082,120.442,299.91840442620725,0.0,True,3,3.637709905389257,8.79843830054593
mp-551886,Na4CO4,32.124,11.846,31.647860208098468,0.304815494212963,False,3,2.6214328366981343,11.822050043161735
mp-1008866,NaAgO,59.264,20.866,56.023032628940186,0.291835399166659,False,3,5.2385839895737885,15.517068441452594
mp-1009014,LiCuO,97.277,46.923,121.27017847464533,0.4011270175,False,3,4.78665199870624,10.001008775264417
mp-27608,Be4TeO7,182.13,112.527,279.9303745236502,0.0,True,3,4.20638126158646,9.067939058419352
mp-30530,TlClO4,12.984,5.629,14.754770507615351,0.0,True,3,4.725332319723705,17.795152685223837
mp-3307,BaSO4,43.4,19.34,50.51627658151665,0.132132953333334,False,3,3.8293503275287213,16.867637039808052
mp-35208,NdOF,131.316,58.164,152.0436847860707,0.054305918333332,False,3,6.585385433268296,15.065415103353637
mp-36033,PrOF,124.08,55.446,144.77363561117266,0.05349302000000201,False,3,6.2877646709654265,15.484987768672816
mp-36526,AcOF,106.534,46.716,122.27513006731856,0.0,True,3,8.272058043900467,17.53121110724374
mp-37381,SmOF,136.531,61.265,159.88078239086943,0.055045295000002006,False,3,7.129060374869566,14.391511986523467
mp-38194,YOF,141.676,65.184,169.5492469706984,0.055881361666669,False,3,5.110313462328682,13.420367664315629
mp-545756,ZnSO4,70.5,8.515,24.556359793650433,0.038264746249999,False,3,2.3080153977582922,19.362226396383324
mp-546633,KClO4,15.769,7.16,18.656330622211616,0.039353338750003006,False,3,2.297588204482569,16.688939343409523
mp-546711,CsClO4,10.709,5.142,13.297676406665058,0.015998303333333002,False,3,3.193209835542204,20.13837285011851
mp-4812,Zn4B6O13,179.033,90.257,231.81548168663406,0.0,True,3,4.257584657950709,9.063604911313577
mp-4198,Ag3PO4,76.581,14.472,40.843199999999996,0.00248806125,False,3,6.39046241047206,13.59568550355758
mp-23560,Ge3(BiO3)4,50.715,41.051,96.98499547092072,0.0,True,3,7.135210313933737,15.25980685984096
mp-1016819,HfZnO3,162.57,55.645,149.83918221052534,0.6870288144999971,False,3,7.154294748629557,13.55009042991978
mp-1016820,MgSnO3,154.103,69.68,181.65990905827005,0.6298747759999971,False,3,4.863389810713269,13.043777824988306
mp-1016821,BaSiO3,175.849,121.468,296.20307232960715,0.561268264999999,False,3,6.273519937114947,11.297542946629182
mp-1016823,BaGeO3,137.118,103.37,247.8318262602871,0.2323634095,False,3,6.792562890088615,12.612655910726321
mp-1016825,HfMgO3,168.944,77.756,202.24104322360364,0.589504466499999,False,3,6.165888288342769,13.5082533695906
mp-1016826,MgIrO3,172.48,16.076,46.77478523605666,0.7838253469999961,False,3,7.284422688581256,12.05987474322127
mp-1016827,MgGeO3,185.85,100.868,256.245819828741,0.5249547200000031,False,3,4.682288444475782,10.280607394957851
mp-1016829,MgRuO3,161.797,43.417,119.55693397414564,0.6339806869999961,False,3,4.916010490277894,11.71246368455902
mp-1016831,HgIrO3,175.489,40.37,112.48457381928138,0.40191207849999905,False,3,11.725548861199648,12.485117140785809
mp-1016836,ZnOsO3,208.753,50.694,140.69325527473842,0.5631337199999951,False,3,8.520269119854007,11.835340541019834
mp-1016837,SnHgO3,138.108,52.382,139.50829709495912,0.33883970349999704,False,3,8.970404073787693,13.59833972193247
mp-1016840,HgOsO3,202.882,47.226,131.47648929669205,0.31646339499999704,False,3,11.781877746005883,12.369416487658201
mp-1016841,HfHgO3,159.867,52.316,141.51158498036347,0.29905115800000204,False,3,10.1204302552704,14.014819878312775
mp-1016842,TiHgO3,174.512,54.005,146.86521829619022,0.23989173000000003,False,3,8.164206384227668,12.059358079132767
mp-1016843,MgOsO3,174.473,12.192,35.74342824176501,0.648656035999995,False,3,7.25514550317498,12.01758489030256
mp-1016845,ZrCdO3,155.518,58.151,155.1190573026749,0.34487558900000104,False,3,5.806339458576674,14.392777481735425
mp-1016846,TiCdO3,181.549,75.558,199.05888226957217,0.19823604300000003,False,3,5.889148358597162,11.745357585977983
mp-1016848,SrIrO3,169.881,38.702,107.91127877157629,0.141754297999999,False,3,8.518451756735805,12.781269943242055
mp-1016850,BaRhO3,134.066,54.001,142.82644765551876,0.098336171296297,False,3,6.9727007498380615,13.728348733583047
mp-1016851,HgRuO3,178.37,39.007,109.07028934868676,0.30147275250000105,False,3,9.461778050129125,12.272980786082005
mp-1016871,ZrHgO3,146.764,42.062,115.18238951475472,0.34979274050000103,False,3,7.698366167909752,14.659511410601104
mp-1016872,CaIrO3,172.529,26.92,76.76728879518538,0.30655283400000305,False,3,7.532249004003523,12.358534840123811
mp-1016873,CaHfO3,166.721,93.423,236.15817058859204,0.16008691399999803,False,3,6.580037829361946,13.454135079889994
mp-1016874,SiHgO3,221.487,68.309,185.82365455327047,0.49767305583333504,False,3,9.333758081494263,9.844426725857833
mp-1016876,ZnSiO3,235.713,107.427,279.7777762133455,0.58051383316667,False,3,5.286241207400336,8.88927110097798
mp-1016877,HgRhO3,148.652,39.585,109.07318801089919,0.40934945250000004,False,3,9.323166633630525,12.52083210458493
mp-1016879,CdSiO3,228.217,103.61,269.9741206656171,0.374506266500001,False,3,6.598592705861918,9.486956602700698
mp-1016881,CdSnO3,152.367,64.191,168.85989210078034,0.346307218000002,False,3,6.938980318308384,13.358975370350379
mp-1016882,CdOsO3,192.236,22.11,63.88091480216025,0.35957308519999903,False,3,9.498405606100683,12.259954228684448
mp-1016883,ZrZnO3,149.835,45.061,122.86617845747585,0.7579720910000011,False,3,4.7781155825131,14.223100968458258
mp-1016884,CaGeO3,172.617,115.281,282.8717287911525,0.170772001333332,False,3,4.928537978810958,10.82980510175086
mp-1016900,CaOsO3,190.541,38.385,107.90882507278592,0.256620675599995,False,3,7.486303590131466,12.34623501473248
mp-1016902,ZnSnO3,151.079,53.821,144.32472366277625,0.712904693999999,False,3,5.893869473325446,13.079342200373915
mp-1016903,CdGeO3,182.736,86.226,223.52104241575952,0.32436161275000003,False,3,7.150943527391868,10.82339133451445
mp-1016926,ZnIrO3,201.293,45.961,128.13099864120397,0.7629442669999991,False,3,8.509445632291017,11.927943269830518
mp-1016928,MgSiO3,230.404,135.037,338.9021766223015,0.46725523316666906,False,3,3.798717709629779,8.776612053725561
mp-1016930,ZnGeO3,190.693,76.932,203.4380694379602,0.6149733300000051,False,3,5.9917927255139976,10.312060446151085
mp-1016999,SrGeO3,158.897,115.034,278.0126198521272,0.150044169333333,False,3,6.027906042529566,11.473996926955248
mp-1017000,MgZrO3,157.164,66.663,175.2157158959779,0.667561955,False,3,3.8453875714012353,14.123065569318559
mp-1017446,HfCdO3,167.615,69.422,183.0011459161545,0.280328004499997,False,3,8.176531700339828,13.765136169314863
mp-1017447,HgGeO3,172.111,64.611,172.27542480686606,0.37525415250000005,False,3,9.566805527650766,11.15130800666716
mp-1017566,GePbO3,157.328,96.824,241.02708901421923,0.21775594300000903,False,3,9.259412950330407,11.758588617745975
mp-1018639,TiSnO3,175.285,85.64,220.93830137613554,0.16012544749999602,False,3,5.778248869345959,12.332819523013695
mp-1019541,BaCa3O4,90.795,56.437,140.25149392376423,0.18143897125000003,False,3,4.005842001344047,16.661934535924264
mp-1040467,RbOsO3,197.673,104.983,267.5790915083338,0.09055916899999601,False,3,8.563889217767022,12.552938040978201
mp-11652,Yb3PbO,58.432,50.196,117.06612229258688,0.136543452083337,False,3,12.114065893504595,20.350729052183926
mp-11775,RbUO3,132.148,69.574,177.56091946663003,0.0,True,3,7.607261575621099,16.218235825489813
mp-12631,SrTcO3,181.627,54.765,149.29012099638786,0.077098233,False,3,6.235672386085119,12.442351802652151
mp-12725,NbAgO3,187.023,77.819,205.02104521136727,0.07085392228571501,False,3,6.339902420894476,13.03164914763482
mp-1412687,YSnO3,135.269,40.831,111.29486709818691,0.81040251734375,False,3,5.97375729057571,14.210725188533374
mp-1413511,AlBiO3,105.509,48.521,126.21523662915563,1.665022894249995,False,3,6.037051899615939,15.621098222874243
mp-1418444,AlAgO3,134.977,38.01,104.24476833257702,1.6497803273333331,False,3,4.730922084847537,12.835812547623599
mp-1418929,YAgO3,152.504,34.036,95.03778938374279,0.583527590708332,False,3,6.098528684371441,13.329571920722183
mp-1421511,AlSbO3,127.135,73.559,184.99773868921497,1.3185118980000041,False,3,4.911471828166962,13.303304318041839
mp-1424898,YBiO3,113.052,19.427,55.12350233000449,1.099079481875,False,3,6.703400806382276,17.13621662627167
mp-14254,NdAlO3,197.949,138.548,337.0161490288711,0.027490916999999,False,3,6.984787972938765,10.423401901492895
mp-1426094,AlSnO3,152.634,53.245,143.0957747379912,1.318630856125002,False,3,4.890131134048122,13.154223022996623
mp-1432347,YCuO3,182.599,81.28,212.33461162941896,0.222457445806816,False,3,6.15230194191815,10.820507253034675
mp-1436662,YTiO3,188.993,58.897,160.06379297017298,0.30271702024999103,False,3,5.200236792322234,11.800214457722321
mp-1475723,TiAlO3,180.192,63.163,169.66471548798404,0.9959165675000011,False,3,3.5446998346849,11.5096802642434
mp-1504314,AlCuO3,160.131,47.974,130.85435189177218,1.290215500125,False,3,4.544378009211107,10.123603283383186
mp-19845,TiPbO3,170.269,90.612,230.88018777590995,0.041221745999997006,False,3,8.048700857425851,12.505163584571164
mp-21135,Pr3InO,71.496,41.666,104.66583002412611,0.0,True,3,7.2925787925634165,25.208514086999333
mp-22345,TiCdO3,126.081,20.728,58.95331418072993,2.008286217,False,3,5.035445983533509,13.73664886383319
mp-22535,HfPbO3,166.252,87.185,222.63696443839908,0.040636742312496005,False,3,10.036049633632498,14.35138774942023
mp-22979,GaBiO3,173.106,89.283,228.55500891717236,0.22770766750000102,False,3,9.484632097654773,11.439574341631417
mp-23080,AlBiO3,190.998,117.305,292.1128141718299,0.12160923424999501,False,3,8.680681447425108,10.863822301469579
mp-28166,K3BrO,19.399,12.792,31.46076254067532,0.0,True,3,2.532004578426728,27.96393885691006
mp-28171,K3IO,18.587,12.762,31.155460881747732,0.0,True,3,2.911695034511509,29.678260775600478
mp-28593,Li3BrO,48.727,35.622,85.92695800399332,0.03706398,False,3,3.148288892773074,12.313275808234362
mp-28602,Na3ClO,32.992,22.436,54.87000138371824,0.0,True,3,2.2559230926403853,17.727993563908935
mp-29241,Ca3SnO,54.846,45.672,107.24674662480378,0.0,True,3,3.765300110312062,22.4865728132754
mp-29243,Ba3SnO,36.771,25.902,62.929794648166514,0.0,True,3,5.450060049984021,33.3134225388156
mp-2998,BaTiO3,166.907,106.373,263.2040257340708,0.014779579999968002,False,3,6.015663613577288,12.873883348544899
mp-3020,BaNbO3,167.842,89.357,227.66839046827116,0.0,True,3,6.541520966089961,14.125595883490728
mp-3136,NaNbO3,176.561,100.088,252.5437600524635,0.044339023999997,False,3,4.222756528581366,12.889825304034535
mp-3163,BaSnO3,133.913,89.091,218.76003452722938,0.0,True,3,7.097114448493584,14.22725618659581
mp-3323,SrZrO3,152.318,88.002,221.3730975051197,0.05490891149999601,False,3,5.09297632587517,14.792149481081129
mp-33365,CeGaO3,182.932,27.336,78.11692870383871,0.23282465610000003,False,3,7.2490042930911365,11.812622150901923
mp-3614,KTaO3,188.716,122.495,302.11720409559086,0.0,True,3,6.981426041917768,12.75092400607338
mp-3834,BaZrO3,148.845,91.419,227.65022566055836,7.172199999949669e-05,False,3,6.143794292287296,14.949092648283042
mp-4126,KUO3,134.466,67.688,173.88674567276465,0.0,True,3,6.7957793352570075,15.888786795898062
mp-4170,NaTaO3,201.078,111.744,282.8385492812366,0.027754129499998004,False,3,6.799149457008522,12.305930988919723
mp-4405,Rb3AuO,15.595,9.399000000000001,23.47993458991884,0.0,True,3,4.660879718495778,33.444595053460475
mp-4551,SrHfO3,163.199,99.605,248.30012042559264,0.032957558999999005,False,3,7.344257043717289,14.203994627729838
mp-504715,BaTiO3,54.646,3.148,9.266069401386115,3.077492087999968,False,3,3.8533977810600533,20.097834696934743
mp-5229,SrTiO3,170.929,108.497,268.64936714449436,0.00047005399999900006,False,3,5.086511723754529,11.980090061328564
mp-5304,LaAlO3,194.911,129.69,318.4416911409627,0.003053424999999,False,3,6.560522946797748,10.827330306696037
mp-5323,CeAlO3,191.964,48.718,134.7543577080098,0.017115028999995,False,3,6.708320355031181,10.648712586798379
mp-542112,CaZrO3,155.28,81.711,208.55181840595668,0.1918930845,False,3,4.135496361472064,14.398996431142411
mp-546200,TlIO3,111.81,58.323,149.05245590509787,0.243994853999999,False,3,8.206371515297834,15.34951639525956
mp-546973,SrSnO3,142.602,88.097,219.15994973086026,0.047734773499999,False,3,6.061480890045354,13.934611673250629
mp-550008,ScBiO3,148.262,71.889,185.65957761068367,0.357016045874999,False,3,7.405007405474687,13.54148686901054
mp-561598,BaPbO3,61.735,17.699,48.46543136162915,1.09517206,False,3,6.399226750646413,20.37131843028181
mp-5663,BaCeO3,111.403,52.386,135.86212450238622,0.040333896000001,False,3,6.033613517741434,17.913239715873452
mp-5827,CaTiO3,176.478,103.379,259.4717119559807,0.0644675975,False,3,3.836497971925326,11.767971524579286
mp-5893,CaSiO3,216.044,150.17,365.76376774704306,0.24421781783333402,False,3,4.10700725534391,9.39326516366317
mp-640266,Ca3Al2O6,64.785,42.746,105.11847900261913,0.5497991470129521,False,3,2.985600490147452,13.66153752476281
mp-7006,SrNbO3,173.24,79.765,207.45539488060584,0.013476088928580002,False,3,5.629866643903787,13.480745345158914
mp-7143,BaPuO3,118.683,56.229,145.68043325862646,0.024340283999991,False,3,8.47784271870357,16.818223468643836
mp-753781,EuHfO3,165.391,95.032,239.2688451687655,0.0,True,3,9.133639660900897,13.760881450817617
mp-754678,BaTaO3,177.458,94.012,239.70624098239747,0.03255764930669,False,3,8.628535380730046,14.097659256105349
mp-754696,PrTiO3,187.179,68.846,183.98137149320337,0.10464501399999701,False,3,6.412430763114484,12.262762183626629
mp-754892,Rb3ClO,17.011,9.97,25.021671557136536,0.041447582000001,False,3,3.016855778920252,33.89002459788513
mp-754940,Ba3SiO,39.278,26.756,65.41461727643681,0.05150425300000001,False,3,4.746344014997515,31.911519329451107
mp-758371,YbAlO3,170.465,76.264,199.10030279464792,0.183687583249998,False,3,8.515159043869518,9.673253620077208
mp-771055,EuZrO3,154.842,83.545,212.42954655509965,0.09331918650000201,False,3,6.538823412138973,14.789390392686268
mp-7961,Sr3SnO,44.124,35.774,84.4886454866604,0.0,True,3,4.828065204758819,27.3475809619974
mp-7986,CaSnO3,149.034,83.207,210.45475061143597,0.21009045250000902,False,3,5.106609751710353,13.448318169163173
mp-8020,LaTiO3,183.62,66.054,176.94446765675605,0.06758425174999601,False,3,6.282852087570259,12.409837563997788
mp-8037,BaThO3,110.875,50.624,131.81097406646853,0.083406089999998,False,3,7.119627087536885,19.4686600765013
mp-8074,TaSnO3,189.595,22.423,64.71765971536244,0.324955825000008,False,3,8.546452732962305,13.509616694057744
mp-8218,PrAlO3,197.512,136.42,332.66930152162814,0.018023412999994,False,3,6.74964059796787,10.622475005987331
mp-8557,BaPaO3,109.369,41.577,110.70296311714871,0.0,True,3,7.618469715769435,18.15020246705649
mp-861873,TaTlO3,187.786,104.711,264.8967975074431,0.10736485475000201,False,3,10.572497647822221,13.611927628922677
mp-862832,PaTlO3,133.398,57.351,150.4870084516277,0.0,True,3,9.576684616602673,16.764328723361196
mp-862870,LiTcO3,194.213,79.846,210.6676842222843,0.06527020858333,False,3,4.436935879705508,11.447608137686533
mp-864606,AcCuO3,163.571,81.723,210.16780128608266,0.0,True,3,9.380470938074593,11.985877331362044
mp-865120,NaPaO3,132.432,57.938,151.6925513999394,0.0,True,3,6.188465124898148,16.208296908923906
mp-865181,EuGeO3,167.47,101.809,253.96351169029776,0.092227580000002,False,3,7.998798443526119,11.318365025373911
mp-865218,YbTiO3,188.205,111.444,279.2195092144325,0.46412076424999704,False,3,7.891218652435582,11.317075586901089
mp-865322,UTlO3,132.86,59.337,154.94428986038957,0.0,True,3,10.063990194018816,16.183355284990267
mp-865424,CsUO3,129.135,70.632,179.22039023048356,0.021469604000012,False,3,8.081229651506295,17.2165354854408
mp-865927,AcTiO3,179.412,77.02,202.13506273811225,0.0,True,3,8.403352518165326,12.759914014952539
mp-867195,SrOsO3,185.233,60.942,164.75749321566354,0.09691866781818101,False,3,8.503074601842126,12.726776871134788
mp-9200,K3AuO,18.66,11.654,28.93770529615282,0.0,True,3,3.845922408760981,28.51909200739405
mp-935811,KNbO3,172.61,109.553,271.2688899284807,0.007730227999999,False,3,4.569594296132727,13.08220358176979
mp-971706,ZnBiO3,152.502,59.718,158.46911574868915,0.380419599999999,False,3,8.945928088642482,11.968287674189208
mp-971975,SrHgO3,102.967,42.81,112.79759640727755,0.273016526999999,False,3,7.344072416468472,15.203740348729522
mp-971996,SrHoO3,84.713,46.093,117.04977078059635,0.23622259387499903,False,3,6.040663396361041,16.523766550854592
mp-972021,SrInO3,95.953,41.576,108.98683306873889,0.194183900499991,False,3,5.555595225065164,14.970820477151412
mp-972058,YbTmO3,96.796,45.698,118.45317112881823,1.060045350874997,False,3,8.929778540457294,14.503482225618345
mp-972066,ZrAlO3,217.28,98.184,255.99284246904097,0.5159898236,False,3,5.572820739004825,9.904779424487977
mp-9721,Ca3GeO,58.534,48.427,113.87648100022766,0.0030259170000000004,False,3,3.309284015030698,20.961781406383828
mp-972222,TaBeO3,277.307,103.594,276.36763945206644,1.008994493106669,False,3,9.8640512476562,8.011697837947208
mp-972442,SnBO3,225.06,73.067,197.7958230103161,1.128497996062503,False,3,6.9176403743407615,8.522488904308513
mp-972827,SiBiO3,130.571,76.857,192.75168731032716,0.722310423999985,False,3,8.63571489384692,10.962846280912894
mp-972839,SiBO3,203.008,53.644,147.90430557684996,1.908972559312498,False,3,3.35776211805348,8.594536417852863
mp-973068,ScCuO3,186.205,68.294,182.5626341781662,0.572803505499999,False,3,5.012149143668761,10.369785194103546
mp-973123,ScPdO3,118.718,23.645,66.51882703745929,0.820065729874999,False,3,4.879050636926505,13.57102135153228
mp-973156,ScAsO3,135.67,45.595,123.0054083582815,1.047828888374999,False,3,4.550762080484664,12.251318490357182
mp-973267,KTcO3,180.938,111.434,277.3624158239689,0.0,True,3,5.285921582802932,11.629380592435691
mp-973269,SbTeO3,125.028,40.829,110.4627984891071,0.702754502124999,False,3,6.794326249409314,14.534918982343067
mp-973396,KBeO3,92.168,27.945,76.13988825714651,0.6463002295000011,False,3,2.9747044245727032,10.729954867590624
mp-973471,KReO3,201.94,119.458,299.3474732171664,0.03743742071428,False,3,7.425354016710841,12.223824958841318
mp-973536,LuUO3,151.069,85.959,216.76378246959194,0.7046519252701591,False,3,10.390680186641083,14.734333371393172
mp-973869,LaCdO3,130.971,44.298,119.42924634101155,0.411376228749999,False,3,6.803894253349305,14.609977293424881
mp-973977,HoSnO3,90.383,34.59,92.0299069794825,0.8692622737187461,False,3,6.681846650800492,16.48342882527635
mp-974061,KSiO3,178.452,117.855,289.7733567560865,0.47014077249999,False,3,3.82825280800173,9.992245567970063
mp-974740,NdBiO3,116.027,22.598,63.66102021965095,0.8262384297500011,False,3,7.6340126024891735,17.45458162873492
mp-974842,KPtO3,119.312,51.104,134.1577450420497,0.13063624941666502,False,3,7.072388646410466,13.250735147892106
mp-975190,RbTeO3,122.161,88.194,213.26085354218492,0.14250681366666101,False,3,5.96841604373481,14.526812098364413
mp-975206,RbSbO3,117.294,105.897,244.2002461056536,0.096659121590906,False,3,6.192016145047547,13.689006420017893
mp-975208,RbRuO3,155.247,85.574,216.87413003818145,0.19918271774999802,False,3,6.184041013311599,12.595524178632218
mp-975216,RbReO3,195.873,126.82,312.92458102091297,0.146810710426466,False,3,8.394151231269237,12.647604037911947
mp-975255,RbPdO3,95.483,47.559,122.36139246065962,0.155602799000001,False,3,5.661576907486393,14.071700554086837
mp-975284,RbIrO3,141.653,78.796,199.41282586177806,0.044315119,False,3,8.392088349597639,12.888552224391606
mp-975288,RbNpO3,133.382,69.83,178.36354524486356,0.012339059000002001,False,3,7.709227977568612,15.959400023893261
mp-975299,RbInO3,74.482,11.05,31.58789446301856,0.29322044766667404,False,3,4.992028227764626,16.51774640690808
mp-975347,NdGeO3,149.618,70.624,183.06760765229708,0.45550857174999404,False,3,7.037782720688485,12.499502685010222
mp-975364,RbCuO3,84.711,31.992,85.2448014259502,0.42699596699999903,False,3,4.939032944011462,13.24737560156027
mp-975382,RbCaO3,40.141,9.212,25.672156655224285,0.42176365200000004,False,3,2.928769450282601,19.679021969190764
mp-975394,RbBeO3,84.653,13.871,39.457849632229404,0.7759267950000011,False,3,4.046856990886123,11.692559825166425
mp-975425,RbAsO3,102.651,101.456,228.94230147358752,0.2054534339,False,3,5.660117370269648,12.227158136776549
mp-975427,RbAlO3,112.414,41.005,109.67919013237382,0.37965470773332405,False,3,4.34258485798466,12.270544604107428
mp-975443,InCuO3,160.872,55.989,150.50651529785281,0.5169841406250001,False,3,6.919102679006056,10.865087388919019
mp-975463,RbAcO3,61.109,33.337,84.62281042074366,0.18033347099999902,False,3,6.006738421990205,19.92987984926145
mp-975913,PrNbO3,187.182,34.435,97.33617268000155,0.342085202349998,False,3,6.855145839496563,13.65281580632371
mp-975990,NaLiO3,49.933,13.061,36.040612900650856,0.46971100400000004,False,3,2.289246331384625,11.305388689302179
mp-976133,NaAsO3,126.053,121.985,276.69866447463124,0.304430911666667,False,3,4.709481155104125,10.28939418167657
mp-976185,NaBeO3,109.135,30.372,83.38108369179683,0.45979896599999903,False,3,2.8726689665531002,9.248777222928545
mp-976727,PrBiO3,114.926,23.371,65.66205507552648,0.765578476875,False,3,7.503595689079901,17.610374800697468
mp-976923,NaReO3,211.053,96.474,251.15385967739942,0.041938695600001005,False,3,7.268790548020449,11.751123970375968
mp-976968,NaPdO3,104.533,38.431,102.7065008862881,0.26455347162500004,False,3,4.63370517562955,12.715218277804578
mp-977117,NaTeO3,137.484,78.761,198.39742823581625,0.132665316062498,False,3,4.9043524683161035,13.447772495006825
mp-977123,NaTiO3,138.443,68.649,176.73481348945612,0.08988452819999401,False,3,3.321188014547365,11.885103696899913
mp-977176,NaTcO3,190.453,92.535,238.91180699780386,0.0,True,3,5.052351618909321,11.108139177194392
mp-977408,NbTlO3,176.002,93.616,238.55241463139976,0.090674097249999,False,3,8.267313088456405,13.870625385267605
mp-977455,PaAgO3,140.937,44.187,120.0181777459432,0.0,True,3,7.996811026447928,16.068063851247125
mp-978489,SiPbO3,199.931,116.389,292.42276744039924,0.42395193916669605,False,3,8.93326180430379,10.531509343079305
mp-978490,SiPdO3,232.071,87.065,232.1619585064307,0.7161838733333321,False,3,6.504851022798701,9.317800594875353
mp-978493,SiSnO3,203.42,116.859,294.2339837358121,0.489646943333336,False,3,6.323000798145838,10.231298685662441
mp-978504,SmGaO3,182.901,103.136,260.452501037833,0.210192991083328,False,3,7.727382864072236,11.521606045708841
mp-978851,SrAsO3,144.779,86.516,216.4359227574767,0.24607856972222003,False,3,5.56687622512511,12.560349784543432
mp-978926,SmGeO3,145.68,69.014,178.80628486288026,0.50829921546875,False,3,7.320124011921715,12.294958318886268
mp-978952,SnPbO3,146.405,80.046,203.11984083148934,0.11675427349999601,False,3,8.828742790401577,14.06517752668259
mp-979294,SrAgO3,110.647,45.527,120.10775409041297,0.11433576999999501,False,3,5.822637136845707,13.887819896151916
mp-980058,RbTbO3,60.84,12.55,35.227754139539655,0.258242987875,False,3,5.205596950118302,18.654047328803657
mp-981103,Sr3CdO4,89.762,54.665,136.32172016755618,0.018506386249998,False,3,5.622317029245783,16.217127814841014
mp-981250,SmPuO3,121.889,20.41,57.99306980213792,0.733932247125007,False,3,8.90159294072665,16.50385672366846
mp-981367,SrTlO3,98.451,43.398,113.51461244985256,0.24066696549999203,False,3,7.203327832753382,15.67569286199748
mp-981376,ScSnO3,112.688,44.097,117.0261345977219,0.6724758995000021,False,3,5.072076719298021,13.859274866088478
mp-982040,KBiO3,86.685,65.445,156.85990299539168,0.092868683500001,False,3,6.252348761231978,15.726802132865865
mp-982245,PbAuO3,132.88,48.968,130.83280584797413,0.329485498333334,False,3,10.514280914279322,14.282237075194772
mp-982558,HoGeO3,142.29,64.149,167.30483115724647,0.698465031343752,False,3,7.963830434741589,11.908784033936557
mp-982975,LiBeO3,112.446,16.251,46.512305286646374,0.5701234884285721,False,3,2.461513393735289,8.62833153330224
mp-983564,EuAsO3,164.961,78.314,202.84265581641216,0.276965650499999,False,3,7.140400682928812,12.785144950387703
mp-984240,CsCaO3,40.397,10.838,29.844989918881453,0.44561272699999904,False,3,3.568680556996517,20.5649488723409
mp-984357,CsKO3,38.067,33.016,76.8347449547267,0.708962462,False,3,4.027296458972959,18.142286746447684
mp-984553,BOsO3,286.217,59.98,168.19121163992943,1.7791229256666652,False,3,10.45298164634174,7.912370550455108
mp-984628,CaBO3,195.881,59.159,161.2442705974935,0.8975609750000011,False,3,3.897366577624401,8.426513417004648
mp-984729,BaSr3O4,79.071,49.114,122.06825708368405,0.044253557499999006,False,3,5.097083665801495,18.902884299940407
mp-985585,Li3ClO,51.628,38.236,91.99686139188069,0.029108939500000004,False,3,2.010312573896275,11.940046220925046
mp-985586,Na3BrO,31.663,21.887,53.36487156473527,0.0,True,3,2.93902544973586,18.630500284307058
mp-998552,BaHfO3,159.196,102.329,252.8177434977764,0.0,True,3,8.332451498508037,14.500638923156393
mp-3315,CaPd3O4,161.478,54.739,147.54503318600894,0.0,True,3,7.326711320290077,11.993192978270624
mp-1019564,Ca6Ge2O,41.392,37.095,85.68760756738656,0.08344484472222201,False,3,2.993319557007862,24.763189417846732
mp-23438,BaBiO3,109.77,56.631,144.96377381516862,0.024886166999999,False,3,7.543375453133814,17.35986381818341
mp-38843,CaTa2O6,203.358,107.446,274.0690615062994,0.09855069722222201,False,3,6.623522659262468,13.87141870001591
mp-5478,TlPd3O4,139.649,38.327,105.34372172264331,0.0,True,3,8.749107397040602,13.941431784116201
mp-12533,La2Hf2O7,160.548,89.983,227.45481958689848,0.0,True,3,8.0106159059454,14.073013415161775
mp-13801,Tl2Pt2O7,170.426,83.891,216.1988747633025,0.0,True,3,11.385389281494708,12.077963805228013
mp-14069,CsAlO2,92.213,47.586,121.80562992366409,0.0,True,3,4.754254032205877,16.755196992641217
mp-14070,RbAlO2,91.475,43.214,112.00452667965837,0.0,True,3,3.717626286838534,16.1300355883088
mp-14105,AlTlO2,96.438,34.159,91.65534921925477,0.028415957045457,False,3,6.618871080493953,16.518134486182912
mp-14476,LiRhO2,124.841,39.318,106.74748500511068,0.008763964999999001,False,3,6.201423547127447,9.49538683632974
mp-16293,KSbO3,112.518,73.035,180.1309074768199,0.044722969999998,False,3,4.621424829037074,15.008980580372462
mp-19784,In2Si2O7,230.416,91.928,243.4128962480975,0.13430547712121302,False,3,6.073292061709965,9.887809287719028
mp-23341,Bi2Pt2O7,179.413,76.076,199.96453039889957,0.0,True,3,10.78713027153947,12.876479201507237
mp-23445,Bi2Ru2O7,178.102,94.649,241.2169166029366,0.0,True,3,8.949321979397997,12.349081839268306
mp-27719,Al2CuO4,188.445,33.92,96.00001601989136,0.062960076428572,False,3,4.60121013657138,9.357753391991187
mp-3370,Y2Sn2O7,164.271,91.448,231.40392679299148,0.0,True,3,6.219571875504394,12.796581768008117
mp-3536,MgAl2O4,182.861,98.235,249.94689853250836,0.0,True,3,3.582135921104363,9.421263100722216
mp-4408,Sm2Zr2O7,162.119,87.474,222.41875509339857,0.0,True,3,6.594906096469872,13.623362230697795
mp-4590,Mg(GaO2)2,162.924,75.837,196.95223861468733,0.011954756428568001,False,3,5.189577976331799,10.410575343457706
mp-4788,K(OsO3)2,129.08,80.552,200.0437575674659,0.037663771111105006,False,3,6.575930828779535,14.465188657272673
mp-504543,SnPbO3,106.995,46.81,122.55719504071563,0.155305781999995,False,3,7.981674139050671,15.557868251833535
mp-5146,Zn(RhO2)2,168.078,56.385,152.14201136600792,0.0,True,3,7.171915971174942,11.087730906599006
mp-5302,Gd2Ti2O7,183.909,95.771,244.81672460918801,0.010444198863641,False,3,6.562730100117137,12.01250326968243
mp-5373,Y2Ti2O7,186.139,98.422,251.02278324216437,0.010947579090913,False,3,4.968312031934068,11.714363100871793
mp-5548,Ta2Cd2O7,155.679,84.063,213.72091089275995,0.0,True,3,8.229125851151258,12.817457315412348
mp-558411,Y2Zr2O7,161.026,86.846,220.83677115545237,0.059569627045453,False,3,5.255176748234298,13.565821850723433
mp-559998,Cs(OsO3)2,134.549,83.735,208.04655205772883,0.0,True,3,7.649243942070027,14.698172473556513
mp-561442,Y2Hf2O7,169.817,95.728,241.756861992898,0.000279715795446,False,3,7.574199213523588,12.890842633969475
mp-5639,Mg2SiO4,173.178,116.187,284.85654960902656,0.07170602142857001,False,3,3.448250693323899,9.678878187771332
mp-5794,Zn(GaO2)2,168.278,76.893,200.18772084843923,0.0,True,3,6.151538832288072,10.367678667274893
mp-5889,Er2Ti2O7,193.302,102.343,260.9721073596297,0.013926795000006001,False,3,7.125983581419237,11.487073333168642
mp-5977,Nd2Zr2O7,158.964,86.085,218.76514219941487,0.0,True,3,6.314339087785746,13.936164993960979
mp-752849,Y2Pb2O7,139.254,70.675,181.34577857533313,0.0,True,3,7.696285549852605,13.812614329201422
mp-754596,RbGaO2,78.145,24.897,67.52033912128083,0.0,True,3,4.256387156615788,18.257011887305012
mp-754711,Nb2Pb2O7,146.353,77.006,196.54603986319555,0.049669543251679,False,3,7.371597990512237,14.584849716057418
mp-754826,CsScO2,62.741,14.836,41.2561338527226,0.0,True,3,3.777341310414576,23.063907391571004
mp-755450,La2Ce2O7,133.226,60.716,158.12662272748994,0.010421526136362,False,3,6.374108830687526,15.868535628909667
mp-756297,ZnIn2O4,137.377,58.558,153.81855385190644,0.029570022142857002,False,3,6.423869048604607,13.258682120043362
mp-776165,AgAuO3,123.896,56.909,148.05791262188023,0.059424401833331,False,3,8.569172736555055,13.674433857765951
mp-3050,Y3Al5O12,170.395,103.015,257.21128024259195,0.0,True,3,4.559870632408558,10.80870522986165
mp-3384,Er3Al5O12,173.762,105.755,263.7559629912557,0.0,True,3,6.494210294366633,10.594447118014454
mp-20940,TiCdO3,146.93,62.805,164.91714145295327,0.039568167499999,False,3,6.029352450479733,11.47223585230871
mp-4681,NaNbO3,92.741,54.97,137.70323785313616,0.0024077749999980003,False,3,4.507759326646763,12.07486691517202
mp-27198,Cd(NO3)2,24.793,12.29,31.64169114677682,0.0,True,3,3.596364370031054,12.129100211075269
mp-27367,SeOF2,8.58,5.136,12.844990283715507,0.0,True,3,3.490678408496357,15.812039168142354
mp-761842,Hf3SnO8,182.505,77.664,204.0481444194383,0.025992440625000002,False,3,8.720930515443603,12.411065484216481
mp-13725,Li3PO4,70.982,43.757,108.89484877854953,0.0,True,3,2.5354446569738043,9.47965188592012
mp-23803,GaHO2,132.704,86.963,214.11749021903827,0.01438289,False,3,5.419444799122645,7.869198455498476
mp-23807,AlHO2,157.945,134.235,313.80552185603636,0.041692816874999004,False,3,3.423455784202743,7.274292880679241
mp-5540,SrB4O7,147.126,118.908,281.01741908953636,0.006822391794012001,False,3,3.999762976752317,8.402126741647407
mp-755543,HoHO2,107.968,59.121,149.9865156373605,0.02214725,False,3,7.118652668114439,11.542992620294823
mp-777422,DyHO2,106.131,56.792,144.58607291869342,0.0079306553125,False,3,7.051926201481378,11.509145525566165
mp-3660,LiB3O5,83.932,47.464,119.80797979014903,0.00656846972222,False,3,2.488007023255999,8.852253008858392
mp-1374018,Ca3Sn2O7,128.105,63.424,163.31921874127565,0.035545836875003005,False,3,4.7910978686996355,13.564598725478618
mp-21521,Cs2PbO3,35.148,13.531,35.97636723681446,0.00027167166666600004,False,3,6.347552521454678,22.716261319879703
mp-22756,K2PbO3,39.098,17.293,45.213099526700205,0.029962987083331002,False,3,4.960945005079536,18.599113993887737
mp-28264,RbH3O2,23.952,10.843,28.26399139046421,0.0,True,3,2.935347178495221,11.360328517347115
mp-3258,Ca3Ru2O7,148.022,60.41,159.52806710329133,0.001732184583336,False,3,4.947587796119716,12.148816284724296
mp-3281,Al5BO9,159.267,78.213,201.63296039128508,0.0,True,3,2.9438567640114313,10.89455725837899
mp-3998,LaTaO4,122.275,67.187,170.35845512336064,0.005694672916646001,False,3,7.751849662533911,13.704245351643621
mp-4163,Ca3Ti2O7,129.623,65.502,168.17774839063233,0.002560221250003,False,3,3.791381905306774,11.9700572669893
mp-4187,Ge2N2O,84.757,60.474,146.5642134489825,0.0018014144999980001,False,3,4.5475319138765,13.824118021775664
mp-4533,Na2SiO3,61.337,35.839,89.99004178758244,0.0,True,3,2.667359062327591,12.664885097229435
mp-5012,Li2SiO3,76.805,51.443,126.1618138743623,0.0,True,3,2.572720375463253,9.677924382351865
mp-5784,Na2GeO3,53.912,28.066,71.74765138407393,0.0,True,3,3.379495299398916,13.644801938158992
mp-625054,AlHO2,106.355,79.123,190.2019648633309,0.007370145624999,False,3,3.146310424072464,7.915054995149655
mp-625136,CsHO,24.052,9.372,24.883942890785985,0.0,True,3,4.493299875036081,18.46720335137711
mp-625150,ScHO2,82.391,49.224,123.1474382534236,0.009073969999999001,False,3,3.051696594187174,10.6055783550316
mp-626620,RbHO,26.262,13.038,33.56024137480397,0.0,True,3,3.645788863148711,15.558038759485465
mp-626785,KHO,30.922,17.006,43.114234850417226,0.0,True,3,2.310257139360979,13.442314203801194
mp-753798,Rb2SnO3,43.223,18.638,48.88718985617672,0.0,True,3,4.8604569804682445,19.225583202990084
mp-754150,La3GaO6,114.302,44.069,117.15116878868145,0.0026923162499920003,False,3,6.138269291407502,15.756190717237919
mp-754718,NaCuO2,59.984,20.992,56.39709148817581,0.099096411249999,False,3,3.41279081808939,14.418645437389994
mp-4117,Li2Si2O5,78.037,49.052,121.66433579245876,0.0,True,3,2.469345038000238,11.21142485193436
mp-20337,ZrPbO3,118.685,34.182,93.56369598474772,0.032901308812498004,False,3,7.533522789829773,15.271676018929696
mp-5246,KNbO3,103.853,50.363,130.0643170379253,0.00035340000000100004,False,3,4.501553297504891,13.279941148589145
mp-5777,BaTiO3,97.867,51.278,130.96134074269526,0.0,True,3,5.905237274567591,13.114621483342678
mp-644497,BaTiO3,22.363,23.855,52.79319454829346,0.714272597999968,False,3,3.471516277603287,22.308681691893888
mp-752415,NbO2F,139.921,52.116,139.08036917091036,0.061532237499999004,False,3,3.7448028989616553,15.952610068849065
mp-3094,SrAl2O4,83.129,45.935,116.37052280222946,0.0,True,3,3.555923830251846,13.714529095865126
mp-5724,AlPO4,26.709,29.63,64.8932553732336,0.007523735555555001,False,3,2.211096237666642,15.264491302377055
mp-770118,Ba3Ti2O7,86.219,47.62,120.64810292643588,0.03187073125,False,3,5.789035589565231,14.813261746752408
mp-25886,CuPO4,59.509,44.354,106.58225543675773,0.086279063333346,False,3,3.7121196105101113,11.818237734496678
mp-1105595,Zn2SiO5,89.508,31.475,84.5182107273691,0.427653938125001,False,3,3.516061088575354,14.103267949797292
mp-1189355,Zn2SiO5,91.797,31.336,84.40390682267945,0.42665608125000004,False,3,3.497523320185372,14.178018878057388
mp-2220557,Ta2CuO6,133.739,76.212,192.13883113928986,0.09426416444445301,False,3,7.7209448336879785,12.46059983801852
mp-2626703,BaCO3,50.172,19.045,50.71762763843102,0.043856836000002,False,3,3.9253764760918113,16.695671010843782
mp-2964,NaNO2,23.903,13.819,34.75867567346366,0.010066423249999,False,3,2.248125868134359,12.740538889974713
mp-29761,UCO5,38.531,24.118,59.863689487585084,0.00048752142856900004,False,3,5.780616770313662,13.543752116251655
mp-753081,Li3(CuO)4,61.32,23.563,62.66268529271454,0.043869513409089005,False,3,4.109560342605921,12.452789352514475
mp-2349989,NbAgO3,117.29,40.927,109.98798481149296,0.06677289328571501,False,3,6.029416907730857,13.702715410739582
mp-27418,KAuO2,46.429,18.352,48.646496564936335,0.027925331249999002,False,3,6.507824846656682,17.09980697080806
mp-996954,CuPtO2,172.104,33.467,94.28923460517773,0.02377987171875,False,3,9.703113866394776,12.434165024860981
mp-996971,CuPdO2,155.3,28.501,80.57396263357073,0.066066842499999,False,3,7.181934577640929,11.674098282729545
mp-996975,CuAgO2,111.192,14.729,42.3184356009819,0.0,True,3,6.61680193408205,12.762027506614695
mp-997084,RbAgO2,40.617,18.339,47.81993342606462,0.04847467999999901,False,3,5.037523704619208,18.569502616999703
mp-1019509,B2S2O9,32.078,30.371,69.25609922198966,0.0,True,3,2.710548110379561,10.826740263560175
mp-23349,Bi(BO2)3,51.828,25.333,65.35131384770236,0.018676021999998002,False,3,4.9633418791379365,11.288405433216017
mp-25317,Li3(CuO2)2,69.336,33.635,86.85973622244386,0.030003342222222004,False,3,3.517247898573539,11.116303338170601
mp-549720,NbI2O,12.477,8.811,21.39642798754379,0.0,True,3,5.271009533107264,28.5667270571138
mp-550070,NbBr2O,15.153,10.177,24.946234973757996,0.0,True,3,4.633206536333692,24.076723427100255
mp-768241,Dy2Ge2O7,125.554,48.501,128.90456362853777,0.006280856363642001,False,3,6.245288404782747,14.074489595815015
mp-996960,AgNO2,19.738,8.52,22.34490566037736,0.06939017819444601,False,3,3.945509421071105,16.190133066703147
mp-16053,CuSiO3,31.454,19.986,49.47840623360269,0.091200764333335,False,3,3.679809081971686,12.601771806237533
mp-759636,Nb5O12F,177.534,52.642,143.720744598834,0.042692419761907005,False,3,4.916729940910519,12.674780423568496
mp-996964,CdAgO2,111.634,32.744,89.48307138932562,0.029849441249999,False,3,7.70151218016474,13.598546131064932
mp-997085,SrAgO2,80.968,31.012,82.50272544867771,0.015618556249998002,False,3,6.224173178264614,15.172740210811279
mp-997012,CuPdO2,136.396,35.461,97.89889779129153,0.0,True,3,7.234760825313934,11.588857205362524
mp-20944,Sr2PbO4,91.606,44.253,114.34622031460083,0.0,True,3,6.725802950749754,15.745907026748279
mp-23426,Al4Bi2O9,107.974,70.056,172.79654928955424,0.0,True,3,6.236129956572592,11.891611184311005
mp-542903,ZrPbO3,111.123,61.413,155.5784488426524,0.025845979812496003,False,3,7.747064328868598,14.850724667250287
mp-24834,H4N2O3,24.063,10.798,28.17899750563341,0.216484516222219,False,3,1.634427318869252,9.035793269227819
mp-3671,NaNbO3,101.993,59.156,148.7161766798581,0.0017411069999990001,False,3,4.517336614270683,12.049266769922314
mp-5611,BaUO4,90.551,40.544,105.83605126250413,0.0,True,3,7.447472308714998,16.326874344312802
mp-768342,SrNb2O4,147.015,72.302,186.35602578762513,0.0,True,3,5.8695534146461394,13.637355238225979
mp-27891,Bi2SO2,43.238,25.849,64.66146550272238,0.0,True,3,8.981083721992539,17.824590085987023
mp-28254,LiRuO2,196.978,103.758,264.78265175934087,0.10001917343749901,False,3,6.442863306773074,9.021289585736096
mp-4753,Al2SiO5,142.634,88.811,220.63933666464752,0.0020398487499990003,False,3,3.1566437736607282,10.65542356076076
mp-996987,LiCuO2,78.449,43.139,109.36960098173697,0.021594026249999003,False,3,4.492561345610563,9.470192034107084
mp-22992,TiClO,22.827,12.826,32.408180328876966,0.032883693888887004,False,3,3.092474823149675,17.776888867634902
mp-23002,TiBrO,25.612,14.541,36.6811870383138,0.019367939999995,False,3,4.21556432523992,18.87737500064687
mp-27226,MgCu2O3,98.437,54.6,138.24070063530442,0.052433773333335,False,3,5.332294341983084,10.349001075879052
mp-27863,AlClO,32.289,20.406,50.56580803765572,0.0,True,3,2.8907438422405822,15.018351250343024
mp-3255,SrCu2O3,96.392,42.367,110.85910055709213,0.016868855000002,False,3,5.498802964218518,13.222288351755152
mp-546279,ScBrO,22.781,13.41,33.63104583318044,0.0,True,3,3.709573977713806,21.017902313996633
mp-7466,CaCu2O3,77.591,29.185,77.80041081012986,0.031314935555555,False,3,4.689780282794252,12.697652499870758
mp-753059,TiOF,38.582,27.664,66.98272109336865,0.068626112777776,False,3,3.431372776272583,13.366879859396725
mp-754010,ZnCu2O3,90.85,35.895,95.15325827943396,0.09673671833333401,False,3,6.08059218685493,10.94625613245868
mp-754113,TmClO,17.642,13.897,33.02063460185864,0.035026393333332004,False,3,5.16562656790815,23.615113665274492
mp-754978,CdCu2O3,75.269,27.57,73.7103090256811,0.039499720000002,False,3,6.55629673971795,12.13609331729032
mp-755689,ErClO,19.511,12.683,31.272777423612666,0.0,True,3,5.533488232375329,21.877629972229375
mp-17177,Nb2ZnO6,143.453,58.521,154.54736769145802,0.0,True,3,5.539508444555091,11.564791053691827
mp-28364,Rb2CdO2,36.278,14.225,37.74198514533679,0.0,True,3,4.91926266507445,21.289505839578034
mp-4643,Nb2CuO6,105.183,54.339,139.068721702245,0.042936651984136,False,3,5.360809076771303,11.886177105384194
mp-15960,Li5AlO4,80.916,54.227,132.97579724892668,0.0,True,3,2.309591473156702,9.036378278276958
mp-657338,MgSiO3,67.946,54.694,129.36946573731686,0.133171193791669,False,3,3.023802155026888,11.025811190593922
mp-1105765,NaNbO3,111.184,84.477,202.21663308526442,0.025218161999998,False,3,4.409082467416359,12.345106801048436
mp-11649,Ca3SiO,58.542,46.042,109.4362599743761,0.0007115155000000001,False,3,2.608699415699829,20.91907953738241
mp-1340758,YCuO3,118.951,56.266,145.80804246234135,0.023366516806816003,False,3,5.958386637879136,11.172659954990829
mp-1345518,CaTi2O4,155.411,86.945,219.83861352946067,0.06920644071428901,False,3,4.30243737025234,11.016733676715225
mp-17275,SrY2O4,112.287,62.641,158.4571033511722,0.004161349464283,False,3,5.339589150916533,14.63542838413739
mp-17612,Ba2SiO4,71.162,30.552,80.18125380473532,0.0,True,3,5.376656001946446,16.180563891149568
mp-19893,PbCO3,57.971,21.437,57.2537442692603,0.0,True,3,6.604025394102395,13.437586650998057
mp-20489,SrPbO3,105.376,50.244,130.0607188758966,0.0,True,3,7.669326838228552,14.845188524341973
mp-20525,CuSO4,63.477,28.551,74.48551224758201,0.0,True,3,3.938655067943314,11.215178408761128
mp-21455,EuAlO3,177.251,105.877,264.8891004861754,0.111482013999999,False,3,7.023941445821058,10.730412454954823
mp-22212,NaSbO3,128.735,94.186,227.15936058335816,0.09189561500000001,False,3,5.416017515922947,11.819220748687481
mp-22220,LaLuO3,146.049,71.956,185.41729140193254,0.011375043874998,False,3,8.359650151374474,14.376208901347814
mp-22390,SrRuO3,166.165,71.269,187.06292511460887,0.0,True,3,6.458339792097221,12.17123952456534
mp-22414,CuSeO3,27.12,28.384,63.12843271613938,0.028767922499999002,False,3,5.140191656939322,12.30847748738385
mp-23013,U(ClO)2,24.898,15.1,37.68223043855937,0.0,True,3,5.325198850683248,21.262445232565824
mp-23526,KClO4,16.231,8.709,22.16302587017874,0.0,True,3,2.603074303813576,14.730394028540523
mp-2719342,Ca2SiO4,99.117,45.967,119.4373736623189,0.042935418571429004,False,3,3.052476690777724,13.385372100822224
mp-27425,Sr(HO)2,41.76,25.359,63.26998028399019,0.0,True,3,3.491579366354153,11.569500034266316
mp-2878,Li3PO4,70.849,42.146,105.5153364481945,0.0024853862500000003,False,3,2.485958446003669,9.668356590097376
mp-2879,SrSnO3,137.515,74.953,190.28684457167006,0.0,True,3,6.345516909051056,13.31087499698159
mp-2892,BaNd2O4,97.689,48.593,125.04540828016154,0.0,True,3,6.729705196205993,17.265590006086384
mp-2895,Mg2SiO4,119.124,74.609,185.16902975825326,0.0,True,3,3.235690304073053,10.314707306681271
mp-29356,NaTi2O4,143.935,77.985,198.16579135526393,0.0,True,3,4.15060229787068,10.443096144925486
mp-30206,CsClO4,12.446,5.747,14.94126628757108,0.0,True,3,3.3614157362010753,19.13064473527169
mp-30301,LiClO4,30.023,18.037,45.082822960797735,0.0,True,3,2.5571311802616483,11.51468812144943
mp-3031,BaSi2O5,58.4,34.2,85.84297994269343,0.0,True,3,3.730498523320041,15.217441086653572
mp-3081,BeAl2O4,214.562,147.365,359.73706141576207,0.0,True,3,3.713486081513497,8.111107478885184
mp-31116,LaScO3,153.924,79.013,202.40571226642749,0.0,True,3,5.761036661691382,13.366062966990757
mp-31118,SmScO3,162.11,81.837,210.1483624180919,0.0,True,3,6.338811595774986,12.747897056930608
mp-31119,TbScO3,163.461,82.231,211.2663214992997,0.018404450750001,False,3,6.766676755732844,12.36221861405857
mp-31120,DyScO3,164.678,82.262,211.55912018129567,0.025833509374999,False,3,6.776053476754478,12.520312425361396
mp-3164,BaSO4,51.775,20.306,53.87481908091396,0.0,True,3,4.423713821516306,14.60132685547106
mp-3196,NdGaO3,161.789,76.582,198.4363826290286,0.033597412833332,False,3,7.258699431487926,11.98562171411967
mp-3372,Rb2SO4,25.157,13.378,34.09102087811906,0.0,True,3,3.66539833840524,17.27978013687163
mp-3378,SrHfO3,155.349,92.483,231.50819849068088,0.0,True,3,7.701226062859422,13.545607769744496
mp-3472,PbSO4,38.265,20.584,52.36278034259375,0.0,True,3,6.342855902046492,13.232193891719227
mp-3792,YAlO3,190.06,111.803,280.4226844657418,0.018835838049996,False,3,5.36466564646124,10.145587451570243
mp-3822,SrCO3,60.547,29.338,75.77508175695212,0.0,True,3,3.794093427062427,12.92237845597739
mp-3917,Cd2GeO4,99.731,33.82,91.15596622354082,0.0,True,3,6.186916845450345,13.85914830534671
mp-3952,BaY2O4,113.773,59.353,151.6824729978636,0.0,True,3,5.742744149625184,15.661269279557331
mp-4019,CaTiO3,172.274,102.365,256.32555607595117,0.0,True,3,4.02925941391082,11.204986884650033
mp-4056,CaSc2O4,144.156,82.699,208.2703538774805,0.0,True,3,3.890668788564247,11.827701959545182
mp-4112,Tl2SO4,23.802,8.835,23.58664560511459,0.0,True,3,6.909226215607243,17.332695698704505
mp-4355,YTiO3,184.267,77.988,205.03771176098508,0.057953292749992,False,3,5.211419462472947,11.774893543345998
mp-4387,SrZrO3,145.804,82.978,209.24060571494456,0.0,True,3,5.415575897777201,13.910998301560914
mp-4438,CaSnO3,143.373,77.611,197.24242634274125,0.0,True,3,5.520396786842774,12.440285609619917
mp-4471,ScAlO3,205.767,116.509,294.0316520993173,0.028020217374999,False,3,4.169314922966967,9.553503967873123
mp-4481,Ca2SiO4,89.257,49.717,125.79471482701709,0.0,True,3,2.962860651405768,13.790232191905625
mp-4529,K2SO4,28.688,16.186,40.87135170660147,0.0,True,3,2.711376435408318,15.24603655386922
mp-4571,CaZrO3,149.043,85.19,214.66969717406295,0.0,True,3,4.603084505750543,12.936325039318259
mp-4626,CaCO3,71.259,33.183,86.1730100947522,0.0009960544999980002,False,3,2.956192646199382,11.244071522250836
mp-4789,PrRhO3,178.185,61.536,165.55044353966088,0.0,True,3,7.844914415455231,12.353586568073917
mp-504935,K2PbO3,38.231,19.096,49.111157000949255,0.028354733333332,False,3,4.986509577426001,18.50376104451622
mp-505782,Cs2SO4,21.231,10.568,27.192239156488597,0.0,True,3,4.257384320219069,20.163456681724206
mp-5126,ZnSO4,71.11,32.925,85.56849911676919,0.0,True,3,3.934361835386675,11.358466386034044
mp-5158,KNO3,17.312,8.418,21.731645690426483,0.0,True,3,2.192798410004667,15.312471299400034
mp-5163,LaRhO3,173.36,58.779,158.4312362077812,0.0,True,3,7.6807669369413905,12.5310259403746
mp-5223,GdAlO3,184.501,108.981,273.1597009573061,0.008384388900003,False,3,7.448380870596259,10.354641097743318
mp-5285,SrSO4,60.595,25.048,66.04387133581197,0.0,True,3,3.977668031930241,12.780190583452992
mp-5504,BaCO3,51.872,21.914,57.62691979947052,0.0,True,3,4.2447257704252515,15.43958262160443
mp-553939,CaCO3,72.622,29.508,77.96441737611875,0.012689929999998,False,3,2.672062038888523,12.43969678235624
mp-556075,SrDy2O4,113.78,63.877,161.42295495993503,0.004650261428571,False,3,7.753270820688615,14.58264081486136
mp-556084,KClO3,15.73,8.247,21.060443205801178,0.050906849375001006,False,3,2.198744989889655,18.510398730005456
mp-557753,K3PO4,36.838,19.669,50.091790771452494,0.0,True,3,2.6360072462373703,16.7145035865927
mp-560445,SrEr2O4,120.303,68.24,172.16698740996713,0.0,True,3,8.129407715950551,14.185661027066091
mp-5637,SrZnO2,92.231,50.077,127.20833027205678,0.0,True,3,5.566117779030704,13.799828826140825
mp-5690,GdScO3,162.616,80.921,208.22415431220756,0.011744571875,False,3,6.603534803754681,12.583372843396813
mp-5692,TbRhO3,185.684,68.207,182.2997146654426,0.0,True,3,8.964942818652476,11.47766922555557
mp-5788,NaUO3,83.733,53.954,133.24323384662776,0.0,True,3,7.322682820773149,14.01493449443377
mp-5915,TlNO3,21.657,8.29,22.055783704836134,0.0,True,3,5.932115907138609,14.913667227875298
mp-625152,AlHO2,144.446,113.213,269.28591290108335,0.0,True,3,3.410058985226262,7.302870755678092
mp-7405,SmAlO3,179.771,110.879,275.9115128777346,0.0,True,3,7.181448769432935,10.420890024180416
mp-753360,BiOF,44.218,27.419,68.1671492256658,0.05585297666666501,False,3,8.777057167826307,15.386149368969242
mp-753656,SbOF,19.518,13.074,32.062950075389516,0.098068197083333,False,3,5.378809506193075,16.13135495926415
mp-756630,DyAlO3,191.925,113.32,284.0544032390309,0.012823482999998002,False,3,7.795573824413557,10.117135501591418
mp-770771,SrSc2O4,141.067,81.465,204.94388049720013,0.0,True,3,4.567597786500767,12.543919240084975
mp-777413,CeScO3,160.352,87.319,221.71275406553775,0.013483153500001002,False,3,5.87882560903576,13.166644223566838
mp-7899,BaCdO2,78.484,36.031,93.7469861317283,0.0,True,3,6.800727731381949,17.197974296928805
mp-12630,MgSeO4,60.907,39.538,97.51357062706121,0.0,True,3,3.840585880486441,12.05311248179971
mp-1524357,BiPO4,71.431,40.169,101.48394082810006,0.002346614166667,False,3,6.351490661984168,13.24423409725029
mp-20343,NaAuO2,40.105,13.28,35.879708072906915,0.026322699999999002,False,3,6.533399928762173,16.009327253284038
mp-23891,NaHO,33.109,24.155,58.28971878492412,0.009200603333333,False,3,2.157301407155077,10.262321603930152
mp-2654140,CaSn2O5,122.592,44.726,119.62959725771026,0.06952604156250501,False,3,5.003367873346234,14.830870641567136
mp-28232,MgTi2O5,162.509,72.047,188.31213263482576,0.0,True,3,3.6484799494604223,11.380341859063874
mp-3047,MgGeO3,161.312,45.242,124.12212438158804,0.14140730150000302,False,3,5.2779370042791545,9.120375853022862
mp-31368,KClO2,17.963,7.959,20.804353463329452,0.338457826562502,False,3,2.281792092918976,19.385048724333892
mp-3143,Na2SO4,42.966,23.265,59.12367599219258,0.003615757857144,False,3,2.780840892391499,12.116916599252468
mp-3982,KCuO2,34.178,17.182,44.147963212937285,0.0,True,3,3.24332273163737,17.233879118565042
mp-4243,CaIrO3,154.842,70.601,183.8591593733824,0.0,True,3,8.14993901333421,11.421872186793518
mp-4391,MgSiO3,199.288,108.878,276.31400111497544,0.26111877616667,False,3,3.959698965653851,8.41979956765026
mp-4406,CaSO4,64.243,31.298,80.77640965597895,0.0,True,3,2.9787166822786633,12.649003428845356
mp-4673,SrHfO3,154.945,91.224,228.77486763095283,0.0037482720000010005,False,3,7.688237171096568,13.568492395864606
mp-4699,NaTaO3,127.767,47.441,126.64785004248485,0.0033295580000000003,False,3,7.095054121960283,11.792702714180402
mp-4784,CaPtO3,147.319,68.474,177.86476694009573,0.010547281666654001,False,3,8.18146661006258,11.494236831033714
mp-4930,TiAl2O5,184.787,94.223,241.60427871948738,0.015628173437493002,False,3,3.7223424786500523,10.139145134685213
mp-541037,CsCuO,13.66,6.941,17.806943511195506,0.0,True,3,4.526602670573323,25.978492406367867
mp-548658,RbPO3,23.454,14.52,36.10858273838977,0.05178050174999901,False,3,2.763499679452859,19.761800656873497
mp-553310,CsCuO2,29.967,12.092,31.975220613179335,0.0,True,3,4.322830688737202,21.938782441961532
mp-5787,SrCuO2,86.243,41.969,108.33391709622279,7.25637499989773e-05,False,3,5.326848344957455,14.274496209090257
mp-5839,TiPO4,102.75,63.424,157.80319312085322,0.071778937178557,False,3,3.386626539042294,11.672809582818047
mp-754358,ZnSeO4,63.922,30.51,78.96642903417374,0.0017162800000000001,False,3,4.751496146661337,12.136558983908499
mp-755920,Ti3NO4,183.115,75.836,199.91071747222003,0.038901978124998,False,3,3.9587906822848273,11.619213023256822
mp-7572,MgSO4,72.292,48.378,118.66392734511072,0.0,True,3,3.039900201343193,10.958424559714517
mp-761036,CdSeO4,52.257,20.744,54.95970972593865,0.0,True,3,4.90581288409221,14.406363318434922
mp-8459,CdSO4,62.326,26.036,68.56111628343676,0.0,True,3,4.404317564057447,13.099969598764474
mp-9172,Li4TiO4,79.937,43.617,110.71421722977263,0.0,True,3,2.6246173708762033,9.815557527121705
mp-996979,BaAgO2,67.271,27.745,73.17499305186489,0.042978081250002007,False,3,6.275750496286458,18.336112401994317
mp-997024,CsAuO2,25.856,10.8,28.44019554589897,0.0,True,3,6.049267644993321,24.833610877855495
mp-997034,BaCuO2,76.627,34.529,90.05969194432889,0.0,True,3,5.800540355348222,16.666237010700343
mp-997041,NaCuO2,48.702,22.051,57.47813185297074,0.012695015,False,3,3.85603629174544,12.761244198699453
mp-16115,Pr2CuO4,124.593,50.075,132.47710361350843,0.062989571428572,False,3,7.120850347451016,13.637144292419446
mp-36480,La2CuO4,120.072,51.158,134.38814894475587,0.057945182857141,False,3,6.919921389386846,13.895844261344674
mp-2224869,CuTeO4,67.337,37.194,94.23210803285885,0.0,True,3,5.4787526655445955,12.888454156649717
mp-2724101,Li2HfO3,124.693,45.772,122.34586070772727,0.0,True,3,6.157419275610841,10.803879831264174
mp-3988,BaCu3O4,77.551,32.974,86.64217141329759,0.013762875624996002,False,3,5.385531160011859,15.10689453388744
mp-545598,UCdO4,114.796,40.843,109.53821798349561,0.0,True,3,8.016393843600824,14.307964600333419
mp-546142,Na2UO4,42.279,24.83,62.294949659451284,0.035749181428572,False,3,4.884324656788869,16.901814321564018
mp-5938,SrCu2O3,96.447,44.756,116.28131167894355,0.016883948333335,False,3,5.509339820316935,13.1970001404271
mp-603719,AlPO4,233.171,172.168,414.48794060212396,0.36749517055555403,False,3,4.077208014965226,8.278032213391729
mp-675025,SbRhO4,187.689,94.281,242.27587135124776,0.030505260000005002,False,3,6.837297727841615,11.684351862286057
mp-675172,TaAlO4,208.145,120.083,302.1445879280286,0.078506236249999,False,3,7.08305043969182,10.62502287430205
mp-676861,AlSbO4,197.857,120.349,300.18353434138277,0.0,True,3,5.789865919533531,10.168964634348363
mp-752953,ZrTi2O,133.961,72.906,185.1328611109356,0.119827612499996,False,3,5.532622801807844,15.228703619802094
mp-753315,Mg3ZnO4,155.464,99.01,245.01578657309312,0.033079269999999,False,3,4.290882771181038,9.787115458893872
mp-753459,Nb3O7F,212.133,90.785,238.35294732144826,0.027593610714291002,False,3,4.883744217035728,12.664370581557984
mp-753495,Sb3O7F,169.58,105.424,261.9824953595457,0.039981818318183,False,3,6.022280679356169,12.439906619434776
mp-753747,Ta3O7F,233.926,118.214,303.51509950828785,0.0,True,3,8.407120576659757,12.099419479477502
mp-753823,CeTh3O8,184.155,82.439,215.2041669370487,0.005250926666667001,False,3,9.302258816349953,14.343594246906862
mp-754478,HfZrO4,204.4,98.032,253.55955187618102,0.039559816249999005,False,3,7.102128807366551,13.004109138911042
mp-754534,Li2CeO3,95.497,38.795,102.50442698117965,0.0,True,3,4.468165299205542,12.511570146565019
mp-754631,NaCu2O3,69.185,36.587,93.31227054337229,0.08227667083333401,False,3,4.378109997287469,12.521366811407795
mp-755287,Ca3CdO4,109.381,63.525,159.6654621388523,0.0,True,3,4.511627811561035,13.647696759680208
mp-755594,ZnReO4,150.108,65.836,172.31593419094855,0.14866467333333502,False,3,7.649351327369402,11.41902300645796
mp-760401,Nb3O7F,188.369,60.171,163.1420902238684,0.062803756168834,False,3,4.147533186203212,14.912369308056173
mp-760403,CaCd3O4,120.187,49.517,130.61343722657642,0.0,True,3,6.888620073323583,13.297477632065695
mp-8207,Zn(PtO2)3,193.672,63.614,172.00914551292988,0.0,True,3,10.989845397667144,11.281812775356885
mp-8208,Mg(PtO2)3,187.744,69.992,186.76677199853452,0.0,True,3,10.401985589608127,11.263224450559864
mp-8212,Cd(PtO2)3,192.406,71.033,189.7483823117897,0.0,True,3,11.145619979204346,11.824397761033273
mp-867744,LiTi3O4,193.852,81.153,213.6458720252781,0.088450979374998,False,3,4.744328146466423,9.386244377880814
mp-997005,CaAgO2,97.227,39.248,103.77962543022822,0.014339126249999001,False,3,5.63474358924169,13.257289245150439
mp-997037,CdAuO2,113.831,28.905,79.94796271848121,0.0201357375,False,3,9.422285778064223,15.040639036290681
mp-997031,MgCuO2,136.108,63.634,165.16272263209862,0.04267424624999901,False,3,5.11881860218575,9.719785486206552
mp-615141,Pb(ClO2)2,16.556,9.506,23.9367293743874,0.207838965119052,False,3,4.695803408553931,17.282190780622944
mp-27175,InOF,135.341,57.034,150.02763665380286,0.0,True,3,6.544948070996765,12.67007730283234
mp-4770,Na2SO4,42.716,21.97,56.263970210101384,0.0,True,3,2.738780212902371,12.30300153702028
mp-5141,Na2SeO4,37.641,21.775,54.76469565249669,0.0,True,3,3.276391010934587,13.679576908313077
mp-5625,Ag2SO4,48.044,11.243,31.28835544971842,0.0,True,3,5.427367859487863,13.628137822743776
mp-754084,Cu2OF2,24.57,10.449,27.455024061597683,0.030905950999999002,False,3,3.802159751787549,15.817538496974038
mp-22313,Na2PtO2,73.912,27.803,74.11578159726537,0.0,True,3,6.723900463580867,13.487132453907785
mp-27562,Na2Pd3O4,94.869,34.888,93.23497096355186,0.0,True,3,6.507818827884617,12.169379228711277
mp-29133,OsCl2O,36.377,22.51,55.9826834344923,0.0,True,3,5.992295104505505,19.199411511450982
mp-29352,Ba2PdO3,86.049,44.286,113.40327982065448,0.0,True,3,6.675514790407871,17.788669310212992
mp-4359,Sr2PdO3,97.839,55.987,141.0553494008652,0.0,True,3,6.027965995755455,15.135296607802445
mp-4711,Li2CuO2,84.8,43.976,112.48385661045124,0.014433391249998002,False,3,3.771216695476838,9.636543906424846
mp-510076,Rb7Au5O2,14.598,7.755,19.765027643601233,0.0,True,3,6.095155746463137,31.429491223283527
mp-540584,K2PdO2,54.425,17.436,47.26103391603168,0.0,True,3,4.455404544843593,16.14660713777284
mp-5456,Sr2CuO3,96.649,53.877,136.3035260976546,0.0,True,3,5.465340310439675,14.52231519398643
mp-5495,Ag2PdO2,84.084,16.27,45.85255628961501,0.055673144666666,False,3,8.197237478842462,14.348456946804978
mp-5869,Ca2CuO3,112.399,61.191,155.3768308307479,0.0017539077777790001,False,3,4.254713841767185,12.46952920978024
mp-755974,Na2CuO2,67.632,24.372,65.27511104070965,0.053557089000001,False,3,3.472454252575158,13.53548101486577
mp-7608,Li2PdO2,91.447,43.646,112.96581891083596,0.0,True,3,4.927262391172839,10.265393161423862
mp-8790,Ba2CuO3,77.113,39.302,100.7839024168548,0.0,True,3,6.18492908079224,17.281178980213813
mp-997055,CuBiO2,73.064,21.79,59.45913404320654,0.040634613437498,False,3,7.41327936955716,17.053046504653224
mp-27227,LiAg3O2,66.519,19.457,53.1853746655465,0.0,True,3,7.184823414960364,13.965064618556994
mp-3527,Na3AgO2,50.007,27.831,70.42767780514136,0.0,True,3,4.031744562627576,14.335433966862356
mp-754352,Na3CuO2,50.896,26.427,67.58371620467298,0.022976159999992002,False,3,3.217534537434817,14.1506951931048
mp-8187,K2ZnO2,42.145,9.082,25.420043315598782,0.0,True,3,3.4763287067969992,16.776202198412008
mp-5391,Mg2SiO4,156.143,102.589,252.47363137939607,0.05018273142857001,False,3,3.356699049586193,9.942862892547511
mp-5392,Mg2SiO4,111.352,65.679,164.66256913204998,0.34284694357142703,False,3,3.076960584529902,10.846807264734307
mp-675464,CdIn2O4,132.026,41.566,112.85459058961168,0.077789342142855,False,3,6.691945251966319,14.3936990280293
mp-2051619,Cd(HO)2,57.133,21.765,57.93780261850034,0.0,True,3,4.876683381972821,9.971759203900081
mp-34857,KNO2,14.294,8.844,21.995615821830413,0.00041856250000000004,False,3,1.9586949718064781,18.03728845579488
mp-675755,TiCu3O4,79.739,26.249,70.96057912877731,0.08301184156249901,False,3,4.82447029698279,13.014832565199463
mp-761034,Hf5N5O2,237.818,124.731,318.5090315646307,0.07246705395833601,False,3,11.773799413250002,11.68821728816637
mp-773044,LiCuO2,57.048,22.461,59.56559051677384,0.024710698749999004,False,3,3.891646758397176,10.932497554187428
mp-3277,BAsO4,52.254,42.303,99.93976167583452,0.0,True,3,3.617999557010863,11.4535137733796
mp-3589,BPO4,59.735,60.977,136.48878706564187,0.0,True,3,2.798255934324688,10.462215798035098
mp-5046,BeSO4,37.858,34.279,78.99474097921586,0.0,True,3,2.498483785943622,11.63911098183499
mp-540284,CuPO4,43.445,29.816,72.79508139193635,0.049397877500013,False,3,3.412161274279835,12.85716252235322
mp-677335,GaPO4,29.965,19.522,48.11675123609676,0.007762330555554001,False,3,3.073835355621976,14.828457529969905
mp-7848,AlPO4,23.763,24.692,55.019263854304505,0.006733440555554001,False,3,2.177671628864191,15.498782663658403
mp-7849,AlAsO4,23.997,18.753,44.632611180904526,0.013083061666666,False,3,2.838164174716684,16.17739735173439
mp-560340,La2Pd2O5,128.177,49.329,131.1611789448209,0.0,True,3,7.499371443133834,14.039446206779354
mp-15922,Gd2ReO5,136.02,59.655,156.138797985953,0.0,True,3,9.175725419704895,13.136313942820378
mp-28698,Na4IrO4,41.96,21.927,56.02246361809657,0.0,True,3,4.908318573891735,13.087894314649473
mp-5327,Na4UO5,46.607,31.019,76.16086863146803,0.0,True,3,5.289108889047823,12.871659519848132
mp-755298,Li4NbO4,73.687,37.488,96.15741814510983,0.08824721006944401,False,3,3.076738803276583,11.074077483656149
mp-7714,Li4UO5,85.449,52.804,131.35471327603665,0.0,True,3,5.832405410848618,9.844954421773501
mp-867568,CsTi6O12,116.019,52.941,137.85469481393923,0.0,True,3,4.3071248616718,12.420257298252935
mp-11736,ZrSiO4,222.449,101.928,265.2679926528225,0.079606207499997,False,3,4.98662807025212,10.173494542033062
mp-12523,YbPO4,100.063,48.444,125.13751637968866,0.08263097000000201,False,3,7.223794728048571,10.267995184619034
mp-15051,Nd(PdO2)2,147.983,47.35,128.35962509591917,0.0,True,3,7.96336079474406,12.543503821900288
mp-15053,Y(PdO2)2,155.622,61.345,162.66167177510505,0.0,True,3,7.352770236704027,11.799853612536571
mp-23562,KIO4,20.199,10.494,26.83482795290543,0.0,True,3,3.734796980402538,17.04352345975401
mp-4757,KReO4,18.263,11.252,28.00468624036584,0.0,True,3,4.749305011748002,16.858563738706554
mp-5558,NaReO4,21.527,10.392,26.85469777119763,0.0,True,3,5.528461836953962,13.676194703689232
mp-753911,GdAsO4,138.263,59.557,156.23777879227399,0.020749673333332,False,3,6.573798449693007,12.468705135172788
mp-759541,Ba(PdO2)2,65.978,24.505,65.41621752480455,0.0,True,3,6.660145063733327,14.751641330021751
mp-7621,KTcO4,17.135,10.609,26.38221909568807,0.0,True,3,3.336741629369792,16.679325480476567
mp-772099,Cd(CuO2)2,127.189,48.069,128.07267633298886,0.0,True,3,6.719774187721026,10.71410583913981
mp-8042,ZrGeO4,202.683,86.908,228.11910301788456,0.020715669999999003,False,3,6.013205869529266,10.48728129353078
mp-9755,HfGeO4,213.567,93.452,244.66884907641867,0.030349983749994,False,3,8.518221751224997,10.23847672370988
mp-9756,ThGeO4,172.653,65.809,175.17077245241262,0.028830784166665003,False,3,8.043754514480382,12.684796534430424
mp-36066,PNO,53.348,54.638,122.19679440288427,0.0030120116666660004,False,3,2.694383803809977,12.527223352972394
mp-752401,Rb2ZrO3,35.661,13.136,35.09841127548514,0.027464010416667003,False,3,3.956474281295061,21.695627095130366
mp-752467,NbO2F,94.407,57.843,144.099221580114,0.0,True,3,4.073915140637288,14.663874521079432
mp-757031,Mg2TiO4,146.153,71.912,185.33849067443097,0.0,True,3,3.549083421012811,10.726082962286313
mp-3427,LiAlO2,92.356,52.968,133.40124553685052,0.014060453749999001,False,3,2.6429246007715683,10.354529035363859
mp-8537,S(OF)2,3.686,1.6760000000000002,4.3662340191613005,0.0,True,3,2.290277002696012,14.799574364898813
mp-29816,Ag2HgO2,39.693,12.451,33.81705988747814,0.0,True,3,9.157642983263019,16.258801779933744
mp-13108,SrHfO3,156.926,91.657,230.160458431641,0.032896416999999005,False,3,7.345445368102092,14.201696747569837
mp-20459,TiPbO3,65.557,40.241,100.21743572718985,0.0,True,3,7.801556471692714,12.901312863732974
mp-4342,KNbO3,109.845,60.647,153.6614385978851,0.001190164,False,3,4.515683418789579,13.238386601540455
mp-5986,BaTiO3,107.183,49.773,129.30387946580058,0.00195657399997,False,3,5.927475120567493,13.065419938509256
mp-760376,KTiO3,52.449,24.293,63.13197540739926,0.08944756050000101,False,3,2.851449774143137,15.719173197249457
mp-1019573,CaAl2SiO6,126.05,71.871,181.17833601098616,0.016939515638881002,False,4,3.326022740134195,10.889935315026957
mp-24390,CaPHO4,72.678,39.173,99.6206854634594,0.0,True,4,2.9471138769409553,10.951560199523723
mp-6081,Ba2Ti(SiO4)2,81.257,35.951,93.99129729874662,0.0,True,4,4.382018191751484,14.76969415476416
mp-1025276,Sm2AlNO3,177.684,110.244,274.05324153111474,0.09363323660714301,False,4,7.622901716544812,12.127417201178941
mp-1025277,Pr2AlNO3,171.663,102.849,257.18442533965214,0.07099064767857201,False,4,6.890769279670519,12.765126129884674
mp-546679,Nd2AlNO3,174.661,105.689,263.8480317705091,0.07647193607142601,False,4,7.135184541416359,12.549568492860669
mp-19949,Sc2Cu2Ge4O13,70.626,35.69,91.63453055322172,0.036825313412700005,False,4,4.346798246553941,13.016791898386755
mp-6384,RbSO2F,14.178,7.871,19.925708600337266,0.011755232969697,False,4,2.696207601648129,20.75883578376953
mp-6560,KSO2F,17.575,8.399000000000001,21.73470036319613,0.0188298222625,False,4,2.182349956384169,18.590262058172417
mp-559691,Ca2Al2SiO7,101.962,53.471,136.5441355476587,0.021288508194445003,False,4,2.977142404655625,12.744895846685914
mp-6094,Ca2MgSi2O7,86.507,35.75,94.26468312160694,0.022590285555558,False,4,2.865338749063019,13.166247582688364
mp-6564,Sr2MgSi2O7,86.466,43.679,112.15214525021693,0.0,True,4,3.563730007284474,14.278106737924029
mp-754213,Li2ZrCuO4,114.265,58.508,149.9334656855294,0.070019706875,False,4,4.794474943736937,10.072107847114765
mp-754238,Li2CuBiO4,90.724,55.545,138.3919089336226,0.111983657499996,False,4,6.580184128144283,11.053316306194576
mp-1129406,Ca2Mg5(SiO3)8,79.469,53.835,131.75355539244873,0.044703576773511,False,4,2.836202469398492,12.165227013318773
mp-551092,KLiZnO2,58.328,29.535,75.80937379901134,0.0,True,4,3.556775769620358,13.394125970775026
mp-6167,Ba2NdNbO6,124.323,48.803,129.46809726819228,0.0,True,4,6.162807452590849,16.376848158667023
mp-12015,KAg2AsO4,55.676,19.499,52.381890643177655,0.0,True,4,5.02647328165964,16.26000221571415
mp-5990,CsLi(B3O5)2,30.297,17.192,43.37216968440921,0.0007770066666660001,False,4,2.324289357794206,14.475375719325676
mp-696752,KP(HO2)2,26.171,10.626,28.077916669471268,0.005345232499988001,False,4,2.252982120257088,12.537569476175479
mp-1025437,CeBi2SeO4,95.872,30.437,82.57273025564922,0.019138975000001,False,4,8.54290980117743,17.033057753782693
mp-1046056,Ba2TlBi2O7,27.729,8.573,23.31611217306016,0.167970668472221,False,4,6.898054453674889,20.240897876387177
mp-11147,Na5CuSO2,35.442,18.576,47.43987548638133,0.0,True,4,2.342284852513859,19.10660998177501
mp-545529,NdBi2ClO4,61.877,27.064,70.86086721361575,0.0,True,4,7.640609667500461,17.97469977955542
mp-545788,Ba3ZnN2O,58.353,29.13,74.92277257834654,0.007597668571426,False,4,5.410370319041467,22.861115856589656
mp-546152,SmBi2ClO4,63.228,28.016,73.2317906844281,0.0,True,4,7.857310992273154,17.64058496520985
mp-546266,DyBi2IO4,67.212,36.507,92.73157874050464,0.0,True,4,8.475085632881713,18.89181767069902
mp-546350,TmBi2BrO4,69.604,37.545,95.46933766850546,0.0,True,4,8.65940498370539,17.51731676320929
mp-546621,ErBi2BrO4,69.714,36.579,93.40111611950137,0.0,True,4,8.576980871338387,17.645115850729958
mp-547125,TbBi2ClO4,67.575,31.122,80.94019743678558,0.0,True,4,8.09559497399554,17.340967513194173
mp-549475,TbBi2BrO4,66.169,33.63,86.27392974838135,0.0,True,4,8.361980309129768,17.891937276731568
mp-549490,KNb4O5F,139.204,85.723,213.37053935847894,0.0,True,4,5.709626889151123,13.47658006624929
mp-549709,ErBi2ClO4,70.382,34.205,88.30918475979311,0.0,True,4,8.616169133742371,16.494017371540888
mp-550111,SmBi2BrO4,64.294,31.398,81.00734398073836,0.0,True,4,8.026407564314274,18.41846912568057
mp-550566,EuBi2ClO4,58.82,30.184,77.32528367627417,0.037395265758926,False,4,7.861529426832316,17.67346946077758
mp-551101,HoBi2IO4,66.034,37.166,93.88432254280224,0.0,True,4,8.556000610459362,18.77211503312192
mp-551250,ErBi2IO4,66.464,37.804,95.33653815410041,0.0,True,4,8.578807971338948,18.778551313354818
mp-551900,PrBi2BrO4,60.739,28.69,74.36176698734513,0.0,True,4,7.730757360497485,18.869062053745836
mp-552008,DyBi2ClO4,66.798,33.28,85.62072357215608,0.0,True,4,8.189800366409605,17.232096495254062
mp-552016,YbBi2BrO4,60.024,25.112,66.11579943855271,0.0,True,4,8.983801810699118,16.979645297338955
mp-552292,SmBi2IO4,63.113,34.12,86.73063085398216,0.0,True,4,8.140188772695069,19.359490165020024
mp-552738,TmBi2IO4,68.302,37.095,94.22673546803526,0.0,True,4,8.683084204108507,18.593082925193315
mp-552857,TbBi2IO4,64.933,34.827,88.63453754801284,0.0,True,4,8.372897998543069,19.033767257273446
mp-552992,DyBi2BrO4,67.393,34.704,88.85931049505452,0.0,True,4,8.423513003242995,17.849323422321746
mp-553243,YBi2BrO4,66.252,34.566,88.33543209813048,0.0,True,4,7.776488269165777,17.37008507285769
mp-553248,CsLaNb2O7,71.326,36.293,93.08993316045407,0.033342005795452004,False,4,5.26422465089392,16.334537122467736
mp-562809,GdBi2BrO4,57.14,36.117,89.49502218881452,0.0,True,4,8.187904483538329,18.229851054644634
mp-620290,Sr2TlCuO5,108.842,50.601,131.43483860344128,0.015062670694439001,False,4,6.8071834184899584,14.1800870258921
mp-6562,Ba2CuHgO4,66.455,24.898,66.40136495989084,0.023434038125,False,4,6.582036471328142,19.009169180053156
mp-557862,BaAg2(HgO2)2,45.872,17.366,46.26032938018609,0.0046158191666650005,False,4,7.781201733227896,19.40176099294582
mp-10316,CeCdAsO,70.396,27.351,72.64476234074931,0.024322685095483004,False,4,7.110783300892305,20.05084381048677
mp-12516,NdZnSbO,62.385,23.131,61.75992179698126,0.0,True,4,6.794906458565944,21.22503616719707
mp-21372,CePRuO,119.689,66.587,168.51147407753717,0.0,True,4,7.381424785279234,16.20620543522943
mp-23116,CuBiSeO,72.93,30.493,80.2890305797026,0.0,True,4,8.627813976854387,17.681898594411855
mp-546011,YZnAsO,74.762,33.473,87.37842649141251,0.0,True,4,5.751668055450422,17.700243891420435
mp-6088,LaCuSO,79.381,40.612,104.08563271690194,0.0,True,4,6.124617206709288,16.980301580423017
mp-6228,Na2TiGeO5,82.829,43.09,110.1661464724584,0.0,True,4,3.462152654639236,13.135551005439641
mp-6521,LiLaTiO4,122.869,53.816,140.87978859105684,0.028770968035711,False,4,4.862618552069566,12.57227664618078
mp-6625,LaAgSO,70.603,34.38,88.73662210740528,0.008491333124998,False,4,6.425297428420475,19.049317911353906
mp-9194,SmCuSeO,74.998,35.782,92.61667455594073,0.0023067978125010003,False,4,7.406205465610109,17.31261255856832
mp-9304,DyCuSeO,82.277,38.336,99.54707118285074,0.0162461415625,False,4,8.039124055327362,16.576495263072957
mp-974307,NdCuTeO,73.474,16.667,46.486004926420044,0.021419114374999,False,4,7.29752149486508,19.989406869907018
mp-975646,PrZnSbO,61.109,17.24,47.27433944766586,0.0,True,4,6.669451296114718,21.416743954605945
mp-983603,ErZnAsO,75.818,34.846,90.65034789172702,0.0005758666927060001,False,4,7.81835195211237,17.181759637875167
mp-1019584,CaAl2SiO6,125.948,71.471,180.30705756985634,0.016791177138881,False,4,3.319302729055449,10.911982260405946
mp-6442,LiAl(Si2O5)2,63.864,44.628,108.58988793497588,0.0017941435416710002,False,4,2.289481016025243,13.88290250785805
mp-1022723,Ce2Cu(NO)2,145.569,60.588,159.61875978644466,0.28138025232804303,False,4,7.210075761553428,13.285166559861986
mp-1025280,Sr2Cu(OF)2,89.884,45.094,115.90000147420461,0.027470969999982,False,4,4.931293309587092,14.85393930107144
mp-1025360,Na2Ti2As2O,59.913,26.878,70.14463730477165,0.0,True,4,3.984433617147565,18.310865028545635
mp-10960,Tb2Ti2S2O5,136.183,61.451,160.24943361063828,0.0,True,4,5.5495632159558,15.170760942823902
mp-15901,Li2LaTa2O7,107.176,69.73,171.90815860634157,0.042852078211108,False,4,7.001143961976752,12.38636877517961
mp-21445,Ba3In2O5F2,84.511,35.548,93.53009451330249,0.020119398750003,False,4,6.026290766124467,17.442506902825688
mp-23085,Ba2Cu3(ClO2)2,45.518,22.391,57.71016289911604,0.0,True,4,4.474477441729847,20.249154624616896
mp-23095,Ca3Cu2(ClO2)2,53.19,36.986,90.07900069191477,0.009975233181815,False,4,3.895167479983869,14.813394626977857
mp-23102,Sr2Cu(ClO)2,45.573,29.537,72.86839157083052,0.0,True,4,4.437667488481293,18.265416736239576
mp-23143,Ca2Cu(ClO)2,41.495,26.242,65.01957917294182,0.019153128333336003,False,4,3.5543371506058783,16.458774093159025
mp-545481,Ca2Cu(BrO)2,27.645,16.752,41.810681031628995,0.0,True,4,4.171489837215984,19.079359150834048
mp-546898,Sr2Cu(BrO)2,20.99,14.909,36.164552575148626,0.0,True,4,4.735093032138266,21.57194502964163
mp-549487,Sr2Cu(IO)2,15.256,10.073,24.767880088107304,0.0,True,4,5.111788396202683,24.344524343851113
mp-552028,Nd2Ti2S2O5,127.005,54.774,143.6684882592264,0.0,True,4,5.012983166317561,15.910277990987362
mp-552802,ErU2S3O2,89.139,35.678,94.43478506078952,0.032572378906232005,False,4,8.433417205759381,18.98879620131738
mp-5999,Sm2Ti2S2O5,130.487,58.295,152.21732891834685,0.0,True,4,5.233540452031737,15.592710090359429
mp-7112,Sr2Cu3(SO)2,63.77,41.762,102.83716902931283,0.10194815930555401,False,4,5.381649916499467,15.839428682823621
mp-990430,SrTa2H2O7,75.39,44.35,111.23731517078218,0.08612608270833201,False,4,6.20707177143863,12.563080784819675
mp-1105147,Sr2YOsO6,138.817,66.968,173.0727830391441,0.0,True,4,6.418582038026508,14.238575075976422
mp-16796,Sr2GdRuO6,132.861,64.717,167.030623857112,0.0,True,4,6.3259818074603125,13.9005946733996
mp-23733,Cu3H2(CO4)2,41.379,20.925,53.71978998635066,0.004870122166667001,False,4,3.569560923456768,10.689247397025705
mp-24141,CsHSeO4,15.292,6.873,17.93242040607405,0.0,True,4,3.479363326094561,18.876815561964065
mp-504600,NaH4ClO2,19.203,10.767,27.214641233766237,0.026868181875,False,4,1.704661366892009,11.503505717267917
mp-557713,Ba2LaTaO6,121.346,48.516,128.43167882022718,4.504500001445422e-06,False,4,7.109403457942174,16.128054333839806
mp-6099,LiSc(SiO3)2,92.293,59.882,147.70179692422818,0.0028405004166650004,False,4,2.97641202385437,11.384739728878031
mp-6109,CaTiSiO5,115.567,68.582,171.768032753568,0.0,True,4,3.416464100691664,11.909656895415337
mp-6152,La2ZnIrO6,151.657,41.096,113.07437230857927,0.030093694942312003,False,4,8.082737098785259,12.972334943088779
mp-6241,LiGa(SiO3)2,96.585,60.422,149.98909074553723,0.042667977000009,False,4,3.606630551366822,10.53569180299787
mp-634431,KHCO3,23.521,11.61,29.90896389324961,0.0,True,4,2.228416717501678,12.433723313861456
mp-6362,Sr2TbIrO6,138.501,61.191,160.00858458256238,0.0,True,4,7.264080650669636,14.227323157561628
mp-6676,Sr2HoRuO6,137.633,68.552,176.37341441600498,0.0,True,4,6.367783135981075,14.009625367598208
mp-6772,CaBe2(PO4)2,84.663,51.832,129.14179714277307,0.0,True,4,2.799996867767999,11.31563240834209
mp-727932,BeAlSiO5,144.449,77.839,197.95904308607828,0.131599769635416,False,4,2.9844561090954853,10.020426843657315
mp-552454,SrTaNO2,178.247,121.168,296.3528362379538,0.049262656999999,False,4,7.857424229243684,13.295995521236785
mp-6468,BaNd2ZnO5,115.481,61.928,157.61052158943704,0.01254502879629,False,4,6.963317956259685,15.135315759340008
mp-39681,NaTi2BiO6,103.839,32.797,89.0189453434946,0.01383727125001,False,4,5.7923530729059864,12.146554931554311
mp-6628,CsCd(NO2)3,27.837,12.769,33.22658783755712,0.08066579974242401,False,4,3.653890894415554,15.837148561474248
mp-1020011,Li14P2(N2O)3,83.023,68.471,161.1198919726649,0.0,True,4,2.129730460730595,9.080631325795665
mp-554822,CsSb(PO4)2,28.723,27.719,62.91756403659736,0.0,True,4,3.760385052430832,16.361118057454892
mp-1412249,La2MgTiO6,145.937,73.976,189.84952647878902,0.019938506749999002,False,4,5.950654135374233,12.445121160111086
mp-14398,CaSn(BO3)2,111.164,53.909,139.22179004184295,0.0,True,4,4.019648581983499,11.418501296742225
mp-550081,Ba2LaIrO6,122.823,38.399,104.32504741832732,0.00011940700001300001,False,4,7.221134388536707,16.13764823938063
mp-555477,Ag2H3IO6,86.697,22.067,61.02355521020137,0.06334491979166901,False,4,5.613015747803879,10.888316356928733
mp-6122,Ba2NdSbO6,120.71,45.988,122.41778926682967,0.0,True,4,6.495506432835607,16.27565447672368
mp-6459,CaMg(CO3)2,88.959,41.324,107.34966935214356,0.0,True,4,2.8700109673651353,10.66911368012018
mp-23684,NaHCO2,25.163,12.017,31.10019814641282,0.087723837541664,False,4,1.8551739938066172,12.174451366490391
mp-560767,KNaTiO3,58.009,27.905,72.14641713547135,0.0,True,4,2.952355896120697,14.80668227709647
mp-561536,NaMgBO3,97.556,33.187,89.42111904988414,0.005652540833339,False,4,2.839586465745557,10.341281981031122
mp-562517,CaMg(SiO3)2,76.691,49.081,121.35465993322683,0.057778001500007004,False,4,2.8003231580684202,12.841032223434217
mp-6340,LiAl(SiO3)2,132.634,77.257,194.0869149947702,0.034599064833336,False,4,3.071252837768189,10.061353762428938
mp-6553,LiSc(SiO3)2,105.957,64.604,161.0751402104713,0.002863199666666,False,4,2.9668948498419043,11.421259576924598
mp-6693,CaZn(SiO3)2,97.63,52.483,133.52299574662754,0.038457912499993,False,4,3.694094401343306,11.581869611285596
mp-6766,CaMg(SiO3)2,102.013,65.007,160.85345703497683,0.0,True,4,3.149491306438381,11.417412023102269
mp-9844,BaAl2B2O7,88.056,30.704,82.52069649203722,0.0,True,4,2.934278466072675,15.322398941081298
mp-23764,Mg3Si2H4O9,63.515,35.137,88.99929544669047,0.000256616388888,False,4,2.4962479628454,10.241056588099987
mp-546500,NaCNO,27.617,12.586,32.77856657271289,0.0,True,4,1.963542612396048,13.743774561399972
mp-542136,Na3PSO3,38.66,22.051,55.58479573429157,0.0,True,4,2.41066803732592,15.499201812219969
mp-554041,Na2Al2B2O7,61.102,33.783,85.57725077733096,0.0,True,4,2.419133080271955,12.332332473963977
mp-560620,BaZr(PO4)2,65.107,41.188,102.04535152573474,0.006724209999985,False,4,3.837589070192506,15.090315931830133
mp-6474,Ba3MgNb2O9,127.395,78.056,194.45355168270538,0.0,True,4,5.940852812742581,14.275480788597227
mp-550820,SmZnPO,98.485,54.698,138.4605951398389,0.0,True,4,6.228321400468991,17.512488373315687
mp-552934,Ba2CuBrO2,39.984,14.478,38.756194063825035,0.0,True,4,4.633837672303171,26.88244374827791
mp-6494,K2Ca(CO3)2,46.261,21.788,56.494709580185706,0.0,True,4,2.633799713351626,13.657897767450756
mp-6504,BaMg(CO3)2,73.809,30.686,80.8531363555231,0.005147656500001,False,4,3.689017966422611,12.677913207715141
mp-8891,K2Zr(BO3)2,64.928,34.028,86.90247826162962,0.0,True,4,3.208382124705111,13.505517581802335
mp-6150,Na4Zr2(SiO4)3,91.312,47.588,121.63384103208469,0.0,True,4,3.254625554585447,13.37856231216027
mp-6723,Sr3ZnIrO6,107.808,22.835,63.9872497754571,0.0,True,4,6.619834725355072,14.05820745933858
mp-6179,KLiSO4,36.141,20.883,52.531147255347776,0.00019388714285700003,False,4,2.273292541275406,14.828445155067618
mp-23121,Sr5P3ClO12,66.189,38.059,95.81273553624706,0.0,True,4,3.97067750464639,15.104346029463034
mp-23141,Sr5P3BrO12,64.465,35.671,90.34854205774755,0.0,True,4,4.136537431498184,15.348434485904797
mp-6473,Ca5P3O12F,83.004,46.252,117.02039216430043,0.0,True,4,3.207816307181549,12.431153344105605
mp-6669,Sr5P3O12F,75.339,40.323,102.65469127055643,0.0,True,4,3.985400556712331,14.722075505434475
mp-6326,LiAlSiO4,114.023,45.755,121.07064360379967,0.0061999877380940005,False,4,2.35355743090992,12.700366005168528
mp-23797,LiH6ClO7,20.3,13.733,33.6180925327938,0.006700698833331,False,4,1.836569253111192,9.670663073335753
mp-24066,SrHClO,40.872,18.806,48.91565306670815,0.0,True,4,3.046420707268673,19.08870272559634
mp-7204,CaZnSO,70.349,33.123,85.88905001842978,0.010719636249999,False,4,3.580958773196182,17.800965787407176
mp-6661,BaTi(SiO3)3,108.915,57.615,146.9357881283172,0.0,True,4,3.6597912188685973,13.399315101145183
mp-23934,PH6NO4,31.399,10.701,28.82806431962478,0.0027606006249990002,False,4,1.565739029886608,10.165842252349593
mp-1196039,CuH10SO9,31.174,13.415,35.196357575020805,0.011371647857145001,False,4,2.271648404325002,8.691227963728888
mp-1198750,MgH22SO15,27.639,11.1,29.36847697756789,0.010294529615354,False,4,1.557679157930041,8.706920275692761
mp-555576,KNaS2O7,23.283,12.267,31.30343719859711,0.0,True,4,2.635581333638282,13.644167215835212
mp-6097,Li3Al(BO3)2,66.385,39.258,98.38088095028375,0.021378956041668,False,4,2.288395003153186,10.003053511251887
mp-696497,Mg3Si4(HO6)2,54.317,30.348,76.75006515294957,0.0,True,4,2.694251919800752,11.13102470436198
mp-697670,KAlSi3O8,60.988,31.661,80.97132026557951,0.0,True,4,2.456769529306627,14.471173434459331
mp-758658,CaAl2(SiO4)2,84.622,42.222,108.60349205641567,0.0020950267307690003,False,4,2.78315477341576,12.768411555441057
mp-765294,SrP2(H2O3)2,25.933,16.32,40.47045803716572,0.010152447980772,False,4,2.604214284662213,12.242386875581245
mp-973966,LiIn(IO3)4,29.761,21.039,51.08024791972589,0.0,True,4,4.799462593368732,15.787837529574217
mp-22592,CaTi4(CuO4)3,202.999,107.341,273.7688646016266,0.051267862312508,False,4,4.912970336158257,10.379307225747135
mp-542090,Na4Al3(SiO4)3,24.097,28.081,60.67439836807078,0.023618183849429,False,4,2.079195921625887,16.305168827886146
mp-997590,La8MgAl7O24,183.604,99.276,252.34619980064238,0.024801574437491,False,4,6.290277310096703,11.274834639338604
mp-1023127,Ba4Cu3PbO9,97.683,44.106,115.00840142367755,0.036735735765922005,False,4,6.589547503709399,16.174292717844757
mp-643409,Ba4Y(CuO3)3,103.322,50.961,131.2967219908735,0.0,True,4,6.095671491555105,15.58916739975585
mp-10584,Ba2LiOsO6,82.233,43.765,111.51242565343725,0.0,True,4,6.8169147599775535,13.831618125654984
mp-1079630,Ba2TaInO6,140.02,78.541,198.50701739467027,0.0,True,4,7.468428663189091,14.817176644031985
mp-11734,Sr2MgReO6,131.312,74.578,188.12004982561888,0.004170884999998,False,4,6.297398652967093,12.703055381369765
mp-13811,Ba2MgUO6,104.102,57.23,145.10038843306197,0.0,True,4,6.898912109033113,15.23566554679817
mp-13937,Sr2TbReO6,142.094,43.535,118.50265233058828,0.08864850085417801,False,4,6.973208841333775,14.67766722745452
mp-14223,Ba2YbSbO6,57.328,4.985,14.533735965056024,2.521150947999997,False,4,5.545225586217616,19.92716741463206
mp-14226,Ba2YSbO6,50.889,1.073,3.1965335826720436,2.077800917,False,4,4.694802858661442,20.560998453716394
mp-20841,Ba2CaIrO6,108.746,57.48,146.60891779900862,0.0,True,4,6.598059773468753,15.174375893845559
mp-21309,MgTe(PbO3)2,122.031,61.486,157.93287929014284,0.024942458111095002,False,4,8.350768910308245,13.169773470875246
mp-21879,Ba2CePtO6,137.231,62.307,162.35035285443038,0.0,True,4,7.597965773437191,15.426394370884378
mp-22441,Ba2MgReO6,121.859,68.97,174.06986372014993,0.0,True,4,7.044236304467268,13.699751506448058
mp-23137,Ba2YBiO6,113.974,68.485,171.1705319597375,0.0030075345000030005,False,4,6.695812406516988,16.57948516745194
mp-549970,Ba2ZnReO6,124.748,53.073,139.44391502327312,0.016982601499977,False,4,7.462941895006575,13.845715021899306
mp-6065,Sr2GaSbO6,147.444,88.417,221.06307375426044,0.038987577749999,False,4,6.05391730348232,12.69200753918022
mp-6270,Ba2LiReO6,84.792,43.501,111.44476118666428,0.0,True,4,6.7052293806435355,13.962374972423694
mp-6492,Ba2YSbO6,129.55,78.167,195.2345644010394,0.0,True,4,6.220451619537228,15.518139231926469
mp-6613,Ba2YTaO6,137.826,79.834,200.7427509486897,0.001594408,False,4,6.819522757447047,15.59613726667593
mp-7251,Ba2YNbO6,133.322,75.75,191.06415066972733,0.0,True,4,5.8406097289002,15.707020714159697
mp-7889,Sr2YReO6,142.445,51.221,137.2160794243516,0.08403000685417601,False,4,6.219272029991636,14.587467299349342
mp-989540,Sr6Sn2NO,43.347,28.342,69.81093972206612,0.0,True,4,4.635163568637159,28.414317317364315
mp-6008,Ca3Al2(SiO4)3,153.627,97.534,241.49548698011336,0.000915122861096,False,4,3.489873382572991,10.716489178148503
mp-6073,Mg3Al2(SiO4)3,158.13,84.574,215.33261458698593,0.039073025300002,False,4,3.456549647376807,9.683193168722624
mp-1020019,Li2PNO2,87.664,60.241,147.04161770611293,0.0,True,4,2.541644184046647,9.893771135669509
mp-11738,Na3PS3O,25.786,12.971,33.325198485536205,0.0,True,4,2.096002486460243,21.00799965854912
mp-23089,SrTa2Bi2O9,86.266,65.455,156.7259802376539,0.0,True,4,8.761685001105679,13.692631820960596
mp-1188121,CsP(HO2)2,21.448,10.388,26.832098913450732,0.000132807187499,False,4,3.3222966801731673,14.363023387746027
mp-1196695,Na2Al2(SiO4)3,46.316,26.647,67.07715853739546,0.217742946151317,False,4,2.202099485214085,14.930282306856803
mp-23959,KP(HO2)2,24.639,16.417,40.30028745544314,0.0,True,4,2.3856601741602033,11.840294844695487
mp-20674,Ba2YCu3O7,107.52,55.659,142.40453578482308,0.031375912660262004,False,4,6.198285186087997,13.728866421967997
mp-20897,Ba4Y2Cu6O13,93.404,48.754,124.58542081552498,0.022374550369998,False,4,6.049593917158658,14.453291012142529
mp-22719,Ba2NdCu3O7,107.725,55.03,141.06889319284517,0.018014905320504003,False,4,6.532421108031168,14.108662491073439
mp-552663,LiScAs2O7,88.172,46.083,117.73725119527109,0.0,True,4,3.6425285411435,13.002225154782955
mp-7079,CaZrSi2O7,139.562,61.97,161.94100200559234,0.003378347196964,False,4,3.5183538832498282,12.848974733100711
mp-557687,TlHCO2,7.668,3.731,9.630962109594165,0.10060678175000201,False,4,4.778122054053189,17.334830183236633
mp-23875,CuH4(ClO)2,7.042,5.065,12.256483906685505,0.040737977777777004,False,4,2.416410230640726,13.017149133237412
mp-8871,CsNa2BO3,47.016,21.559,56.10189903263697,0.0,True,4,3.749589431114018,15.037855531117781
mp-23662,LiB(HO)4,41.323,27.904,68.33138825202636,0.008493894875003,False,4,1.81560229638389,7.845512188973373
mp-23685,CaH2(CO2)2,23.946,12.259,31.415937857474105,0.128692466111116,False,4,1.9216827110785912,12.492380249308248
mp-541431,Ca2SiH2O5,71.587,36.758,94.15811335922932,0.002495432000005,False,4,2.649973028395288,11.921813059851116
mp-556125,Na2BHO3,47.14,18.023,47.95718833689782,0.0,True,4,2.29351880380913,10.942606591709644
mp-559276,AlBPbO4,74.458,45.124,112.62126767424711,0.002154611249991,False,4,6.402479329139424,11.448471085796752
mp-6224,LiScSiO4,109.06,64.49,161.6144065156892,0.0,True,4,3.094944278671294,11.035713787582967
mp-643727,HPbBrO,28.159,8.568,23.33706064807351,0.0,True,4,6.373903854143099,19.806886494602036
mp-6493,CaMgSiO4,100.479,54.985,139.50749486563677,0.0,True,4,2.957136984745377,12.551622589630933
mp-6668,LiTiPO5,97.252,58.853,146.9219204412893,0.0,True,4,3.264174398558595,10.5417969868255
mp-6812,KBaPO4,55.459,26.743,69.11899509631317,0.0,True,4,4.101430917901828,15.697126505246354
mp-1192758,CaAl2(SiO5)2,106.023,64.802,161.50223447061808,0.540179223,False,4,3.154080417531936,10.88768075419814
mp-23084,BiPbClO2,43.224,17.959,47.32297650222513,0.0,True,4,7.836737092505119,20.49552390200156
mp-23138,SbPbClO2,46.555,21.923000000000002,56.84597485580613,0.0,True,4,6.956327171429807,18.925426137653247
mp-548469,BaZnSO,59.92,35.008,87.90468896669894,0.0,True,4,5.165024817928211,20.15788291439218
mp-643989,KHCO2,18.439,10.788,27.082359700476513,0.08747742574999101,False,4,1.9216962173903211,14.536894137789517
mp-6205,Ba2Ho(CuO2)4,104.048,39.752,105.78422279309797,0.0,True,4,6.575196061130729,13.835536013223882
mp-6779,Ba2Pr(CuO2)4,102.385,40.374,107.05071493314226,0.0,True,4,6.178482380811956,14.293476022112356
mp-6174,Mg2Al4Si5O18,123.273,50.367,132.9887733503734,0.0,True,4,2.424741037178116,13.813591266847506
mp-555229,H5CNO2,18.19,6.13,16.532822075782537,0.049417848541665005,False,4,1.237594683586001,9.400563377612897
mp-6391,Na2ZnSiO4,77.843,34.457,90.07980364272761,0.0,True,4,3.411351718507767,12.38045182137475
mp-756088,SrTaNO2,151.127,92.324,230.11305069955378,0.0032457335000000004,False,4,7.794590261839023,13.40317756944323
mp-24148,LiLa2HO3,125.243,72.439,182.19127446180892,0.020477670357141,False,4,6.300924520166179,12.565465112293696
mp-24149,LiCe2HO3,123.514,67.366,171.00805903523116,0.034937443749999006,False,4,6.776659019551486,11.768095536993851
mp-24150,LiNd2HO3,133.492,86.992,214.4030471251446,0.020565308214283002,False,4,6.9117651170992875,11.821279762709564
mp-1020703,SiGeN2O,117.612,76.296,188.19367087050142,0.04607886744444201,False,4,3.6796825661331223,13.063279088002492
mp-2665147,MgNb2(PbO3)3,76.292,44.811,112.42217316861964,0.012964795854166001,False,4,7.625554930247397,14.164726426381474
mp-8873,LiGeBO4,89.133,60.304,147.62052189940283,0.004399628214290001,False,4,3.525050640066339,10.389717500501032
mp-8874,LiSiBO4,94.759,73.016,174.28359440571185,0.005259894880951001,False,4,2.6698841511887,9.758875779188234
mp-12385,Ba2YTaO6,135.914,80.852,202.41809877321458,0.0,True,4,6.839389322384703,15.550834731730168
mp-12427,Sr2TaGaO6,159.165,88.394,223.75956961524255,0.0,True,4,7.030428199695425,12.327093072659355
mp-6304,Sr2GaSbO6,144.046,47.009,127.19087404491732,0.026484868749999002,False,4,6.05697084322454,12.685609035632396
mp-1219652,Rb3H(SeO4)2,19.292,8.997,23.359668565788883,0.0,True,4,3.49003699022758,18.465112222446983
mp-1226195,Cs3H(SeO4)2,17.551,7.136,18.85288972887989,0.0,True,4,3.877693026821688,20.972174514563992
mp-6598,K2Cu(PO3)4,34.223,20.176,50.58691222271968,0.0,True,4,2.745949301144008,14.565248348924788
mp-40143,Cs2KZrOF5,29.868,16.081,40.90235863178312,0.0,True,5,3.962898537929899,21.249603913716648
mp-42022,Cs2RbZrOF5,28.677,13.975999999999999,36.0685528812983,0.006475742249999,False,5,4.083746535861264,22.506259901055344
mp-866298,BaNaScSi2O7,88.541,48.571,123.18734348523525,0.003916913411448,False,5,3.7427303256925253,13.807007044639683
mp-1021672,Sr2CuC(NO)2,76.475,35.049,91.2125595521677,0.167988803229167,False,5,4.285351140024503,15.054493314345466
mp-6847,KY2Ti2S2O5,73.072,31.84,83.40574341979479,0.031582657187495006,False,5,3.622384389602815,17.449052162230508
mp-6879,Ba2CaCu2HgO6,73.578,34.342,89.15515800780943,0.017586767638893,False,5,6.158075338837193,16.59283743860009
mp-550306,YCu2Bi2(SeO2)2,61.482,33.01,83.99716439187698,0.0,True,5,7.682211811785928,16.81826186283417
mp-9453,Sr2ZnCu2(SO)2,82.152,42.477,108.69694543717749,0.068462276319443,False,5,5.309931878759118,16.118095973597278
mp-24214,KPH3O4F,19.525,10.781,27.315462613184152,0.00215485450002,False,5,2.358644101205291,10.9892235637157
mp-24366,K2ZnH12(SO7)2,27.544,12.739,33.112236885426384,0.0008156152419390001,False,5,2.176715809912842,10.921818820324114
mp-16136,Sr3TaGa3(SiO7)2,93.461,46.289,119.18972566060148,0.0,True,5,4.9291401307330975,13.667738494551886
mp-6870,KBe2BO3F2,49.645,34.42,83.87569523601756,0.0,True,5,2.488958455246737,11.410599398411868
mp-1019551,BaNa2Mg(PO4)2,82.728,46.497,117.48105355961191,0.004719869285714,False,5,3.723183350404826,12.664937538357835
mp-556562,LiAsH6(OF2)3,16.616,9.562,24.069007372496213,0.014310685441173001,False,5,2.34809341699518,10.395588467820678
mp-6867,KCaCO3F,51.664,29.357,74.04596950349608,0.0,True,5,2.52322384416863,14.871567318599974
mp-40251,BaLaMgTaO6,141.408,37.417,103.15281403514852,0.07956570149998701,False,5,7.150100419254625,13.411434104354859
mp-23145,Na4Al3Si3ClO12,56.124,31.02,78.58238204140586,0.0,True,5,2.308860140089384,15.153481246095478
mp-23915,Ca2Al3Si3HO13,118.621,64.867,164.59795037910297,0.017768746780303,False,5,3.249078338637257,10.55513279897646
mp-1042151,BaYCuSbO5,78.076,35.946,93.49041382220346,0.298993953333334,False,5,6.060317284933381,14.96464519712775
mp-1200331,MgB2H4C8(N4O)2,27.179,11.096,29.300612697418845,0.39602578046666503,False,6,1.314517184184806,14.658370658663372
